#
# A fatal error has been detected by the Java Runtime Environment:
#
#  SIGSEGV (0xb) at pc=0x00007f21b5eacce3, pid=675481, tid=696366
#
# JRE version: OpenJDK Runtime Environment (21.0.11+10) (build 21.0.11+10)
# Java VM: OpenJDK 64-Bit Server VM (21.0.11+10, mixed mode, sharing, tiered, compressed oops, compressed class ptrs, g1 gc, linux-amd64)
# Problematic frame:
# J 89787 c2 com.android.tools.r8.graph.R4.a(Lcom/android/tools/r8/graph/E0;Lcom/android/tools/r8/graph/G2;Lcom/android/tools/r8/graph/J2;)Lcom/android/tools/r8/graph/W4; (94 bytes) @ 0x00007f21b5eacce3 [0x00007f21b5eab020+0x0000000000001cc3]
#
# Core dump will be written. Default location: Core dumps may be processed with "/usr/lib/systemd/systemd-coredump %P %u %g %s %t %c %h %d %F" (or dumping to /home/iggut/workspace/hourly-voice-clock/core.675481)
#
# If you would like to submit a bug report, please visit:
#   https://bugreport.java.com/bugreport/crash.jsp
#

---------------  S U M M A R Y ------------

Command Line: --add-opens=java.base/java.util=ALL-UNNAMED --add-opens=java.base/java.lang=ALL-UNNAMED --add-opens=java.base/java.lang.invoke=ALL-UNNAMED --add-opens=java.prefs/java.util.prefs=ALL-UNNAMED --add-exports=jdk.compiler/com.sun.tools.javac.api=ALL-UNNAMED --add-exports=jdk.compiler/com.sun.tools.javac.util=ALL-UNNAMED --add-opens=java.base/java.nio.charset=ALL-UNNAMED --add-opens=java.base/java.net=ALL-UNNAMED --add-opens=java.base/java.util.concurrent.atomic=ALL-UNNAMED -Xmx2048m -Dfile.encoding=UTF-8 -Duser.country=CA -Duser.language=en -Duser.variant -javaagent:/home/iggut/.gradle/wrapper/dists/gradle-8.10.2-bin/a04bxjujx95o3nb99gddekhwo/gradle-8.10.2/lib/agents/gradle-instrumentation-agent-8.10.2.jar org.gradle.launcher.daemon.bootstrap.GradleDaemon 8.10.2

Host: 13th Gen Intel(R) Core(TM) i9-13900K, 32 cores, 31G, Garuda Linux Broadwing
Time: Mon Jun 15 13:06:40 2026 EDT elapsed time: 2136.120883 seconds (0d 0h 35m 36s)

---------------  T H R E A D  ---------------

Current thread (0x00007f1f64213fa0):  JavaThread "WorkerExecutor Queue"        [_thread_in_Java, id=696366, stack(0x00007f1d4b072000,0x00007f1d4b172000) (1024K)]

Stack: [0x00007f1d4b072000,0x00007f1d4b172000],  sp=0x00007f1d4b16ede0,  free space=1011k
Native frames: (J=compiled Java code, j=interpreted, Vv=VM code, C=native code)
J 89787 c2 com.android.tools.r8.graph.R4.a(Lcom/android/tools/r8/graph/E0;Lcom/android/tools/r8/graph/G2;Lcom/android/tools/r8/graph/J2;)Lcom/android/tools/r8/graph/W4; (94 bytes) @ 0x00007f21b5eacce3 [0x00007f21b5eab020+0x0000000000001cc3]
J 91582 c2 com.android.tools.r8.graph.q5.a(Ljava/util/function/Function;Lcom/android/tools/r8/internal/xw0;Ljava/util/function/Function;Lcom/android/tools/r8/graph/E0;)Lcom/android/tools/r8/internal/Cr0; (144 bytes) @ 0x00007f21b5c31e00 [0x00007f21b5c31ac0+0x0000000000000340]
J 91555 c2 com.android.tools.r8.internal.xw0.a(Ljava/util/function/Function;Ljava/lang/Object;Lcom/android/tools/r8/internal/xw0;)Lcom/android/tools/r8/internal/Cr0; (11 bytes) @ 0x00007f21b4b138c0 [0x00007f21b4b13840+0x0000000000000080]
J 91522 c2 com.android.tools.r8.internal.xw0.a(Ljava/util/function/BiFunction;)Lcom/android/tools/r8/internal/Cr0; (35 bytes) @ 0x00007f21b4c9c9a0 [0x00007f21b4c9c8a0+0x0000000000000100]
J 91675 c2 com.android.tools.r8.graph.q5.a(Lcom/android/tools/r8/graph/K2;Ljava/util/function/Function;Ljava/util/function/Function;Lcom/android/tools/r8/graph/h;)Lcom/android/tools/r8/internal/Cr0; (157 bytes) @ 0x00007f21b47b4d34 [0x00007f21b47b46e0+0x0000000000000654]
J 91583 c2 com.android.tools.r8.shaking.S.c(Lcom/android/tools/r8/graph/C5;)Z (561 bytes) @ 0x00007f21b5b3fe38 [0x00007f21b5b3f880+0x00000000000005b8]
J 91676 c2 com.android.tools.r8.shaking.S.a(Lcom/android/tools/r8/graph/l1;Lcom/android/tools/r8/graph/A3;Lcom/android/tools/r8/graph/E5;ILcom/android/tools/r8/shaking/J;)Z (497 bytes) @ 0x00007f21b40ebf2c [0x00007f21b40eb900+0x000000000000062c]
J 91683 c2 com.android.tools.r8.shaking.M.b(Lcom/android/tools/r8/graph/l1;Lcom/android/tools/r8/graph/E5;Lcom/android/tools/r8/shaking/J;)V (96 bytes) @ 0x00007f21b4055e30 [0x00007f21b4055d60+0x00000000000000d0]
J 91643 c1 com.android.tools.r8.shaking.x0.a(Lcom/android/tools/r8/shaking/M;)V (23 bytes) @ 0x00007f21aebf5054 [0x00007f21aebf4fc0+0x0000000000000094]
J 91606% c2 com.android.tools.r8.shaking.M.a(Ljava/util/concurrent/ExecutorService;Lcom/android/tools/r8/internal/Qq0;)V (435 bytes) @ 0x00007f21b4912ad8 [0x00007f21b49127c0+0x0000000000000318]
j  com.android.tools.r8.shaking.M.a(Lcom/android/tools/r8/shaking/y4;Ljava/util/concurrent/ExecutorService;Lcom/android/tools/r8/internal/Qq0;)Lcom/android/tools/r8/shaking/c0;+276
j  com.android.tools.r8.R8.a(Lcom/android/tools/r8/utils/j;Ljava/util/concurrent/ExecutorService;)V+1999
j  com.android.tools.r8.R8.c(Lcom/android/tools/r8/utils/j;Lcom/android/tools/r8/utils/w;Ljava/util/concurrent/ExecutorService;)V+46
j  com.android.tools.r8.R8.b(Lcom/android/tools/r8/utils/j;Lcom/android/tools/r8/utils/w;Ljava/util/concurrent/ExecutorService;)V+4
j  com.android.tools.r8.R8$$Lambda+0x00007f214c57c000.run()V+12
j  com.android.tools.r8.internal.Fu.a(Lcom/android/tools/r8/internal/he0;Lcom/android/tools/r8/internal/Fu$a;)V+2
j  com.android.tools.r8.R8.a(Lcom/android/tools/r8/utils/j;Lcom/android/tools/r8/utils/w;)V+17
j  com.android.tools.r8.R8.run(Lcom/android/tools/r8/R8Command;)V+8
j  com.android.builder.dexing.R8Tool.runR8(Ljava/util/Collection;Ljava/nio/file/Path;Ljava/nio/file/Path;Ljava/nio/file/Path;Ljava/util/Collection;Ljava/util/Collection;Lcom/android/builder/dexing/ToolConfig;Lcom/android/builder/dexing/ProguardConfig;Lcom/android/builder/dexing/MainDexListConfig;Lcom/android/builder/dexing/ResourceShrinkingConfig;Lcom/android/ide/common/blame/MessageReceiver;ZLjava/util/Collection;Ljava/util/Collection;Ljava/nio/file/Path;Ljava/nio/file/Path;Ljava/lang/String;Ljava/nio/file/Path;Ljava/nio/file/Path;Ljava/nio/file/Path;Ljava/nio/file/Path;)V+2007
j  com.android.build.gradle.internal.tasks.R8Task$Companion.shrink(Ljava/util/List;IZZZZLjava/util/List;Ljava/util/List;Ljava/io/File;ZZLjava/util/List;Ljava/util/List;Ljava/io/File;Ljava/util/Collection;Ljava/io/File;Ljava/util/List;ZLjava/io/File;Ljava/io/File;Ljava/io/File;Ljava/io/File;Ljava/io/File;Ljava/io/File;Ljava/io/File;Ljava/util/List;Ljava/util/List;Ljava/io/File;Ljava/io/File;Ljava/lang/String;Lcom/android/build/gradle/options/SyncOptions$ErrorFormatMode;Ljava/io/File;Ljava/io/File;Ljava/io/File;Ljava/io/File;Lcom/android/builder/dexing/ResourceShrinkingConfig;)V+1347
j  com.android.build.gradle.internal.tasks.R8Task$R8Runnable.execute()V+1010
j  org.gradle.workers.internal.DefaultWorkerServer.execute(Lorg/gradle/workers/internal/SimpleActionExecutionSpec;)Lorg/gradle/workers/internal/DefaultWorkResult;+128
j  org.gradle.workers.internal.NoIsolationWorkerFactory$1$1.create()Lorg/gradle/workers/internal/DefaultWorkResult;+29
j  org.gradle.workers.internal.NoIsolationWorkerFactory$1$1.create()Ljava/lang/Object;+1
j  org.gradle.internal.classloader.ClassLoaderUtils.executeInClassloader(Ljava/lang/ClassLoader;Lorg/gradle/internal/Factory;)Ljava/lang/Object;+15
j  org.gradle.workers.internal.NoIsolationWorkerFactory$1.lambda$execute$0(Ljava/lang/ClassLoader;Lorg/gradle/workers/WorkerExecutor;Lorg/gradle/workers/internal/IsolatedParametersActionExecutionSpec;)Lorg/gradle/workers/internal/DefaultWorkResult;+10
j  org.gradle.workers.internal.NoIsolationWorkerFactory$1$$Lambda+0x00007f214cf730f0.execute(Lorg/gradle/workers/internal/IsolatedParametersActionExecutionSpec;)Lorg/gradle/workers/internal/DefaultWorkResult;+13
j  org.gradle.workers.internal.AbstractWorker$1.call(Lorg/gradle/internal/operations/BuildOperationContext;)Lorg/gradle/workers/internal/DefaultWorkResult;+8
j  org.gradle.workers.internal.AbstractWorker$1.call(Lorg/gradle/internal/operations/BuildOperationContext;)Ljava/lang/Object;+2
J 21794 c2 org.gradle.internal.operations.DefaultBuildOperationRunner$CallableBuildOperationWorker.execute(Lorg/gradle/internal/operations/BuildOperation;Lorg/gradle/internal/operations/BuildOperationContext;)V (10 bytes) @ 0x00007f21b4c47a20 [0x00007f21b4c479a0+0x0000000000000080]
J 63374 c2 org.gradle.internal.operations.DefaultBuildOperationRunner.execute(Lorg/gradle/internal/operations/BuildOperation;Lorg/gradle/internal/operations/BuildOperationWorker;Lorg/gradle/internal/operations/BuildOperationState;)V (23 bytes) @ 0x00007f21b53a50bc [0x00007f21b53a4840+0x000000000000087c]
J 21789 c2 org.gradle.internal.operations.DefaultBuildOperationRunner.call(Lorg/gradle/internal/operations/CallableBuildOperation;)Ljava/lang/Object; (24 bytes) @ 0x00007f21b4c50c14 [0x00007f21b4c50ae0+0x0000000000000134]
j  org.gradle.workers.internal.AbstractWorker.executeWrappedInBuildOperation(Lorg/gradle/workers/internal/IsolatedParametersActionExecutionSpec;Lorg/gradle/internal/operations/BuildOperationRef;Lorg/gradle/workers/internal/AbstractWorker$Work;)Lorg/gradle/workers/internal/DefaultWorkResult;+15
j  org.gradle.workers.internal.NoIsolationWorkerFactory$1.execute(Lorg/gradle/workers/internal/IsolatedParametersActionExecutionSpec;Lorg/gradle/internal/operations/BuildOperationRef;)Lorg/gradle/workers/internal/DefaultWorkResult;+17
j  org.gradle.workers.internal.DefaultWorkerExecutor.lambda$submitWork$0(Lorg/gradle/workers/internal/WorkerFactory;Lorg/gradle/workers/internal/WorkerRequirement;Lorg/gradle/workers/internal/IsolatedParametersActionExecutionSpec;Lorg/gradle/internal/operations/BuildOperationRef;)Lorg/gradle/workers/internal/DefaultWorkResult;+13
j  org.gradle.workers.internal.DefaultWorkerExecutor$$Lambda+0x00007f214cf72430.call()Ljava/lang/Object;+16
J 65643 c2 java.util.concurrent.FutureTask.run()V java.base@21.0.11 (123 bytes) @ 0x00007f21b44f5d0c [0x00007f21b44f5720+0x00000000000005ec]
j  org.gradle.internal.work.DefaultConditionalExecutionQueue$ExecutionRunner.runExecution(Lorg/gradle/internal/work/ConditionalExecution;)V+6
j  org.gradle.internal.work.DefaultConditionalExecutionQueue$ExecutionRunner.access$700(Lorg/gradle/internal/work/DefaultConditionalExecutionQueue$ExecutionRunner;Lorg/gradle/internal/work/ConditionalExecution;)V+2
j  org.gradle.internal.work.DefaultConditionalExecutionQueue$ExecutionRunner$1.run()V+14
j  org.gradle.internal.Factories$1.create()Ljava/lang/Object;+4
J 14388 c1 org.gradle.internal.work.DefaultWorkerLeaseService.withLocks(Ljava/util/Collection;Lorg/gradle/internal/Factory;)Ljava/lang/Object; (53 bytes) @ 0x00007f21ac70d2ac [0x00007f21ac70ce40+0x000000000000046c]
J 14161 c1 org.gradle.internal.work.DefaultWorkerLeaseService.runAsWorkerThread(Lorg/gradle/internal/Factory;)Ljava/lang/Object; (37 bytes) @ 0x00007f21acb7238c [0x00007f21acb71de0+0x00000000000005ac]
j  org.gradle.internal.work.DefaultWorkerLeaseService.runAsWorkerThread(Ljava/lang/Runnable;)V+5
j  org.gradle.internal.work.DefaultConditionalExecutionQueue$ExecutionRunner.runBatch(Lorg/gradle/internal/work/ConditionalExecution;)V+16
j  org.gradle.internal.work.DefaultConditionalExecutionQueue$ExecutionRunner.run()V+11
J 51782 c1 java.util.concurrent.Executors$RunnableAdapter.call()Ljava/lang/Object; java.base@21.0.11 (14 bytes) @ 0x00007f21af1ae454 [0x00007f21af1ae340+0x0000000000000114]
J 65643 c2 java.util.concurrent.FutureTask.run()V java.base@21.0.11 (123 bytes) @ 0x00007f21b44f5d0c [0x00007f21b44f5720+0x00000000000005ec]
J 69381 c2 org.gradle.internal.concurrent.AbstractManagedExecutor$1.run()V (57 bytes) @ 0x00007f21b463c318 [0x00007f21b463c260+0x00000000000000b8]
J 51832 c1 java.util.concurrent.ThreadPoolExecutor.runWorker(Ljava/util/concurrent/ThreadPoolExecutor$Worker;)V java.base@21.0.11 (187 bytes) @ 0x00007f21af91023c [0x00007f21af90f8c0+0x000000000000097c]
J 14376 c1 java.util.concurrent.ThreadPoolExecutor$Worker.run()V java.base@21.0.11 (9 bytes) @ 0x00007f21acae6bcc [0x00007f21acae6b40+0x000000000000008c]
J 14366 c1 java.lang.Thread.run()V java.base@21.0.11 (23 bytes) @ 0x00007f21ad316064 [0x00007f21ad315e60+0x0000000000000204]
v  ~StubRoutines::call_stub 0x00007f21b3817cc6
V  [libjvm.so+0x6c776a]
V  [libjvm.so+0x6c9231]
V  [libjvm.so+0x7a1f12]
V  [libjvm.so+0x6df6ca]
V  [libjvm.so+0xd7b293]
V  [libjvm.so+0xaea06a]
C  [libc.so.6+0x981b9]

siginfo: si_signo: 11 (SIGSEGV), si_code: 1 (SEGV_MAPERR), si_addr: 0xffffffffffffff97

Registers:
RAX=0x00007f214c582670, RBX=0x00007f1d3f565ec8, RCX=0x000000000000000c, RDX=0x0000000000000009
RSP=0x00007f1d4b16ede0, RBP=0x00000000cdcc9168, RSI=0x00007f214c49e000, RDI=0x0000000000000000
R8 =0x000000008910b018, R9 =0x00000000cbe40b78, R10=0x00000000cbe40b78, R11=0x004e128400000063
R12=0x0000000000000000, R13=0x0000000000000828, R14=0x00007f214c582670, R15=0x00007f1f64213fa0
RIP=0x00007f21b5eacce3, EFLAGS=0x0000000000010286, CSGSFS=0x002b000000000033, ERR=0x0000000000000007
  TRAPNO=0x000000000000000e

XMM[0]=0x0000000000000000 0x0000000084c05168
XMM[1]=0x0000000000000000 0x000000000000001f
XMM[2]=0x0000000000000000 0x0000000084c998b8
XMM[3]=0x0000000000000000 0x00007f1f64213fa0
XMM[4]=0x0000000000000000 0x00000000845a9f00
XMM[5]=0x0000000000000000 0x0000000084556568
XMM[6]=0x765272ef05b72b7d 0x9f1b22ef20baf888
XMM[7]=0x6acfd1effe5e555a 0x7f4881effe8c88fb
XMM[8]=0x060e196ebd69ecf1 0xb26e4da91208550c
XMM[9]=0x0016d5090016d509 0x0016d5090ffbab57
XMM[10]=0x0000000000000000 0x000000000fe4d64e
XMM[11]=0x8805a82a8805a82a 0x8805a82a98015381
XMM[12]=0x0000000000000000 0x000000000ffbab57
XMM[13]=0x0000000000000000 0x00000000c1093f38
XMM[14]=0x0000000000000000 0x000000000008b678
XMM[15]=0x0000000000000000 0x0000000000000000
  MXCSR=0x00001fa7


Register to memory mapping:

RAX=0x00007f214c582670 is a pointer to class: 
com.android.tools.r8.graph.b0 {0x00007f214c582670}
 - instance size:     2
 - klass size:        64
 - access:            public interface abstract 
 - flags:             rewritten should_verify_class has_nonstatic_concrete_methods declares_nonstatic_concrete_methods 
 - state:             fully_initialized
 - name:              'com/android/tools/r8/graph/b0'
 - super:             'java/lang/Object'
 - sub:               
 - nof implementors:  2
 - arrays:            'com/android/tools/r8/graph/b0'[]
 - methods:           Array<T>(0x00007f1d3f54ccc0)
 - method ordering:   Array<T>(0x00007f214bb35390)
 - local interfaces:  Array<T>(0x00007f214b6197e0)
 - trans. interfaces: Array<T>(0x00007f214b6197e0)
 - secondary supers: Array<T>(0x00007f214b619330)
 - hash_slot:         32
 - bitmap:            0x0000000000000000
 - constants:         constant pool [36] {0x00007f1d3f54cb18} for 'com/android/tools/r8/graph/b0' cache=0x00007f1d3ff6b738
 - class loader data:  loader data: 0x00007f20bc56eaa0 for instance a 'org/gradle/internal/classloader/VisitableURLClassLoader$InstrumentingVisitableURLClassLoader'{0x00000000feaaa658}
 - source file:       'R8_8.8.18_9b4b11a8a876a48ac24063637e04d2dfb3a8d86172b84ba7a90f97001fecb008'
 - inner classes:     Array<T>(0x00007f214b619768)
 - nest members:     Array<T>(0x00007f1d3f547fe8)
 - permitted subclasses:     Array<T>(0x00007f214b619768)
 - java mirror:       a 'java/lang/Class'{0x000000008bc44030} = 'com/android/tools/r8/graph/b0'
 - vtable length      5  (start addr: 0x00007f214c582840)
 - itable length      0 (start addr: 0x00007f214c582868)
 - ---- static fields (0 words):
 - ---- non-static fields (0 words):
 - non-static oop maps: 
RBX=0x00007f1d3f565ec8 is pointing into metadata
RCX=0x000000000000000c is an unknown value
RDX=0x0000000000000009 is an unknown value
RSP=0x00007f1d4b16ede0 is pointing into the stack for thread: 0x00007f1f64213fa0
RBP=0x00000000cdcc9168 is an oop: com.android.tools.r8.graph.R4 
{0x00000000cdcc9168} - klass: 'com/android/tools/r8/graph/R4'
 - ---- fields (total size 3 words):
 - public final 'c' 'Z' @12  false (0x00)
 - public final 'd' 'Z' @13  false (0x00)
 - public final 'a' 'Ljava/util/function/Function;' @16  a 'com/android/tools/r8/graph/R4$$Lambda+0x00007f214c46f330'{0x00000000cdcc9180} (0xcdcc9180)
 - public final 'b' 'Lcom/android/tools/r8/graph/B1;' @20  a 'com/android/tools/r8/graph/B1'{0x0000000087d80080} (0x87d80080)
RSI=0x00007f214c49e000 is a pointer to class: 
com.android.tools.r8.graph.F2 {0x00007f214c49e000}
 - instance size:     14
 - klass size:        337
 - access:            public 
 - flags:             rewritten has_nonstatic_fields should_verify_class has_nonstatic_concrete_methods has_localvariable_table has_miranda_methods has_final_method has_resolved_methods 
 - state:             fully_initialized
 - name:              'com/android/tools/r8/graph/F2'
 - super:             'com/android/tools/r8/graph/E0'
 - sub:               
 - arrays:            'com/android/tools/r8/graph/F2'[]
 - methods:           Array<T>(0x00007f1d3f5600d8)
 - method ordering:   Array<T>(0x00007f214bb35390)
 - default_methods:   Array<T>(0x00007f1d3f565f28)
 - default vtable indices:   Array<T>(0x00007f1d3f566080)
 - local interfaces:  Array<T>(0x00007f1d3f55d0c8)
 - trans. interfaces: Array<T>(0x00007f1d3f565e10)
 - secondary supers: Array<T>(0x00007f1d3f565ec0)
 - hash_slot:         18
 - bitmap:            0x00000063004e1284
 - constants:         constant pool [1215]/operands[325] {0x00007f1d3f55aa88} for 'com/android/tools/r8/graph/F2' cache=0x00007f1d400254d8
 - class loader data:  loader data: 0x00007f20bc56eaa0 for instance a 'org/gradle/internal/classloader/VisitableURLClassLoader$InstrumentingVisitableURLClassLoader'{0x00000000feaaa658}
 - source file:       'R8_8.8.18_9b4b11a8a876a48ac24063637e04d2dfb3a8d86172b84ba7a90f97001fecb008'
 - generic signature: 'Lcom/android/tools/r8/graph/E0;Lcom/android/tools/r8/graph/A5;Lcom/android/tools/r8/graph/F5;Ljava/util/function/Supplier<Lcom/android/tools/r8/graph/F2;>;Lcom/android/tools/r8/internal/qp0<Lcom/android/tools/r8/graph/F2;>;'
 - inner classes:     Array<T>(0x00007f1d3f565dc8)
 - nest members:     Array<T>(0x00007f1d3f565e00)
 - permitted subclasses:     Array<T>(0x00007f214b619768)
 - java mirror:       a 'java/lang/Class'{0x0000000087d42988} = 'com/android/tools/r8/graph/F2'
 - vtable length      129  (start addr: 0x00007f214c49e1d0)
 - itable length      148 (start addr: 0x00007f214c49e5d8)
 - ---- static fields (1 words):
 - public static final 'B' '[Lcom/android/tools/r8/graph/F2;' @112 
 - public static final synthetic 'C' 'Z' @116 
 - ---- non-static fields (24 words):
 - public 'b' 'Lcom/android/tools/r8/graph/u0;' @12 
 - public final 'd' 'Lcom/android/tools/r8/origin/Origin;' @16 
 - public final 'e' 'Lcom/android/tools/r8/graph/K2;' @20 
 - public final 'f' 'Lcom/android/tools/r8/graph/Q;' @24 
 - public 'g' 'Lcom/android/tools/r8/graph/K2;' @28 
 - public 'h' 'Lcom/android/tools/r8/graph/M2;' @32 
 - public 'i' 'Lcom/android/tools/r8/graph/J2;' @36 
 - public 'j' 'Lcom/android/tools/r8/internal/i30;' @40 
 - public final 'k' 'Lcom/android/tools/r8/graph/o3;' @44 
 - public final 'l' 'Lcom/android/tools/r8/graph/K4;' @48 
 - public 'm' 'Lcom/android/tools/r8/graph/g3;' @52 
 - public 'n' 'Ljava/util/List;' @56 
 - public 'o' 'Lcom/android/tools/r8/graph/l5;' @60 
 - public 'p' 'Ljava/util/List;' @64 
 - public 'q' 'Ljava/util/List;' @68 
 - public final 'r' 'Ljava/util/List;' @72 
 - protected 's' 'Lcom/android/tools/r8/graph/E3$b;' @76 
 - public 'w' 'Z' @80 
 - public final 'u' 'Lcom/android/tools/r8/ProgramResource$Kind;' @84 
 - public 'v' 'Lcom/android/tools/r8/internal/nb;' @88 
 - public 'x' 'Lcom/android/tools/r8/kotlin/p;' @92 
 - public final 'y' 'Lcom/android/tools/r8/internal/sa0;' @96 
 - public final 'z' 'Lcom/android/tools/r8/graph/F2$a;' @100 
 - public 'A' 'Lcom/android/tools/r8/synthesis/K;' @104 
 - non-static oop maps: 12-76 84-104 
RDI=0x0 is null
R8 =0x000000008910b018 is an oop: com.android.tools.r8.graph.F2 
{0x000000008910b018} - klass: 'com/android/tools/r8/graph/F2'
 - ---- fields (total size 14 words):
 - public 'b' 'Lcom/android/tools/r8/graph/u0;' @12  a 'com/android/tools/r8/graph/u0'{0x0000000087080080} (0x87080080)
 - public final 'd' 'Lcom/android/tools/r8/origin/Origin;' @16  a 'com/android/tools/r8/origin/ArchiveEntryOrigin'{0x000000008baeb0f8} (0x8baeb0f8)
 - public final 'e' 'Lcom/android/tools/r8/graph/K2;' @20  a 'com/android/tools/r8/graph/K2'{0x0000000084c05168} (0x84c05168)
 - public final 'f' 'Lcom/android/tools/r8/graph/Q;' @24  a 'com/android/tools/r8/graph/Q'{0x000000008910b088} (0x8910b088)
 - public 'g' 'Lcom/android/tools/r8/graph/K2;' @28  a 'com/android/tools/r8/graph/K2'{0x0000000087d817a0} (0x87d817a0)
 - public 'h' 'Lcom/android/tools/r8/graph/M2;' @32  a 'com/android/tools/r8/graph/M2'{0x00000000897c1d60} (0x897c1d60)
 - public 'i' 'Lcom/android/tools/r8/graph/J2;' @36  a 'com/android/tools/r8/graph/J2'{0x00000000847cc3b0} (0x847cc3b0)
 - public 'j' 'Lcom/android/tools/r8/internal/i30;' @40  a 'com/android/tools/r8/internal/f30'{0x000000008bc7e440} (0x8bc7e440)
 - public final 'k' 'Lcom/android/tools/r8/graph/o3;' @44  a 'com/android/tools/r8/graph/o3'{0x000000008910b0a0} (0x8910b0a0)
 - public final 'l' 'Lcom/android/tools/r8/graph/K4;' @48  a 'com/android/tools/r8/graph/K4'{0x000000008910b0d0} (0x8910b0d0)
 - public 'm' 'Lcom/android/tools/r8/graph/g3;' @52  null (0x00000000)
 - public 'n' 'Ljava/util/List;' @56  a 'java/util/ArrayList'{0x000000008910b1d0} (0x8910b1d0)
 - public 'o' 'Lcom/android/tools/r8/graph/l5;' @60  null (0x00000000)
 - public 'p' 'Ljava/util/List;' @64  a 'java/util/ArrayList'{0x000000008910b1e8} (0x8910b1e8)
 - public 'q' 'Ljava/util/List;' @68  a 'java/util/ArrayList'{0x000000008910b200} (0x8910b200)
 - public final 'r' 'Ljava/util/List;' @72  a 'java/util/ArrayList'{0x000000008910b218} (0x8910b218)
 - protected 's' 'Lcom/android/tools/r8/graph/E3$b;' @76  a 'com/android/tools/r8/graph/E3$b'{0x0000000084300540} (0x84300540)
 - public 'w' 'Z' @80  false (0x00)
 - public final 'u' 'Lcom/android/tools/r8/ProgramResource$Kind;' @84  a 'com/android/tools/r8/ProgramResource$Kind'{0x0000000092631a50} (0x92631a50)
 - public 'v' 'Lcom/android/tools/r8/internal/nb;' @88  a 'com/android/tools/r8/internal/nb'{0x000000008910b008} (0x8910b008)
 - public 'x' 'Lcom/android/tools/r8/kotlin/p;' @92  a 'com/android/tools/r8/kotlin/a0'{0x0000000084380840} (0x84380840)
 - public final 'y' 'Lcom/android/tools/r8/internal/sa0;' @96  a 'com/android/tools/r8/internal/sa0'{0x0000000084c05118} (0x84c05118)
 - public final 'z' 'Lcom/android/tools/r8/graph/F2$a;' @100  a 'com/android/tools/r8/graph/g4$$Lambda+0x00007f214c230b20'{0x0000000084c05108} (0x84c05108)
 - public 'A' 'Lcom/android/tools/r8/synthesis/K;' @104  null (0x00000000)
R9 =0x00000000cbe40b78 is an oop: com.android.tools.r8.internal.JB 
{0x00000000cbe40b78} - klass: 'com/android/tools/r8/internal/JB'
 - ---- fields (total size 3 words):
 - public final 'b' 'Ljava/lang/Object;' @12  a 'com/android/tools/r8/graph/K2'{0x0000000084c05168} (0x84c05168)
 - public final 'c' 'Ljava/lang/Object;' @16  a 'com/android/tools/r8/graph/F2'{0x000000008910b018} (0x8910b018)
R10=0x00000000cbe40b78 is an oop: com.android.tools.r8.internal.JB 
{0x00000000cbe40b78} - klass: 'com/android/tools/r8/internal/JB'
 - ---- fields (total size 3 words):
 - public final 'b' 'Ljava/lang/Object;' @12  a 'com/android/tools/r8/graph/K2'{0x0000000084c05168} (0x84c05168)
 - public final 'c' 'Ljava/lang/Object;' @16  a 'com/android/tools/r8/graph/F2'{0x000000008910b018} (0x8910b018)
R11=0x004e128400000063 is an unknown value
R12=0x0 is null
R13=0x0000000000000828 is an unknown value
R14=0x00007f214c582670 is a pointer to class: 
com.android.tools.r8.graph.b0 {0x00007f214c582670}
 - instance size:     2
 - klass size:        64
 - access:            public interface abstract 
 - flags:             rewritten should_verify_class has_nonstatic_concrete_methods declares_nonstatic_concrete_methods 
 - state:             fully_initialized
 - name:              'com/android/tools/r8/graph/b0'
 - super:             'java/lang/Object'
 - sub:               
 - nof implementors:  2
 - arrays:            'com/android/tools/r8/graph/b0'[]
 - methods:           Array<T>(0x00007f1d3f54ccc0)
 - method ordering:   Array<T>(0x00007f214bb35390)
 - local interfaces:  Array<T>(0x00007f214b6197e0)
 - trans. interfaces: Array<T>(0x00007f214b6197e0)
 - secondary supers: Array<T>(0x00007f214b619330)
 - hash_slot:         32
 - bitmap:            0x0000000000000000
 - constants:         constant pool [36] {0x00007f1d3f54cb18} for 'com/android/tools/r8/graph/b0' cache=0x00007f1d3ff6b738
 - class loader data:  loader data: 0x00007f20bc56eaa0 for instance a 'org/gradle/internal/classloader/VisitableURLClassLoader$InstrumentingVisitableURLClassLoader'{0x00000000feaaa658}
 - source file:       'R8_8.8.18_9b4b11a8a876a48ac24063637e04d2dfb3a8d86172b84ba7a90f97001fecb008'
 - inner classes:     Array<T>(0x00007f214b619768)
 - nest members:     Array<T>(0x00007f1d3f547fe8)
 - permitted subclasses:     Array<T>(0x00007f214b619768)
 - java mirror:       a 'java/lang/Class'{0x000000008bc44030} = 'com/android/tools/r8/graph/b0'
 - vtable length      5  (start addr: 0x00007f214c582840)
 - itable length      0 (start addr: 0x00007f214c582868)
 - ---- static fields (0 words):
 - ---- non-static fields (0 words):
 - non-static oop maps: 
R15=0x00007f1f64213fa0 is a thread

Top of Stack: (sp=0x00007f1d4b16ede0)
0x00007f1d4b16ede0:   00000000caa6c5f8 84c998b800000000   ................
0x00007f1d4b16edf0:   0000000187501ad0 0149e0000000001f   ..P...........I.
0x00007f1d4b16ee00:   0000000084fe0090 00000000cdcc9168   ........h.......
0x00007f1d4b16ee10:   00000000cdcc9168 0000000084c998b8   h...............
0x00007f1d4b16ee20:   0000000084c998b8 000000008e4e2c40   ........@,N.....
0x00007f1d4b16ee30:   0000000087501ad0 0000000087501ad0   ..P.......P.....
0x00007f1d4b16ee40:   0000000084c998b8 00000000cdcc9190   ................
0x00007f1d4b16ee50:   00000000cbe40b78 00007f21c8a00000   x...........!...
0x00007f1d4b16ee60:   00000000cdcc6568 0000003ecabf4990   he.......I..>...
0x00007f1d4b16ee70:   0000000100000040 0000000000000005   @...............
0x00007f1d4b16ee80:   cabf4958ffd1a828 0000000000000040   (...XI..@.......
0x00007f1d4b16ee90:   00000000cabf4990 00000000caa6c610   .I..............
0x00007f1d4b16eea0:   00000000ffd1a828 00000000cf0c1970   (.......p.......
0x00007f1d4b16eeb0:   0000000087d80080 00007f21b5c31e00   ............!...
0x00007f1d4b16eec0:   000000008bc44610 000000009a05ab78   .F......x.......
0x00007f1d4b16eed0:   00000000ffb72f70 00000000cdcbf870   p/......p.......
0x00007f1d4b16eee0:   000000008532e9a0 00000000caa880c8   ..2.............
0x00007f1d4b16eef0:   000000008e4e2c40 00007f219a05ab78   @,N.....x...!...
0x00007f1d4b16ef00:   000000008e4e2c40 00007f21b4190dfc   @,N.........!...
0x00007f1d4b16ef10:   0000000087d817a0 0000000000000000   ................
0x00007f1d4b16ef20:   00000000ffd1a828 00007f21b41a7100   (........q..!...
0x00007f1d4b16ef30:   00000000ffd1a828 00000000cdcbf888   (...............
0x00007f1d4b16ef40:   00000000ffd1a828 00000000caa6c610   (...............
0x00007f1d4b16ef50:   00000000cdcbf858 00007f21b4b138c0   X........8..!...
0x00007f1d4b16ef60:   00000000cdcbf5f0 00000000caa77cb0   .........|......
0x00007f1d4b16ef70:   0000000000000000 00007f21b4190ec4   ............!...
0x00007f1d4b16ef80:   00000000cdcbfa88 00007f21b4c9c9a0   ............!...
0x00007f1d4b16ef90:   00000000cdcbfa88 0000000002e37030   ........0p......
0x00007f1d4b16efa0:   000000008bc44610 000000008bc44610   .F.......F......
0x00007f1d4b16efb0:   00000000ffd1a828 000000008a8b8420   (....... .......
0x00007f1d4b16efc0:   00000000cdcbf870 00007f21b4a6d2e0   p...........!...
0x00007f1d4b16efd0:   00000000cdcbfa58 00007f21b5cb5e20   X....... ^..!...

Instructions: (pc=0x00007f21b5eacce3)
0x00007f21b5eacbe3:   8b dd 44 89 5b 10 4c 8b d3 4d 8b dd 4d 33 da 49
0x00007f21b5eacbf3:   c1 eb 14 4d 85 db 74 1a 49 c1 ea 09 48 bf 00 00
0x00007f21b5eacc03:   a0 c8 21 7f 00 00 49 03 fa 80 3f 02 0f 85 a0 11
0x00007f21b5eacc13:   00 00 48 ff 74 24 50 48 8f 44 24 58 49 8b 8f b8
0x00007f21b5eacc23:   01 00 00 4c 8b 54 24 48 41 8b 6a 1c 4c 8b d1 49
0x00007f21b5eacc33:   83 c2 18 4d 3b 97 c8 01 00 00 0f 83 1b 13 00 00
0x00007f21b5eacc43:   4d 89 97 b8 01 00 00 41 0f 0d 8a 00 01 00 00 48
0x00007f21b5eacc53:   c7 01 01 00 00 00 c7 41 08 58 da 04 01 44 89 61
0x00007f21b5eacc63:   0c 4c 89 61 10 89 69 10 48 8b f3 33 d2 66 66 90
0x00007f21b5eacc73:   e8 a8 aa 63 fe 0f 1f 84 00 e8 22 00 18 48 85 c0
0x00007f21b5eacc83:   0f 84 7b 04 00 00 48 8b d8 e9 de ec ff ff 48 b8
0x00007f21b5eacc93:   70 26 58 4c 21 7f 00 00 48 33 ff 4c 8b 9e a0 00
0x00007f21b5eacca3:   00 00 49 8b d3 48 c1 e2 1f 0f 89 21 00 00 00 f3
0x00007f21b5eaccb3:   48 0f b8 d2 48 8b 5e 28 48 3b 04 d3 74 15 49 0f
0x00007f21b5eaccc3:   ba e3 21 73 0b 49 c1 cb 20 e8 26 63 9e fd eb 03
0x00007f21b5eaccd3:   48 ff c7 48 85 ff 0f 84 ec ee ff ff be de ff ff
0x00007f21b5eacce3:   ff 49 8b e8 e8 14 e2 9b fd 0f 1f 84 00 5c 23 00
0x00007f21b5eaccf3:   19 41 80 7f 40 00 0f 85 1f 11 00 00 48 8b de 44
0x00007f21b5eacd03:   89 63 14 eb 12 41 80 7f 40 00 0f 85 15 12 00 00
0x00007f21b5eacd13:   48 8b d9 44 89 63 14 48 8b f3 48 81 c4 d0 00 00
0x00007f21b5eacd23:   00 5d e9 d6 86 b1 fd 41 80 7f 40 00 0f 85 54 12
0x00007f21b5eacd33:   00 00 44 89 63 14 eb df 4c 8b 54 24 58 45 8b 52
0x00007f21b5eacd43:   10 45 85 d2 0f 84 9c 28 00 00 4c 3b d0 0f 85 3e
0x00007f21b5eacd53:   f7 ff ff 41 ba 01 00 00 00 e9 36 f7 ff ff 4c 8b
0x00007f21b5eacd63:   5c 24 70 41 8b 6b 1c 85 ed 0f 84 55 07 00 00 49
0x00007f21b5eacd73:   8b 87 b8 01 00 00 4c 8b d0 49 83 c2 18 4d 3b 97
0x00007f21b5eacd83:   c8 01 00 00 0f 83 e3 1a 00 00 4d 89 97 b8 01 00
0x00007f21b5eacd93:   00 41 0f 0d 8a 00 01 00 00 48 c7 00 01 00 00 00
0x00007f21b5eacda3:   c7 40 08 68 17 e0 02 44 89 60 0c 4c 89 60 10 48
0x00007f21b5eacdb3:   ff 74 24 58 48 8f 44 24 38 48 ff 74 24 60 48 8f
0x00007f21b5eacdc3:   44 24 40 48 ff 74 24 78 48 8f 44 24 08 4c 89 5c
0x00007f21b5eacdd3:   24 50 48 89 5c 24 10 4c 8b d0 4c 89 54 24 58 4c


Stack slot to memory mapping:

stack at sp + 0 slots: 0x00000000caa6c5f8 is an oop: java.util.Collections$SetFromMap 
{0x00000000caa6c5f8} - klass: 'java/util/Collections$SetFromMap'
 - ---- fields (total size 3 words):
 - final 'm' 'Ljava/util/Map;' @12  a 'java/util/IdentityHashMap'{0x00000000caa6c610} (0xcaa6c610)
 - private transient 's' 'Ljava/util/Set;' @16  a 'java/util/IdentityHashMap$KeySet'{0x00000000caa6c638} (0xcaa6c638)
stack at sp + 1 slots: 0x84c998b800000000 is an unknown value
stack at sp + 2 slots: 0x0000000187501ad0 is an unknown value
stack at sp + 3 slots: 0x0149e0000000001f is an unknown value
stack at sp + 4 slots: 0x0000000084fe0090 is an oop: com.android.tools.r8.graph.F2 
{0x0000000084fe0090} - klass: 'com/android/tools/r8/graph/F2'
 - ---- fields (total size 14 words):
 - public 'b' 'Lcom/android/tools/r8/graph/u0;' @12  a 'com/android/tools/r8/graph/u0'{0x0000000087080080} (0x87080080)
 - public final 'd' 'Lcom/android/tools/r8/origin/Origin;' @16  a 'com/android/tools/r8/origin/ArchiveEntryOrigin'{0x00000000f662f258} (0xf662f258)
 - public final 'e' 'Lcom/android/tools/r8/graph/K2;' @20  a 'com/android/tools/r8/graph/K2'{0x0000000085a70570} (0x85a70570)
 - public final 'f' 'Lcom/android/tools/r8/graph/Q;' @24  a 'com/android/tools/r8/graph/Q'{0x0000000084fe0330} (0x84fe0330)
 - public 'g' 'Lcom/android/tools/r8/graph/K2;' @28  a 'com/android/tools/r8/graph/K2'{0x0000000084c05168} (0x84c05168)
 - public 'h' 'Lcom/android/tools/r8/graph/M2;' @32  a 'com/android/tools/r8/graph/M2'{0x0000000095afeb70} (0x95afeb70)
 - public 'i' 'Lcom/android/tools/r8/graph/J2;' @36  a 'com/android/tools/r8/graph/J2'{0x00000000845f7cb8} (0x845f7cb8)
 - public 'j' 'Lcom/android/tools/r8/internal/i30;' @40  a 'com/android/tools/r8/internal/f30'{0x000000008bc7e440} (0x8bc7e440)
 - public final 'k' 'Lcom/android/tools/r8/graph/o3;' @44  a 'com/android/tools/r8/graph/o3'{0x0000000084d0e4f8} (0x84d0e4f8)
 - public final 'l' 'Lcom/android/tools/r8/graph/K4;' @48  a 'com/android/tools/r8/graph/K4'{0x00000000925f08b8} (0x925f08b8)
 - public 'm' 'Lcom/android/tools/r8/graph/g3;' @52  null (0x00000000)
 - public 'n' 'Ljava/util/List;' @56  a 'java/util/ArrayList'{0x00000000925f0868} (0x925f0868)
 - public 'o' 'Lcom/android/tools/r8/graph/l5;' @60  null (0x00000000)
 - public 'p' 'Ljava/util/List;' @64  a 'java/util/ArrayList'{0x00000000925f0850} (0x925f0850)
 - public 'q' 'Ljava/util/List;' @68  a 'java/util/ArrayList'{0x000000008b613a80} (0x8b613a80)
 - public final 'r' 'Ljava/util/List;' @72  a 'java/util/ArrayList'{0x000000008b613a68} (0x8b613a68)
 - protected 's' 'Lcom/android/tools/r8/graph/E3$b;' @76  a 'com/android/tools/r8/graph/E3$b'{0x0000000084300540} (0x84300540)
 - public 'w' 'Z' @80  false (0x00)
 - public final 'u' 'Lcom/android/tools/r8/ProgramResource$Kind;' @84  a 'com/android/tools/r8/ProgramResource$Kind'{0x0000000092631a50} (0x92631a50)
 - public 'v' 'Lcom/android/tools/r8/internal/nb;' @88  a 'com/android/tools/r8/internal/nb'{0x000000008b613a58} (0x8b613a58)
 - public 'x' 'Lcom/android/tools/r8/kotlin/p;' @92  a 'com/android/tools/r8/kotlin/a0'{0x0000000084380840} (0x84380840)
 - public final 'y' 'Lcom/android/tools/r8/internal/sa0;' @96  a 'com/android/tools/r8/internal/sa0'{0x0000000084c05118} (0x84c05118)
 - public final 'z' 'Lcom/android/tools/r8/graph/F2$a;' @100  a 'com/android/tools/r8/graph/g4$$Lambda+0x00007f214c230b20'{0x0000000084c05108} (0x84c05108)
 - public 'A' 'Lcom/android/tools/r8/synthesis/K;' @104  null (0x00000000)
stack at sp + 5 slots: 0x00000000cdcc9168 is an oop: com.android.tools.r8.graph.R4 
{0x00000000cdcc9168} - klass: 'com/android/tools/r8/graph/R4'
 - ---- fields (total size 3 words):
 - public final 'c' 'Z' @12  false (0x00)
 - public final 'd' 'Z' @13  false (0x00)
 - public final 'a' 'Ljava/util/function/Function;' @16  a 'com/android/tools/r8/graph/R4$$Lambda+0x00007f214c46f330'{0x00000000cdcc9180} (0xcdcc9180)
 - public final 'b' 'Lcom/android/tools/r8/graph/B1;' @20  a 'com/android/tools/r8/graph/B1'{0x0000000087d80080} (0x87d80080)
stack at sp + 6 slots: 0x00000000cdcc9168 is an oop: com.android.tools.r8.graph.R4 
{0x00000000cdcc9168} - klass: 'com/android/tools/r8/graph/R4'
 - ---- fields (total size 3 words):
 - public final 'c' 'Z' @12  false (0x00)
 - public final 'd' 'Z' @13  false (0x00)
 - public final 'a' 'Ljava/util/function/Function;' @16  a 'com/android/tools/r8/graph/R4$$Lambda+0x00007f214c46f330'{0x00000000cdcc9180} (0xcdcc9180)
 - public final 'b' 'Lcom/android/tools/r8/graph/B1;' @20  a 'com/android/tools/r8/graph/B1'{0x0000000087d80080} (0x87d80080)
stack at sp + 7 slots: 0x0000000084c998b8 is an oop: com.android.tools.r8.graph.J2 
{0x0000000084c998b8} - klass: 'com/android/tools/r8/graph/J2'
 - ---- fields (total size 3 words):
 - public volatile 'b' 'I' @12  159389945 (0x098018f9)
 - public final 'e' 'I' @16  8 (0x00000008)
 - public final 'f' '[B' @20  [B{0x0000000084c998d0} (0x84c998d0)


Compiled method (c2) 2136126 89787       4       com.android.tools.r8.graph.R4::a (94 bytes)
 total in heap  [0x00007f21b5eaa990,0x00007f21b5eb3170] = 34784
 relocation     [0x00007f21b5eaaae8,0x00007f21b5eab010] = 1320
 main code      [0x00007f21b5eab020,0x00007f21b5eb01a0] = 20864
 stub code      [0x00007f21b5eb01a0,0x00007f21b5eb0210] = 112
 oops           [0x00007f21b5eb0210,0x00007f21b5eb0220] = 16
 metadata       [0x00007f21b5eb0220,0x00007f21b5eb03c0] = 416
 scopes data    [0x00007f21b5eb03c0,0x00007f21b5eb1e50] = 6800
 scopes pcs     [0x00007f21b5eb1e50,0x00007f21b5eb2b20] = 3280
 dependencies   [0x00007f21b5eb2b20,0x00007f21b5eb2b48] = 40
 handler table  [0x00007f21b5eb2b48,0x00007f21b5eb2fe0] = 1176
 nul chk table  [0x00007f21b5eb2fe0,0x00007f21b5eb3170] = 400

[Constant Pool (empty)]

[MachCode]
[Entry Point]
  # {method} {0x00007f1d402cfde0} 'a' '(Lcom/android/tools/r8/graph/E0;Lcom/android/tools/r8/graph/G2;Lcom/android/tools/r8/graph/J2;)Lcom/android/tools/r8/graph/W4;' in 'com/android/tools/r8/graph/R4'
  # this:     rsi:rsi   = 'com/android/tools/r8/graph/R4'
  # parm0:    rdx:rdx   = 'com/android/tools/r8/graph/E0'
  # parm1:    rcx:rcx   = 'com/android/tools/r8/graph/G2'
  # parm2:    r8:r8     = 'com/android/tools/r8/graph/J2'
  #           [sp+0xe0]  (sp of caller)
  0x00007f21b5eab020: 448b 5608 | 49bb 0000 | 004b 217f | 0000 4d03 | d349 3bc2 

  0x00007f21b5eab034: ;   {runtime_call ic_miss_stub}
  0x00007f21b5eab034: 0f85 46a0 | 9bfd 6690 | 0f1f 4000 
[Verified Entry Point]
  0x00007f21b5eab040: 8984 2400 | c0fe ff55 | 4881 ecd0 | 0000 0090 | 4181 7f20 | 4e00 0000 | 0f85 3451 | 0000 4c89 
  0x00007f21b5eab060: 4424 6048 | 894c 2458 | 4889 7424 | 2848 8954 | 2448 8b4a | 1444 8b56 | 1445 8b8a | 0c03 0000 
  0x00007f21b5eab080: 85c9 0f84 | 6c30 0000 | 413b c90f | 847b 3000 | 0045 8b9a | 0803 0000 | 413b cb0f | 84af 3000 
  0x00007f21b5eab0a0: 0044 8b52 | 3045 8b52 | 1045 8b4a | 0849 8bf8 | 498b ea4c | 8b5c 2458 

  0x00007f21b5eab0b8: ;   {metadata('com/android/tools/r8/graph/J4')}
  0x00007f21b5eab0b8: 4d8b c341 | 81f9 2858 | 1f01 0f84 | 3001 0000 

  0x00007f21b5eab0c8: ;   {metadata('com/android/tools/r8/graph/M4')}
  0x00007f21b5eab0c8: 4181 f910 | 551f 010f | 8527 3300 | 0049 8b87 | b801 0000 | 4c8b d049 | 83c2 184d | 3b97 c801 
  0x00007f21b5eab0e8: 0000 0f83 | 0e2a 0000 | 4d89 97b8 | 0100 0041 | 0f0d 8a00 | 0100 0048 | c700 0100 

  0x00007f21b5eab104: ;   {metadata('com/android/tools/r8/graph/C2')}
  0x00007f21b5eab104: 0000 c740 | 0850 fac5 | 0244 8960 | 1489 780c | 4489 4010 | 4c8b d044 | 8b5d 1045 | 8b4b 0849 
  0x00007f21b5eab124: ;   {metadata('com/android/tools/r8/internal/d20')}
  0x00007f21b5eab124: 8bcb 4181 | f9f8 1115 | 010f 85e0 | 1f00 0044 | 8944 240c | 897c 2408 | 418b 6a10 | 4c89 5424 
  0x00007f21b5eab144: 5044 8b51 | 2844 8954 | 2470 4889 | 4c24 684d | 8b9f b801 | 0000 4c8b | 5424 5045 | 8b42 0c44 
  0x00007f21b5eab164: 8944 2410 | 4d8b d349 | 83c2 184d | 3b97 c801 | 0000 0f83 | d429 0000 | 4d89 97b8 | 0100 0041 
  0x00007f21b5eab184: 0f0d 8a00 | 0100 0049 | c703 0100 | 0000 410f | 0d8a 4001 

  0x00007f21b5eab198: ;   {metadata('java/lang/Object'[])}
  0x00007f21b5eab198: 0000 41c7 | 4308 7012 | 0000 410f | 0d8a 8001 | 0000 41c7 | 430c 0200 | 0000 448b | 5424 1045 
  0x00007f21b5eab1b8: 8953 1041 | 896b 144c | 895c 2410 | bd1f 0000 | 0045 33d2 | 41b8 0100 | 0000 41bb | 1f00 0000 
  0x00007f21b5eab1d8: 4533 c944 | 8994 2490 | 0000 0044 | 8984 2494 | 0000 0044 | 899c 2498 | 0000 00e9 | df00 0000 
  0x00007f21b5eab1f8: 448b 550c 

  0x00007f21b5eab1fc: ; implicit exception: dispatches to 0x00007f21b5eafcb0
  0x00007f21b5eab1fc: 458b 5a0c | 4585 db0f | 8674 0400 | 0041 8bd0 | 458d 4bff | 453b cb0f | 8317 3100 | 0045 33c9 
  0x00007f21b5eab21c: 33f6 b801 | 0000 00b9 | 1f00 0000 | c5f9 6ec9 | 458b f345 | 2bf1 453b | d944 0f4c | f641 81fe 
  0x00007f21b5eab23c: e803 0000 | 41b8 e803 | 0000 450f | 47f0 4503 | f1eb 2a90 | 41ff c145 | 3bce 7c21 | 4d8b 8758 
  0x00007f21b5eab25c: 0400 0049 

  0x00007f21b5eab260: ; ImmutableOopMap {r10=NarrowOop rcx=Oop rdi=NarrowOop rdx=NarrowOop rbp=Oop r13=Oop [40]=Oop [72]=Oop [88]=Oop [96]=Oop }
                      ;*goto {reexecute=1 rethrow=0 return_oop=0}
                      ; - (reexecute) com.android.tools.r8.graph.J4::a@46 (line 48)
                      ; - com.android.tools.r8.graph.E0::a@9 (line 54)
                      ; - com.android.tools.r8.graph.R4::a@164 (line 94)
                      ; - com.android.tools.r8.graph.R4::a@29 (line 67)
                      ;   {poll}
  0x00007f21b5eab260: 8bca 4185 | 0045 3bcb | 7cc2 448b | de44 8bc2 | c5f9 7ec9 | e911 0400 | 0047 8b44 | 8a10 418b 
  0x00007f21b5eab280: 5818 8b4b 

  0x00007f21b5eab284: ;   {metadata('com/android/tools/r8/graph/y2')}
  0x00007f21b5eab284: 0881 f9f8 | 085d 010f | 8593 4700 | 008b 4b18 | 85c9 0f84 | a62d 0000 | 4c8b 6c24 | 5849 3bcd 
  0x00007f21b5eab2a4: 75aa 8b5b | 1485 db0f | 8413 2f00 | 0048 8bcb | 488b 5c24 | 6048 3bcb | 7592 4d8b | d044 8bde 
  0x00007f21b5eab2c4: 448b c2c5 | f97e c9e9 | 5c04 0000 | 8be8 c1e5 | 052b e84c | 8b54 2410 | 478b 5c8a | 1045 85db 
  0x00007f21b5eab2e4: 0f84 1a22 | 0000 458b | 5308 49b8 | 0000 004b | 217f 0000 | 4d03 c24d | 8b90 e801 

  0x00007f21b5eab300: ;   {metadata({method} {0x00007f214b0011a0} 'hashCode' '()I' in 'java/lang/Object')}
  0x00007f21b5eab300: 0000 49b8 | a011 004b | 217f 0000 | 4d3b d00f | 855b 2100 | 004d 8b13 | 4d8b c249 | 83e0 0349 
  0x00007f21b5eab320: 83f8 010f | 8547 2100 | 0049 c1ea | 0841 8bc2 | 25ff ffff | 7f85 c00f | 8433 2100 | 0044 894c 
  0x00007f21b5eab340: 2418 03c5 | 448b 4c24 | 1841 ffc1 | 4183 f902 | 0f8c 7aff | ffff 4469 | d0b9 7937 | 9e45 8bc2 
  0x00007f21b5eab360: 41c1 e810 | 4533 c24c | 8b54 2468 | 4523 420c | 4489 4424 | 7444 8b54 | 2470 458b | 520c 4489 
  0x00007f21b5eab380: 5424 1045 | 3bc2 0f83 | 2030 0000 | 448b 5424 | 7043 8b6c | 8210 85ed | 0f84 770e | 0000 4c8b 
  0x00007f21b5eab3a0: d54c 8b5c | 2450 4d3b | da0f 8413 | 3400 0044 | 8b45 0849 | bb00 0000 | 4b21 7f00 | 004d 03d8 
  0x00007f21b5eab3c0: 4d8b 5b38 

  0x00007f21b5eab3c4: ;   {metadata('com/android/tools/r8/graph/D2')}
  0x00007f21b5eab3c4: 49b8 9057 | 264c 217f | 0000 4d3b | d80f 8579 | 3000 004c | 8954 2418 | 448b 5424 | 704c 8954 
  0x00007f21b5eab3e4: 2420 488b | 7424 184c | 8b54 2458 | 4c89 5424 | 404c 8b54 | 2450 498b | ea48 b810 | 5b26 4c21 
  0x00007f21b5eab404: ;   {virtual_call}
  0x00007f21b5eab404: 7f00 00e8 

  0x00007f21b5eab408: ; ImmutableOopMap {rbp=Oop [8]=NarrowOop [12]=NarrowOop [24]=Oop [32]=Oop [40]=Oop [64]=Oop [72]=Oop [80]=Oop [88]=Oop [96]=Oop [104]=Oop [112]=NarrowOop }
                      ;*invokevirtual a {reexecute=0 rethrow=0 return_oop=1}
                      ; - com.android.tools.r8.graph.D2::equals@22 (line 5)
                      ; - com.android.tools.r8.internal.d20::get@57 (line 7)
                      ; - com.android.tools.r8.graph.M4::a@19 (line 9)
                      ; - com.android.tools.r8.graph.E0::a@9 (line 54)
                      ; - com.android.tools.r8.graph.R4::a@164 (line 94)
                      ; - com.android.tools.r8.graph.R4::a@29 (line 67)
  0x00007f21b5eab408: 7474 52fe 

  0x00007f21b5eab40c: ;   {other}
  0x00007f21b5eab40c: 0f1f 8400 | 7c0a 0001 | 4889 4424 | 3048 8b74 | 2418 4c8b | 5424 404c | 8954 2438 | 4c8b 5424 
  0x00007f21b5eab42c: 604c 8954 | 2440 6666 | 9048 b810 | 5b26 4c21 

  0x00007f21b5eab43c: ;   {virtual_call}
  0x00007f21b5eab43c: 7f00 00e8 

  0x00007f21b5eab440: ; ImmutableOopMap {rbp=Oop [8]=NarrowOop [12]=NarrowOop [32]=Oop [40]=Oop [48]=Oop [56]=Oop [64]=Oop [72]=Oop [80]=Oop [88]=Oop [96]=Oop [104]=Oop [112]=NarrowOop }
                      ;*invokevirtual b {reexecute=0 rethrow=0 return_oop=1}
                      ; - com.android.tools.r8.graph.D2::equals@26 (line 5)
                      ; - com.android.tools.r8.internal.d20::get@57 (line 7)
                      ; - com.android.tools.r8.graph.M4::a@19 (line 9)
                      ; - com.android.tools.r8.graph.E0::a@9 (line 54)
                      ; - com.android.tools.r8.graph.R4::a@164 (line 94)
                      ; - com.android.tools.r8.graph.R4::a@29 (line 67)
  0x00007f21b5eab440: bc39 14fe 

  0x00007f21b5eab444: ;   {other}
  0x00007f21b5eab444: 0f1f 8400 | b40a 0002 | 4c8b d545 | 8b5a 0c45 | 85db 0f84 | dc2f 0000 | 4d8b d34c | 8b5c 2430 
  0x00007f21b5eab464: 4d3b d375 | 404c 8bd5 | 458b 5a10 | 4585 db0f | 84e3 3300 | 004d 8bd3 | 4c3b d075 | 284c 8b54 
  0x00007f21b5eab484: 2468 418b | 6a2c 448b | 450c 448b | 5c24 7445 | 3bd8 0f83 | 2534 0000 | 468b 5c9d | 104d 8bd3 
  0x00007f21b5eab4a4: e988 0100 | 0044 8b5c | 2474 41ff | c34c 8b54 | 2468 4523 | 5a0c 4489 | 5c24 7444 | 3b5c 2410 
  0x00007f21b5eab4c4: 0f83 5a30 | 0000 448b | 5c24 7044 | 8b54 2474 | 478b 5c93 | 1045 85db | 0f84 2b0d | 0000 4d8b 
  0x00007f21b5eab4e4: c34c 8b54 | 2450 4d3b | d00f 8455 | 3100 0045 | 8b58 0849 | ba00 0000 | 4b21 7f00 | 004d 03d3 
  0x00007f21b5eab504: 4d8b 5238 

  0x00007f21b5eab508: ;   {metadata('com/android/tools/r8/graph/D2')}
  0x00007f21b5eab508: 49bb 9057 | 264c 217f | 0000 4d3b | d30f 8551 | 2e00 004c | 8944 2418 | 498b f04c | 8b54 2458 
  0x00007f21b5eab528: 4c89 5424 | 404c 8b54 | 2450 498b | ea48 b810 | 5b26 4c21 

  0x00007f21b5eab53c: ;   {virtual_call}
  0x00007f21b5eab53c: 7f00 00e8 

  0x00007f21b5eab540: ; ImmutableOopMap {rbp=Oop [8]=NarrowOop [12]=NarrowOop [24]=Oop [32]=Oop [40]=Oop [64]=Oop [72]=Oop [80]=Oop [88]=Oop [96]=Oop [104]=Oop [112]=NarrowOop }
                      ;*invokevirtual a {reexecute=0 rethrow=0 return_oop=1}
                      ; - com.android.tools.r8.graph.D2::equals@22 (line 5)
                      ; - com.android.tools.r8.internal.d20::get@93 (line 11)
                      ; - com.android.tools.r8.graph.M4::a@19 (line 9)
                      ; - com.android.tools.r8.graph.E0::a@9 (line 54)
                      ; - com.android.tools.r8.graph.R4::a@164 (line 94)
                      ; - com.android.tools.r8.graph.R4::a@29 (line 67)
  0x00007f21b5eab540: 3c73 52fe 

  0x00007f21b5eab544: ;   {other}
  0x00007f21b5eab544: 0f1f 8400 | b40b 0003 | 4889 4424 | 3048 8b74 | 2418 4c8b | 5424 404c | 8954 2438 | 4c8b 5424 
  0x00007f21b5eab564: 604c 8954 | 2440 6666 | 9048 b810 | 5b26 4c21 

  0x00007f21b5eab574: ;   {virtual_call}
  0x00007f21b5eab574: 7f00 00e8 

  0x00007f21b5eab578: ; ImmutableOopMap {rbp=Oop [8]=NarrowOop [12]=NarrowOop [32]=Oop [40]=Oop [48]=Oop [56]=Oop [64]=Oop [72]=Oop [80]=Oop [88]=Oop [96]=Oop [104]=Oop [112]=NarrowOop }
                      ;*invokevirtual b {reexecute=0 rethrow=0 return_oop=1}
                      ; - com.android.tools.r8.graph.D2::equals@26 (line 5)
                      ; - com.android.tools.r8.internal.d20::get@93 (line 11)
                      ; - com.android.tools.r8.graph.M4::a@19 (line 9)
                      ; - com.android.tools.r8.graph.E0::a@9 (line 54)
                      ; - com.android.tools.r8.graph.R4::a@164 (line 94)
                      ; - com.android.tools.r8.graph.R4::a@29 (line 67)
  0x00007f21b5eab578: 8438 14fe 

  0x00007f21b5eab57c: ;   {other}
  0x00007f21b5eab57c: 0f1f 8400 | ec0b 0004 | 4c8b d545 | 8b52 0c45 | 85d2 0f84 | 842d 0000 | 4c8b 5c24 | 304d 3bd3 
  0x00007f21b5eab59c: 751d 4c8b | d545 8b52 | 1045 85d2 | 0f84 fe30 | 0000 4c3b | d075 0841 | ba01 0000 | 00eb 0345 
  0x00007f21b5eab5bc: 33d2 4d8b | 9f58 0400 

  0x00007f21b5eab5c4: ; ImmutableOopMap {rbp=Oop [8]=NarrowOop [12]=NarrowOop [32]=Oop [40]=Oop [56]=Oop [64]=Oop [72]=Oop [80]=Oop [88]=Oop [96]=Oop [104]=Oop [112]=NarrowOop }
                      ;*ifeq {reexecute=1 rethrow=0 return_oop=0}
                      ; - (reexecute) com.android.tools.r8.internal.d20::get@96 (line 11)
                      ; - com.android.tools.r8.graph.M4::a@19 (line 9)
                      ; - com.android.tools.r8.graph.E0::a@9 (line 54)
                      ; - com.android.tools.r8.graph.R4::a@164 (line 94)
                      ; - com.android.tools.r8.graph.R4::a@29 (line 67)
                      ;   {poll}
  0x00007f21b5eab5c4: 0041 8503 | 4585 d275 | 4144 8b5c | 2474 41ff | c34c 8b54 | 2468 4523 | 5a0c 4489 | 5c24 7444 
  0x00007f21b5eab5e4: 3b5c 2410 | 0f83 0530 | 0000 448b | 5c24 7044 | 8b54 2474 | 478b 5c93 | 1045 85db | 0f84 070c 
  0x00007f21b5eab604: 0000 4d8b | c3e9 d7fe | ffff 4c8b | 5424 6841 | 8b6a 2c44 | 8b45 0c44 | 8b54 2474 | 453b d00f 
  0x00007f21b5eab624: 8383 2f00 | 0046 8b5c | 9510 4d8b | d344 8b9c | 2490 0000 | 008b 8424 | 9400 0000 | 8b8c 2498 
  0x00007f21b5eab644: 0000 004d | 85d2 0f84 | 7e20 0000 | 458b 4208 

  0x00007f21b5eab654: ;   {metadata('com/android/tools/r8/graph/j1')}
  0x00007f21b5eab654: 4181 f800 | c046 010f | 85db 4400 | 008b 7c24 | 0844 8b44 | 240c e9bd | 0000 0090 | 41ff c245 
  0x00007f21b5eab674: 3bd6 7c57 | e96c 0b00 | 0045 33db | b801 0000 | 00b9 1f00 | 0000 448b | 4d10 418b | 690c 85ed 
  0x00007f21b5eab694: 0f86 6b0b | 0000 8d5d | ff3b dd0f | 83cf 2e00 | 0045 33d2 | 418b d341 | 8bd8 448b | f545 2bf2 
  0x00007f21b5eab6b4: 413b ea44 | 0f4c f241 | 81fe e803 | 0000 41b8 | e803 0000 | 450f 47f0 | 4503 f247 | 8b44 9110 
  0x00007f21b5eab6d4: ; implicit exception: dispatches to 0x00007f21b5eafc5c
  0x00007f21b5eab6d4: 458b 5818 

  0x00007f21b5eab6d8: ; implicit exception: dispatches to 0x00007f21b5eafc70
  0x00007f21b5eab6d8: 418b 7308 

  0x00007f21b5eab6dc: ;   {metadata('com/android/tools/r8/graph/y2')}
  0x00007f21b5eab6dc: 81fe f808 | 5d01 0f85 | 8443 0000 | 4d8b eb41 | 8b75 1885 | f60f 84a5 | 2a00 004c | 8bde 488b 
  0x00007f21b5eab6fc: 7424 584c | 3bde 0f85 | 68ff ffff | 458b 5d14 | 4585 db0f | 8413 2b00 | 0048 8b74 | 2460 4c3b 
  0x00007f21b5eab71c: de0f 854d | ffff ff4d | 8bd0 448b | da44 8bc3 | 4c8b 4c24 | 4841 8b59 | 084d 85d2 | 0f84 4a02 
  0x00007f21b5eab73c: 0000 453b | 621c 0f84 | 682a 0000 

  0x00007f21b5eab748: ;   {metadata('com/android/tools/r8/graph/F2')}
  0x00007f21b5eab748: 4d8b c281 | fb00 e049 | 010f 840e 

  0x00007f21b5eab754: ;   {metadata('com/android/tools/r8/graph/s2')}
  0x00007f21b5eab754: 0100 0081 | fb00 8676 | 010f 852d | 2d00 0048 | 8b6c 2448 | 498b 9fb8 | 0100 004c | 8bdb 4983 
  0x00007f21b5eab774: c318 4d3b | 9fc8 0100 | 000f 8322 | 2400 004d | 899f b801 | 0000 410f | 0d8b 0001 | 0000 48c7 
  0x00007f21b5eab794: 0301 0000 

  0x00007f21b5eab798: ;   {metadata('com/android/tools/r8/graph/h5')}
  0x00007f21b5eab798: 00c7 4308 | 00e0 4601 | 4489 630c | 4c89 6310 | 448b 5d08 

  0x00007f21b5eab7ac: ;   {metadata('com/android/tools/r8/graph/s2')}
  0x00007f21b5eab7ac: 4181 fb00 | 8676 010f | 85f3 2c00 | 004c 8bdb | 4c8b ed44 | 896b 104c | 8bcd 4d33 | cb49 c1e9 
  0x00007f21b5eab7cc: 144d 85c9 | 741a 49c1 | eb09 48bf | 0000 a0c8 | 217f 0000 | 4903 fb80 | 3f02 0f85 | 501f 0000 
  0x00007f21b5eab7ec: 4180 7f40 | 000f 85df | 1e00 0044 | 8943 144c | 8bdb 4d33 | d349 c1ea | 144d 85d2 | 741a 49c1 
  0x00007f21b5eab80c: eb09 48bf | 0000 a0c8 | 217f 0000 | 4903 fb80 | 3f02 0f85 | 7c1f 0000 | 4180 7f40 | 000f 85da 
  0x00007f21b5eab82c: 1e00 0044 | 896b 0c4c | 8bd5 4c8b | db4d 33d3 | 49c1 ea14 | 4d85 d274 | 1b49 c1eb | 0949 b800 
  0x00007f21b5eab84c: 00a0 c821 | 7f00 004d | 03c3 4180 | 3802 0f85 | 8e1f 0000 | e90a 0100 | 0048 8b6c | 2448 448b 
  0x00007f21b5eab86c: ;   {metadata('com/android/tools/r8/graph/I0')}
  0x00007f21b5eab86c: 4d08 4181 | f950 0457 | 010f 8461 | 2900 0049 | 8b9f b801 | 0000 4c8b | db49 83c3 | 184d 3b9f 
  0x00007f21b5eab88c: c801 0000 | 0f83 5221 | 0000 4d89 | 9fb8 0100 | 0041 0f0d | 8b00 0100 | 0048 c703 | 0100 0000 
  0x00007f21b5eab8ac: ;   {metadata('com/android/tools/r8/graph/i5')}
  0x00007f21b5eab8ac: c743 0800 | 0046 0144 | 8963 0c4c 

  0x00007f21b5eab8b8: ;   {metadata('com/android/tools/r8/graph/F2')}
  0x00007f21b5eab8b8: 8963 1041 | 81f9 00e0 | 4901 0f85 | 3829 0000 | 4c8b db4c | 8bed 4489 | 6b10 4c8b | cd4d 33cb 
  0x00007f21b5eab8d8: 49c1 e914 | 4d85 c974 | 1a49 c1eb | 0948 bf00 | 00a0 c821 | 7f00 0049 | 03fb 803f | 020f 8532 
  0x00007f21b5eab8f8: 1d00 0041 | 807f 4000 | 0f85 211c | 0000 4489 | 4314 4c8b | db4d 33d3 | 49c1 ea14 | 4d85 d274 
  0x00007f21b5eab918: 1a49 c1eb | 0948 bf00 | 00a0 c821 | 7f00 0049 | 03fb 803f | 020f 855a | 1c00 0041 | 807f 4000 
  0x00007f21b5eab938: 0f85 1c1c | 0000 4489 | 6b0c 4c8b | d54c 8bdb | 4d33 d349 | c1ea 144d | 85d2 741b | 49c1 eb09 
  0x00007f21b5eab958: 49b8 0000 | a0c8 217f | 0000 4d03 | c341 8038 | 020f 856c | 1c00 0048 | 8bc3 4881 | c4d0 0000 
  0x00007f21b5eab978: ;   {poll_return}
  0x00007f21b5eab978: 005d 493b | a750 0400 | 000f 87f5 | 4700 00c3 | 418b 691c | 85ed 0f85 | 6001 0000 | 49ba 0000 
  0x00007f21b5eab998: a0c8 217f | 0000 4c89 | 5424 7849 | 8b87 b801 | 0000 4c8b | d049 83c2 | 204d 3b97 | c801 0000 
  0x00007f21b5eab9b8: 0f83 d724 | 0000 4d89 | 97b8 0100 | 0041 0f0d | 8a00 0100 | 0048 c700 | 0100 0000 

  0x00007f21b5eab9d4: ;   {metadata('com/android/tools/r8/graph/O4')}
  0x00007f21b5eab9d4: c740 08b0 | 31e0 0244 | 8960 0c4c | 8960 104c | 8960 184c | 8bd0 4c89 | 5424 504c | 8b54 2428 
  0x00007f21b5eab9f4: 458b 5a10 | 458b 5214 | 498b cb49 | 8bd2 488b | 7424 5048 | 8974 2418 

  0x00007f21b5eaba0c: ;   {optimized virtual_call}
  0x00007f21b5eaba0c: 6666 90e8 

  0x00007f21b5eaba10: ; ImmutableOopMap {[24]=Oop [40]=Oop [72]=Oop [80]=Oop [88]=Oop [96]=Oop }
                      ;*invokespecial <init> {reexecute=0 rethrow=0 return_oop=0}
                      ; - com.android.tools.r8.graph.R4::a@64 (line 68)
  0x00007f21b5eaba10: 8c51 fcff 

  0x00007f21b5eaba14: ;   {other}
  0x00007f21b5eaba14: 0f1f 8400 | 8410 0006 | 4c8b 5424 | 4845 8b5a | 2045 8b5b | 0c49 8b87 | b801 0000 | 418b 6a1c 
  0x00007f21b5eaba34: 4c8b d049 | 83c2 184d | 3b97 c801 | 0000 0f83 | 6924 0000 | 4d89 97b8 | 0100 0041 | 0f0d 8a00 
  0x00007f21b5eaba54: 0100 0048 | c700 0100 

  0x00007f21b5eaba5c: ;   {metadata('java/util/Arrays$ArrayList')}
  0x00007f21b5eaba5c: 0000 c740 | 0828 6b1a | 0044 8960 | 0c4c 8960 | 1048 8bd8 | 4585 db0f | 84ff 2f00 | 0044 895b 
  0x00007f21b5eaba7c: 104d 8bd3 | 4c8b db4d | 33d3 49c1 | ea14 4d85 | d274 1649 | c1eb 094c | 8b54 2478 | 4d03 d341 
  0x00007f21b5eaba9c: 803a 020f | 85a8 1f00 | 0048 8b74 | 2428 488b | 5424 5848 | 8b4c 2460 | 4c8b 4424 | 484c 8b4c 
  0x00007f21b5eababc: 2450 488b | fd48 891c 

  0x00007f21b5eabac4: ;   {optimized virtual_call}
  0x00007f21b5eabac4: 2466 90e8 

  0x00007f21b5eabac8: ; ImmutableOopMap {[72]=Oop [80]=Oop }
                      ;*invokevirtual a {reexecute=0 rethrow=0 return_oop=0}
                      ; - com.android.tools.r8.graph.R4::a@87 (line 76)
  0x00007f21b5eabac8: 14fe 7afe 

  0x00007f21b5eabacc: ;   {other}
  0x00007f21b5eabacc: 0f1f 8400 | 3c11 0007 | 488b 7424 | 5048 8b54 

  0x00007f21b5eabadc: ;   {optimized virtual_call}
  0x00007f21b5eabadc: 2448 90e8 

  0x00007f21b5eabae0: ; ImmutableOopMap {}
                      ;*invokevirtual a {reexecute=0 rethrow=0 return_oop=1}
                      ; - com.android.tools.r8.graph.R4::a@90 (line 77)
  0x00007f21b5eabae0: dc46 76fe 

  0x00007f21b5eabae4: ;   {other}
  0x00007f21b5eabae4: 0f1f 8400 | 5411 0008 | 488b d8e9 | 7bfe ffff | 895c 241c | 894c 2418 | 8944 2414 | 4489 4424 
  0x00007f21b5eabb04: 1089 7c24 | 0c44 895c | 2408 48ff | 7424 5848 | 8f44 2450 | 48ff 7424 | 2848 8f44 | 2430 498b 
  0x00007f21b5eabb24: 87b8 0100 | 004c 8bd0 | 4983 c218 | 4d3b 97c8 | 0100 000f | 8332 2300 | 004d 8997 | b801 0000 
  0x00007f21b5eabb44: 410f 0d8a | 0001 0000 | 48c7 0001 

  0x00007f21b5eabb50: ;   {metadata('com/android/tools/r8/graph/T4')}
  0x00007f21b5eabb50: 0000 00c7 | 4008 6817 | e002 4489 | 600c 4c89 | 6010 4c8b | d04c 8954 | 2468 4c8b | 5424 3045 
  0x00007f21b5eabb70: 8b52 1048 | 8bd5 498b | f248 8b6c | 2430 4c8b | 5424 604c | 8954 2438 | 9048 b8f0 | 4b02 a81f 
  0x00007f21b5eabb90: ;   {virtual_call}
  0x00007f21b5eabb90: 7f00 00e8 

  0x00007f21b5eabb94: ; ImmutableOopMap {rbp=Oop [12]=NarrowOop [16]=NarrowOop [48]=Oop [56]=Oop [72]=Oop [80]=Oop [96]=Oop [104]=Oop }
                      ;*invokeinterface apply {reexecute=0 rethrow=0 return_oop=1}
                      ; - com.android.tools.r8.graph.R4::a@249 (line 107)
                      ; - com.android.tools.r8.graph.R4::a@29 (line 67)
  0x00007f21b5eabb94: b05b a8fd 

  0x00007f21b5eabb98: ;   {other}
  0x00007f21b5eabb98: 0f1f 8400 | 0812 0009 

  0x00007f21b5eabba0: ; implicit exception: dispatches to 0x00007f21b5eafd34
  0x00007f21b5eabba0: 448b 5808 | 4c8b c048 | be00 0000 | 4b21 7f00 | 0049 03f3 | 4c8b 5620 

  0x00007f21b5eabbb8: ;   {metadata('com/android/tools/r8/graph/b0')}
  0x00007f21b5eabbb8: 49bb 7026 | 584c 217f | 0000 4d3b | d30f 85c6 | 1000 004d | 8bd0 4d8b | ca45 8b52 | 0844 8b5d 
  0x00007f21b5eabbd8: 1441 8bcb | 440f b645 | 0c4c 8b5c | 2448 4489 

  0x00007f21b5eabbe8: ;   {metadata('com/android/tools/r8/graph/F2')}
  0x00007f21b5eabbe8: 5c24 2041 | 81fa 00e0 | 4901 0f84 | fe01 0000 

  0x00007f21b5eabbf8: ;   {metadata('com/android/tools/r8/graph/s2')}
  0x00007f21b5eabbf8: 4181 fa00 | 8676 010f | 8563 3000 | 004d 8bd1 | 4c89 5424 | 7045 85c0 | 7412 448b 

  0x00007f21b5eabc14: ;   {metadata('com/android/tools/r8/graph/F2')}
  0x00007f21b5eabc14: 5c24 1c41 | 81fb 00e0 | 4901 0f85 | ad18 0000 | 448b d941 | 8bab 0c03 | 0000 4c8b | 5424 7045 
  0x00007f21b5eabc34: 8b52 1445 | 85d2 0f84 | 582f 0000 | 443b d50f | 8463 2f00 | 0045 8b83 | 0803 0000 | 453b d00f 
  0x00007f21b5eabc54: 84a7 2f00 | 004c 8b54 | 2470 458b | 5a30 458b | 5310 458b | c245 8b5a 

  0x00007f21b5eabc6c: ;   {metadata('com/android/tools/r8/graph/J4')}
  0x00007f21b5eabc6c: 0841 81fb | 2858 1f01 | 0f84 2101 

  0x00007f21b5eabc78: ;   {metadata('com/android/tools/r8/graph/M4')}
  0x00007f21b5eabc78: 0000 4181 | fb10 551f | 010f 851d | 3600 0049 | 8bea 498b | 87b8 0100 | 004c 8bd0 | 4983 c218 
  0x00007f21b5eabc98: 4d3b 97c8 | 0100 000f | 831c 2600 | 004d 8997 | b801 0000 | 410f 0d8a | 0001 0000 | 48c7 0001 
  0x00007f21b5eabcb8: ;   {metadata('com/android/tools/r8/graph/C2')}
  0x00007f21b5eabcb8: 0000 00c7 | 4008 50fa | c502 4489 | 6014 448b | 5c24 0c44 | 8958 0c44 | 8b54 2410 | 4489 5010 
  0x00007f21b5eabcd8: 4c8b d84c | 8bd5 458b | 5210 458b | 4a08 4d8b 

  0x00007f21b5eabce8: ;   {metadata('com/android/tools/r8/internal/d20')}
  0x00007f21b5eabce8: c241 81f9 | f811 1501 | 0f85 131f | 0000 458b | 4b0c 4489 | 4c24 084c | 895c 2458 | 458b 5028 
  0x00007f21b5eabd08: 4489 5424 | 0c49 8be8 | 4d8b 97b8 | 0100 0045 | 8b43 1044 | 8944 2410 | 4d8b da49 | 83c3 184d 
  0x00007f21b5eabd28: 3b9f c801 | 0000 0f83 | bd25 0000 | 4d89 9fb8 | 0100 0041 | 0f0d 8b00 | 0100 0049 | c702 0100 
  0x00007f21b5eabd48: 0000 410f | 0d8b 4001 

  0x00007f21b5eabd50: ;   {metadata('java/lang/Object'[])}
  0x00007f21b5eabd50: 0000 41c7 | 4208 7012 | 0000 410f | 0d8b 8001 | 0000 41c7 | 420c 0200 | 0000 448b | 4424 0845 
  0x00007f21b5eabd70: 8942 1044 | 8b5c 2410 | 4589 5a14 | 4c89 5424 | 1049 ba00 | 00a0 c821 | 7f00 0045 | 33c0 4c89 
  0x00007f21b5eabd90: 9424 a800 | 0000 e96b | 0900 004d | 8bc2 458b | 580c 458b | 4b0c 4585 | c90f 86cf | 0c00 0041 
  0x00007f21b5eabdb0: 8d49 ff41 | 3bc9 0f83 | 7433 0000 | 48ba 0000 | a0c8 217f | 0000 4533 | d241 8bf9 | 412b fa45 
  0x00007f21b5eabdd0: 3bca 0f4c | 7c24 0881 | ffe8 0300 | 00bb e803 | 0000 0f47 | fb41 03fa | 488b da49 | 8bc0 458b 
  0x00007f21b5eabdf0: e9e9 9d08 | 0000 4d8b | d14c 8954 | 2470 4585 | c074 1244 | 8b54 241c 

  0x00007f21b5eabe08: ;   {metadata('com/android/tools/r8/graph/F2')}
  0x00007f21b5eabe08: 4181 fa00 | e049 010f | 854a 1200 | 008b a90c | 0300 004c | 8b54 2470 | 458b 5a14 | 4585 db0f 
  0x00007f21b5eabe28: 847b 2b00 | 0044 3bdd | 0f84 862b | 0000 448b | 9108 0300 | 0045 3bda | 0f84 ca2b | 0000 4c8b 
  0x00007f21b5eabe48: 5424 7045 | 8b52 3045 | 8b52 1045 | 8bc2 458b 

  0x00007f21b5eabe58: ;   {metadata('com/android/tools/r8/graph/J4')}
  0x00007f21b5eabe58: 4a08 4181 | f928 581f | 010f 843d 

  0x00007f21b5eabe64: ;   {metadata('com/android/tools/r8/graph/M4')}
  0x00007f21b5eabe64: 0100 0041 | 81f9 1055 | 1f01 0f85 | bc2e 0000 | 498b ea49 | 8b87 b801 | 0000 4c8b | d049 83c2 
  0x00007f21b5eabe84: 184d 3b97 | c801 0000 | 0f83 0922 | 0000 4d89 | 97b8 0100 | 0041 0f0d | 8a00 0100 | 0048 c700 
  0x00007f21b5eabea4: 0100 0000 

  0x00007f21b5eabea8: ;   {metadata('com/android/tools/r8/graph/C2')}
  0x00007f21b5eabea8: c740 0850 | fac5 0244 | 8960 1444 | 8b5c 240c | 4489 580c | 448b 5424 | 1044 8950 | 104c 8bd0 
  0x00007f21b5eabec8: 4c89 5424 | 584c 8bd5 | 458b 5a10 

  0x00007f21b5eabed4: ; implicit exception: dispatches to 0x00007f21b5eaff88
  0x00007f21b5eabed4: 458b 4308 

  0x00007f21b5eabed8: ;   {metadata('com/android/tools/r8/internal/d20')}
  0x00007f21b5eabed8: 4d8b cb41 | 81f8 f811 | 1501 0f85 | b71b 0000 | 4c8b 5424 | 5845 8b52 | 0c44 8954 | 2408 458b 
  0x00007f21b5eabef8: 5928 4489 | 5c24 0c49 | 8be9 4d8b | 97b8 0100 | 004c 8b5c | 2458 458b | 5b10 4489 | 5c24 104d 
  0x00007f21b5eabf18: 8bda 4983 | c318 4d3b | 9fc8 0100 | 000f 83a2 | 2100 004d | 899f b801 | 0000 410f | 0d8b 0001 
  0x00007f21b5eabf38: 0000 49c7 | 0201 0000 | 0041 0f0d | 8b40 0100 

  0x00007f21b5eabf48: ;   {metadata('java/lang/Object'[])}
  0x00007f21b5eabf48: 0041 c742 | 0870 1200 | 0041 0f0d | 8b80 0100 | 0041 c742 | 0c02 0000 | 0044 8b5c | 2408 4589 
  0x00007f21b5eabf68: 5a10 448b | 4424 1045 | 8942 144c | 8954 2410 | 49ba 0000 | a0c8 217f 

  0x00007f21b5eabf80: ;   {oop(a 'java/lang/ClassCastException'{0x0000000081005208})}
  0x00007f21b5eabf80: 0000 49bb | 0852 0081 | 0000 0000 | 4533 c94c | 8994 24a8 | 0000 004c | 899c 24b0 | 0000 00e9 
  0x00007f21b5eabfa0: 8e02 0000 | 458b 420c 

  0x00007f21b5eabfa8: ; implicit exception: dispatches to 0x00007f21b5eafeb8
  0x00007f21b5eabfa8: 458b 580c | 4585 db0f | 8774 0100 

  0x00007f21b5eabfb4: ;   {oop(a 'java/lang/ClassCastException'{0x0000000081005208})}
  0x00007f21b5eabfb4: 0048 bb08 | 5200 8100 | 0000 0049 | bb00 00a0 | c821 7f00 | 004c 895c | 2478 458b | 5a10 458b 
  0x00007f21b5eabfd4: 430c 4585 | c00f 86dd | 1600 0045 | 8d50 ff45 | 3bd0 0f83 | dc2f 0000 | 418b c048 | 8bcb 4c8b 
  0x00007f21b5eabff4: 4c24 7841 | 8b7b 1041 | 8bdb 448b | 4718 4c8b | df49 8bfb 

  0x00007f21b5eac008: ; implicit exception: dispatches to 0x00007f21b5eaf02d
  0x00007f21b5eac008: 458b 5808 

  0x00007f21b5eac00c: ;   {metadata('com/android/tools/r8/graph/y2')}
  0x00007f21b5eac00c: 4181 fbf8 | 085d 010f | 85ef 0c00 | 004d 8bd8 | 458b 4318 | 4585 c00f | 8473 2f00 | 0048 8b54 
  0x00007f21b5eac02c: 2450 4c3b | c20f 8478 | 1000 0041 | 83fa 010f | 8ebb 3200 | 008b 5424 | 1466 6666 | 0f1f 8400 
  0x00007f21b5eac04c: 0000 0000 | 448b db41 | 8b7c 9310 

  0x00007f21b5eac058: ; implicit exception: dispatches to 0x00007f21b5eafe1c
  0x00007f21b5eac058: 448b 4718 | 4c8b df49 | 8bfb 458b 

  0x00007f21b5eac064: ;   {metadata('com/android/tools/r8/graph/y2')}
  0x00007f21b5eac064: 5808 4181 | fbf8 085d | 010f 8595 | 0c00 0045 | 8b58 1845 | 85db 0f84 | 1c2f 0000 | 488b 7424 
  0x00007f21b5eac084: 504c 3bde | 0f84 0110 | 0000 448b | db41 8b7c | 9314 448b | 4718 4c8b | df49 8bfb | 4585 c00f 
  0x00007f21b5eac0a4: 8489 2f00 | 0045 8b58 

  0x00007f21b5eac0ac: ;   {metadata('com/android/tools/r8/graph/y2')}
  0x00007f21b5eac0ac: 0841 81fb | f808 5d01 | 0f85 4e0c | 0000 458b | 5818 4585 | db0f 84d5 | 2e00 004c | 3bde 0f84 
  0x00007f21b5eac0cc: fc0f 0000 | 448b d844 | 2b5c 2414 | 41ff cb44 | 3b54 2414 | 440f 4c5c | 2408 41b8 | d007 0000 
  0x00007f21b5eac0ec: 4181 fbd0 | 0700 0045 | 0f47 d844 | 035c 2414 | 8d7a 028b | d741 3bfb | 0f8c 46ff | ffff 4d8b 
  0x00007f21b5eac10c: 9f58 0400 

  0x00007f21b5eac110: ; ImmutableOopMap {r8=Oop rcx=Oop rbx=NarrowOop rsi=Oop [32]=NarrowOop [48]=Oop [72]=Oop [80]=Oop [96]=Oop [104]=Oop [112]=Oop }
                      ;*goto {reexecute=1 rethrow=0 return_oop=0}
                      ; - (reexecute) com.android.tools.r8.graph.J4::a@105 (line 51)
                      ; - com.android.tools.r8.graph.E0::a@9 (line 54)
                      ; - com.android.tools.r8.graph.R4::a@164 (line 94)
                      ; - com.android.tools.r8.graph.R4::a@30 (line 133)
                      ; - com.android.tools.r8.graph.R4$$Lambda/0x00007f214de02f78::accept@28
                      ; - com.android.tools.r8.graph.E0::a@2 (line 3)
                      ; - com.android.tools.r8.graph.R4::a@270 (line 109)
                      ; - com.android.tools.r8.graph.R4::a@29 (line 67)
  0x00007f21b5eac110: 004c 8bc3 

  0x00007f21b5eac114: ;   {poll}
  0x00007f21b5eac114: 4185 0341 | 3bfa 0f8d | e91b 0000 | 897c 2414 | e918 ffff | ff41 8bcb | 458b c84d | 8bc2 41ff 
  0x00007f21b5eac134: cb44 3bd9 | 0f83 f629 | 0000 49ba | 0000 a0c8 | 217f 0000 

  0x00007f21b5eac148: ;   {oop(a 'java/lang/ClassCastException'{0x0000000081005208})}
  0x00007f21b5eac148: 48bb 0852 | 0081 0000 | 0000 4533 | db49 8bd2 | 488b f341 | 8bfb 8bd9 | 2bdf 3bcf | 0f4c 5c24 
  0x00007f21b5eac168: 0881 fbe8 | 0300 0041 | bbe8 0300 | 0041 0f47 | db03 df0f | 1f44 0000 | 418b 6cb9 | 1044 8b55 
  0x00007f21b5eac188: 1845 8b5a 

  0x00007f21b5eac18c: ;   {metadata('com/android/tools/r8/graph/y2')}
  0x00007f21b5eac18c: 0841 81fb | f808 5d01 | 0f85 5a0b | 0000 4d8b | da45 8b53 | 1845 85d2 | 0f84 eb27 | 0000 488b 
  0x00007f21b5eac1ac: 4424 504c | 3bd0 0f84 | 9c03 0000 | 448d 5f01 | 418b fb44 | 3bdb 7cbc | 4d8b 9758 | 0400 004d 
  0x00007f21b5eac1cc: ; ImmutableOopMap {r11=Oop r8=Oop r9=NarrowOop rsi=Oop rax=Oop [32]=NarrowOop [48]=Oop [72]=Oop [80]=Oop [96]=Oop [104]=Oop [112]=Oop }
                      ;*goto {reexecute=1 rethrow=0 return_oop=0}
                      ; - (reexecute) com.android.tools.r8.graph.J4::a@46 (line 48)
                      ; - com.android.tools.r8.graph.E0::a@9 (line 54)
                      ; - com.android.tools.r8.graph.R4::a@164 (line 94)
                      ; - com.android.tools.r8.graph.R4::a@30 (line 133)
                      ; - com.android.tools.r8.graph.R4$$Lambda/0x00007f214de02f78::accept@28
                      ; - com.android.tools.r8.graph.E0::a@2 (line 3)
                      ; - com.android.tools.r8.graph.R4::a@270 (line 109)
                      ; - com.android.tools.r8.graph.R4::a@29 (line 67)
                      ;   {poll}
  0x00007f21b5eac1cc: 8bd9 4185 | 0244 8bdf | 443b d97c | 8548 8954 | 2478 4d8b | d048 8bde | e9e5 fdff | ff4d 8b9f 
  0x00007f21b5eac1ec: 5804 0000 

  0x00007f21b5eac1f0: ; ImmutableOopMap {r8=Oop r9=NarrowOop rbx=NarrowOop rdi=NarrowOop [40]=Oop [72]=Oop [88]=Oop [96]=Oop }
                      ;*goto {reexecute=1 rethrow=0 return_oop=0}
                      ; - (reexecute) com.android.tools.r8.graph.J4::a@105 (line 51)
                      ; - com.android.tools.r8.graph.E0::a@9 (line 54)
                      ; - com.android.tools.r8.graph.R4::a@164 (line 94)
                      ; - com.android.tools.r8.graph.R4::a@29 (line 67)
                      ;   {poll}
  0x00007f21b5eac1f0: 4d8b c141 | 8503 443b | d50f 8caf | f4ff ff44 | 8bda 448b | c345 33d2 | e91f f5ff | ff45 33d2 
  0x00007f21b5eac210: e91c f4ff | ff45 33d2 | e914 f4ff | ff66 6690 | 448b d841 | c1e3 0545 | 8bd3 442b | d044 8954 
  0x00007f21b5eac230: 2418 4c8b | 5424 1047 | 8b54 8a10 | 4585 d20f | 84bb 1900 | 0045 8b5a | 0849 b800 | 0000 4b21 
  0x00007f21b5eac250: 7f00 004d | 03c3 4d8b | 98e8 0100 

  0x00007f21b5eac25c: ;   {metadata({method} {0x00007f214b0011a0} 'hashCode' '()I' in 'java/lang/Object')}
  0x00007f21b5eac25c: 0049 b8a0 | 1100 4b21 | 7f00 004d | 3bd8 0f85 | 1019 0000 | 4d8b 1a4d | 8bc3 4983 | e003 4983 
  0x00007f21b5eac27c: f801 0f85 | fc18 0000 | 49c1 eb08 | 418b c325 | ffff ff7f | 85c0 0f84 | e818 0000 | 4489 4c24 
  0x00007f21b5eac29c: 0803 4424 | 1844 8b4c | 2408 41ff | c141 83f9 | 020f 8c6d | ffff ff44 | 69d0 b979 | 379e 458b 
  0x00007f21b5eac2bc: c241 c1e8 | 1045 33c2 | 4c8b cd45 | 2341 0c44 | 8b54 240c 

  0x00007f21b5eac2d0: ; implicit exception: dispatches to 0x00007f21b5eaffa0
  0x00007f21b5eac2d0: 418b 4a0c | 443b c10f | 83ef 2900 | 0043 8b6c | 8210 85ed | 0f84 ca13 | 0000 894c | 2408 4489 
  0x00007f21b5eac2f0: 8424 8400 | 0000 4489 | 9424 8000 | 0000 4c89 | 4c24 784c | 8bd5 4c8b | 5c24 584d | 3bda 0f84 
  0x00007f21b5eac310: d82e 0000 | 448b 4508 | 49bb 0000 | 004b 217f | 0000 4d03 | d84d 8b5b 

  0x00007f21b5eac328: ;   {metadata('com/android/tools/r8/graph/D2')}
  0x00007f21b5eac328: 3849 b890 | 5726 4c21 | 7f00 004d | 3bd8 0f85 | 642a 0000 | 498b ea44 | 8b5c 240c | 4d8b d34c 
  0x00007f21b5eac348: 8954 2410 | 488b f566 | 9048 b810 | 5b26 4c21 

  0x00007f21b5eac358: ;   {virtual_call}
  0x00007f21b5eac358: 7f00 00e8 

  0x00007f21b5eac35c: ; ImmutableOopMap {rbp=Oop [16]=Oop [32]=NarrowOop [48]=Oop [72]=Oop [80]=Oop [88]=Oop [96]=Oop [104]=Oop [112]=Oop [120]=Oop [128]=NarrowOop [176]=Oop }
                      ;*invokevirtual a {reexecute=0 rethrow=0 return_oop=1}
                      ; - com.android.tools.r8.graph.D2::equals@22 (line 5)
                      ; - com.android.tools.r8.internal.d20::get@57 (line 7)
                      ; - com.android.tools.r8.graph.M4::a@19 (line 9)
                      ; - com.android.tools.r8.graph.E0::a@9 (line 54)
                      ; - com.android.tools.r8.graph.R4::a@164 (line 94)
                      ; - com.android.tools.r8.graph.R4::a@30 (line 133)
                      ; - com.android.tools.r8.graph.R4$$Lambda/0x00007f214de02f78::accept@28
                      ; - com.android.tools.r8.graph.E0::a@2 (line 3)
                      ; - com.android.tools.r8.graph.R4::a@270 (line 109)
                      ; - com.android.tools.r8.graph.R4::a@29 (line 67)
  0x00007f21b5eac35c: 2065 52fe 

  0x00007f21b5eac360: ;   {other}
  0x00007f21b5eac360: 0f1f 8400 | d019 000d | 4889 4424 | 1848 8bf5 | 488b 6c24 | 3048 b810 | 5b26 4c21 

  0x00007f21b5eac37c: ;   {virtual_call}
  0x00007f21b5eac37c: 7f00 00e8 

  0x00007f21b5eac380: ; ImmutableOopMap {rbp=Oop [16]=Oop [24]=Oop [32]=NarrowOop [48]=Oop [72]=Oop [80]=Oop [88]=Oop [96]=Oop [104]=Oop [112]=Oop [120]=Oop [128]=NarrowOop [176]=Oop }
                      ;*invokevirtual b {reexecute=0 rethrow=0 return_oop=1}
                      ; - com.android.tools.r8.graph.D2::equals@26 (line 5)
                      ; - com.android.tools.r8.internal.d20::get@57 (line 7)
                      ; - com.android.tools.r8.graph.M4::a@19 (line 9)
                      ; - com.android.tools.r8.graph.E0::a@9 (line 54)
                      ; - com.android.tools.r8.graph.R4::a@164 (line 94)
                      ; - com.android.tools.r8.graph.R4::a@30 (line 133)
                      ; - com.android.tools.r8.graph.R4$$Lambda/0x00007f214de02f78::accept@28
                      ; - com.android.tools.r8.graph.E0::a@2 (line 3)
                      ; - com.android.tools.r8.graph.R4::a@270 (line 109)
                      ; - com.android.tools.r8.graph.R4::a@29 (line 67)
  0x00007f21b5eac380: 7c2a 14fe 

  0x00007f21b5eac384: ;   {other}
  0x00007f21b5eac384: 0f1f 8400 | f419 000e | 4c8b 5424 | 5845 8b5a | 0c45 85db | 0f84 ea29 | 0000 4d8b | d34c 8b5c 
  0x00007f21b5eac3a4: 2418 4d3b | d30f 8478 | 1000 0044 | 8b94 2484 | 0000 0041 | ffc2 4c8b | 5c24 7845 | 2353 0c44 
  0x00007f21b5eac3c4: 3b54 2408 | 0f83 262a | 0000 4489 | 9424 8400 | 0000 448b | 9424 8000 | 0000 448b | 8424 8400 
  0x00007f21b5eac3e4: 0000 478b | 5c82 1045 | 85db 0f84 | 1711 0000 | 498b eb4c | 8b54 2458 | 4c3b d50f | 8437 2b00 
  0x00007f21b5eac404: 0044 8b5d | 0849 ba00 | 0000 4b21 | 7f00 004d | 03d3 4d8b 

  0x00007f21b5eac418: ;   {metadata('com/android/tools/r8/graph/D2')}
  0x00007f21b5eac418: 5238 49bb | 9057 264c | 217f 0000 | 4d3b d30f | 859f 2600 | 004c 8bd5 | 498b ea49 | 8bf2 6666 
  0x00007f21b5eac438: 9048 b810 | 5b26 4c21 

  0x00007f21b5eac440: ;   {virtual_call}
  0x00007f21b5eac440: 7f00 00e8 

  0x00007f21b5eac444: ; ImmutableOopMap {rbp=Oop [16]=Oop [32]=NarrowOop [48]=Oop [72]=Oop [80]=Oop [88]=Oop [96]=Oop [104]=Oop [112]=Oop [120]=Oop [128]=NarrowOop [176]=Oop }
                      ;*invokevirtual a {reexecute=0 rethrow=0 return_oop=1}
                      ; - com.android.tools.r8.graph.D2::equals@22 (line 5)
                      ; - com.android.tools.r8.internal.d20::get@93 (line 11)
                      ; - com.android.tools.r8.graph.M4::a@19 (line 9)
                      ; - com.android.tools.r8.graph.E0::a@9 (line 54)
                      ; - com.android.tools.r8.graph.R4::a@164 (line 94)
                      ; - com.android.tools.r8.graph.R4::a@30 (line 133)
                      ; - com.android.tools.r8.graph.R4$$Lambda/0x00007f214de02f78::accept@28
                      ; - com.android.tools.r8.graph.E0::a@2 (line 3)
                      ; - com.android.tools.r8.graph.R4::a@270 (line 109)
                      ; - com.android.tools.r8.graph.R4::a@29 (line 67)
  0x00007f21b5eac444: 3864 52fe 

  0x00007f21b5eac448: ;   {other}
  0x00007f21b5eac448: 0f1f 8400 | b81a 000f | 4889 4424 | 1848 8bf5 | 488b 6c24 | 3048 b810 | 5b26 4c21 

  0x00007f21b5eac464: ;   {virtual_call}
  0x00007f21b5eac464: 7f00 00e8 

  0x00007f21b5eac468: ; ImmutableOopMap {rbp=Oop [16]=Oop [24]=Oop [32]=NarrowOop [48]=Oop [72]=Oop [80]=Oop [88]=Oop [96]=Oop [104]=Oop [112]=Oop [120]=Oop [128]=NarrowOop [176]=Oop }
                      ;*invokevirtual b {reexecute=0 rethrow=0 return_oop=1}
                      ; - com.android.tools.r8.graph.D2::equals@26 (line 5)
                      ; - com.android.tools.r8.internal.d20::get@93 (line 11)
                      ; - com.android.tools.r8.graph.M4::a@19 (line 9)
                      ; - com.android.tools.r8.graph.E0::a@9 (line 54)
                      ; - com.android.tools.r8.graph.R4::a@164 (line 94)
                      ; - com.android.tools.r8.graph.R4::a@30 (line 133)
                      ; - com.android.tools.r8.graph.R4$$Lambda/0x00007f214de02f78::accept@28
                      ; - com.android.tools.r8.graph.E0::a@2 (line 3)
                      ; - com.android.tools.r8.graph.R4::a@270 (line 109)
                      ; - com.android.tools.r8.graph.R4::a@29 (line 67)
  0x00007f21b5eac468: 9429 14fe 

  0x00007f21b5eac46c: ;   {other}
  0x00007f21b5eac46c: 0f1f 8400 | dc1a 0010 | 4c8b 5424 | 5845 8b52 | 0c45 85d2 | 0f84 2e26 | 0000 4c8b | 5c24 184d 
  0x00007f21b5eac48c: 3bd3 0f84 | a708 0000 | 4533 d24d | 8b9f 5804 

  0x00007f21b5eac49c: ; ImmutableOopMap {rbp=Oop [16]=Oop [32]=NarrowOop [48]=Oop [72]=Oop [80]=Oop [88]=Oop [96]=Oop [104]=Oop [112]=Oop [120]=Oop [128]=NarrowOop [176]=Oop }
                      ;*ifeq {reexecute=1 rethrow=0 return_oop=0}
                      ; - (reexecute) com.android.tools.r8.internal.d20::get@96 (line 11)
                      ; - com.android.tools.r8.graph.M4::a@19 (line 9)
                      ; - com.android.tools.r8.graph.E0::a@9 (line 54)
                      ; - com.android.tools.r8.graph.R4::a@164 (line 94)
                      ; - com.android.tools.r8.graph.R4::a@30 (line 133)
                      ; - com.android.tools.r8.graph.R4$$Lambda/0x00007f214de02f78::accept@28
                      ; - com.android.tools.r8.graph.E0::a@2 (line 3)
                      ; - com.android.tools.r8.graph.R4::a@270 (line 109)
                      ; - com.android.tools.r8.graph.R4::a@29 (line 67)
                      ;   {poll}
  0x00007f21b5eac49c: 0000 4185 | 0345 85d2 | 754d 448b | 9424 8400 | 0000 41ff | c24c 8b44 | 2478 4523 | 500c 443b 
  0x00007f21b5eac4bc: 5424 080f | 830c 2a00 | 0044 8994 | 2484 0000 | 0044 8b94 | 2480 0000 | 0044 8b84 | 2484 0000 
  0x00007f21b5eac4dc: 0047 8b5c | 8210 4585 | db0f 8420 | 1000 0049 | 8beb e904 | ffff ff4c | 8b54 2478 | 418b 6a2c 
  0x00007f21b5eac4fc: ; implicit exception: dispatches to 0x00007f21b5eaffb8
  0x00007f21b5eac4fc: 448b 450c | 448b 9c24 | 8400 0000 | 453b d80f | 834b 2900 | 0046 8b5c | 9d10 4d8b | c348 ffb4 
  0x00007f21b5eac51c: 24a8 0000 | 0048 8f44 | 2478 488b | 9c24 b000 | 0000 4d85 | c00f 84cc | 1800 0045 

  0x00007f21b5eac538: ;   {metadata('com/android/tools/r8/graph/j1')}
  0x00007f21b5eac538: 8b58 0841 | 81fb 00c0 | 4601 0f85 | e207 0000 | 48ff 7424 | 5048 8f44 | 2458 eb2e | 458b 5b14 
  0x00007f21b5eac558: 4585 db0f | 845b 2b00 | 004d 8bd3 | 4c8b 5c24 | 604d 3bd3 | 0f85 46fc | ffff 4c8b | c548 8944 
  0x00007f21b5eac578: 2458 4889 | 5424 7848 | 8bde 4d85 | c00f 84d6 | 0700 0045 | 8b50 1c45 | 85d2 0f84 | 8825 0000 
  0x00007f21b5eac598: 41bb 0200 | 0000 4585 | 5a10 0f85 | b212 0000 | 4c8b 5c24 | 704d 8baf | b801 0000 | 4d8b d549 
  0x00007f21b5eac5b8: 83c2 184d | 3b97 c801 | 0000 0f83 | fb19 0000 | 4d89 97b8 | 0100 0041 | 0f0d 8a00 | 0100 0049 
  0x00007f21b5eac5d8: c745 0001 

  0x00007f21b5eac5dc: ;   {metadata('com/android/tools/r8/graph/i5')}
  0x00007f21b5eac5dc: 0000 0041 | c745 0800 | 0046 014d | 8965 1044 | 8b4c 2420 | 4589 4d0c | 4d8b d045 | 8955 144d 
  0x00007f21b5eac5fc: 8bd3 4589 | 5510 488b | 5c24 688b | 6b10 85ed | 0f85 7a28 | 0000 4180 | 7f40 000f | 8549 1600 
  0x00007f21b5eac61c: 004d 8bdd | 4489 5b10 | 4c8b d34d | 8bdd 4d33 | da49 c1eb | 144d 85db | 0f84 e505 | 0000 49c1 
  0x00007f21b5eac63c: ea09 48bf | 0000 a0c8 | 217f 0000 | 4903 fa80 | 3f02 0f85 | 4516 0000 | e9c6 0500 | 000f 1f80 
  0x00007f21b5eac65c: 0000 0000 | 458d 5101 | 443b d77c | 2a41 8bca | 4d8b 9758 | 0400 004d 

  0x00007f21b5eac674: ; ImmutableOopMap {r11=NarrowOop r8=Oop rdx=Oop rax=Oop [32]=NarrowOop [48]=Oop [72]=Oop [80]=Oop [96]=Oop [104]=Oop [112]=Oop }
                      ;*goto {reexecute=1 rethrow=0 return_oop=0}
                      ; - (reexecute) com.android.tools.r8.graph.J4::a@46 (line 48)
                      ; - com.android.tools.r8.graph.E0::a@9 (line 54)
                      ; - com.android.tools.r8.graph.R4::a@164 (line 94)
                      ; - com.android.tools.r8.graph.R4::a@30 (line 133)
                      ; - com.android.tools.r8.graph.R4$$Lambda/0x00007f214de02f78::accept@28
                      ; - com.android.tools.r8.graph.E0::a@2 (line 3)
                      ; - com.android.tools.r8.graph.R4::a@270 (line 109)
                      ; - com.android.tools.r8.graph.R4::a@29 (line 67)
                      ;   {poll}
  0x00007f21b5eac674: 8bc3 4185 | 0241 3bcd | 0f8d 0d04 | 0000 488b | d34c 8bc0 | 458b cd44 | 8bd1 e936 | f7ff ff45 
  0x00007f21b5eac694: 8bca 478b | 448b 1041 | 8b68 188b 

  0x00007f21b5eac6a0: ;   {metadata('com/android/tools/r8/graph/y2')}
  0x00007f21b5eac6a0: 4d08 81f9 | f808 5d01 | 0f85 0234 | 0000 488b | cd44 8b51 | 1845 85d2 | 0f84 a623 | 0000 488b 
  0x00007f21b5eac6c0: 5424 504c | 3bd2 7598 | 8b49 1485 | c90f 84e1 | 2500 004c | 8bd1 488b | 4c24 604c | 3bd1 0f85 
  0x00007f21b5eac6e0: 7cff ffff | 498b e848 | 895c 2478 | e956 0400 | 0044 8bc0 | 41c1 e005 | 458b d844 | 2bd8 4489 
  0x00007f21b5eac700: 5c24 1845 | 8bc2 4489 | 4424 084c | 8b54 2410 | 478b 4482 | 1045 85c0 | 0f84 ed16 | 0000 458b 
  0x00007f21b5eac720: 5808 49ba | 0000 004b | 217f 0000 | 4d03 d34d | 8b92 e801 

  0x00007f21b5eac734: ;   {metadata({method} {0x00007f214b0011a0} 'hashCode' '()I' in 'java/lang/Object')}
  0x00007f21b5eac734: 0000 49bb | a011 004b | 217f 0000 | 4d3b d30f | 859e 1500 | 004d 8b10 | 4d8b da49 | 83e3 0349 
  0x00007f21b5eac754: 83fb 010f | 858a 1500 | 0049 c1ea | 0841 8bc2 | 25ff ffff | 7f85 c00f | 8476 1500 | 0003 4424 
  0x00007f21b5eac774: 1844 8b54 | 2408 41ff | c241 83fa | 020f 8c6a | ffff ff44 | 69d8 b979 | 379e 418b | dbc1 eb10 
  0x00007f21b5eac794: 4133 db48 | 8bcd 2359 | 0c44 8b54 | 240c 458b | 420c 413b | d80f 8391 | 2a00 0041 | 8b6c 9a10 
  0x00007f21b5eac7b4: 85ed 0f84 | 8b10 0000 | 4c8b dd4c | 8b4c 2458 | 4d3b cb0f | 8493 2d00 | 0044 8944 | 2408 899c 
  0x00007f21b5eac7d4: 2484 0000 | 0044 8994 | 2480 0000 | 0048 894c | 2478 448b | 5508 49b8 | 0000 004b | 217f 0000 
  0x00007f21b5eac7f4: 4d03 c24d 

  0x00007f21b5eac7f8: ;   {metadata('com/android/tools/r8/graph/D2')}
  0x00007f21b5eac7f8: 8b50 3849 | b890 5726 | 4c21 7f00 | 004d 3bd0 | 0f85 122b | 0000 4d8b | d349 8bea | 448b 5c24 
  0x00007f21b5eac818: 0c4d 8bd3 | 4c89 5424 | 1048 8bf5 | 9048 b810 | 5b26 4c21 

  0x00007f21b5eac82c: ;   {virtual_call}
  0x00007f21b5eac82c: 7f00 00e8 

  0x00007f21b5eac830: ; ImmutableOopMap {rbp=Oop [16]=Oop [32]=NarrowOop [48]=Oop [72]=Oop [80]=Oop [88]=Oop [96]=Oop [104]=Oop [112]=Oop [120]=Oop [128]=NarrowOop }
                      ;*invokevirtual a {reexecute=0 rethrow=0 return_oop=1}
                      ; - com.android.tools.r8.graph.D2::equals@22 (line 5)
                      ; - com.android.tools.r8.internal.d20::get@57 (line 7)
                      ; - com.android.tools.r8.graph.M4::a@19 (line 9)
                      ; - com.android.tools.r8.graph.E0::a@9 (line 54)
                      ; - com.android.tools.r8.graph.R4::a@164 (line 94)
                      ; - com.android.tools.r8.graph.R4::a@30 (line 133)
                      ; - com.android.tools.r8.graph.R4$$Lambda/0x00007f214de02f78::accept@28
                      ; - com.android.tools.r8.graph.E0::a@2 (line 3)
                      ; - com.android.tools.r8.graph.R4::a@270 (line 109)
                      ; - com.android.tools.r8.graph.R4::a@29 (line 67)
  0x00007f21b5eac830: 4c60 52fe 

  0x00007f21b5eac834: ;   {other}
  0x00007f21b5eac834: 0f1f 8400 | a41e 0013 | 4889 4424 | 1848 8bf5 | 488b 6c24 | 3048 b810 | 5b26 4c21 

  0x00007f21b5eac850: ;   {virtual_call}
  0x00007f21b5eac850: 7f00 00e8 

  0x00007f21b5eac854: ; ImmutableOopMap {rbp=Oop [16]=Oop [24]=Oop [32]=NarrowOop [48]=Oop [72]=Oop [80]=Oop [88]=Oop [96]=Oop [104]=Oop [112]=Oop [120]=Oop [128]=NarrowOop }
                      ;*invokevirtual b {reexecute=0 rethrow=0 return_oop=1}
                      ; - com.android.tools.r8.graph.D2::equals@26 (line 5)
                      ; - com.android.tools.r8.internal.d20::get@57 (line 7)
                      ; - com.android.tools.r8.graph.M4::a@19 (line 9)
                      ; - com.android.tools.r8.graph.E0::a@9 (line 54)
                      ; - com.android.tools.r8.graph.R4::a@164 (line 94)
                      ; - com.android.tools.r8.graph.R4::a@30 (line 133)
                      ; - com.android.tools.r8.graph.R4$$Lambda/0x00007f214de02f78::accept@28
                      ; - com.android.tools.r8.graph.E0::a@2 (line 3)
                      ; - com.android.tools.r8.graph.R4::a@270 (line 109)
                      ; - com.android.tools.r8.graph.R4::a@29 (line 67)
  0x00007f21b5eac854: a825 14fe 

  0x00007f21b5eac858: ;   {other}
  0x00007f21b5eac858: 0f1f 8400 | c81e 0014 | 4c8b 5424 | 5845 8b52 | 0c45 85d2 | 0f84 952a | 0000 4c8b | 5c24 184d 
  0x00007f21b5eac878: 3bd3 7545 | 4c8b 5424 | 5845 8b5a | 1045 85db | 0f84 2a2d | 0000 4d8b | d34c 3bd0 | 752b 4c8b 
  0x00007f21b5eac898: 5424 7841 | 8b6a 2c44 | 8b45 0c44 | 8b9c 2484 | 0000 0045 | 3bd8 0f83 | d02d 0000 | 468b 5c9d 
  0x00007f21b5eac8b8: 1049 8beb | e977 0100 | 0044 8b94 | 2484 0000 | 0041 ffc2 | 488b 4c24 | 7844 2351 | 0c44 3b54 
  0x00007f21b5eac8d8: 2408 0f83 | 942a 0000 | 448b 8424 | 8000 0000 | 478b 4c90 | 1045 85c9 | 0f84 4a0f | 0000 498b 
  0x00007f21b5eac8f8: e94c 8b4c | 2458 4c3b | cd0f 84e9 | 2b00 0044 | 8994 2484 | 0000 0044 | 8984 2480 | 0000 0048 
  0x00007f21b5eac918: 894c 2478 | 448b 5d08 | 49ba 0000 | 004b 217f | 0000 4d03 | d34d 8b52 

  0x00007f21b5eac930: ;   {metadata('com/android/tools/r8/graph/D2')}
  0x00007f21b5eac930: 3849 bb90 | 5726 4c21 | 7f00 004d | 3bd3 0f85 | 5428 0000 | 4c8b d549 | 8bea 498b | f248 b810 
  0x00007f21b5eac950: 5b26 4c21 

  0x00007f21b5eac954: ;   {virtual_call}
  0x00007f21b5eac954: 7f00 00e8 

  0x00007f21b5eac958: ; ImmutableOopMap {rbp=Oop [16]=Oop [32]=NarrowOop [48]=Oop [72]=Oop [80]=Oop [88]=Oop [96]=Oop [104]=Oop [112]=Oop [120]=Oop [128]=NarrowOop }
                      ;*invokevirtual a {reexecute=0 rethrow=0 return_oop=1}
                      ; - com.android.tools.r8.graph.D2::equals@22 (line 5)
                      ; - com.android.tools.r8.internal.d20::get@93 (line 11)
                      ; - com.android.tools.r8.graph.M4::a@19 (line 9)
                      ; - com.android.tools.r8.graph.E0::a@9 (line 54)
                      ; - com.android.tools.r8.graph.R4::a@164 (line 94)
                      ; - com.android.tools.r8.graph.R4::a@30 (line 133)
                      ; - com.android.tools.r8.graph.R4$$Lambda/0x00007f214de02f78::accept@28
                      ; - com.android.tools.r8.graph.E0::a@2 (line 3)
                      ; - com.android.tools.r8.graph.R4::a@270 (line 109)
                      ; - com.android.tools.r8.graph.R4::a@29 (line 67)
  0x00007f21b5eac958: 245f 52fe 

  0x00007f21b5eac95c: ;   {other}
  0x00007f21b5eac95c: 0f1f 8400 | cc1f 0015 | 4889 4424 | 1848 8bf5 | 488b 6c24 | 3048 b810 | 5b26 4c21 

  0x00007f21b5eac978: ;   {virtual_call}
  0x00007f21b5eac978: 7f00 00e8 

  0x00007f21b5eac97c: ; ImmutableOopMap {rbp=Oop [16]=Oop [24]=Oop [32]=NarrowOop [48]=Oop [72]=Oop [80]=Oop [88]=Oop [96]=Oop [104]=Oop [112]=Oop [120]=Oop [128]=NarrowOop }
                      ;*invokevirtual b {reexecute=0 rethrow=0 return_oop=1}
                      ; - com.android.tools.r8.graph.D2::equals@26 (line 5)
                      ; - com.android.tools.r8.internal.d20::get@93 (line 11)
                      ; - com.android.tools.r8.graph.M4::a@19 (line 9)
                      ; - com.android.tools.r8.graph.E0::a@9 (line 54)
                      ; - com.android.tools.r8.graph.R4::a@164 (line 94)
                      ; - com.android.tools.r8.graph.R4::a@30 (line 133)
                      ; - com.android.tools.r8.graph.R4$$Lambda/0x00007f214de02f78::accept@28
                      ; - com.android.tools.r8.graph.E0::a@2 (line 3)
                      ; - com.android.tools.r8.graph.R4::a@270 (line 109)
                      ; - com.android.tools.r8.graph.R4::a@29 (line 67)
  0x00007f21b5eac97c: 8024 14fe 

  0x00007f21b5eac980: ;   {other}
  0x00007f21b5eac980: 0f1f 8400 | f01f 0016 | 4c8b 5424 | 5845 8b52 | 0c45 85d2 | 0f84 7f27 | 0000 4c8b | 5c24 184d 
  0x00007f21b5eac9a0: 3bd3 751f | 4c8b 5424 | 5845 8b52 | 1045 85d2 | 0f84 962b | 0000 4c3b | d075 0841 | ba01 0000 
  0x00007f21b5eac9c0: 00eb 0345 | 33d2 4d8b | 9f58 0400 

  0x00007f21b5eac9cc: ; ImmutableOopMap {rbp=Oop [16]=Oop [32]=NarrowOop [48]=Oop [72]=Oop [80]=Oop [88]=Oop [96]=Oop [104]=Oop [112]=Oop [120]=Oop [128]=NarrowOop }
                      ;*ifeq {reexecute=1 rethrow=0 return_oop=0}
                      ; - (reexecute) com.android.tools.r8.internal.d20::get@96 (line 11)
                      ; - com.android.tools.r8.graph.M4::a@19 (line 9)
                      ; - com.android.tools.r8.graph.E0::a@9 (line 54)
                      ; - com.android.tools.r8.graph.R4::a@164 (line 94)
                      ; - com.android.tools.r8.graph.R4::a@30 (line 133)
                      ; - com.android.tools.r8.graph.R4$$Lambda/0x00007f214de02f78::accept@28
                      ; - com.android.tools.r8.graph.E0::a@2 (line 3)
                      ; - com.android.tools.r8.graph.R4::a@270 (line 109)
                      ; - com.android.tools.r8.graph.R4::a@29 (line 67)
                      ;   {poll}
  0x00007f21b5eac9cc: 0041 8503 | 4585 d275 | 3d44 8b94 | 2484 0000 | 0041 ffc2 | 488b 4c24 | 7844 2351 | 0c44 3b54 
  0x00007f21b5eac9ec: 2408 0f83 | 942a 0000 | 448b 8424 | 8000 0000 | 478b 4c90 | 1045 85c9 | 0f84 360e | 0000 498b 
  0x00007f21b5eaca0c: e9e9 e7fe | ffff 4c8b | 5424 7841 | 8b6a 2c44 | 8b45 0c44 | 8b94 2484 | 0000 0045 | 3bd0 0f83 
  0x00007f21b5eaca2c: 282a 0000 | 468b 5c95 | 1049 8beb | 48ff b424 | a800 0000 | 488f 4424 | 7848 85ed | 0f84 1a14 
  0x00007f21b5eaca4c: 0000 448b 

  0x00007f21b5eaca50: ;   {metadata('com/android/tools/r8/graph/j1')}
  0x00007f21b5eaca50: 5d08 4181 | fb00 c046 | 010f 8521 | 3100 00e9 | e300 0000 | 0f1f 8400 | 0000 0000 | 6666 6690 
  0x00007f21b5eaca70: 458d 5101 | 443b d17c | 68e9 130c | 0000 49ba | 0000 a0c8 | 217f 0000 | 4c89 5424 | 78eb 0848 
  0x00007f21b5eaca90: 895c 2478 | 4c8b c045 | 8b58 1045 | 8b43 0c45 | 85c0 0f86 | ab0d 0000 | 458d 48ff | 453b c80f 
  0x00007f21b5eacab0: 8344 2900 | 0045 33d2 | 418b c841 | 2bca 453b | c20f 4c4c | 2408 81f9 | e803 0000 | 41b9 e803 
  0x00007f21b5eacad0: 0000 410f | 47c9 4103 | ca48 8b7c | 2478 418b | d047 8b44 | 9310 418b | d845 8bca 

  0x00007f21b5eacaec: ; implicit exception: dispatches to 0x00007f21b5eaff0c
  0x00007f21b5eacaec: 418b 6818 

  0x00007f21b5eacaf0: ; implicit exception: dispatches to 0x00007f21b5eaff20
  0x00007f21b5eacaf0: 448b 5508 

  0x00007f21b5eacaf4: ;   {metadata('com/android/tools/r8/graph/y2')}
  0x00007f21b5eacaf4: 4181 faf8 | 085d 010f | 85fb 2f00 | 004c 8bd5 | 418b 7218 | 85f6 0f84 | 4421 0000 | 4c8b c648 
  0x00007f21b5eacb14: 8b74 2450 | 4c3b c60f | 854f ffff | ff45 8b42 | 1445 85c0 | 0f84 8224 | 0000 4d8b | d04c 8b44 
  0x00007f21b5eacb34: 2460 4d3b | d00f 8531 | ffff ff48 | 8beb 4889 | 7c24 7848 | 85ed 0f84 | 2a06 0000 | 448b 551c 
  0x00007f21b5eacb54: 4585 d20f | 8443 2100 | 0041 bb02 | 0000 0045 | 855a 100f | 85ba 0d00 | 004c 8b5c | 2470 4d8b 
  0x00007f21b5eacb74: afb8 0100 | 004d 8bd5 | 4983 c218 | 4d3b 97c8 | 0100 000f | 83c7 1400 | 004d 8997 | b801 0000 
  0x00007f21b5eacb94: 410f 0d8a | 0001 0000 | 49c7 4500 | 0100 0000 

  0x00007f21b5eacba4: ;   {metadata('com/android/tools/r8/graph/h5')}
  0x00007f21b5eacba4: 41c7 4508 | 00e0 4601 | 4d89 6510 | 448b 4424 | 2045 8945 | 0c4c 8bd5 | 4589 5514 | 4d8b d345 
  0x00007f21b5eacbc4: 8955 1048 | 8b5c 2468 | 8b6b 1085 | ed0f 85fd | 2400 0041 | 807f 4000 | 0f85 a011 | 0000 4d8b 
  0x00007f21b5eacbe4: dd44 895b | 104c 8bd3 | 4d8b dd4d | 33da 49c1 | eb14 4d85 | db74 1a49 | c1ea 0948 | bf00 00a0 
  0x00007f21b5eacc04: c821 7f00 | 0049 03fa | 803f 020f | 85a0 1100 | 0048 ff74 | 2450 488f | 4424 5849 | 8b8f b801 
  0x00007f21b5eacc24: 0000 4c8b | 5424 4841 | 8b6a 1c4c | 8bd1 4983 | c218 4d3b | 97c8 0100 | 000f 831b | 1300 004d 
  0x00007f21b5eacc44: 8997 b801 | 0000 410f | 0d8a 0001 | 0000 48c7 | 0101 0000 

  0x00007f21b5eacc58: ;   {metadata('java/util/Collections$SingletonList')}
  0x00007f21b5eacc58: 00c7 4108 | 58da 0401 | 4489 610c | 4c89 6110 | 8969 1048 | 8bf3 33d2 

  0x00007f21b5eacc70: ;   {optimized virtual_call}
  0x00007f21b5eacc70: 6666 90e8 

  0x00007f21b5eacc74: ; ImmutableOopMap {[48]=Oop [72]=Oop [88]=Oop [96]=Oop }
                      ;*invokevirtual a {reexecute=0 rethrow=0 return_oop=1}
                      ; - com.android.tools.r8.graph.R4::a@283 (line 126)
                      ; - com.android.tools.r8.graph.R4::a@29 (line 67)
  0x00007f21b5eacc74: a8aa 63fe 

  0x00007f21b5eacc78: ;   {other}
  0x00007f21b5eacc78: 0f1f 8400 | e822 0018 | 4885 c00f | 847b 0400 | 0048 8bd8 | e9de ecff 

  0x00007f21b5eacc90: ;   {metadata('com/android/tools/r8/graph/b0')}
  0x00007f21b5eacc90: ff48 b870 | 2658 4c21 | 7f00 0048 | 33ff 4c8b | 9ea0 0000 | 0049 8bd3 | 48c1 e21f | 0f89 2100 
  0x00007f21b5eaccb0: 0000 f348 | 0fb8 d248 | 8b5e 2848 | 3b04 d374 | 1549 0fba | e321 730b | 49c1 cb20 

  0x00007f21b5eacccc: ;   {runtime_call StubRoutines (compiler stubs)}
  0x00007f21b5eacccc: e826 639e | fdeb 0348 | ffc7 4885 | ff0f 84ec | eeff ffbe | deff ffff 

  0x00007f21b5eacce4: ;   {runtime_call UncommonTrapBlob}
  0x00007f21b5eacce4: 498b e8e8 

  0x00007f21b5eacce8: ; ImmutableOopMap {rbp=Oop }
                      ;*checkcast {reexecute=0 rethrow=0 return_oop=0}
                      ; - com.android.tools.r8.graph.R4::a@254 (line 107)
                      ; - com.android.tools.r8.graph.R4::a@29 (line 67)
  0x00007f21b5eacce8: 14e2 9bfd 

  0x00007f21b5eaccec: ;   {other}
  0x00007f21b5eaccec: 0f1f 8400 | 5c23 0019 | 4180 7f40 | 000f 851f | 1100 0048 | 8bde 4489 | 6314 eb12 | 4180 7f40 
  0x00007f21b5eacd0c: 000f 8515 | 1200 0048 | 8bd9 4489 | 6314 488b | f348 81c4 | d000 0000 

  0x00007f21b5eacd24: ;   {runtime_call _rethrow_Java}
  0x00007f21b5eacd24: 5de9 d686 | b1fd 4180 | 7f40 000f | 8554 1200 | 0044 8963 | 14eb df4c | 8b54 2458 | 458b 5210 
  0x00007f21b5eacd44: 4585 d20f | 849c 2800 | 004c 3bd0 | 0f85 3ef7 | ffff 41ba | 0100 0000 | e936 f7ff | ff4c 8b5c 
  0x00007f21b5eacd64: 2470 418b | 6b1c 85ed | 0f84 5507 | 0000 498b | 87b8 0100 | 004c 8bd0 | 4983 c218 | 4d3b 97c8 
  0x00007f21b5eacd84: 0100 000f | 83e3 1a00 | 004d 8997 | b801 0000 | 410f 0d8a | 0001 0000 | 48c7 0001 

  0x00007f21b5eacda0: ;   {metadata('com/android/tools/r8/graph/T4')}
  0x00007f21b5eacda0: 0000 00c7 | 4008 6817 | e002 4489 | 600c 4c89 | 6010 48ff | 7424 5848 | 8f44 2438 | 48ff 7424 
  0x00007f21b5eacdc0: 6048 8f44 | 2440 48ff | 7424 7848 | 8f44 2408 | 4c89 5c24 | 5048 895c | 2410 4c8b | d04c 8954 
  0x00007f21b5eacde0: 2458 4c8b | 5424 3045 | 8b5a 1048 | 8bd5 498b | f349 8bea | 48ff 7424 | 6848 8f44 | 2460 6666 
  0x00007f21b5eace00: 9048 b830 | f346 4c21 

  0x00007f21b5eace08: ;   {virtual_call}
  0x00007f21b5eace08: 7f00 00e8 

  0x00007f21b5eace0c: ; ImmutableOopMap {rbp=Oop [16]=Oop [48]=Oop [56]=Oop [64]=Oop [72]=Oop [80]=Oop [88]=Oop [96]=Oop [104]=Oop }
                      ;*invokeinterface apply {reexecute=0 rethrow=0 return_oop=1}
                      ; - com.android.tools.r8.graph.R4::a@249 (line 107)
                      ; - com.android.tools.r8.graph.R4::a@30 (line 133)
                      ; - com.android.tools.r8.graph.R4$$Lambda/0x00007f214de02f78::accept@28
                      ; - com.android.tools.r8.graph.E0::a@2 (line 3)
                      ; - com.android.tools.r8.graph.R4::a@270 (line 109)
                      ; - com.android.tools.r8.graph.R4::a@29 (line 67)
  0x00007f21b5eace0c: 10dc fdff 

  0x00007f21b5eace10: ;   {other}
  0x00007f21b5eace10: 0f1f 8400 | 8024 001a | 4c8b d044 | 8b58 0848 | be00 0000 | 4b21 7f00 | 0049 03f3 | 4c8b 5e20 
  0x00007f21b5eace30: ;   {metadata('com/android/tools/r8/graph/b0')}
  0x00007f21b5eace30: 49b8 7026 | 584c 217f | 0000 4d3b | d80f 8575 | 0a00 0045 

  0x00007f21b5eace44: ;   {metadata('com/android/tools/r8/graph/F2')}
  0x00007f21b5eace44: 8b5a 0841 | 81fb 00e0 | 4901 0f84 | dd00 0000 

  0x00007f21b5eace54: ;   {metadata('com/android/tools/r8/graph/s2')}
  0x00007f21b5eace54: 4181 fb00 | 8676 010f | 852c 2900 | 0049 8bd2 | 488b f548 | 8b4c 2438 | 4c8b 4424 | 404c 8b4c 
  0x00007f21b5eace74: ;   {optimized virtual_call}
  0x00007f21b5eace74: 2448 90e8 

  0x00007f21b5eace78: ; ImmutableOopMap {rbp=Oop [48]=Oop [56]=Oop [64]=Oop [72]=Oop [80]=Oop [88]=Oop [96]=Oop [104]=Oop }
                      ;*invokevirtual a {reexecute=0 rethrow=0 return_oop=1}
                      ; - com.android.tools.r8.graph.R4::a@30 (line 133)
                      ; - com.android.tools.r8.graph.R4$$Lambda/0x00007f214de02f78::accept@28
                      ; - com.android.tools.r8.graph.E0::a@2 (line 3)
                      ; - com.android.tools.r8.graph.R4::a@270 (line 109)
                      ; - com.android.tools.r8.graph.R4::a@30 (line 133)
                      ; - com.android.tools.r8.graph.R4$$Lambda/0x00007f214de02f78::accept@28
                      ; - com.android.tools.r8.graph.E0::a@2 (line 3)
                      ; - com.android.tools.r8.graph.R4::a@270 (line 109)
                      ; - com.android.tools.r8.graph.R4::a@29 (line 67)
  0x00007f21b5eace78: 0420 1100 

  0x00007f21b5eace7c: ;   {other}
  0x00007f21b5eace7c: 0f1f 8400 | ec24 001b | 488b d848 | 85c0 0f84 | 840f 0000 | 4c8b 6c24 | 5841 8b6d | 1085 ed0f 
  0x00007f21b5eace9c: 8577 2900 | 0041 807f | 4000 0f85 | 1417 0000 | 4d8b d54c | 8bc3 4589 | 4510 4c8b | db4d 33da 
  0x00007f21b5eacebc: 49c1 eb14 | 4d85 db0f | 84e6 0000 | 0049 c1ea | 0948 bf00 | 00a0 c821 | 7f00 0049 | 03fa 803f 
  0x00007f21b5eacedc: 020f 84cc | 0000 004d | 8b57 584d | 8b5f 48f0 | 8344 24c0 | 0080 3f00 | 0f84 b500 | 0000 4488 
  0x00007f21b5eacefc: 274d 85db | 751d 498b | f749 bab0 | f795 cb21 | 7f00 0041 

  0x00007f21b5eacf10: ;   {other}
  0x00007f21b5eacf10: ffd2 0f1f | 8400 0000 | 0000 e990 | 0000 004b | 897c 1af8 | 4983 c3f8 | 4d89 5f48 | e97e 0000 
  0x00007f21b5eacf30: 0049 8bd2 | 488b f548 | 8b4c 2438 | 4c8b 4424 | 404c 8b4c 

  0x00007f21b5eacf44: ;   {optimized virtual_call}
  0x00007f21b5eacf44: 2448 90e8 

  0x00007f21b5eacf48: ; ImmutableOopMap {rbp=Oop [48]=Oop [56]=Oop [64]=Oop [72]=Oop [80]=Oop [88]=Oop [96]=Oop [104]=Oop }
                      ;*invokevirtual a {reexecute=0 rethrow=0 return_oop=1}
                      ; - com.android.tools.r8.graph.R4::a@30 (line 133)
                      ; - com.android.tools.r8.graph.R4$$Lambda/0x00007f214de02f78::accept@28
                      ; - com.android.tools.r8.graph.E0::a@2 (line 3)
                      ; - com.android.tools.r8.graph.R4::a@270 (line 109)
                      ; - com.android.tools.r8.graph.R4::a@30 (line 133)
                      ; - com.android.tools.r8.graph.R4$$Lambda/0x00007f214de02f78::accept@28
                      ; - com.android.tools.r8.graph.E0::a@2 (line 3)
                      ; - com.android.tools.r8.graph.R4::a@270 (line 109)
                      ; - com.android.tools.r8.graph.R4::a@29 (line 67)
  0x00007f21b5eacf48: 341f 1100 

  0x00007f21b5eacf4c: ;   {other}
  0x00007f21b5eacf4c: 0f1f 8400 | bc25 001c | 488b d848 | 85c0 0f84 | fc0c 0000 | 4c8b 6c24 | 5841 8b6d | 1085 ed0f 
  0x00007f21b5eacf6c: 85a4 2700 | 0041 807f | 4000 0f85 | c412 0000 | 4d8b d54c | 8bdb 4589 | 5d10 4c8b | db4d 33da 
  0x00007f21b5eacf8c: 49c1 eb14 | 4d85 db74 | 1a49 c1ea | 0948 bf00 | 00a0 c821 | 7f00 0049 | 03fa 803f | 020f 85c4 
  0x00007f21b5eacfac: 1200 0049 | 8b87 b801 | 0000 4c8b | 5424 5041 | 8b6a 1c4c | 8bd0 4983 | c218 4d3b | 97c8 0100 
  0x00007f21b5eacfcc: 000f 8301 | 1900 004d | 8997 b801 | 0000 410f | 0d8a 0001 | 0000 48c7 | 0001 0000 

  0x00007f21b5eacfe8: ;   {metadata('java/util/Collections$SingletonList')}
  0x00007f21b5eacfe8: 00c7 4008 | 58da 0401 | 4489 600c | 4c89 6010 | 4c89 6c24 | 1048 8bc8 | 8969 1048 | 8b74 2410 
  0x00007f21b5ead008: 33d2 488b | 6c24 304c | 8b54 2460 | 4c89 5424 

  0x00007f21b5ead018: ;   {optimized virtual_call}
  0x00007f21b5ead018: 5866 90e8 

  0x00007f21b5ead01c: ; ImmutableOopMap {rbp=Oop [48]=Oop [56]=Oop [64]=Oop [72]=Oop [88]=Oop [96]=Oop [104]=Oop }
                      ;*invokevirtual a {reexecute=0 rethrow=0 return_oop=1}
                      ; - com.android.tools.r8.graph.R4::a@283 (line 126)
                      ; - com.android.tools.r8.graph.R4::a@30 (line 133)
                      ; - com.android.tools.r8.graph.R4$$Lambda/0x00007f214de02f78::accept@28
                      ; - com.android.tools.r8.graph.E0::a@2 (line 3)
                      ; - com.android.tools.r8.graph.R4::a@270 (line 109)
                      ; - com.android.tools.r8.graph.R4::a@29 (line 67)
  0x00007f21b5ead01c: 00a7 63fe 

  0x00007f21b5ead020: ;   {other}
  0x00007f21b5ead020: 0f1f 8400 | 9026 001d | 4885 c00f | 8478 0400 | 0048 8b5c | 2458 8b6b | 1048 ff74 | 2438 488f 
  0x00007f21b5ead040: 4424 5848 | ff74 2440 | 488f 4424 | 6048 ff74 | 2408 488f | 4424 784c | 8be8 e9ab 

  0x00007f21b5ead05c: ;   {metadata('com/android/tools/r8/graph/s2')}
  0x00007f21b5ead05c: f5ff ff41 | 81fa 0086 | 7601 0f85 | 9025 0000 | 48ff 7424 | 5048 8f44 | 2458 488b | 5c24 6849 
  0x00007f21b5ead07c: ba00 00a0 | c821 7f00 | 004c 8954 | 2478 e990 | fbff ff45 | 8b40 1445 | 85c0 0f84 | 8825 0000 
  0x00007f21b5ead09c: 4d8b d84c | 8b44 2460 | 4d3b d80f | 85e1 efff | ffeb 3b45 | 8b5b 1445 | 85db 0f84 | 6825 0000 
  0x00007f21b5ead0bc: 4c8b 4424 | 604d 3bd8 | 0f85 6def | ffff eb1e | 458b 4014 | 4585 c00f | 844b 2500 | 004d 8bd8 
  0x00007f21b5ead0dc: 4c8b 4424 | 604d 3bd8 | 0f85 e6ef | ffff 48ff | 7424 5048 | 8f44 2458 | 4c8b c74c | 894c 2478 
  0x00007f21b5ead0fc: 488b d9e9 | 7ef4 ffff | 48ff 7424 | 3048 8f44 | 2428 e990 

  0x00007f21b5ead110: ;   {metadata('com/android/tools/r8/internal/U10')}
  0x00007f21b5ead110: e8ff ff41 | 81f9 8079 | 1503 0f85 | 1825 0000 | 4489 4424 | 0c89 7c24 | 0848 8bf1 | 498b d248 
  0x00007f21b5ead130: 8b6c 2428 | 4c8b 5424 | 584c 8954 | 2418 4c8b | 5424 604c | 8954 2420 

  0x00007f21b5ead148: ;   {optimized virtual_call}
  0x00007f21b5ead148: 6666 90e8 

  0x00007f21b5ead14c: ; ImmutableOopMap {rbp=Oop [8]=NarrowOop [12]=NarrowOop [24]=Oop [32]=Oop [40]=Oop [72]=Oop [88]=Oop [96]=Oop }
                      ;*invokevirtual d {reexecute=0 rethrow=0 return_oop=1}
                      ; - com.android.tools.r8.internal.U10::get@2 (line 1)
                      ; - com.android.tools.r8.graph.M4::a@19 (line 9)
                      ; - com.android.tools.r8.graph.E0::a@9 (line 54)
                      ; - com.android.tools.r8.graph.R4::a@164 (line 94)
                      ; - com.android.tools.r8.graph.R4::a@29 (line 67)
  0x00007f21b5ead14c: 30ad fbfe 

  0x00007f21b5ead150: ;   {other}
  0x00007f21b5ead150: 0f1f 8400 | c027 001e | 4885 c00f | 84be 0700 | 0044 8b58 | 144d 8bd3 | 4533 dbb8 | 0100 0000 
  0x00007f21b5ead170: b91f 0000 | 00e9 cde4 | ffff 4c8b | 5c24 7041 | 8b6b 1c85 | ed0f 8492 | 0300 0049 | 8b87 b801 
  0x00007f21b5ead190: 0000 4c8b | d049 83c2 | 184d 3b97 | c801 0000 | 0f83 9317 | 0000 4d89 | 97b8 0100 | 0041 0f0d 
  0x00007f21b5ead1b0: 8a00 0100 | 0048 c700 | 0100 0000 

  0x00007f21b5ead1bc: ;   {metadata('com/android/tools/r8/graph/T4')}
  0x00007f21b5ead1bc: c740 0868 | 17e0 0244 | 8960 0c4c | 8960 1048 | ff74 2478 | 488f 4424 | 084c 895c | 2458 4c8b 
  0x00007f21b5ead1dc: d04c 8954 | 2470 4c8b | 5424 3045 | 8b52 1048 | 8bd5 498b | f248 8b6c | 2430 4c8b | 5424 684c 
  0x00007f21b5ead1fc: 8954 2440 | 9048 b820 | 6d05 941f 

  0x00007f21b5ead208: ;   {virtual_call}
  0x00007f21b5ead208: 7f00 00e8 

  0x00007f21b5ead20c: ; ImmutableOopMap {rbp=Oop [48]=Oop [64]=Oop [72]=Oop [80]=Oop [88]=Oop [96]=Oop [104]=Oop [112]=Oop }
                      ;*invokeinterface apply {reexecute=0 rethrow=0 return_oop=1}
                      ; - com.android.tools.r8.graph.R4::a@249 (line 107)
                      ; - com.android.tools.r8.graph.R4::a@30 (line 133)
                      ; - com.android.tools.r8.graph.R4$$Lambda/0x00007f214de02f78::accept@28
                      ; - com.android.tools.r8.graph.E0::a@2 (line 3)
                      ; - com.android.tools.r8.graph.R4::a@270 (line 109)
                      ; - com.android.tools.r8.graph.R4::a@29 (line 67)
  0x00007f21b5ead20c: 3845 a8fd 

  0x00007f21b5ead210: ;   {other}
  0x00007f21b5ead210: 0f1f 8400 | 8028 001f | 4c8b d044 | 8b40 0848 | be00 0000 | 4b21 7f00 | 0049 03f0 | 4c8b 5e20 
  0x00007f21b5ead230: ;   {metadata('com/android/tools/r8/graph/b0')}
  0x00007f21b5ead230: 49b8 7026 | 584c 217f | 0000 4d3b | d80f 8541 | 0700 0045 

  0x00007f21b5ead244: ;   {metadata('com/android/tools/r8/graph/F2')}
  0x00007f21b5ead244: 8b5a 0841 | 81fb 00e0 | 4901 0f84 | 9500 0000 

  0x00007f21b5ead254: ;   {metadata('com/android/tools/r8/graph/s2')}
  0x00007f21b5ead254: 4181 fb00 | 8676 010f | 856b 2500 | 0049 8bd2 | 488b f548 | 8b4c 2450 | 4c8b 4424 | 604c 8b4c 
  0x00007f21b5ead274: ;   {optimized virtual_call}
  0x00007f21b5ead274: 2448 90e8 

  0x00007f21b5ead278: ; ImmutableOopMap {rbp=Oop [48]=Oop [64]=Oop [72]=Oop [80]=Oop [88]=Oop [96]=Oop [104]=Oop [112]=Oop }
                      ;*invokevirtual a {reexecute=0 rethrow=0 return_oop=1}
                      ; - com.android.tools.r8.graph.R4::a@30 (line 133)
                      ; - com.android.tools.r8.graph.R4$$Lambda/0x00007f214de02f78::accept@28
                      ; - com.android.tools.r8.graph.E0::a@2 (line 3)
                      ; - com.android.tools.r8.graph.R4::a@270 (line 109)
                      ; - com.android.tools.r8.graph.R4::a@30 (line 133)
                      ; - com.android.tools.r8.graph.R4$$Lambda/0x00007f214de02f78::accept@28
                      ; - com.android.tools.r8.graph.E0::a@2 (line 3)
                      ; - com.android.tools.r8.graph.R4::a@270 (line 109)
                      ; - com.android.tools.r8.graph.R4::a@29 (line 67)
  0x00007f21b5ead278: 041c 1100 

  0x00007f21b5ead27c: ;   {other}
  0x00007f21b5ead27c: 0f1f 8400 | ec28 0020 | 488b d848 | 85c0 0f84 | c40b 0000 | 4c8b 6c24 | 7041 8b6d | 1085 ed0f 
  0x00007f21b5ead29c: 85ec 2500 | 0041 807f | 4000 0f85 | 1414 0000 | 4d8b d54c | 8bc3 4589 | 4510 4c8b | db4d 33da 
  0x00007f21b5ead2bc: 49c1 eb14 | 4d85 db74 | 1a49 c1ea | 0948 bf00 | 00a0 c821 | 7f00 0049 | 03fa 803f | 020f 8514 
  0x00007f21b5ead2dc: 1400 004c | 8b44 2430 | e9a2 0000 | 004c 8bc5 | 450f b658 | 0c45 85db | 0f85 8c00 | 0000 4c89 
  0x00007f21b5ead2fc: 4424 1049 | 8bd2 498b | f048 8b4c | 2450 4c8b | 4424 604c | 8b4c 2448 

  0x00007f21b5ead314: ;   {optimized virtual_call}
  0x00007f21b5ead314: 6666 90e8 

  0x00007f21b5ead318: ; ImmutableOopMap {rbp=Oop [16]=Oop [64]=Oop [72]=Oop [80]=Oop [88]=Oop [96]=Oop [104]=Oop [112]=Oop }
                      ;*invokevirtual a {reexecute=0 rethrow=0 return_oop=1}
                      ; - com.android.tools.r8.graph.R4::a@30 (line 133)
                      ; - com.android.tools.r8.graph.R4$$Lambda/0x00007f214de02f78::accept@28
                      ; - com.android.tools.r8.graph.E0::a@2 (line 3)
                      ; - com.android.tools.r8.graph.R4::a@270 (line 109)
                      ; - com.android.tools.r8.graph.R4::a@30 (line 133)
                      ; - com.android.tools.r8.graph.R4$$Lambda/0x00007f214de02f78::accept@28
                      ; - com.android.tools.r8.graph.E0::a@2 (line 3)
                      ; - com.android.tools.r8.graph.R4::a@270 (line 109)
                      ; - com.android.tools.r8.graph.R4::a@29 (line 67)
  0x00007f21b5ead318: 6480 9bfd 

  0x00007f21b5ead31c: ;   {other}
  0x00007f21b5ead31c: 0f1f 8400 | 8c29 0021 | 488b d848 | 85c0 0f84 | 2e0b 0000 | 4c8b 6c24 | 7041 8b6d | 1085 ed0f 
  0x00007f21b5ead33c: 85b8 2500 | 0041 807f | 4000 0f85 | f513 0000 | 4d8b d54c | 8bdb 4589 | 5d10 4c8b | db4d 33da 
  0x00007f21b5ead35c: 49c1 eb14 | 4d85 db74 | 1a49 c1ea | 0948 bf00 | 00a0 c821 | 7f00 0049 | 03fa 803f | 020f 85f5 
  0x00007f21b5ead37c: 1300 004c | 8b44 2410 | eb05 4c8b | 6c24 7049 | 8b87 b801 | 0000 4c8b | 5424 5841 | 8b6a 1c4c 
  0x00007f21b5ead39c: 8bd0 4983 | c218 4d3b | 97c8 0100 | 000f 83b6 | 1500 004d | 8997 b801 | 0000 410f | 0d8a 0001 
  0x00007f21b5ead3bc: 0000 48c7 | 0001 0000 

  0x00007f21b5ead3c4: ;   {metadata('java/util/Collections$SingletonList')}
  0x00007f21b5ead3c4: 00c7 4008 | 58da 0401 | 4489 600c | 4c89 6010 | 4c89 4424 | 304c 896c | 2410 488b | c889 6910 
  0x00007f21b5ead3e4: 488b 7424 | 1033 d24c | 8b54 2468 | 4c89 5424 

  0x00007f21b5ead3f4: ;   {optimized virtual_call}
  0x00007f21b5ead3f4: 4066 90e8 

  0x00007f21b5ead3f8: ; ImmutableOopMap {[48]=Oop [64]=Oop [72]=Oop [80]=Oop [96]=Oop [104]=Oop }
                      ;*invokevirtual a {reexecute=0 rethrow=0 return_oop=1}
                      ; - com.android.tools.r8.graph.R4::a@283 (line 126)
                      ; - com.android.tools.r8.graph.R4::a@30 (line 133)
                      ; - com.android.tools.r8.graph.R4$$Lambda/0x00007f214de02f78::accept@28
                      ; - com.android.tools.r8.graph.E0::a@2 (line 3)
                      ; - com.android.tools.r8.graph.R4::a@270 (line 109)
                      ; - com.android.tools.r8.graph.R4::a@29 (line 67)
  0x00007f21b5ead3f8: 24a3 63fe 

  0x00007f21b5ead3fc: ;   {other}
  0x00007f21b5ead3fc: 0f1f 8400 | 6c2a 0022 | 4885 c00f | 8406 0100 | 0048 8b5c | 2440 8b6b | 1048 ff74 | 2408 488f 
  0x00007f21b5ead41c: 4424 784c | 8be8 e9a8 | f7ff ff4c | 8b54 2458 | 458b 5a10 | 4585 db0f | 847b 2200 | 004d 8bd3 
  0x00007f21b5ead43c: 4c3b d00f | 856a efff | ff4c 8b54 | 2478 418b | 6a2c 448b | 450c 448b | 9424 8400 | 0000 453b 
  0x00007f21b5ead45c: d00f 8365 | 2200 0046 | 8b5c 9510 | 4d8b c3e9 | a9f0 ffff | 4489 4c24 | 1849 8bf3 | 48ff 7424 
  0x00007f21b5ead47c: 5848 8f44 | 2438 48ff | 7424 6048 | 8f44 2440 | 9048 b8ff | ffff ffff 

  0x00007f21b5ead494: ;   {virtual_call}
  0x00007f21b5ead494: ffff ffe8 

  0x00007f21b5ead498: ; ImmutableOopMap {[8]=NarrowOop [12]=NarrowOop [16]=Oop [40]=Oop [56]=Oop [64]=Oop [72]=Oop [80]=Oop [88]=Oop [96]=Oop [104]=Oop [112]=NarrowOop }
                      ;*invokevirtual hashCode {reexecute=0 rethrow=0 return_oop=0}
                      ; - java.util.Arrays::hashCode@43 (line 4599)
                      ; - java.util.Objects::hash@1 (line 133)
                      ; - com.android.tools.r8.graph.D2::hashCode@22 (line 1)
                      ; - com.android.tools.r8.internal.d20::get@32 (line 6)
                      ; - com.android.tools.r8.graph.M4::a@19 (line 9)
                      ; - com.android.tools.r8.graph.E0::a@9 (line 54)
                      ; - com.android.tools.r8.graph.R4::a@164 (line 94)
                      ; - com.android.tools.r8.graph.R4::a@29 (line 67)
  0x00007f21b5ead498: 743f a8fd 

  0x00007f21b5ead49c: ;   {other}
  0x00007f21b5ead49c: 0f1f 8400 | 0c2b 0023 | e999 deff | ff48 ff74 | 2438 488f | 4424 5848 | ff74 2440 | 488f 4424 
  0x00007f21b5ead4bc: 6048 ff74 | 2408 488f | 4424 7848 | 8b5c 2468 | e94e f7ff 

  0x00007f21b5ead4d0: ;   {metadata('com/android/tools/r8/graph/s2')}
  0x00007f21b5ead4d0: ff41 81fb | 0086 7601 | 0f84 46e7 | ffff bec6 | ffff ff4c | 8b54 2450 | 4c89 5424 | 104c 8b54 
  0x00007f21b5ead4f0: 2468 4c89 

  0x00007f21b5ead4f4: ;   {runtime_call UncommonTrapBlob}
  0x00007f21b5ead4f4: 5424 58e8 

  0x00007f21b5ead4f8: ; ImmutableOopMap {rbp=Oop [16]=Oop [56]=Oop [72]=Oop [88]=Oop [104]=Oop [112]=Oop }
                      ;*invokevirtual h0 {reexecute=0 rethrow=0 return_oop=0}
                      ; - com.android.tools.r8.graph.R4::a@8 (line 128)
                      ; - com.android.tools.r8.graph.R4$$Lambda/0x00007f214de02f78::accept@28
                      ; - com.android.tools.r8.graph.E0::a@2 (line 3)
                      ; - com.android.tools.r8.graph.R4::a@270 (line 109)
                      ; - com.android.tools.r8.graph.R4::a@29 (line 67)
  0x00007f21b5ead4f8: 04da 9bfd 

  0x00007f21b5ead4fc: ;   {other}
  0x00007f21b5ead4fc: 0f1f 8400 | 6c2b 0024 | 8bc5 e93e | deff ff45 | 33c0 e906 | f0ff ff48 | ff74 2408 | 488f 4424 
  0x00007f21b5ead51c: 7848 8b5c | 2468 e9ee | f6ff ff44 | 8b5b 1445 | 85db 0f84 | d2e3 ffff | 4d8b 4f28 | 498b fb4d 
  0x00007f21b5ead53c: 85c9 0f84 | 900f 0000 | 4d8b 5f38 | 4b89 7c0b | f849 83c1 | f84d 894f | 28e9 ace3 | ffff 448b 
  0x00007f21b5ead55c: 530c 4585 | d20f 84d7 | e3ff ff4d | 8b5f 2849 | 8bfa 4d85 | db0f 8490 | 0f00 004d | 8b57 384b 
  0x00007f21b5ead57c: 897c 1af8 | 4983 c3f8 | 4d89 5f28 | e9b1 e3ff | ff4d 8b57 | 584d 8b5f | 48f0 8344 | 24c0 0080 
  0x00007f21b5ead59c: 3f00 0f84 | 8fe3 ffff | 4488 274d | 85db 751d | 498b f749 | bab0 f795 | cb21 7f00 | 0041 ffd2 
  0x00007f21b5ead5bc: ;   {other}
  0x00007f21b5ead5bc: 0f1f 8400 | 0000 0000 | e96a e3ff | ff4b 897c | 1af8 4983 | c3f8 4d89 | 5f48 e958 | e3ff ff4d 
  0x00007f21b5ead5dc: 8b57 584d | 8b5f 48f0 | 8344 24c0 | 0041 8038 | 000f 847c | e3ff ff45 | 8820 4d85 | db75 2049 
  0x00007f21b5ead5fc: 8bf8 498b | f749 bab0 | f795 cb21 | 7f00 0041 

  0x00007f21b5ead60c: ;   {other}
  0x00007f21b5ead60c: ffd2 0f1f | 8400 0000 | 0000 e954 | e3ff ff4f | 8944 1af8 | 4983 c3f8 | 4d89 5f48 | e942 e3ff 
  0x00007f21b5ead62c: ff4d 8b5f | 584d 8b4f | 48f0 8344 | 24c0 0080 | 3f00 0f84 | b7e2 ffff | 4488 274d | 85c9 7533 
  0x00007f21b5ead64c: 4889 5c24 | 0845 8bf0 | 498b da49 | 8bf7 49ba | b0f7 95cb | 217f 0000 

  0x00007f21b5ead664: ;   {other}
  0x00007f21b5ead664: 41ff d20f | 1f84 0000 | 0000 004c | 8bd3 458b | c648 8b5c | 2408 e97c | e2ff ff4b | 897c 0bf8 
  0x00007f21b5ead684: 4983 c1f8 | 4d89 4f48 | e96a e2ff | ff4d 8b87 | 5804 0000 

  0x00007f21b5ead698: ; ImmutableOopMap {r11=NarrowOop r9=Oop rsi=Oop [32]=NarrowOop [48]=Oop [72]=Oop [80]=Oop [96]=Oop [104]=Oop [112]=Oop }
                      ;*goto {reexecute=1 rethrow=0 return_oop=0}
                      ; - (reexecute) com.android.tools.r8.graph.J4::a@105 (line 51)
                      ; - com.android.tools.r8.graph.E0::a@9 (line 54)
                      ; - com.android.tools.r8.graph.R4::a@164 (line 94)
                      ; - com.android.tools.r8.graph.R4::a@30 (line 133)
                      ; - com.android.tools.r8.graph.R4$$Lambda/0x00007f214de02f78::accept@28
                      ; - com.android.tools.r8.graph.E0::a@2 (line 3)
                      ; - com.android.tools.r8.graph.R4::a@270 (line 109)
                      ; - com.android.tools.r8.graph.R4::a@29 (line 67)
                      ;   {poll}
  0x00007f21b5ead698: 4d8b cb41 | 8500 443b | d20f 8da7 | 0100 0048 | 897c 2478 | 448b c2e9 | 04f4 ffff | 4533 c0e9 
  0x00007f21b5ead6b8: 5dee ffff | 48ff 7424 | 5048 8f44 | 2458 4533 | c0e9 b4ee | ffff 4533 | d2e9 8bdf | ffff 448b 
  0x00007f21b5ead6d8: 5b14 4585 | db0f 8414 | e1ff ff4d | 8b4f 2849 | 8bfb 4d85 | c90f 8419 | 1100 004d | 8b5f 384b 
  0x00007f21b5ead6f8: 897c 0bf8 | 4983 c1f8 | 4d89 4f28 | e9ee e0ff | ff44 8b53 | 0c45 85d2 | 0f84 19e1 | ffff 4d8b 
  0x00007f21b5ead718: 5f28 498b | fa4d 85db | 0f84 1911 | 0000 4d8b | 5738 4b89 | 7c1a f849 | 83c3 f84d | 895f 28e9 
  0x00007f21b5ead738: f3e0 ffff | 4d8b 5f58 | 4d8b 4f48 | f083 4424 | c000 803f | 000f 8499 | e0ff ff44 | 8827 4d85 
  0x00007f21b5ead758: c975 3348 | 895c 2408 | 458b f049 | 8bda 498b | f749 bab0 | f795 cb21 | 7f00 0041 

  0x00007f21b5ead774: ;   {other}
  0x00007f21b5ead774: ffd2 0f1f | 8400 0000 | 0000 4c8b | d345 8bc6 | 488b 5c24 | 08e9 5ee0 | ffff 4b89 | 7c0b f849 
  0x00007f21b5ead794: 83c1 f84d | 894f 48e9 | 4ce0 ffff | 4d8b 5758 | 4d8b 5f48 | f083 4424 | c000 803f | 000f 846d 
  0x00007f21b5ead7b4: e0ff ff44 | 8827 4d85 | db75 1d49 | 8bf7 49ba | b0f7 95cb | 217f 0000 

  0x00007f21b5ead7cc: ;   {other}
  0x00007f21b5ead7cc: 41ff d20f | 1f84 0000 | 0000 00e9 | 48e0 ffff | 4b89 7c1a | f849 83c3 | f84d 895f | 48e9 36e0 
  0x00007f21b5ead7ec: ffff 4d8b | 5758 4d8b | 5f48 f083 | 4424 c000 | 4180 3800 | 0f84 5ae0 | ffff 4588 | 204d 85db 
  0x00007f21b5ead80c: 7520 498b | f849 8bf7 | 49ba b0f7 | 95cb 217f | 0000 41ff 

  0x00007f21b5ead820: ;   {other}
  0x00007f21b5ead820: d20f 1f84 | 0000 0000 | 00e9 32e0 | ffff 4f89 | 441a f849 | 83c3 f84d | 895f 48e9 | 20e0 ffff 
  0x00007f21b5ead840: 33ed e9f1 | f1ff ff33 | ede9 eaf1 | ffff 4889 | 7c24 7833 | ede9 edf2 | ffff 4c8b | 5c24 704c 
  0x00007f21b5ead860: 8b54 2448 | 4d3b da0f | 8440 edff | ffbe 45ff | ffff 488b | 6c24 3048 | ff74 2458 | 488f 4424 
  0x00007f21b5ead880: 1048 ff74 | 2448 488f | 4424 2048 | ff74 2448 | 488f 4424 | 284c 8b54 | 2468 4c89 | 5424 404c 
  0x00007f21b5ead8a0: 8944 2450 | 4c89 5c24 

  0x00007f21b5ead8a8: ;   {runtime_call UncommonTrapBlob}
  0x00007f21b5ead8a8: 5866 90e8 

  0x00007f21b5ead8ac: ; ImmutableOopMap {rbp=Oop [16]=Oop [32]=Oop [40]=Oop [64]=Oop [80]=Oop [88]=Oop [96]=Oop [104]=Oop [112]=Oop }
                      ;*if_acmpeq {reexecute=1 rethrow=0 return_oop=0}
                      ; - (reexecute) com.android.tools.r8.graph.R4::a@191 (line 96)
                      ; - com.android.tools.r8.graph.R4::a@30 (line 133)
                      ; - com.android.tools.r8.graph.R4$$Lambda/0x00007f214de02f78::accept@28
                      ; - com.android.tools.r8.graph.E0::a@2 (line 3)
                      ; - com.android.tools.r8.graph.R4::a@270 (line 109)
                      ; - com.android.tools.r8.graph.R4::a@29 (line 67)
  0x00007f21b5ead8ac: 50d6 9bfd 

  0x00007f21b5ead8b0: ;   {other}
  0x00007f21b5ead8b0: 0f1f 8400 | 202f 0026 

  0x00007f21b5ead8b8: ;   {metadata('com/android/tools/r8/graph/b0')}
  0x00007f21b5ead8b8: 48b8 7026 | 584c 217f | 0000 4833 | ff4c 8b9e | a000 0000 | 498b d348 | c1e2 1f0f | 8921 0000 
  0x00007f21b5ead8d8: 00f3 480f | b8d2 488b | 5e28 483b | 04d3 7415 | 490f bae3 | 2173 0b49 

  0x00007f21b5ead8f0: ;   {runtime_call StubRoutines (compiler stubs)}
  0x00007f21b5ead8f0: c1cb 20e8 | ff56 9efd | eb03 48ff | c748 85ff | 0f84 3df5 | ffff 4180 | 7f40 000f | 85f0 0f00 
  0x00007f21b5ead910: 0048 8b5c | 2410 4489 | 6314 e9fb | f3ff ff45 | 33d2 e941 | f8ff ff4c | 8b5c 2470 | 4c8b 5424 
  0x00007f21b5ead930: 484d 3bda | 0f84 38f2 | ffff be45 | ffff ff4c | 8b54 2430 | 4c89 5424 | 084c 8b54 | 2450 4c89 
  0x00007f21b5ead950: 5424 1848 | ff74 2448 | 488f 4424 | 2848 ff74 | 2448 488f | 4424 304c | 8b54 2468 | 4c89 5424 
  0x00007f21b5ead970: 484c 895c 

  0x00007f21b5ead974: ;   {runtime_call UncommonTrapBlob}
  0x00007f21b5ead974: 2458 90e8 

  0x00007f21b5ead978: ; ImmutableOopMap {rbp=Oop [8]=Oop [24]=Oop [40]=Oop [48]=Oop [72]=Oop [88]=Oop [96]=Oop [104]=Oop [112]=Oop }
                      ;*if_acmpeq {reexecute=1 rethrow=0 return_oop=0}
                      ; - (reexecute) com.android.tools.r8.graph.R4::a@191 (line 96)
                      ; - com.android.tools.r8.graph.R4::a@30 (line 133)
                      ; - com.android.tools.r8.graph.R4$$Lambda/0x00007f214de02f78::accept@28
                      ; - com.android.tools.r8.graph.E0::a@2 (line 3)
                      ; - com.android.tools.r8.graph.R4::a@270 (line 109)
                      ; - com.android.tools.r8.graph.R4::a@29 (line 67)
  0x00007f21b5ead978: 84d5 9bfd 

  0x00007f21b5ead97c: ;   {other}
  0x00007f21b5ead97c: 0f1f 8400 | ec2f 0027 

  0x00007f21b5ead984: ;   {metadata('com/android/tools/r8/graph/b0')}
  0x00007f21b5ead984: 48b8 7026 | 584c 217f | 0000 4833 | ff4c 8b9e | a000 0000 | 498b d348 | c1e2 1f0f | 8921 0000 
  0x00007f21b5ead9a4: 00f3 480f | b8d2 488b | 5e28 483b | 04d3 7415 | 490f bae3 | 2173 0b49 

  0x00007f21b5ead9bc: ;   {runtime_call StubRoutines (compiler stubs)}
  0x00007f21b5ead9bc: c1cb 20e8 | 3356 9efd | eb03 48ff | c748 85ff | 0f84 71f8 | ffff bede | ffff ff49 

  0x00007f21b5ead9d8: ;   {runtime_call UncommonTrapBlob}
  0x00007f21b5ead9d8: 8bea 90e8 

  0x00007f21b5ead9dc: ; ImmutableOopMap {rbp=Oop }
                      ;*checkcast {reexecute=0 rethrow=0 return_oop=0}
                      ; - com.android.tools.r8.graph.R4::a@254 (line 107)
                      ; - com.android.tools.r8.graph.R4::a@30 (line 133)
                      ; - com.android.tools.r8.graph.R4$$Lambda/0x00007f214de02f78::accept@28
                      ; - com.android.tools.r8.graph.E0::a@2 (line 3)
                      ; - com.android.tools.r8.graph.R4::a@270 (line 109)
                      ; - com.android.tools.r8.graph.R4::a@29 (line 67)
  0x00007f21b5ead9dc: 20d5 9bfd 

  0x00007f21b5ead9e0: ;   {other}
  0x00007f21b5ead9e0: 0f1f 8400 | 5030 0028 | 4489 4c24 | 3c44 8944 | 2438 4c89 | 5424 3048 | ff74 2460 | 488f 4424 
  0x00007f21b5eada00: 2048 ff74 | 2458 488f | 4424 1848 | ff74 2428 | 488f 4424 

  0x00007f21b5eada14: ;   {metadata('com/android/tools/r8/graph/i5')}
  0x00007f21b5eada14: 1048 be00 | 0046 4c21 

  0x00007f21b5eada1c: ;   {runtime_call _new_instance_Java}
  0x00007f21b5eada1c: 7f00 00e8 

  0x00007f21b5eada20: ; ImmutableOopMap {rbp=Oop [16]=Oop [24]=Oop [32]=Oop [48]=Oop [56]=NarrowOop [72]=Oop [88]=Oop [96]=Oop }
                      ;*new {reexecute=0 rethrow=0 return_oop=1}
                      ; - com.android.tools.r8.graph.W4::a@68 (line 13)
                      ; - com.android.tools.r8.graph.R4::a@211 (line 99)
                      ; - com.android.tools.r8.graph.R4::a@29 (line 67)
  0x00007f21b5eada20: dc6f a8fd 

  0x00007f21b5eada24: ;   {other}
  0x00007f21b5eada24: 0f1f 8400 | 9430 0029 | 48ff 7424 | 1048 8f44 | 2428 4c8b | 5424 3044 | 8b44 2438 | 488b d844 
  0x00007f21b5eada44: 8b4c 243c | e96e deff | ff4d 8b5f | 584d 8b47 | 48f0 8344 | 24c0 0041 | 803a 000f | 8440 e0ff 
  0x00007f21b5eada64: ff45 8822 | 4d85 c075 | 2049 8bfa | 498b f749 | bab0 f795 | cb21 7f00 | 0041 ffd2 

  0x00007f21b5eada80: ;   {other}
  0x00007f21b5eada80: 0f1f 8400 | 0000 0000 | e918 e0ff | ff4f 8954 | 03f8 4983 | c0f8 4d89 | 4748 e906 

  0x00007f21b5eada9c: ;   {metadata('com/android/tools/r8/internal/U10')}
  0x00007f21b5eada9c: e0ff ff41 | 81f8 8079 | 1503 0f85 | b91e 0000 | 498b f148 | 8b54 2458 | 488b 6c24 | 304c 8b54 
  0x00007f21b5eadabc: 2468 4c89 

  0x00007f21b5eadac0: ;   {optimized virtual_call}
  0x00007f21b5eadac0: 5424 40e8 

  0x00007f21b5eadac4: ; ImmutableOopMap {rbp=Oop [32]=NarrowOop [48]=Oop [64]=Oop [72]=Oop [80]=Oop [96]=Oop [104]=Oop [112]=Oop }
                      ;*invokevirtual d {reexecute=0 rethrow=0 return_oop=1}
                      ; - com.android.tools.r8.internal.U10::get@2 (line 1)
                      ; - com.android.tools.r8.graph.M4::a@19 (line 9)
                      ; - com.android.tools.r8.graph.E0::a@9 (line 54)
                      ; - com.android.tools.r8.graph.R4::a@164 (line 94)
                      ; - com.android.tools.r8.graph.R4::a@30 (line 133)
                      ; - com.android.tools.r8.graph.R4$$Lambda/0x00007f214de02f78::accept@28
                      ; - com.android.tools.r8.graph.E0::a@2 (line 3)
                      ; - com.android.tools.r8.graph.R4::a@270 (line 109)
                      ; - com.android.tools.r8.graph.R4::a@29 (line 67)
  0x00007f21b5eadac4: b878 9bfd 

  0x00007f21b5eadac8: ;   {other}
  0x00007f21b5eadac8: 0f1f 8400 | 3831 002a | 4885 c00f | 8447 0400 | 0044 8b50 | 144d 8bc2 

  0x00007f21b5eadae0: ;   {oop(a 'java/lang/ClassCastException'{0x0000000081005208})}
  0x00007f21b5eadae0: 48bb 0852 | 0081 0000 | 0000 49ba | 0000 a0c8 | 217f 0000 | 4c89 5424 | 78e9 30ea | ffff 4489 
  0x00007f21b5eadb00: 4424 3489 | 7c24 3048 | ff74 2460 | 488f 4424 | 204c 895c | 2418 4889 | 7424 1048 | 8954 2408 
  0x00007f21b5eadb20: ;   {metadata('com/android/tools/r8/graph/C2')}
  0x00007f21b5eadb20: 48be 50fa | c54d 217f 

  0x00007f21b5eadb28: ;   {runtime_call _new_instance_Java}
  0x00007f21b5eadb28: 0000 90e8 

  0x00007f21b5eadb2c: ; ImmutableOopMap {rbp=Oop [8]=Oop [16]=Oop [24]=Oop [32]=Oop [40]=Oop [48]=NarrowOop [52]=NarrowOop [88]=Oop [96]=Oop }
                      ;*new {reexecute=0 rethrow=0 return_oop=1}
                      ; - com.android.tools.r8.graph.M4::a@5 (line 8)
                      ; - com.android.tools.r8.graph.E0::a@9 (line 54)
                      ; - com.android.tools.r8.graph.R4::a@164 (line 94)
                      ; - com.android.tools.r8.graph.R4::a@29 (line 67)
  0x00007f21b5eadb2c: d06e a8fd 

  0x00007f21b5eadb30: ;   {other}
  0x00007f21b5eadb30: 0f1f 8400 | a031 002b | 48ff 7424 | 0848 8f44 | 2448 8b7c | 2430 448b | 4424 34e9 | c1d5 ffff 
  0x00007f21b5eadb50: ;   {metadata('java/lang/Object'[])}
  0x00007f21b5eadb50: 48be 7012 | 004b 217f | 0000 ba02 | 0000 0048 | ff74 2460 | 488f 4424 

  0x00007f21b5eadb68: ;   {runtime_call _new_array_Java}
  0x00007f21b5eadb68: 3866 90e8 

  0x00007f21b5eadb6c: ; ImmutableOopMap {rbp=NarrowOop [8]=NarrowOop [12]=NarrowOop [16]=NarrowOop [40]=Oop [56]=Oop [72]=Oop [80]=Oop [88]=Oop [96]=Oop [104]=Oop [112]=NarrowOop }
                      ;*anewarray {reexecute=0 rethrow=0 return_oop=1}
                      ; - com.android.tools.r8.graph.D2::hashCode@11 (line 1)
                      ; - com.android.tools.r8.internal.d20::get@32 (line 6)
                      ; - com.android.tools.r8.graph.M4::a@19 (line 9)
                      ; - com.android.tools.r8.graph.E0::a@9 (line 54)
                      ; - com.android.tools.r8.graph.R4::a@164 (line 94)
                      ; - com.android.tools.r8.graph.R4::a@29 (line 67)
  0x00007f21b5eadb6c: 9071 a8fd 

  0x00007f21b5eadb70: ;   {other}
  0x00007f21b5eadb70: 0f1f 8400 | e031 002c | 4c8b d8e9 | 32d6 ffff | 4489 4c24 | 0849 8bf2 | 9048 b8ff | ffff ffff 
  0x00007f21b5eadb90: ;   {virtual_call}
  0x00007f21b5eadb90: ffff ffe8 

  0x00007f21b5eadb94: ; ImmutableOopMap {rbp=Oop [12]=NarrowOop [16]=Oop [32]=NarrowOop [48]=Oop [72]=Oop [80]=Oop [88]=Oop [96]=Oop [104]=Oop [112]=Oop [176]=Oop }
                      ;*invokevirtual hashCode {reexecute=0 rethrow=0 return_oop=0}
                      ; - java.util.Arrays::hashCode@43 (line 4599)
                      ; - java.util.Objects::hash@1 (line 133)
                      ; - com.android.tools.r8.graph.D2::hashCode@22 (line 1)
                      ; - com.android.tools.r8.internal.d20::get@32 (line 6)
                      ; - com.android.tools.r8.graph.M4::a@19 (line 9)
                      ; - com.android.tools.r8.graph.E0::a@9 (line 54)
                      ; - com.android.tools.r8.graph.R4::a@164 (line 94)
                      ; - com.android.tools.r8.graph.R4::a@30 (line 133)
                      ; - com.android.tools.r8.graph.R4$$Lambda/0x00007f214de02f78::accept@28
                      ; - com.android.tools.r8.graph.E0::a@2 (line 3)
                      ; - com.android.tools.r8.graph.R4::a@270 (line 109)
                      ; - com.android.tools.r8.graph.R4::a@29 (line 67)
  0x00007f21b5eadb94: 7838 a8fd 

  0x00007f21b5eadb98: ;   {other}
  0x00007f21b5eadb98: 0f1f 8400 | 0832 002d | e9f8 e6ff | ff44 8944 | 2438 4c89 | 5424 3048 | ff74 2460 | 488f 4424 
  0x00007f21b5eadbb8: 2048 ff74 | 2458 488f | 4424 1848 | ff74 2428 | 488f 4424 

  0x00007f21b5eadbcc: ;   {metadata('com/android/tools/r8/graph/h5')}
  0x00007f21b5eadbcc: 1048 be00 | e046 4c21 

  0x00007f21b5eadbd4: ;   {runtime_call _new_instance_Java}
  0x00007f21b5eadbd4: 7f00 00e8 

  0x00007f21b5eadbd8: ; ImmutableOopMap {rbp=Oop [16]=Oop [24]=Oop [32]=Oop [48]=Oop [56]=NarrowOop [72]=Oop [88]=Oop [96]=Oop }
                      ;*new {reexecute=0 rethrow=0 return_oop=1}
                      ; - com.android.tools.r8.graph.W4::a@7 (line 6)
                      ; - com.android.tools.r8.graph.R4::a@211 (line 99)
                      ; - com.android.tools.r8.graph.R4::a@29 (line 67)
  0x00007f21b5eadbd8: 246e a8fd 

  0x00007f21b5eadbdc: ;   {other}
  0x00007f21b5eadbdc: 0f1f 8400 | 4c32 002e | 48ff 7424 | 1048 8f44 | 2428 4c8b | 5424 3044 | 8b44 2438 | 488b d8e9 
  0x00007f21b5eadbfc: a8db ffff | 8b44 2418 | e99d e6ff 

  0x00007f21b5eadc08: ;   {metadata('com/android/tools/r8/internal/U10')}
  0x00007f21b5eadc08: ff41 81f9 | 8079 1503 | 0f85 bb1d | 0000 498b | f049 8bd3 | 488b 6c24 | 304c 8b54 | 2468 4c89 
  0x00007f21b5eadc28: ;   {optimized virtual_call}
  0x00007f21b5eadc28: 5424 40e8 

  0x00007f21b5eadc2c: ; ImmutableOopMap {rbp=Oop [32]=NarrowOop [48]=Oop [64]=Oop [72]=Oop [80]=Oop [96]=Oop [104]=Oop [112]=Oop }
                      ;*invokevirtual d {reexecute=0 rethrow=0 return_oop=1}
                      ; - com.android.tools.r8.internal.U10::get@2 (line 1)
                      ; - com.android.tools.r8.graph.M4::a@19 (line 9)
                      ; - com.android.tools.r8.graph.E0::a@9 (line 54)
                      ; - com.android.tools.r8.graph.R4::a@164 (line 94)
                      ; - com.android.tools.r8.graph.R4::a@30 (line 133)
                      ; - com.android.tools.r8.graph.R4$$Lambda/0x00007f214de02f78::accept@28
                      ; - com.android.tools.r8.graph.E0::a@2 (line 3)
                      ; - com.android.tools.r8.graph.R4::a@270 (line 109)
                      ; - com.android.tools.r8.graph.R4::a@29 (line 67)
  0x00007f21b5eadc2c: 5077 9bfd 

  0x00007f21b5eadc30: ;   {other}
  0x00007f21b5eadc30: 0f1f 8400 | a032 002f | 4885 c00f | 847b 0300 | 0044 8b50 | 1449 8bea | 49ba 0000 | a0c8 217f 
  0x00007f21b5eadc50: 0000 4c89 | 5424 78e9 | e9ed ffff | 4c8b 6c24 | 58e9 49f3 | ffff 448b | 5310 4585 | d20f 84aa 
  0x00007f21b5eadc70: e9ff ff4d | 8b5f 2849 | 8bfa 4d85 | db0f 8431 | 1200 004d | 8b57 384b | 897c 1af8 | 4983 c3f8 
  0x00007f21b5eadc90: 4d89 5f28 | e984 e9ff | ff4d 8b57 | 584d 8b5f | 48f0 8344 | 24c0 0080 | 3f00 0f84 | 6fef ffff 
  0x00007f21b5eadcb0: 4488 274d | 85db 751d | 498b f749 | bab0 f795 | cb21 7f00 | 0041 ffd2 

  0x00007f21b5eadcc8: ;   {other}
  0x00007f21b5eadcc8: 0f1f 8400 | 0000 0000 | e94a efff | ff4b 897c | 1af8 4983 | c3f8 4d89 | 5f48 e938 | efff ff49 
  0x00007f21b5eadce8: 8bf0 6666 | 9048 b8ff | ffff ffff 

  0x00007f21b5eadcf4: ;   {virtual_call}
  0x00007f21b5eadcf4: ffff ffe8 

  0x00007f21b5eadcf8: ; ImmutableOopMap {rbp=Oop [12]=NarrowOop [16]=Oop [32]=NarrowOop [48]=Oop [72]=Oop [80]=Oop [88]=Oop [96]=Oop [104]=Oop [112]=Oop }
                      ;*invokevirtual hashCode {reexecute=0 rethrow=0 return_oop=0}
                      ; - java.util.Arrays::hashCode@43 (line 4599)
                      ; - java.util.Objects::hash@1 (line 133)
                      ; - com.android.tools.r8.graph.D2::hashCode@22 (line 1)
                      ; - com.android.tools.r8.internal.d20::get@32 (line 6)
                      ; - com.android.tools.r8.graph.M4::a@19 (line 9)
                      ; - com.android.tools.r8.graph.E0::a@9 (line 54)
                      ; - com.android.tools.r8.graph.R4::a@164 (line 94)
                      ; - com.android.tools.r8.graph.R4::a@30 (line 133)
                      ; - com.android.tools.r8.graph.R4$$Lambda/0x00007f214de02f78::accept@28
                      ; - com.android.tools.r8.graph.E0::a@2 (line 3)
                      ; - com.android.tools.r8.graph.R4::a@270 (line 109)
                      ; - com.android.tools.r8.graph.R4::a@29 (line 67)
  0x00007f21b5eadcf8: 1437 a8fd 

  0x00007f21b5eadcfc: ;   {other}
  0x00007f21b5eadcfc: 0f1f 8400 | 6c33 0030 | e968 eaff | ff44 8bdf | 443b d87c | 1748 ff74 | 2450 488f | 4424 584c 
  0x00007f21b5eadd1c: 894c 2478 | 488b d9e9 | 9ef9 ffff | 448b d342 | 8b5c 9b10 

  0x00007f21b5eadd30: ; implicit exception: dispatches to 0x00007f21b5eafe1c
  0x00007f21b5eadd30: 8b7b 184c | 8bc3 8b5f 

  0x00007f21b5eadd38: ;   {metadata('com/android/tools/r8/graph/y2')}
  0x00007f21b5eadd38: 0881 fbf8 | 085d 010f | 85c3 efff | ff8b 5f18 | 85db 0f84 | 4c12 0000 | 48ff 7424 | 5048 8f44 
  0x00007f21b5eadd58: 2458 488b | 5424 5048 | 3bda 0f84 | b902 0000 | 41ff c344 | 3bd8 7d05 | 418b daeb | b34c 894c 
  0x00007f21b5eadd78: 2478 488b | d9e9 44f9 | ffff 448b | 5310 4585 | d20f 8453 | eeff ff4d | 8b5f 2849 | 8bfa 4d85 
  0x00007f21b5eadd98: db0f 845d | 1300 004d | 8b57 384b | 897c 1af8 | 4983 c3f8 | 4d89 5f28 | e92d eeff | ff4d 8b57 
  0x00007f21b5eaddb8: 584d 8b5f | 48f0 8344 | 24c0 0080 | 3f00 0f84 | 49ee ffff | 4488 274d | 85db 751d | 498b f749 
  0x00007f21b5eaddd8: bab0 f795 | cb21 7f00 | 0041 ffd2 

  0x00007f21b5eadde4: ;   {other}
  0x00007f21b5eadde4: 0f1f 8400 | 0000 0000 | e924 eeff | ff4b 897c | 1af8 4983 | c3f8 4d89 | 5f48 e912 | eeff ff45 
  0x00007f21b5eade04: 33c0 e93d | e7ff ff8b | 4424 18e9 | 61e9 ffff | 4c8b 6c24 | 58e9 91f1 | ffff 488b | de44 8b5b 
  0x00007f21b5eade24: 1445 85db | 0f84 d4ee | ffff 4d8b | 5728 498b | fb4d 85d2 | 0f84 9e15 | 0000 4d8b | 5f38 4b89 
  0x00007f21b5eade44: 7c13 f849 | 83c2 f84d | 8957 28e9 | aeee ffff | 4c8b 6c24 | 70e9 81f4 | ffff 4c8b | 6c24 70e9 
  0x00007f21b5eade64: 17f5 ffff | 33ed e9d8 

  0x00007f21b5eade6c: ;   {metadata('com/android/tools/r8/graph/T4')}
  0x00007f21b5eade6c: ecff ff48 | be68 17e0 | 4d21 7f00 | 004c 8b54 | 2460 4c89 

  0x00007f21b5eade80: ;   {runtime_call _new_instance_Java}
  0x00007f21b5eade80: 5424 58e8 

  0x00007f21b5eade84: ; ImmutableOopMap {rbp=NarrowOop [12]=NarrowOop [16]=NarrowOop [48]=Oop [72]=Oop [80]=Oop [88]=Oop [96]=Oop }
                      ;*new {reexecute=0 rethrow=0 return_oop=1}
                      ; - com.android.tools.r8.graph.R4::a@226 (line 105)
                      ; - com.android.tools.r8.graph.R4::a@29 (line 67)
  0x00007f21b5eade84: 786b a8fd 

  0x00007f21b5eade88: ;   {other}
  0x00007f21b5eade88: 0f1f 8400 | f834 0031 | e9cd dcff 

  0x00007f21b5eade94: ;   {metadata('com/android/tools/r8/graph/O4')}
  0x00007f21b5eade94: ff48 beb0 | 31e0 4d21 

  0x00007f21b5eade9c: ;   {runtime_call _new_instance_Java}
  0x00007f21b5eade9c: 7f00 00e8 

  0x00007f21b5eadea0: ; ImmutableOopMap {[40]=Oop [72]=Oop [88]=Oop [96]=Oop }
                      ;*new {reexecute=0 rethrow=0 return_oop=1}
                      ; - com.android.tools.r8.graph.R4::a@41 (line 68)
  0x00007f21b5eadea0: 5c6b a8fd 

  0x00007f21b5eadea4: ;   {other}
  0x00007f21b5eadea4: 0f1f 8400 | 1435 0032 | e936 dbff | ff44 895c | 2440 48ff | 7424 1848 | 8f44 2438 | 48ff 7424 
  0x00007f21b5eadec4: 2848 8f44 | 2410 48ff | 7424 4848 | 8f44 2408 

  0x00007f21b5eaded4: ;   {metadata('java/util/Arrays$ArrayList')}
  0x00007f21b5eaded4: 48be 286b | 1a4b 217f | 0000 48ff | 7424 3848 | 8f44 2428 

  0x00007f21b5eadee8: ;   {runtime_call _new_instance_Java}
  0x00007f21b5eadee8: 6666 90e8 

  0x00007f21b5eadeec: ; ImmutableOopMap {rbp=NarrowOop [8]=Oop [16]=Oop [40]=Oop [56]=Oop [64]=NarrowOop [88]=Oop [96]=Oop }
                      ;*new {reexecute=0 rethrow=0 return_oop=1}
                      ; - java.util.Arrays::asList@0 (line 4223)
                      ; - com.android.tools.r8.graph.R4::a@77 (line 75)
  0x00007f21b5eadeec: 106b a8fd 

  0x00007f21b5eadef0: ;   {other}
  0x00007f21b5eadef0: 0f1f 8400 | 6035 0033 | 48ff 7424 | 0848 8f44 | 2448 48ff | 7424 1048 | 8f44 2428 | 48ff 7424 
  0x00007f21b5eadf10: 3848 8f44 | 2450 448b | 5c24 40e9 | 4ddb ffff | 4533 c0e9 | b8fb ffff | 488b d944 | 8b53 1445 
  0x00007f21b5eadf30: 85d2 0f84 | deed ffff | 4d8b 5f28 | 498b fa4d | 85db 0f84 | 8416 0000 | 4d8b 5738 | 4b89 7c1a 
  0x00007f21b5eadf50: f849 83c3 | f84d 895f | 28e9 b8ed | ffff 4889 

  0x00007f21b5eadf60: ;   {metadata('java/util/Collections$SingletonList')}
  0x00007f21b5eadf60: 5c24 2848 | be58 da04 | 4c21 7f00 

  0x00007f21b5eadf6c: ;   {runtime_call _new_instance_Java}
  0x00007f21b5eadf6c: 0066 90e8 

  0x00007f21b5eadf70: ; ImmutableOopMap {rbp=NarrowOop [40]=Oop [48]=Oop [72]=Oop [88]=Oop [96]=Oop }
                      ;*new {reexecute=0 rethrow=0 return_oop=1}
                      ; - java.util.Collections::singletonList@0 (line 5152)
                      ; - com.android.tools.r8.graph.R4::a@280 (line 125)
                      ; - com.android.tools.r8.graph.R4::a@29 (line 67)
  0x00007f21b5eadf70: 8c6a a8fd 

  0x00007f21b5eadf74: ;   {other}
  0x00007f21b5eadf74: 0f1f 8400 | e435 0034 | 488b c848 | 8b5c 2428 | e9df ecff | ff44 8b53 | 1445 85d2 | 0f84 9fed 
  0x00007f21b5eadf94: ffff 4d8b | 5f28 498b | fa4d 85db | 0f84 5217 | 0000 4d8b | 5738 4b89 | 7c1a f849 | 83c3 f84d 
  0x00007f21b5eadfb4: 895f 28e9 | 79ed ffff | 33ed e985 | fcff ff4c | 8944 2438 | 4c89 5c24 | 2848 ff74 | 2458 488f 
  0x00007f21b5eadfd4: 4424 0848 | 8b6c 2448 

  0x00007f21b5eadfdc: ;   {metadata('com/android/tools/r8/graph/i5')}
  0x00007f21b5eadfdc: 48be 0000 | 464c 217f | 0000 4c8b | 5424 684c | 8954 2450 

  0x00007f21b5eadff0: ;   {runtime_call _new_instance_Java}
  0x00007f21b5eadff0: 6666 90e8 

  0x00007f21b5eadff4: ; ImmutableOopMap {rbp=Oop [8]=Oop [32]=NarrowOop [40]=Oop [48]=Oop [56]=Oop [80]=Oop [96]=Oop [104]=Oop }
                      ;*new {reexecute=0 rethrow=0 return_oop=1}
                      ; - com.android.tools.r8.graph.W4::a@68 (line 13)
                      ; - com.android.tools.r8.graph.R4::a@211 (line 99)
                      ; - com.android.tools.r8.graph.R4::a@30 (line 133)
                      ; - com.android.tools.r8.graph.R4$$Lambda/0x00007f214de02f78::accept@28
                      ; - com.android.tools.r8.graph.E0::a@2 (line 3)
                      ; - com.android.tools.r8.graph.R4::a@270 (line 109)
                      ; - com.android.tools.r8.graph.R4::a@29 (line 67)
  0x00007f21b5eadff4: 086a a8fd 

  0x00007f21b5eadff8: ;   {other}
  0x00007f21b5eadff8: 0f1f 8400 | 6836 0035 | 4889 6c24 | 4848 ff74 | 2408 488f | 4424 584c | 8b5c 2428 | 4c8b 4424 
  0x00007f21b5eae018: 384c 8be8 | e9ca e5ff | ff8b 7f14 | 85ff 0f84 | f815 0000 | 488b df48 | 8b7c 2460 | 483b df0f 
  0x00007f21b5eae038: 852b fdff | ffe9 b5f0 | ffff bef6 

  0x00007f21b5eae044: ;   {runtime_call UncommonTrapBlob}
  0x00007f21b5eae044: ffff ffe8 

  0x00007f21b5eae048: ; ImmutableOopMap {}
                      ;*invokevirtual getClass {reexecute=0 rethrow=0 return_oop=0}
                      ; - com.android.tools.r8.graph.y2::a@7 (line 26)
                      ; - com.android.tools.r8.graph.J4::a@34 (line 48)
                      ; - com.android.tools.r8.graph.E0::a@9 (line 54)
                      ; - com.android.tools.r8.graph.R4::a@164 (line 94)
                      ; - com.android.tools.r8.graph.R4::a@29 (line 67)
  0x00007f21b5eae048: b4ce 9bfd 

  0x00007f21b5eae04c: ;   {other}
  0x00007f21b5eae04c: 0f1f 8400 | bc36 0036 | 4c89 5c24 | 1848 ff74 | 2478 488f 

  0x00007f21b5eae060: ;   {metadata('com/android/tools/r8/graph/h5')}
  0x00007f21b5eae060: 4424 1048 | be00 e046 | 4c21 7f00 | 0048 ff74 | 2468 488f 

  0x00007f21b5eae074: ;   {runtime_call _new_instance_Java}
  0x00007f21b5eae074: 4424 58e8 

  0x00007f21b5eae078: ; ImmutableOopMap {rbp=Oop [24]=Oop [32]=NarrowOop [48]=Oop [72]=Oop [80]=Oop [88]=Oop [96]=Oop [104]=Oop }
                      ;*new {reexecute=0 rethrow=0 return_oop=1}
                      ; - com.android.tools.r8.graph.W4::a@7 (line 6)
                      ; - com.android.tools.r8.graph.R4::a@211 (line 99)
                      ; - com.android.tools.r8.graph.R4::a@30 (line 133)
                      ; - com.android.tools.r8.graph.R4$$Lambda/0x00007f214de02f78::accept@28
                      ; - com.android.tools.r8.graph.E0::a@2 (line 3)
                      ; - com.android.tools.r8.graph.R4::a@270 (line 109)
                      ; - com.android.tools.r8.graph.R4::a@29 (line 67)
  0x00007f21b5eae078: 8469 a8fd 

  0x00007f21b5eae07c: ;   {other}
  0x00007f21b5eae07c: 0f1f 8400 | ec36 0037 | 48ff 7424 | 1048 8f44 | 2478 4c8b | 5c24 184c | 8be8 e915 

  0x00007f21b5eae098: ;   {metadata('com/android/tools/r8/graph/C2')}
  0x00007f21b5eae098: ebff ff48 | be50 fac5 | 4d21 7f00 | 004c 8b54 | 2450 4c89 | 5424 4048 | ff74 2460 | 488f 4424 
  0x00007f21b5eae0b8: ;   {runtime_call _new_instance_Java}
  0x00007f21b5eae0b8: 5866 90e8 

  0x00007f21b5eae0bc: ; ImmutableOopMap {rbp=Oop [12]=NarrowOop [16]=NarrowOop [32]=NarrowOop [48]=Oop [64]=Oop [72]=Oop [80]=Oop [88]=Oop [96]=Oop [104]=Oop [112]=Oop }
                      ;*new {reexecute=0 rethrow=0 return_oop=1}
                      ; - com.android.tools.r8.graph.M4::a@5 (line 8)
                      ; - com.android.tools.r8.graph.E0::a@9 (line 54)
                      ; - com.android.tools.r8.graph.R4::a@164 (line 94)
                      ; - com.android.tools.r8.graph.R4::a@30 (line 133)
                      ; - com.android.tools.r8.graph.R4$$Lambda/0x00007f214de02f78::accept@28
                      ; - com.android.tools.r8.graph.E0::a@2 (line 3)
                      ; - com.android.tools.r8.graph.R4::a@270 (line 109)
                      ; - com.android.tools.r8.graph.R4::a@29 (line 67)
  0x00007f21b5eae0bc: 4069 a8fd 

  0x00007f21b5eae0c0: ;   {other}
  0x00007f21b5eae0c0: 0f1f 8400 | 3037 0038 | e9e6 ddff 

  0x00007f21b5eae0cc: ;   {metadata('java/lang/Object'[])}
  0x00007f21b5eae0cc: ff48 be70 | 1200 4b21 | 7f00 00ba | 0200 0000 

  0x00007f21b5eae0dc: ;   {runtime_call _new_array_Java}
  0x00007f21b5eae0dc: 6666 90e8 

  0x00007f21b5eae0e0: ; ImmutableOopMap {rbp=Oop [8]=NarrowOop [12]=NarrowOop [16]=NarrowOop [32]=NarrowOop [48]=Oop [72]=Oop [80]=Oop [88]=Oop [96]=Oop [104]=Oop [112]=Oop }
                      ;*anewarray {reexecute=0 rethrow=0 return_oop=1}
                      ; - com.android.tools.r8.graph.D2::hashCode@11 (line 1)
                      ; - com.android.tools.r8.internal.d20::get@32 (line 6)
                      ; - com.android.tools.r8.graph.M4::a@19 (line 9)
                      ; - com.android.tools.r8.graph.E0::a@9 (line 54)
                      ; - com.android.tools.r8.graph.R4::a@164 (line 94)
                      ; - com.android.tools.r8.graph.R4::a@30 (line 133)
                      ; - com.android.tools.r8.graph.R4$$Lambda/0x00007f214de02f78::accept@28
                      ; - com.android.tools.r8.graph.E0::a@2 (line 3)
                      ; - com.android.tools.r8.graph.R4::a@270 (line 109)
                      ; - com.android.tools.r8.graph.R4::a@29 (line 67)
  0x00007f21b5eae0e0: 1c6c a8fd 

  0x00007f21b5eae0e4: ;   {other}
  0x00007f21b5eae0e4: 0f1f 8400 | 5437 0039 | 4c8b d0e9 | 6dde ffff | bef6 ffff | ff41 8be9 

  0x00007f21b5eae0fc: ;   {runtime_call UncommonTrapBlob}
  0x00007f21b5eae0fc: 6666 90e8 

  0x00007f21b5eae100: ; ImmutableOopMap {rbp=NarrowOop }
                      ;*invokevirtual a {reexecute=0 rethrow=0 return_oop=0}
                      ; - com.android.tools.r8.graph.R4::a@15 (line 79)
                      ; - com.android.tools.r8.graph.R4::a@29 (line 67)
  0x00007f21b5eae100: fccd 9bfd 

  0x00007f21b5eae104: ;   {other}
  0x00007f21b5eae104: 0f1f 8400 | 7437 003a | 4533 db41 | 3bc9 410f | 94c3 be45 | ffff ff48 | 8b6c 2428 | 48ff 7424 
  0x00007f21b5eae124: 5848 8f44 | 2410 4889 | 5424 284c | 8944 2438 | 4889 5424 | 4044 8954 | 2448 4489 

  0x00007f21b5eae140: ;   {runtime_call UncommonTrapBlob}
  0x00007f21b5eae140: 5c24 4ce8 

  0x00007f21b5eae144: ; ImmutableOopMap {rbp=Oop [16]=Oop [40]=Oop [56]=Oop [64]=Oop [72]=NarrowOop [96]=Oop }
                      ;*ifne {reexecute=1 rethrow=0 return_oop=0}
                      ; - (reexecute) com.android.tools.r8.graph.R4::a@18 (line 79)
                      ; - com.android.tools.r8.graph.R4::a@29 (line 67)
  0x00007f21b5eae144: b8cd 9bfd 

  0x00007f21b5eae148: ;   {other}
  0x00007f21b5eae148: 0f1f 8400 | b837 003b | 4533 c041 | 3bcb 410f | 94c0 be45 | ffff ff48 | 8b6c 2428 | 48ff 7424 
  0x00007f21b5eae168: 5848 8f44 | 2410 48ff | 7424 6048 | 8f44 2418 | 4889 5424 | 2848 8954 | 2440 4489 | 5424 4844 
  0x00007f21b5eae188: 8944 244c 

  0x00007f21b5eae18c: ;   {runtime_call UncommonTrapBlob}
  0x00007f21b5eae18c: 6666 90e8 

  0x00007f21b5eae190: ; ImmutableOopMap {rbp=Oop [16]=Oop [24]=Oop [40]=Oop [64]=Oop [72]=NarrowOop }
                      ;*ifeq {reexecute=1 rethrow=0 return_oop=0}
                      ; - (reexecute) com.android.tools.r8.graph.R4::a@33 (line 80)
                      ; - com.android.tools.r8.graph.R4::a@29 (line 67)
  0x00007f21b5eae190: 6ccd 9bfd 

  0x00007f21b5eae194: ;   {other}
  0x00007f21b5eae194: 0f1f 8400 | 0438 003c | bef6 ffff 

  0x00007f21b5eae1a0: ;   {runtime_call UncommonTrapBlob}
  0x00007f21b5eae1a0: ff66 90e8 

  0x00007f21b5eae1a4: ; ImmutableOopMap {}
                      ;*invokevirtual getClass {reexecute=0 rethrow=0 return_oop=0}
                      ; - com.android.tools.r8.graph.y2::a@7 (line 26)
                      ; - com.android.tools.r8.graph.J4::a@89 (line 51)
                      ; - com.android.tools.r8.graph.E0::a@9 (line 54)
                      ; - com.android.tools.r8.graph.R4::a@164 (line 94)
                      ; - com.android.tools.r8.graph.R4::a@29 (line 67)
  0x00007f21b5eae1a4: 58cd 9bfd 

  0x00007f21b5eae1a8: ;   {other}
  0x00007f21b5eae1a8: 0f1f 8400 | 1838 003d | bef6 ffff 

  0x00007f21b5eae1b4: ;   {runtime_call UncommonTrapBlob}
  0x00007f21b5eae1b4: ff66 90e8 

  0x00007f21b5eae1b8: ; ImmutableOopMap {}
                      ;*invokevirtual i {reexecute=0 rethrow=0 return_oop=0}
                      ; - com.android.tools.r8.graph.R4::a@182 (line 96)
                      ; - com.android.tools.r8.graph.R4::a@29 (line 67)
  0x00007f21b5eae1b8: 44cd 9bfd 

  0x00007f21b5eae1bc: ;   {other}
  0x00007f21b5eae1bc: 0f1f 8400 | 2c38 003e | bef6 ffff | ff48 8b6c 

  0x00007f21b5eae1cc: ;   {runtime_call UncommonTrapBlob}
  0x00007f21b5eae1cc: 2460 90e8 

  0x00007f21b5eae1d0: ; ImmutableOopMap {rbp=Oop }
                      ;*invokevirtual g {reexecute=0 rethrow=0 return_oop=0}
                      ; - com.android.tools.r8.graph.y2::a@22 (line 28)
                      ; - com.android.tools.r8.graph.J4::a@34 (line 48)
                      ; - com.android.tools.r8.graph.E0::a@9 (line 54)
                      ; - com.android.tools.r8.graph.R4::a@164 (line 94)
                      ; - com.android.tools.r8.graph.R4::a@29 (line 67)
  0x00007f21b5eae1d0: 2ccd 9bfd 

  0x00007f21b5eae1d4: ;   {other}
  0x00007f21b5eae1d4: 0f1f 8400 | 4438 003f | be45 ffff | ff48 ff74 | 2428 488f | 4424 084c | 8954 2428 

  0x00007f21b5eae1f0: ;   {runtime_call UncommonTrapBlob}
  0x00007f21b5eae1f0: 6666 90e8 

  0x00007f21b5eae1f4: ; ImmutableOopMap {rbp=Oop [8]=Oop [40]=Oop [72]=Oop [88]=Oop [96]=Oop }
                      ;*ifeq {reexecute=1 rethrow=0 return_oop=0}
                      ; - (reexecute) com.android.tools.r8.graph.W4::a@26 (line 8)
                      ; - com.android.tools.r8.graph.R4::a@211 (line 99)
                      ; - com.android.tools.r8.graph.R4::a@29 (line 67)
  0x00007f21b5eae1f4: 08cd 9bfd 

  0x00007f21b5eae1f8: ;   {other}
  0x00007f21b5eae1f8: 0f1f 8400 | 6838 0040 | bede ffff | ff48 ff74 | 2428 488f | 4424 084c | 8954 2428 | 4889 5c24 
  0x00007f21b5eae218: ;   {runtime_call UncommonTrapBlob}
  0x00007f21b5eae218: 3866 90e8 

  0x00007f21b5eae21c: ; ImmutableOopMap {rbp=Oop [8]=Oop [40]=Oop [56]=Oop [72]=Oop [88]=Oop [96]=Oop }
                      ;*invokevirtual f0 {reexecute=0 rethrow=0 return_oop=0}
                      ; - com.android.tools.r8.graph.W4::a@73 (line 14)
                      ; - com.android.tools.r8.graph.R4::a@211 (line 99)
                      ; - com.android.tools.r8.graph.R4::a@29 (line 67)
  0x00007f21b5eae21c: e0cc 9bfd 

  0x00007f21b5eae220: ;   {other}
  0x00007f21b5eae220: 0f1f 8400 | 9038 0041 | bef6 ffff | ff48 8b6c 

  0x00007f21b5eae230: ;   {runtime_call UncommonTrapBlob}
  0x00007f21b5eae230: 2460 90e8 

  0x00007f21b5eae234: ; ImmutableOopMap {rbp=Oop }
                      ;*invokevirtual g {reexecute=0 rethrow=0 return_oop=0}
                      ; - com.android.tools.r8.graph.y2::a@22 (line 28)
                      ; - com.android.tools.r8.graph.J4::a@89 (line 51)
                      ; - com.android.tools.r8.graph.E0::a@9 (line 54)
                      ; - com.android.tools.r8.graph.R4::a@164 (line 94)
                      ; - com.android.tools.r8.graph.R4::a@29 (line 67)
  0x00007f21b5eae234: c8cc 9bfd 

  0x00007f21b5eae238: ;   {other}
  0x00007f21b5eae238: 0f1f 8400 | a838 0042 | 458b 5d10 | 4585 db0f | 842f edff | ff4d 8b57 | 2849 8bfb | 4d85 d20f 
  0x00007f21b5eae258: 8413 1500 | 004d 8b5f | 384b 897c | 13f8 4983 | c2f8 4d89 | 5728 e909 | edff ff4d | 8b57 584d 
  0x00007f21b5eae278: 8b5f 48f0 | 8344 24c0 | 0080 3f00 | 0f84 25ed | ffff 4488 | 274d 85db | 751d 498b | f749 bab0 
  0x00007f21b5eae298: f795 cb21 | 7f00 0041 

  0x00007f21b5eae2a0: ;   {other}
  0x00007f21b5eae2a0: ffd2 0f1f | 8400 0000 | 0000 e900 | edff ff4b | 897c 1af8 | 4983 c3f8 | 4d89 5f48 | e9ee ecff 
  0x00007f21b5eae2c0: ;   {metadata('com/android/tools/r8/graph/C2')}
  0x00007f21b5eae2c0: ff48 be50 | fac5 4d21 | 7f00 004c | 8b54 2450 | 4c89 5424 | 4048 ff74 | 2460 488f 

  0x00007f21b5eae2dc: ;   {runtime_call _new_instance_Java}
  0x00007f21b5eae2dc: 4424 58e8 

  0x00007f21b5eae2e0: ; ImmutableOopMap {rbp=Oop [12]=NarrowOop [16]=NarrowOop [32]=NarrowOop [48]=Oop [64]=Oop [72]=Oop [80]=Oop [88]=Oop [96]=Oop [104]=Oop [112]=Oop }
                      ;*new {reexecute=0 rethrow=0 return_oop=1}
                      ; - com.android.tools.r8.graph.M4::a@5 (line 8)
                      ; - com.android.tools.r8.graph.E0::a@9 (line 54)
                      ; - com.android.tools.r8.graph.R4::a@164 (line 94)
                      ; - com.android.tools.r8.graph.R4::a@30 (line 133)
                      ; - com.android.tools.r8.graph.R4$$Lambda/0x00007f214de02f78::accept@28
                      ; - com.android.tools.r8.graph.E0::a@2 (line 3)
                      ; - com.android.tools.r8.graph.R4::a@270 (line 109)
                      ; - com.android.tools.r8.graph.R4::a@29 (line 67)
  0x00007f21b5eae2e0: 1c67 a8fd 

  0x00007f21b5eae2e4: ;   {other}
  0x00007f21b5eae2e4: 0f1f 8400 | 5439 0043 | e9d5 d9ff 

  0x00007f21b5eae2f0: ;   {metadata('java/lang/Object'[])}
  0x00007f21b5eae2f0: ff48 be70 | 1200 4b21 | 7f00 00ba | 0200 0000 

  0x00007f21b5eae300: ;   {runtime_call _new_array_Java}
  0x00007f21b5eae300: 6666 90e8 

  0x00007f21b5eae304: ; ImmutableOopMap {rbp=Oop [8]=NarrowOop [12]=NarrowOop [16]=NarrowOop [32]=NarrowOop [48]=Oop [72]=Oop [80]=Oop [88]=Oop [96]=Oop [104]=Oop [112]=Oop }
                      ;*anewarray {reexecute=0 rethrow=0 return_oop=1}
                      ; - com.android.tools.r8.graph.D2::hashCode@11 (line 1)
                      ; - com.android.tools.r8.internal.d20::get@32 (line 6)
                      ; - com.android.tools.r8.graph.M4::a@19 (line 9)
                      ; - com.android.tools.r8.graph.E0::a@9 (line 54)
                      ; - com.android.tools.r8.graph.R4::a@164 (line 94)
                      ; - com.android.tools.r8.graph.R4::a@30 (line 133)
                      ; - com.android.tools.r8.graph.R4$$Lambda/0x00007f214de02f78::accept@28
                      ; - com.android.tools.r8.graph.E0::a@2 (line 3)
                      ; - com.android.tools.r8.graph.R4::a@270 (line 109)
                      ; - com.android.tools.r8.graph.R4::a@29 (line 67)
  0x00007f21b5eae304: f869 a8fd 

  0x00007f21b5eae308: ;   {other}
  0x00007f21b5eae308: 0f1f 8400 | 7839 0044 | 4c8b d0e9 | 52da ffff | bef6 ffff | ff48 8b6c 

  0x00007f21b5eae320: ;   {runtime_call UncommonTrapBlob}
  0x00007f21b5eae320: 2430 90e8 

  0x00007f21b5eae324: ; ImmutableOopMap {rbp=Oop }
                      ;*invokevirtual g {reexecute=0 rethrow=0 return_oop=0}
                      ; - com.android.tools.r8.graph.D2::equals@34 (line 6)
                      ; - com.android.tools.r8.internal.d20::get@93 (line 11)
                      ; - com.android.tools.r8.graph.M4::a@19 (line 9)
                      ; - com.android.tools.r8.graph.E0::a@9 (line 54)
                      ; - com.android.tools.r8.graph.R4::a@164 (line 94)
                      ; - com.android.tools.r8.graph.R4::a@29 (line 67)
  0x00007f21b5eae324: d8cb 9bfd 

  0x00007f21b5eae328: ;   {other}
  0x00007f21b5eae328: 0f1f 8400 | 9839 0045 | be76 ffff | ff48 ff74 | 2448 488f | 4424 1048 | ff74 2458 | 488f 4424 
  0x00007f21b5eae348: 1848 ff74 | 2460 488f | 4424 2044 | 8954 2460 | 4489 5c24 

  0x00007f21b5eae35c: ;   {runtime_call UncommonTrapBlob}
  0x00007f21b5eae35c: 6866 90e8 

  0x00007f21b5eae360: ; ImmutableOopMap {rbp=Oop [16]=Oop [24]=Oop [32]=Oop [40]=Oop [96]=NarrowOop }
                      ;*if_icmpge {reexecute=1 rethrow=0 return_oop=0}
                      ; - (reexecute) com.android.tools.r8.graph.J4::a@16 (line 47)
                      ; - com.android.tools.r8.graph.E0::a@9 (line 54)
                      ; - com.android.tools.r8.graph.R4::a@164 (line 94)
                      ; - com.android.tools.r8.graph.R4::a@29 (line 67)
  0x00007f21b5eae360: 9ccb 9bfd 

  0x00007f21b5eae364: ;   {other}
  0x00007f21b5eae364: 0f1f 8400 | d439 0046 | be45 ffff | ff48 8b6c | 2428 4c8b | 5424 584c | 8954 2410 | 4c8b 5424 
  0x00007f21b5eae384: 604c 8954 | 2418 4c8b | 5424 484c | 8954 2428 | 4c8b 5424 | 484c 8954 

  0x00007f21b5eae39c: ;   {runtime_call UncommonTrapBlob}
  0x00007f21b5eae39c: 2440 90e8 

  0x00007f21b5eae3a0: ; ImmutableOopMap {rbp=Oop [16]=Oop [24]=Oop [40]=Oop [64]=Oop [80]=Oop [104]=Oop [112]=NarrowOop }
                      ;*ifne {reexecute=1 rethrow=0 return_oop=0}
                      ; - (reexecute) com.android.tools.r8.graph.D2::equals@11 (line 1)
                      ; - com.android.tools.r8.internal.d20::get@93 (line 11)
                      ; - com.android.tools.r8.graph.M4::a@19 (line 9)
                      ; - com.android.tools.r8.graph.E0::a@9 (line 54)
                      ; - com.android.tools.r8.graph.R4::a@164 (line 94)
                      ; - com.android.tools.r8.graph.R4::a@29 (line 67)
  0x00007f21b5eae3a0: 5ccb 9bfd 

  0x00007f21b5eae3a4: ;   {other}
  0x00007f21b5eae3a4: 0f1f 8400 | 143a 0047 | bee4 ffff | ff48 8b6c | 2428 4c8b | 5424 584c | 8954 2410 | 4c8b 5424 
  0x00007f21b5eae3c4: 604c 8954 | 2418 4c8b | 5424 484c | 8954 2428 | 4c8b 5424 | 484c 8954 | 2440 448b | 5424 7044 
  0x00007f21b5eae3e4: 8954 2460 | 4489 4424 

  0x00007f21b5eae3ec: ;   {runtime_call UncommonTrapBlob}
  0x00007f21b5eae3ec: 6466 90e8 

  0x00007f21b5eae3f0: ; ImmutableOopMap {rbp=Oop [16]=Oop [24]=Oop [40]=Oop [64]=Oop [80]=Oop [96]=NarrowOop [104]=Oop [112]=NarrowOop }
                      ;*aaload {reexecute=0 rethrow=0 return_oop=0}
                      ; - com.android.tools.r8.internal.d20::get@45 (line 6)
                      ; - com.android.tools.r8.graph.M4::a@19 (line 9)
                      ; - com.android.tools.r8.graph.E0::a@9 (line 54)
                      ; - com.android.tools.r8.graph.R4::a@164 (line 94)
                      ; - com.android.tools.r8.graph.R4::a@29 (line 67)
  0x00007f21b5eae3f0: 0ccb 9bfd 

  0x00007f21b5eae3f4: ;   {other}
  0x00007f21b5eae3f4: 0f1f 8400 | 643a 0048 | bec6 ffff | ff48 8b6c | 2428 48ff | 7424 6048 | 8f44 2418 | 4889 5424 
  0x00007f21b5eae414: 284c 895c | 2430 4889 | 5424 4044 | 8954 2448 | 4c89 5c24 

  0x00007f21b5eae428: ;   {runtime_call UncommonTrapBlob}
  0x00007f21b5eae428: 5066 90e8 

  0x00007f21b5eae42c: ; ImmutableOopMap {rbp=Oop [24]=Oop [40]=Oop [48]=Oop [64]=Oop [72]=NarrowOop [80]=Oop }
                      ;*invokevirtual a {reexecute=0 rethrow=0 return_oop=0}
                      ; - com.android.tools.r8.graph.E0::a@9 (line 54)
                      ; - com.android.tools.r8.graph.R4::a@164 (line 94)
                      ; - com.android.tools.r8.graph.R4::a@29 (line 67)
  0x00007f21b5eae42c: d0ca 9bfd 

  0x00007f21b5eae430: ;   {other}
  0x00007f21b5eae430: 0f1f 8400 | a03a 0049 | bef6 ffff | ff48 8b6c 

  0x00007f21b5eae440: ;   {runtime_call UncommonTrapBlob}
  0x00007f21b5eae440: 2430 90e8 

  0x00007f21b5eae444: ; ImmutableOopMap {rbp=Oop }
                      ;*invokevirtual g {reexecute=0 rethrow=0 return_oop=0}
                      ; - com.android.tools.r8.graph.D2::equals@34 (line 6)
                      ; - com.android.tools.r8.internal.d20::get@57 (line 7)
                      ; - com.android.tools.r8.graph.M4::a@19 (line 9)
                      ; - com.android.tools.r8.graph.E0::a@9 (line 54)
                      ; - com.android.tools.r8.graph.R4::a@164 (line 94)
                      ; - com.android.tools.r8.graph.R4::a@29 (line 67)
  0x00007f21b5eae444: b8ca 9bfd 

  0x00007f21b5eae448: ;   {other}
  0x00007f21b5eae448: 0f1f 8400 | b83a 004a | be45 ffff | ff48 8b6c | 2428 4c8b | 5424 584c | 8954 2410 | 4c8b 5424 
  0x00007f21b5eae468: 604c 8954 | 2418 4c8b | 5424 484c | 8954 2428 | 4c8b 5424 | 484c 8954 

  0x00007f21b5eae480: ;   {runtime_call UncommonTrapBlob}
  0x00007f21b5eae480: 2440 90e8 

  0x00007f21b5eae484: ; ImmutableOopMap {rbp=Oop [16]=Oop [24]=Oop [40]=Oop [64]=Oop [80]=Oop [104]=Oop [112]=NarrowOop }
                      ;*ifne {reexecute=1 rethrow=0 return_oop=0}
                      ; - (reexecute) com.android.tools.r8.graph.D2::equals@11 (line 1)
                      ; - com.android.tools.r8.internal.d20::get@57 (line 7)
                      ; - com.android.tools.r8.graph.M4::a@19 (line 9)
                      ; - com.android.tools.r8.graph.E0::a@9 (line 54)
                      ; - com.android.tools.r8.graph.R4::a@164 (line 94)
                      ; - com.android.tools.r8.graph.R4::a@29 (line 67)
  0x00007f21b5eae484: 78ca 9bfd 

  0x00007f21b5eae488: ;   {other}
  0x00007f21b5eae488: 0f1f 8400 | f83a 004b | bec6 ffff | ff48 8b6c | 2428 4c89 

  0x00007f21b5eae49c: ;   {runtime_call UncommonTrapBlob}
  0x00007f21b5eae49c: 5424 30e8 

  0x00007f21b5eae4a0: ; ImmutableOopMap {rbp=Oop [48]=Oop [72]=Oop [88]=Oop [96]=Oop }
                      ;*invokevirtual h0 {reexecute=0 rethrow=0 return_oop=0}
                      ; - com.android.tools.r8.graph.W4::a@1 (line 5)
                      ; - com.android.tools.r8.graph.R4::a@211 (line 99)
                      ; - com.android.tools.r8.graph.R4::a@29 (line 67)
  0x00007f21b5eae4a0: 5cca 9bfd 

  0x00007f21b5eae4a4: ;   {other}
  0x00007f21b5eae4a4: 0f1f 8400 | 143b 004c | bede ffff | ff48 ff74 | 2428 488f | 4424 084c | 8954 2428 | 4889 5c24 
  0x00007f21b5eae4c4: ;   {runtime_call UncommonTrapBlob}
  0x00007f21b5eae4c4: 3866 90e8 

  0x00007f21b5eae4c8: ; ImmutableOopMap {rbp=Oop [8]=Oop [40]=Oop [56]=Oop [72]=Oop [88]=Oop [96]=Oop }
                      ;*invokevirtual G {reexecute=0 rethrow=0 return_oop=0}
                      ; - com.android.tools.r8.graph.W4::a@12 (line 7)
                      ; - com.android.tools.r8.graph.R4::a@211 (line 99)
                      ; - com.android.tools.r8.graph.R4::a@29 (line 67)
  0x00007f21b5eae4c8: 34ca 9bfd 

  0x00007f21b5eae4cc: ;   {other}
  0x00007f21b5eae4cc: 0f1f 8400 | 3c3b 004d | 4889 5c24 | 0845 8bf0 | 498b da49 | 8bf7 49ba | 80f7 95cb | 217f 0000 
  0x00007f21b5eae4ec: ;   {other}
  0x00007f21b5eae4ec: 41ff d20f | 1f84 0000 | 0000 004c | 8bd3 458b | c648 8b5c | 2408 e9ff | d3ff ff49 | 8bf7 49ba 
  0x00007f21b5eae50c: 80f7 95cb | 217f 0000 

  0x00007f21b5eae514: ;   {other}
  0x00007f21b5eae514: 41ff d20f | 1f84 0000 | 0000 00e9 | 1ad4 ffff | bee4 ffff | ff48 8b6c | 2428 4c8b | 5424 384c 
  0x00007f21b5eae534: 8954 2410 | 4c8b 5424 | 404c 8954 | 2418 4c8b | 5424 484c | 8954 2428 | 4c8b 5424 | 484c 8954 
  0x00007f21b5eae554: 2440 448b | 5424 7044 | 8954 2460 | 4489 5c24 

  0x00007f21b5eae564: ;   {runtime_call UncommonTrapBlob}
  0x00007f21b5eae564: 6466 90e8 

  0x00007f21b5eae568: ; ImmutableOopMap {rbp=Oop [16]=Oop [24]=Oop [40]=Oop [64]=Oop [80]=Oop [96]=NarrowOop [104]=Oop [112]=NarrowOop }
                      ;*aaload {reexecute=0 rethrow=0 return_oop=0}
                      ; - com.android.tools.r8.internal.d20::get@81 (line 10)
                      ; - com.android.tools.r8.graph.M4::a@19 (line 9)
                      ; - com.android.tools.r8.graph.E0::a@9 (line 54)
                      ; - com.android.tools.r8.graph.R4::a@164 (line 94)
                      ; - com.android.tools.r8.graph.R4::a@29 (line 67)
  0x00007f21b5eae568: 94c9 9bfd 

  0x00007f21b5eae56c: ;   {other}
  0x00007f21b5eae56c: 0f1f 8400 | dc3b 004e | be76 ffff | ff48 ff74 | 2448 488f | 4424 1048 | ff74 2458 | 488f 4424 
  0x00007f21b5eae58c: 1848 ff74 | 2460 488f | 4424 2044 | 894c 2450 

  0x00007f21b5eae59c: ;   {runtime_call UncommonTrapBlob}
  0x00007f21b5eae59c: 6666 90e8 

  0x00007f21b5eae5a0: ; ImmutableOopMap {[16]=Oop [24]=Oop [32]=Oop [40]=Oop [80]=NarrowOop }
                      ;*if_icmpge {reexecute=1 rethrow=0 return_oop=0}
                      ; - (reexecute) com.android.tools.r8.graph.J4::a@71 (line 50)
                      ; - com.android.tools.r8.graph.E0::a@9 (line 54)
                      ; - com.android.tools.r8.graph.R4::a@164 (line 94)
                      ; - com.android.tools.r8.graph.R4::a@29 (line 67)
  0x00007f21b5eae5a0: 5cc9 9bfd 

  0x00007f21b5eae5a4: ;   {other}
  0x00007f21b5eae5a4: 0f1f 8400 | 143c 004f | bee4 ffff 

  0x00007f21b5eae5b0: ;   {runtime_call UncommonTrapBlob}
  0x00007f21b5eae5b0: ff66 90e8 

  0x00007f21b5eae5b4: ; ImmutableOopMap {rbp=NarrowOop [40]=Oop [56]=Oop [64]=Oop [72]=Oop }
                      ;*aaload {reexecute=0 rethrow=0 return_oop=0}
                      ; - com.android.tools.r8.internal.d20::get@104 (line 11)
                      ; - com.android.tools.r8.graph.M4::a@19 (line 9)
                      ; - com.android.tools.r8.graph.E0::a@9 (line 54)
                      ; - com.android.tools.r8.graph.R4::a@164 (line 94)
                      ; - com.android.tools.r8.graph.R4::a@29 (line 67)
  0x00007f21b5eae5b4: 48c9 9bfd 

  0x00007f21b5eae5b8: ;   {other}
  0x00007f21b5eae5b8: 0f1f 8400 | 283c 0050 | 458b 5510 | 4585 d20f | 84df e8ff | ff4d 8b5f | 2849 8bfa | 4d85 db0f 
  0x00007f21b5eae5d8: 8493 1200 | 004d 8b57 | 384b 897c | 1af8 4983 | c3f8 4d89 | 5f28 e9b9 | e8ff ffbe | e4ff ffff 
  0x00007f21b5eae5f8: 488b 6c24 | 284c 8b54 | 2438 4c89 | 5424 104c | 8b54 2440 | 4c89 5424 | 184c 8b54 | 2448 4c89 
  0x00007f21b5eae618: 5424 284c | 8b54 2448 | 4c89 5424 | 4044 8b5c | 2470 448b | 5424 7444 | 895c 2460 | 4489 5424 
  0x00007f21b5eae638: ;   {runtime_call UncommonTrapBlob}
  0x00007f21b5eae638: 6466 90e8 

  0x00007f21b5eae63c: ; ImmutableOopMap {rbp=Oop [16]=Oop [24]=Oop [40]=Oop [64]=Oop [80]=Oop [96]=NarrowOop [104]=Oop [112]=NarrowOop }
                      ;*aaload {reexecute=0 rethrow=0 return_oop=0}
                      ; - com.android.tools.r8.internal.d20::get@81 (line 10)
                      ; - com.android.tools.r8.graph.M4::a@19 (line 9)
                      ; - com.android.tools.r8.graph.E0::a@9 (line 54)
                      ; - com.android.tools.r8.graph.R4::a@164 (line 94)
                      ; - com.android.tools.r8.graph.R4::a@29 (line 67)
  0x00007f21b5eae63c: c0c8 9bfd 

  0x00007f21b5eae640: ;   {other}
  0x00007f21b5eae640: 0f1f 8400 | b03c 0051 | be45 ffff | ff48 8b6c | 2428 4c8b | 5424 584c | 8954 2410 | 4c8b 5424 
  0x00007f21b5eae660: 604c 8954 | 2418 4c8b | 5424 484c | 8954 2428 | 4c8b 5424 | 484c 8954 | 2440 4c8b | 5424 684c 
  0x00007f21b5eae680: 8954 2448 | 448b 5c24 | 7044 895c | 2458 448b | 5424 7444 | 8954 245c | 4c89 4424 

  0x00007f21b5eae69c: ;   {runtime_call UncommonTrapBlob}
  0x00007f21b5eae69c: 7866 90e8 

  0x00007f21b5eae6a0: ; ImmutableOopMap {rbp=Oop [16]=Oop [24]=Oop [40]=Oop [64]=Oop [72]=Oop [80]=Oop [88]=NarrowOop [120]=Oop }
                      ;*if_acmpne {reexecute=1 rethrow=0 return_oop=0}
                      ; - (reexecute) com.android.tools.r8.graph.D2::equals@2
                      ; - com.android.tools.r8.internal.d20::get@93 (line 11)
                      ; - com.android.tools.r8.graph.M4::a@19 (line 9)
                      ; - com.android.tools.r8.graph.E0::a@9 (line 54)
                      ; - com.android.tools.r8.graph.R4::a@164 (line 94)
                      ; - com.android.tools.r8.graph.R4::a@29 (line 67)
  0x00007f21b5eae6a0: 5cc8 9bfd 

  0x00007f21b5eae6a4: ;   {other}
  0x00007f21b5eae6a4: 0f1f 8400 | 143d 0052 | bef6 ffff 

  0x00007f21b5eae6b0: ;   {runtime_call UncommonTrapBlob}
  0x00007f21b5eae6b0: ff66 90e8 

  0x00007f21b5eae6b4: ; ImmutableOopMap {}
                      ;*invokevirtual getClass {reexecute=0 rethrow=0 return_oop=0}
                      ; - com.android.tools.r8.graph.D2::equals@47 (line 6)
                      ; - com.android.tools.r8.internal.d20::get@93 (line 11)
                      ; - com.android.tools.r8.graph.M4::a@19 (line 9)
                      ; - com.android.tools.r8.graph.E0::a@9 (line 54)
                      ; - com.android.tools.r8.graph.R4::a@164 (line 94)
                      ; - com.android.tools.r8.graph.R4::a@29 (line 67)
  0x00007f21b5eae6b4: 48c8 9bfd 

  0x00007f21b5eae6b8: ;   {other}
  0x00007f21b5eae6b8: 0f1f 8400 | 283d 0053 | 458b 5510 | 4585 d20f | 84df ebff | ff4d 8b5f | 2849 8bfa | 4d85 db0f 
  0x00007f21b5eae6d8: 84ff 1100 | 004d 8b57 | 384b 897c | 1af8 4983 | c3f8 4d89 | 5f28 e9b9 | ebff ff4d | 8b57 484d 
  0x00007f21b5eae6f8: 8b5f 58f0 | 8344 24c0 | 0080 3f00 | 0f84 d5eb | ffff 4488 | 274d 85d2 | 751d 498b | f749 bab0 
  0x00007f21b5eae718: f795 cb21 | 7f00 0041 

  0x00007f21b5eae720: ;   {other}
  0x00007f21b5eae720: ffd2 0f1f | 8400 0000 | 0000 e9b0 | ebff ff4b | 897c 13f8 | 4983 c2f8 | 4d89 5748 | e99e ebff 
  0x00007f21b5eae740: ff45 8b5d | 1045 85db | 0f84 feeb | ffff 4d8b | 5728 498b | fb4d 85d2 | 0f84 ea11 | 0000 4d8b 
  0x00007f21b5eae760: 5f38 4b89 | 7c13 f849 | 83c2 f84d | 8957 28e9 | d8eb ffff | 4d8b 5748 | 4d8b 5f58 | f083 4424 
  0x00007f21b5eae780: c000 803f | 000f 84f4 | ebff ff44 | 8827 4d85 | d275 1d49 | 8bf7 49ba | b0f7 95cb | 217f 0000 
  0x00007f21b5eae7a0: ;   {other}
  0x00007f21b5eae7a0: 41ff d20f | 1f84 0000 | 0000 00e9 | cfeb ffff | 4b89 7c13 | f849 83c2 | f84d 8957 | 48e9 bdeb 
  0x00007f21b5eae7c0: ffff be45 | ffff ff4c | 8b54 2458 | 4c89 5424 | 184c 8b54 | 2460 4c89 | 5424 2048 | ff74 2468 
  0x00007f21b5eae7e0: 488f 4424 | 5848 8944 | 24f8 8b44 | 2470 8944 | 2460 488b | 4424 f844 | 8944 2464 

  0x00007f21b5eae7fc: ;   {runtime_call UncommonTrapBlob}
  0x00007f21b5eae7fc: 6666 90e8 

  0x00007f21b5eae800: ; ImmutableOopMap {rbp=NarrowOop [24]=Oop [32]=Oop [40]=Oop [72]=Oop [80]=Oop [88]=Oop [96]=NarrowOop }
                      ;*if_acmpne {reexecute=1 rethrow=0 return_oop=0}
                      ; - (reexecute) com.android.tools.r8.graph.D2::equals@2
                      ; - com.android.tools.r8.internal.d20::get@57 (line 7)
                      ; - com.android.tools.r8.graph.M4::a@19 (line 9)
                      ; - com.android.tools.r8.graph.E0::a@9 (line 54)
                      ; - com.android.tools.r8.graph.R4::a@164 (line 94)
                      ; - com.android.tools.r8.graph.R4::a@29 (line 67)
  0x00007f21b5eae800: fcc6 9bfd 

  0x00007f21b5eae804: ;   {other}
  0x00007f21b5eae804: 0f1f 8400 | 743e 0054 | 4889 5c24 | 0845 8bf0 | 498b da49 | 8bf7 49ba | 80f7 95cb | 217f 0000 
  0x00007f21b5eae824: ;   {other}
  0x00007f21b5eae824: 41ff d20f | 1f84 0000 | 0000 004c | 8bd3 458b | c648 8b5c | 2408 e9b8 | cfff ff49 | 8bf7 49ba 
  0x00007f21b5eae844: 80f7 95cb | 217f 0000 

  0x00007f21b5eae84c: ;   {other}
  0x00007f21b5eae84c: 41ff d20f | 1f84 0000 | 0000 00e9 | d3cf ffff | bef6 ffff 

  0x00007f21b5eae860: ;   {runtime_call UncommonTrapBlob}
  0x00007f21b5eae860: ff66 90e8 

  0x00007f21b5eae864: ; ImmutableOopMap {}
                      ;*invokevirtual getClass {reexecute=0 rethrow=0 return_oop=0}
                      ; - com.android.tools.r8.graph.D2::equals@47 (line 6)
                      ; - com.android.tools.r8.internal.d20::get@57 (line 7)
                      ; - com.android.tools.r8.graph.M4::a@19 (line 9)
                      ; - com.android.tools.r8.graph.E0::a@9 (line 54)
                      ; - com.android.tools.r8.graph.R4::a@164 (line 94)
                      ; - com.android.tools.r8.graph.R4::a@29 (line 67)
  0x00007f21b5eae864: 98c6 9bfd 

  0x00007f21b5eae868: ;   {other}
  0x00007f21b5eae868: 0f1f 8400 | d83e 0055 | 4889 5c24 | 104c 895c | 2450 48ff | 7424 7848 | 8f44 2408 | 48ff 7424 
  0x00007f21b5eae888: 6048 8f44 | 2440 48ff | 7424 5848 | 8f44 2438 

  0x00007f21b5eae898: ;   {metadata('com/android/tools/r8/graph/T4')}
  0x00007f21b5eae898: 48be 6817 | e04d 217f | 0000 4c8b | 5424 684c | 8954 2460 

  0x00007f21b5eae8ac: ;   {runtime_call _new_instance_Java}
  0x00007f21b5eae8ac: 6666 90e8 

  0x00007f21b5eae8b0: ; ImmutableOopMap {rbp=NarrowOop [16]=Oop [48]=Oop [56]=Oop [64]=Oop [72]=Oop [80]=Oop [96]=Oop [104]=Oop }
                      ;*new {reexecute=0 rethrow=0 return_oop=1}
                      ; - com.android.tools.r8.graph.R4::a@226 (line 105)
                      ; - com.android.tools.r8.graph.R4::a@30 (line 133)
                      ; - com.android.tools.r8.graph.R4$$Lambda/0x00007f214de02f78::accept@28
                      ; - com.android.tools.r8.graph.E0::a@2 (line 3)
                      ; - com.android.tools.r8.graph.R4::a@270 (line 109)
                      ; - com.android.tools.r8.graph.R4::a@29 (line 67)
  0x00007f21b5eae8b0: 4c61 a8fd 

  0x00007f21b5eae8b4: ;   {other}
  0x00007f21b5eae8b4: 0f1f 8400 | 243f 0056 | e919 e5ff | ffbe e4ff 

  0x00007f21b5eae8c4: ;   {runtime_call UncommonTrapBlob}
  0x00007f21b5eae8c4: ffff 90e8 

  0x00007f21b5eae8c8: ; ImmutableOopMap {rbp=NarrowOop [40]=Oop [56]=Oop [64]=Oop [72]=Oop }
                      ;*aaload {reexecute=0 rethrow=0 return_oop=0}
                      ; - com.android.tools.r8.internal.d20::get@68 (line 7)
                      ; - com.android.tools.r8.graph.M4::a@19 (line 9)
                      ; - com.android.tools.r8.graph.E0::a@9 (line 54)
                      ; - com.android.tools.r8.graph.R4::a@164 (line 94)
                      ; - com.android.tools.r8.graph.R4::a@29 (line 67)
  0x00007f21b5eae8c8: 34c6 9bfd 

  0x00007f21b5eae8cc: ;   {other}
  0x00007f21b5eae8cc: 0f1f 8400 | 3c3f 0057 | 4c89 6c24 

  0x00007f21b5eae8d8: ;   {metadata('java/util/Collections$SingletonList')}
  0x00007f21b5eae8d8: 1048 be58 | da04 4c21 | 7f00 004c | 8b54 2460 | 4c89 5424 

  0x00007f21b5eae8ec: ;   {runtime_call _new_instance_Java}
  0x00007f21b5eae8ec: 5866 90e8 

  0x00007f21b5eae8f0: ; ImmutableOopMap {rbp=NarrowOop [16]=Oop [48]=Oop [56]=Oop [64]=Oop [72]=Oop [88]=Oop [96]=Oop [104]=Oop }
                      ;*new {reexecute=0 rethrow=0 return_oop=1}
                      ; - java.util.Collections::singletonList@0 (line 5152)
                      ; - com.android.tools.r8.graph.R4::a@280 (line 125)
                      ; - com.android.tools.r8.graph.R4::a@30 (line 133)
                      ; - com.android.tools.r8.graph.R4$$Lambda/0x00007f214de02f78::accept@28
                      ; - com.android.tools.r8.graph.E0::a@2 (line 3)
                      ; - com.android.tools.r8.graph.R4::a@270 (line 109)
                      ; - com.android.tools.r8.graph.R4::a@29 (line 67)
  0x00007f21b5eae8f0: 0c61 a8fd 

  0x00007f21b5eae8f4: ;   {other}
  0x00007f21b5eae8f4: 0f1f 8400 | 643f 0058 | e9fc e6ff | ff48 8b5c | 2410 448b | 5314 4585 | d20f 8403 | f0ff ff4d 
  0x00007f21b5eae914: 8b5f 2849 | 8bfa 4d85 | db0f 8491 | 1000 004d | 8b57 384b | 897c 1af8 | 4983 c3f8 | 4d89 5f28 
  0x00007f21b5eae934: e9dd efff | ff4c 895c | 2458 48ff | 7424 7848 | 8f44 2408 

  0x00007f21b5eae948: ;   {metadata('com/android/tools/r8/graph/T4')}
  0x00007f21b5eae948: 48be 6817 | e04d 217f 

  0x00007f21b5eae950: ;   {runtime_call _new_instance_Java}
  0x00007f21b5eae950: 0000 90e8 

  0x00007f21b5eae954: ; ImmutableOopMap {rbp=NarrowOop [48]=Oop [72]=Oop [80]=Oop [88]=Oop [96]=Oop [104]=Oop }
                      ;*new {reexecute=0 rethrow=0 return_oop=1}
                      ; - com.android.tools.r8.graph.R4::a@226 (line 105)
                      ; - com.android.tools.r8.graph.R4::a@30 (line 133)
                      ; - com.android.tools.r8.graph.R4$$Lambda/0x00007f214de02f78::accept@28
                      ; - com.android.tools.r8.graph.E0::a@2 (line 3)
                      ; - com.android.tools.r8.graph.R4::a@270 (line 109)
                      ; - com.android.tools.r8.graph.R4::a@29 (line 67)
  0x00007f21b5eae954: a860 a8fd 

  0x00007f21b5eae958: ;   {other}
  0x00007f21b5eae958: 0f1f 8400 | c83f 0059 | e975 e8ff | ff4c 896c | 2410 4c89 

  0x00007f21b5eae96c: ;   {metadata('java/util/Collections$SingletonList')}
  0x00007f21b5eae96c: 4424 3048 | be58 da04 | 4c21 7f00 | 0048 ff74 | 2468 488f 

  0x00007f21b5eae980: ;   {runtime_call _new_instance_Java}
  0x00007f21b5eae980: 4424 58e8 

  0x00007f21b5eae984: ; ImmutableOopMap {rbp=NarrowOop [16]=Oop [48]=Oop [72]=Oop [80]=Oop [88]=Oop [96]=Oop [104]=Oop }
                      ;*new {reexecute=0 rethrow=0 return_oop=1}
                      ; - java.util.Collections::singletonList@0 (line 5152)
                      ; - com.android.tools.r8.graph.R4::a@280 (line 125)
                      ; - com.android.tools.r8.graph.R4::a@30 (line 133)
                      ; - com.android.tools.r8.graph.R4$$Lambda/0x00007f214de02f78::accept@28
                      ; - com.android.tools.r8.graph.E0::a@2 (line 3)
                      ; - com.android.tools.r8.graph.R4::a@270 (line 109)
                      ; - com.android.tools.r8.graph.R4::a@29 (line 67)
  0x00007f21b5eae984: 7860 a8fd 

  0x00007f21b5eae988: ;   {other}
  0x00007f21b5eae988: 0f1f 8400 | f83f 005a | e949 eaff | ffbe f6ff 

  0x00007f21b5eae998: ;   {runtime_call UncommonTrapBlob}
  0x00007f21b5eae998: ffff 90e8 

  0x00007f21b5eae99c: ; ImmutableOopMap {}
                      ;*invokevirtual getClass {reexecute=0 rethrow=0 return_oop=0}
                      ; - com.android.tools.r8.graph.y2::a@7 (line 26)
                      ; - com.android.tools.r8.graph.J4::a@34 (line 48)
                      ; - com.android.tools.r8.graph.E0::a@9 (line 54)
                      ; - com.android.tools.r8.graph.R4::a@164 (line 94)
                      ; - com.android.tools.r8.graph.R4::a@30 (line 133)
                      ; - com.android.tools.r8.graph.R4$$Lambda/0x00007f214de02f78::accept@28
                      ; - com.android.tools.r8.graph.E0::a@2 (line 3)
                      ; - com.android.tools.r8.graph.R4::a@270 (line 109)
                      ; - com.android.tools.r8.graph.R4::a@29 (line 67)
  0x00007f21b5eae99c: 60c5 9bfd 

  0x00007f21b5eae9a0: ;   {other}
  0x00007f21b5eae9a0: 0f1f 8400 | 1040 005b | bef6 ffff 

  0x00007f21b5eae9ac: ;   {runtime_call UncommonTrapBlob}
  0x00007f21b5eae9ac: ff66 90e8 

  0x00007f21b5eae9b0: ; ImmutableOopMap {rbp=NarrowOop }
                      ;*invokevirtual a {reexecute=0 rethrow=0 return_oop=0}
                      ; - com.android.tools.r8.graph.R4::a@15 (line 79)
                      ; - com.android.tools.r8.graph.R4::a@30 (line 133)
                      ; - com.android.tools.r8.graph.R4$$Lambda/0x00007f214de02f78::accept@28
                      ; - com.android.tools.r8.graph.E0::a@2 (line 3)
                      ; - com.android.tools.r8.graph.R4::a@270 (line 109)
                      ; - com.android.tools.r8.graph.R4::a@29 (line 67)
  0x00007f21b5eae9b0: 4cc5 9bfd 

  0x00007f21b5eae9b4: ;   {other}
  0x00007f21b5eae9b4: 0f1f 8400 | 2440 005c | 443b dd44 | 8b54 2408 | 410f 94c2 | be45 ffff | ff48 8b6c | 2430 4c8b 
  0x00007f21b5eae9d4: 5c24 504c | 895c 2410 | 4c8b 5c24 | 484c 895c | 2420 4c8b | 5c24 484c | 895c 2440 | 4489 5424 
  0x00007f21b5eae9f4: 484c 8b54 | 2468 4c89 | 5424 5889 

  0x00007f21b5eaea00: ;   {runtime_call UncommonTrapBlob}
  0x00007f21b5eaea00: 4c24 4ce8 

  0x00007f21b5eaea04: ; ImmutableOopMap {rbp=Oop [16]=Oop [32]=Oop [56]=Oop [64]=Oop [76]=NarrowOop [88]=Oop [104]=Oop [112]=Oop }
                      ;*ifne {reexecute=1 rethrow=0 return_oop=0}
                      ; - (reexecute) com.android.tools.r8.graph.R4::a@18 (line 79)
                      ; - com.android.tools.r8.graph.R4::a@30 (line 133)
                      ; - com.android.tools.r8.graph.R4$$Lambda/0x00007f214de02f78::accept@28
                      ; - com.android.tools.r8.graph.E0::a@2 (line 3)
                      ; - com.android.tools.r8.graph.R4::a@270 (line 109)
                      ; - com.android.tools.r8.graph.R4::a@29 (line 67)
  0x00007f21b5eaea04: f8c4 9bfd 

  0x00007f21b5eaea08: ;   {other}
  0x00007f21b5eaea08: 0f1f 8400 | 7840 005d | 453b da44 | 8b54 2408 | 410f 94c2 | be45 ffff | ff48 8b6c | 2430 4c8b 
  0x00007f21b5eaea28: 5c24 504c | 895c 2410 | 4c8b 5c24 | 484c 895c | 2420 4c8b | 5c24 484c | 895c 2440 | 4489 5424 
  0x00007f21b5eaea48: 484c 8b54 | 2468 4c89 | 5424 5889 

  0x00007f21b5eaea54: ;   {runtime_call UncommonTrapBlob}
  0x00007f21b5eaea54: 4c24 4ce8 

  0x00007f21b5eaea58: ; ImmutableOopMap {rbp=Oop [16]=Oop [32]=Oop [56]=Oop [64]=Oop [76]=NarrowOop [88]=Oop [104]=Oop [112]=Oop }
                      ;*ifeq {reexecute=1 rethrow=0 return_oop=0}
                      ; - (reexecute) com.android.tools.r8.graph.R4::a@33 (line 80)
                      ; - com.android.tools.r8.graph.R4::a@30 (line 133)
                      ; - com.android.tools.r8.graph.R4$$Lambda/0x00007f214de02f78::accept@28
                      ; - com.android.tools.r8.graph.E0::a@2 (line 3)
                      ; - com.android.tools.r8.graph.R4::a@270 (line 109)
                      ; - com.android.tools.r8.graph.R4::a@29 (line 67)
  0x00007f21b5eaea58: a4c4 9bfd 

  0x00007f21b5eaea5c: ;   {other}
  0x00007f21b5eaea5c: 0f1f 8400 | cc40 005e | bef6 ffff 

  0x00007f21b5eaea68: ;   {runtime_call UncommonTrapBlob}
  0x00007f21b5eaea68: ff66 90e8 

  0x00007f21b5eaea6c: ; ImmutableOopMap {}
                      ;*invokevirtual getClass {reexecute=0 rethrow=0 return_oop=0}
                      ; - com.android.tools.r8.graph.y2::a@7 (line 26)
                      ; - com.android.tools.r8.graph.J4::a@34 (line 48)
                      ; - com.android.tools.r8.graph.E0::a@9 (line 54)
                      ; - com.android.tools.r8.graph.R4::a@164 (line 94)
                      ; - com.android.tools.r8.graph.R4::a@30 (line 133)
                      ; - com.android.tools.r8.graph.R4$$Lambda/0x00007f214de02f78::accept@28
                      ; - com.android.tools.r8.graph.E0::a@2 (line 3)
                      ; - com.android.tools.r8.graph.R4::a@270 (line 109)
                      ; - com.android.tools.r8.graph.R4::a@29 (line 67)
  0x00007f21b5eaea6c: 90c4 9bfd 

  0x00007f21b5eaea70: ;   {other}
  0x00007f21b5eaea70: 0f1f 8400 | e040 005f | be45 ffff | ff48 ff74 | 2448 488f | 4424 1848 | ff74 2428 | 488f 4424 
  0x00007f21b5eaea90: 2048 ff74 | 2450 488f | 4424 3848 | 895c 2448 | 4489 5c24 

  0x00007f21b5eaeaa4: ;   {runtime_call UncommonTrapBlob}
  0x00007f21b5eaeaa4: 5466 90e8 

  0x00007f21b5eaeaa8: ; ImmutableOopMap {rbp=NarrowOop [24]=Oop [32]=Oop [56]=Oop [72]=Oop [84]=NarrowOop [88]=Oop [96]=Oop }
                      ;*ifnonnull {reexecute=1 rethrow=0 return_oop=0}
                      ; - (reexecute) java.util.Objects::requireNonNull@1 (line 232)
                      ; - java.util.Arrays$ArrayList::<init>@6 (line 4238)
                      ; - java.util.Arrays::asList@5 (line 4223)
                      ; - com.android.tools.r8.graph.R4::a@77 (line 75)
  0x00007f21b5eaeaa8: 54c4 9bfd 

  0x00007f21b5eaeaac: ;   {other}
  0x00007f21b5eaeaac: 0f1f 8400 | 1c41 0060 | bef6 ffff | ff48 8b6c 

  0x00007f21b5eaeabc: ;   {runtime_call UncommonTrapBlob}
  0x00007f21b5eaeabc: 2418 90e8 

  0x00007f21b5eaeac0: ; ImmutableOopMap {rbp=Oop }
                      ;*invokevirtual g {reexecute=0 rethrow=0 return_oop=0}
                      ; - com.android.tools.r8.graph.D2::equals@34 (line 6)
                      ; - com.android.tools.r8.internal.d20::get@93 (line 11)
                      ; - com.android.tools.r8.graph.M4::a@19 (line 9)
                      ; - com.android.tools.r8.graph.E0::a@9 (line 54)
                      ; - com.android.tools.r8.graph.R4::a@164 (line 94)
                      ; - com.android.tools.r8.graph.R4::a@30 (line 133)
                      ; - com.android.tools.r8.graph.R4$$Lambda/0x00007f214de02f78::accept@28
                      ; - com.android.tools.r8.graph.E0::a@2 (line 3)
                      ; - com.android.tools.r8.graph.R4::a@270 (line 109)
                      ; - com.android.tools.r8.graph.R4::a@29 (line 67)
  0x00007f21b5eaeac0: 3cc4 9bfd 

  0x00007f21b5eaeac4: ;   {other}
  0x00007f21b5eaeac4: 0f1f 8400 | 3441 0061 | be45 ffff | ff48 8b6c | 2430 4c8b | 5424 504c | 8954 2410 | 4c8b 5424 
  0x00007f21b5eaeae4: 604c 8954 | 2418 4c8b | 5424 484c | 8954 2420 | 4c8b 5424 | 484c 8954 | 2440 4c8b | 5424 684c 
  0x00007f21b5eaeb04: 8954 2450 | 4c8b 5424 | 704c 8954 

  0x00007f21b5eaeb10: ;   {runtime_call UncommonTrapBlob}
  0x00007f21b5eaeb10: 2460 90e8 

  0x00007f21b5eaeb14: ; ImmutableOopMap {rbp=Oop [16]=Oop [24]=Oop [32]=Oop [64]=Oop [80]=Oop [88]=Oop [96]=Oop [120]=Oop [128]=NarrowOop }
                      ;*ifne {reexecute=1 rethrow=0 return_oop=0}
                      ; - (reexecute) com.android.tools.r8.graph.D2::equals@11 (line 1)
                      ; - com.android.tools.r8.internal.d20::get@93 (line 11)
                      ; - com.android.tools.r8.graph.M4::a@19 (line 9)
                      ; - com.android.tools.r8.graph.E0::a@9 (line 54)
                      ; - com.android.tools.r8.graph.R4::a@164 (line 94)
                      ; - com.android.tools.r8.graph.R4::a@30 (line 133)
                      ; - com.android.tools.r8.graph.R4$$Lambda/0x00007f214de02f78::accept@28
                      ; - com.android.tools.r8.graph.E0::a@2 (line 3)
                      ; - com.android.tools.r8.graph.R4::a@270 (line 109)
                      ; - com.android.tools.r8.graph.R4::a@29 (line 67)
  0x00007f21b5eaeb14: e8c3 9bfd 

  0x00007f21b5eaeb18: ;   {other}
  0x00007f21b5eaeb18: 0f1f 8400 | 8841 0062 | bef6 ffff 

  0x00007f21b5eaeb24: ;   {runtime_call UncommonTrapBlob}
  0x00007f21b5eaeb24: ff66 90e8 

  0x00007f21b5eaeb28: ; ImmutableOopMap {}
                      ;*invokevirtual i {reexecute=0 rethrow=0 return_oop=0}
                      ; - com.android.tools.r8.graph.R4::a@182 (line 96)
                      ; - com.android.tools.r8.graph.R4::a@30 (line 133)
                      ; - com.android.tools.r8.graph.R4$$Lambda/0x00007f214de02f78::accept@28
                      ; - com.android.tools.r8.graph.E0::a@2 (line 3)
                      ; - com.android.tools.r8.graph.R4::a@270 (line 109)
                      ; - com.android.tools.r8.graph.R4::a@29 (line 67)
  0x00007f21b5eaeb28: d4c3 9bfd 

  0x00007f21b5eaeb2c: ;   {other}
  0x00007f21b5eaeb2c: 0f1f 8400 | 9c41 0063 | be76 ffff | ff48 8b6c | 2430 4c8b | 5424 504c | 8954 2410 | 4c8b 5424 
  0x00007f21b5eaeb4c: 384c 8954 | 2418 4c8b | 5424 484c | 8954 2420 | 4c8b 5424 | 484c 8954 | 2440 4c8b | 5424 684c 
  0x00007f21b5eaeb6c: 8954 2460 | 48ff 7424 | 7048 8f44 | 2468 4c89 | 4424 7044 | 894c 2478 | 898c 2480 

  0x00007f21b5eaeb88: ;   {runtime_call UncommonTrapBlob}
  0x00007f21b5eaeb88: 0000 00e8 

  0x00007f21b5eaeb8c: ; ImmutableOopMap {rbp=Oop [16]=Oop [24]=Oop [32]=Oop [64]=Oop [96]=Oop [104]=Oop [112]=Oop [120]=NarrowOop }
                      ;*if_icmpge {reexecute=1 rethrow=0 return_oop=0}
                      ; - (reexecute) com.android.tools.r8.graph.J4::a@16 (line 47)
                      ; - com.android.tools.r8.graph.E0::a@9 (line 54)
                      ; - com.android.tools.r8.graph.R4::a@164 (line 94)
                      ; - com.android.tools.r8.graph.R4::a@30 (line 133)
                      ; - com.android.tools.r8.graph.R4$$Lambda/0x00007f214de02f78::accept@28
                      ; - com.android.tools.r8.graph.E0::a@2 (line 3)
                      ; - com.android.tools.r8.graph.R4::a@270 (line 109)
                      ; - com.android.tools.r8.graph.R4::a@29 (line 67)
  0x00007f21b5eaeb8c: 70c3 9bfd 

  0x00007f21b5eaeb90: ;   {other}
  0x00007f21b5eaeb90: 0f1f 8400 | 0042 0064 | bef6 ffff 

  0x00007f21b5eaeb9c: ;   {runtime_call UncommonTrapBlob}
  0x00007f21b5eaeb9c: ff66 90e8 

  0x00007f21b5eaeba0: ; ImmutableOopMap {rbp=NarrowOop }
                      ;*invokevirtual a {reexecute=0 rethrow=0 return_oop=0}
                      ; - com.android.tools.r8.graph.R4::a@15 (line 79)
                      ; - com.android.tools.r8.graph.R4::a@30 (line 133)
                      ; - com.android.tools.r8.graph.R4$$Lambda/0x00007f214de02f78::accept@28
                      ; - com.android.tools.r8.graph.E0::a@2 (line 3)
                      ; - com.android.tools.r8.graph.R4::a@270 (line 109)
                      ; - com.android.tools.r8.graph.R4::a@29 (line 67)
  0x00007f21b5eaeba0: 5cc3 9bfd 

  0x00007f21b5eaeba4: ;   {other}
  0x00007f21b5eaeba4: 0f1f 8400 | 1442 0065 | 443b d544 | 8b5c 2408 | 410f 94c3 | be45 ffff | ff48 8b6c | 2430 4c8b 
  0x00007f21b5eaebc4: 5424 504c | 8954 2410 | 4c8b 5424 | 484c 8954 | 2420 4c8b | 5424 484c | 8954 2440 | 4489 5c24 
  0x00007f21b5eaebe4: 484c 8b54 | 2468 4c89 | 5424 5889 

  0x00007f21b5eaebf0: ;   {runtime_call UncommonTrapBlob}
  0x00007f21b5eaebf0: 4c24 4ce8 

  0x00007f21b5eaebf4: ; ImmutableOopMap {rbp=Oop [16]=Oop [32]=Oop [56]=Oop [64]=Oop [76]=NarrowOop [88]=Oop [104]=Oop [112]=Oop }
                      ;*ifne {reexecute=1 rethrow=0 return_oop=0}
                      ; - (reexecute) com.android.tools.r8.graph.R4::a@18 (line 79)
                      ; - com.android.tools.r8.graph.R4::a@30 (line 133)
                      ; - com.android.tools.r8.graph.R4$$Lambda/0x00007f214de02f78::accept@28
                      ; - com.android.tools.r8.graph.E0::a@2 (line 3)
                      ; - com.android.tools.r8.graph.R4::a@270 (line 109)
                      ; - com.android.tools.r8.graph.R4::a@29 (line 67)
  0x00007f21b5eaebf4: 08c3 9bfd 

  0x00007f21b5eaebf8: ;   {other}
  0x00007f21b5eaebf8: 0f1f 8400 | 6842 0066 | 453b d044 | 8b5c 2408 | 410f 94c3 | be45 ffff | ff48 8b6c | 2430 4c8b 
  0x00007f21b5eaec18: 5424 504c | 8954 2410 | 4c8b 5424 | 484c 8954 | 2420 4c8b | 5424 484c | 8954 2440 | 4489 5c24 
  0x00007f21b5eaec38: 484c 8b54 | 2468 4c89 | 5424 5889 

  0x00007f21b5eaec44: ;   {runtime_call UncommonTrapBlob}
  0x00007f21b5eaec44: 4c24 4ce8 

  0x00007f21b5eaec48: ; ImmutableOopMap {rbp=Oop [16]=Oop [32]=Oop [56]=Oop [64]=Oop [76]=NarrowOop [88]=Oop [104]=Oop [112]=Oop }
                      ;*ifeq {reexecute=1 rethrow=0 return_oop=0}
                      ; - (reexecute) com.android.tools.r8.graph.R4::a@33 (line 80)
                      ; - com.android.tools.r8.graph.R4::a@30 (line 133)
                      ; - com.android.tools.r8.graph.R4$$Lambda/0x00007f214de02f78::accept@28
                      ; - com.android.tools.r8.graph.E0::a@2 (line 3)
                      ; - com.android.tools.r8.graph.R4::a@270 (line 109)
                      ; - com.android.tools.r8.graph.R4::a@29 (line 67)
  0x00007f21b5eaec48: b4c2 9bfd 

  0x00007f21b5eaec4c: ;   {other}
  0x00007f21b5eaec4c: 0f1f 8400 | bc42 0067 | bef6 ffff 

  0x00007f21b5eaec58: ;   {runtime_call UncommonTrapBlob}
  0x00007f21b5eaec58: ff66 90e8 

  0x00007f21b5eaec5c: ; ImmutableOopMap {}
                      ;*invokevirtual getClass {reexecute=0 rethrow=0 return_oop=0}
                      ; - com.android.tools.r8.graph.y2::a@7 (line 26)
                      ; - com.android.tools.r8.graph.J4::a@89 (line 51)
                      ; - com.android.tools.r8.graph.E0::a@9 (line 54)
                      ; - com.android.tools.r8.graph.R4::a@164 (line 94)
                      ; - com.android.tools.r8.graph.R4::a@30 (line 133)
                      ; - com.android.tools.r8.graph.R4$$Lambda/0x00007f214de02f78::accept@28
                      ; - com.android.tools.r8.graph.E0::a@2 (line 3)
                      ; - com.android.tools.r8.graph.R4::a@270 (line 109)
                      ; - com.android.tools.r8.graph.R4::a@29 (line 67)
  0x00007f21b5eaec5c: a0c2 9bfd 

  0x00007f21b5eaec60: ;   {other}
  0x00007f21b5eaec60: 0f1f 8400 | d042 0068 | bec6 ffff | ff4c 8b54 | 2450 4c89 | 5424 104c | 8b54 2438 | 4c89 5424 
  0x00007f21b5eaec80: 184c 8b54 | 2468 4c89 | 4c24 584c | 8954 2460 

  0x00007f21b5eaec90: ;   {runtime_call UncommonTrapBlob}
  0x00007f21b5eaec90: 6666 90e8 

  0x00007f21b5eaec94: ; ImmutableOopMap {rbp=Oop [16]=Oop [24]=Oop [72]=Oop [88]=Oop [96]=Oop [104]=Oop }
                      ;*invokeinterface a {reexecute=0 rethrow=0 return_oop=0}
                      ; - com.android.tools.r8.graph.R4::a@270 (line 109)
                      ; - com.android.tools.r8.graph.R4::a@29 (line 67)
  0x00007f21b5eaec94: 68c2 9bfd 

  0x00007f21b5eaec98: ;   {other}
  0x00007f21b5eaec98: 0f1f 8400 | 0843 0069 | bef6 ffff 

  0x00007f21b5eaeca4: ;   {runtime_call UncommonTrapBlob}
  0x00007f21b5eaeca4: ff66 90e8 

  0x00007f21b5eaeca8: ; ImmutableOopMap {}
                      ;*invokevirtual i {reexecute=0 rethrow=0 return_oop=0}
                      ; - com.android.tools.r8.graph.R4::a@182 (line 96)
                      ; - com.android.tools.r8.graph.R4::a@30 (line 133)
                      ; - com.android.tools.r8.graph.R4$$Lambda/0x00007f214de02f78::accept@28
                      ; - com.android.tools.r8.graph.E0::a@2 (line 3)
                      ; - com.android.tools.r8.graph.R4::a@270 (line 109)
                      ; - com.android.tools.r8.graph.R4::a@29 (line 67)
  0x00007f21b5eaeca8: 54c2 9bfd 

  0x00007f21b5eaecac: ;   {other}
  0x00007f21b5eaecac: 0f1f 8400 | 1c43 006a | bef6 ffff | ff48 8b6c 

  0x00007f21b5eaecbc: ;   {runtime_call UncommonTrapBlob}
  0x00007f21b5eaecbc: 2460 90e8 

  0x00007f21b5eaecc0: ; ImmutableOopMap {rbp=Oop }
                      ;*invokevirtual g {reexecute=0 rethrow=0 return_oop=0}
                      ; - com.android.tools.r8.graph.y2::a@22 (line 28)
                      ; - com.android.tools.r8.graph.J4::a@34 (line 48)
                      ; - com.android.tools.r8.graph.E0::a@9 (line 54)
                      ; - com.android.tools.r8.graph.R4::a@164 (line 94)
                      ; - com.android.tools.r8.graph.R4::a@30 (line 133)
                      ; - com.android.tools.r8.graph.R4$$Lambda/0x00007f214de02f78::accept@28
                      ; - com.android.tools.r8.graph.E0::a@2 (line 3)
                      ; - com.android.tools.r8.graph.R4::a@270 (line 109)
                      ; - com.android.tools.r8.graph.R4::a@29 (line 67)
  0x00007f21b5eaecc0: 3cc2 9bfd 

  0x00007f21b5eaecc4: ;   {other}
  0x00007f21b5eaecc4: 0f1f 8400 | 3443 006b | bee4 ffff | ff48 8b6c | 2430 4c8b | 5c24 504c | 895c 2410 | 4c8b 5c24 
  0x00007f21b5eaece4: 604c 895c | 2418 4c8b | 5c24 484c | 895c 2420 | 4c8b 5c24 | 484c 895c | 2440 4c8b | 5c24 684c 
  0x00007f21b5eaed04: 895c 2450 | 4c8b 5c24 | 704c 895c | 2460 4c89 | 4c24 6844 | 8954 2478 | 4489 4424 

  0x00007f21b5eaed20: ;   {runtime_call UncommonTrapBlob}
  0x00007f21b5eaed20: 7c66 90e8 

  0x00007f21b5eaed24: ; ImmutableOopMap {rbp=Oop [16]=Oop [24]=Oop [32]=Oop [64]=Oop [80]=Oop [88]=Oop [96]=Oop [104]=Oop [120]=NarrowOop }
                      ;*aaload {reexecute=0 rethrow=0 return_oop=0}
                      ; - com.android.tools.r8.internal.d20::get@45 (line 6)
                      ; - com.android.tools.r8.graph.M4::a@19 (line 9)
                      ; - com.android.tools.r8.graph.E0::a@9 (line 54)
                      ; - com.android.tools.r8.graph.R4::a@164 (line 94)
                      ; - com.android.tools.r8.graph.R4::a@30 (line 133)
                      ; - com.android.tools.r8.graph.R4$$Lambda/0x00007f214de02f78::accept@28
                      ; - com.android.tools.r8.graph.E0::a@2 (line 3)
                      ; - com.android.tools.r8.graph.R4::a@270 (line 109)
                      ; - com.android.tools.r8.graph.R4::a@29 (line 67)
  0x00007f21b5eaed24: d8c1 9bfd 

  0x00007f21b5eaed28: ;   {other}
  0x00007f21b5eaed28: 0f1f 8400 | 9843 006c | bec6 ffff | ff48 8b6c | 2430 4c8b | 5424 504c | 8954 2410 | 4c8b 5424 
  0x00007f21b5eaed48: 384c 8954 | 2418 4c8b | 5424 484c | 8954 2420 | 4c8b 5424 | 484c 8954 | 2440 4c8b | 5424 684c 
  0x00007f21b5eaed68: 8954 2460 | 48ff 7424 | 7048 8f44 | 2468 4489 

  0x00007f21b5eaed78: ;   {runtime_call UncommonTrapBlob}
  0x00007f21b5eaed78: 4424 70e8 

  0x00007f21b5eaed7c: ; ImmutableOopMap {rbp=Oop [16]=Oop [24]=Oop [32]=Oop [64]=Oop [96]=Oop [104]=Oop [112]=NarrowOop }
                      ;*invokevirtual a {reexecute=0 rethrow=0 return_oop=0}
                      ; - com.android.tools.r8.graph.E0::a@9 (line 54)
                      ; - com.android.tools.r8.graph.R4::a@164 (line 94)
                      ; - com.android.tools.r8.graph.R4::a@30 (line 133)
                      ; - com.android.tools.r8.graph.R4$$Lambda/0x00007f214de02f78::accept@28
                      ; - com.android.tools.r8.graph.E0::a@2 (line 3)
                      ; - com.android.tools.r8.graph.R4::a@270 (line 109)
                      ; - com.android.tools.r8.graph.R4::a@29 (line 67)
  0x00007f21b5eaed7c: 80c1 9bfd 

  0x00007f21b5eaed80: ;   {other}
  0x00007f21b5eaed80: 0f1f 8400 | f043 006d | bef6 ffff | ff48 8b6c 

  0x00007f21b5eaed90: ;   {runtime_call UncommonTrapBlob}
  0x00007f21b5eaed90: 2418 90e8 

  0x00007f21b5eaed94: ; ImmutableOopMap {rbp=Oop }
                      ;*invokevirtual g {reexecute=0 rethrow=0 return_oop=0}
                      ; - com.android.tools.r8.graph.D2::equals@34 (line 6)
                      ; - com.android.tools.r8.internal.d20::get@57 (line 7)
                      ; - com.android.tools.r8.graph.M4::a@19 (line 9)
                      ; - com.android.tools.r8.graph.E0::a@9 (line 54)
                      ; - com.android.tools.r8.graph.R4::a@164 (line 94)
                      ; - com.android.tools.r8.graph.R4::a@30 (line 133)
                      ; - com.android.tools.r8.graph.R4$$Lambda/0x00007f214de02f78::accept@28
                      ; - com.android.tools.r8.graph.E0::a@2 (line 3)
                      ; - com.android.tools.r8.graph.R4::a@270 (line 109)
                      ; - com.android.tools.r8.graph.R4::a@29 (line 67)
  0x00007f21b5eaed94: 68c1 9bfd 

  0x00007f21b5eaed98: ;   {other}
  0x00007f21b5eaed98: 0f1f 8400 | 0844 006e | be45 ffff | ff48 8b6c | 2430 4c8b | 5424 504c | 8954 2410 | 4c8b 5424 
  0x00007f21b5eaedb8: 604c 8954 | 2418 4c8b | 5424 484c | 8954 2420 | 4c8b 5424 | 484c 8954 | 2440 4c8b | 5424 684c 
  0x00007f21b5eaedd8: 8954 2450 | 4c8b 5424 | 704c 8954 

  0x00007f21b5eaede4: ;   {runtime_call UncommonTrapBlob}
  0x00007f21b5eaede4: 2460 90e8 

  0x00007f21b5eaede8: ; ImmutableOopMap {rbp=Oop [16]=Oop [24]=Oop [32]=Oop [64]=Oop [80]=Oop [88]=Oop [96]=Oop [120]=Oop [128]=NarrowOop }
                      ;*ifne {reexecute=1 rethrow=0 return_oop=0}
                      ; - (reexecute) com.android.tools.r8.graph.D2::equals@11 (line 1)
                      ; - com.android.tools.r8.internal.d20::get@57 (line 7)
                      ; - com.android.tools.r8.graph.M4::a@19 (line 9)
                      ; - com.android.tools.r8.graph.E0::a@9 (line 54)
                      ; - com.android.tools.r8.graph.R4::a@164 (line 94)
                      ; - com.android.tools.r8.graph.R4::a@30 (line 133)
                      ; - com.android.tools.r8.graph.R4$$Lambda/0x00007f214de02f78::accept@28
                      ; - com.android.tools.r8.graph.E0::a@2 (line 3)
                      ; - com.android.tools.r8.graph.R4::a@270 (line 109)
                      ; - com.android.tools.r8.graph.R4::a@29 (line 67)
  0x00007f21b5eaede8: 14c1 9bfd 

  0x00007f21b5eaedec: ;   {other}
  0x00007f21b5eaedec: 0f1f 8400 | 5c44 006f | bee4 ffff | ff4c 8b44 | 2450 4c89 | 4424 104c | 8b44 2460 | 4c89 4424 
  0x00007f21b5eaee0c: 184c 8b44 | 2448 4c89 | 4424 204c | 8b44 2448 | 4c89 4424 | 404c 8b44 | 2468 4c89 | 4424 504c 
  0x00007f21b5eaee2c: 8b44 2470 | 4c89 4424 | 604c 895c | 2468 448b | 9c24 8000 | 0000 4489 | 5c24 7844 | 8954 247c 
  0x00007f21b5eaee4c: ;   {runtime_call UncommonTrapBlob}
  0x00007f21b5eaee4c: 6666 90e8 

  0x00007f21b5eaee50: ; ImmutableOopMap {rbp=Oop [16]=Oop [24]=Oop [32]=Oop [64]=Oop [80]=Oop [88]=Oop [96]=Oop [104]=Oop [120]=NarrowOop [128]=NarrowOop }
                      ;*aaload {reexecute=0 rethrow=0 return_oop=0}
                      ; - com.android.tools.r8.internal.d20::get@81 (line 10)
                      ; - com.android.tools.r8.graph.M4::a@19 (line 9)
                      ; - com.android.tools.r8.graph.E0::a@9 (line 54)
                      ; - com.android.tools.r8.graph.R4::a@164 (line 94)
                      ; - com.android.tools.r8.graph.R4::a@30 (line 133)
                      ; - com.android.tools.r8.graph.R4$$Lambda/0x00007f214de02f78::accept@28
                      ; - com.android.tools.r8.graph.E0::a@2 (line 3)
                      ; - com.android.tools.r8.graph.R4::a@270 (line 109)
                      ; - com.android.tools.r8.graph.R4::a@29 (line 67)
  0x00007f21b5eaee50: acc0 9bfd 

  0x00007f21b5eaee54: ;   {other}
  0x00007f21b5eaee54: 0f1f 8400 | c444 0070 | bee4 ffff | ff4c 8b54 | 2450 4c89 | 5424 184c | 8b54 2460 | 4c89 5424 
  0x00007f21b5eaee74: 204c 8b54 | 2468 4c89 

  0x00007f21b5eaee7c: ;   {runtime_call UncommonTrapBlob}
  0x00007f21b5eaee7c: 5424 58e8 

  0x00007f21b5eaee80: ; ImmutableOopMap {rbp=NarrowOop [24]=Oop [32]=Oop [48]=Oop [72]=Oop [88]=Oop [112]=Oop }
                      ;*aaload {reexecute=0 rethrow=0 return_oop=0}
                      ; - com.android.tools.r8.internal.d20::get@104 (line 11)
                      ; - com.android.tools.r8.graph.M4::a@19 (line 9)
                      ; - com.android.tools.r8.graph.E0::a@9 (line 54)
                      ; - com.android.tools.r8.graph.R4::a@164 (line 94)
                      ; - com.android.tools.r8.graph.R4::a@30 (line 133)
                      ; - com.android.tools.r8.graph.R4$$Lambda/0x00007f214de02f78::accept@28
                      ; - com.android.tools.r8.graph.E0::a@2 (line 3)
                      ; - com.android.tools.r8.graph.R4::a@270 (line 109)
                      ; - com.android.tools.r8.graph.R4::a@29 (line 67)
  0x00007f21b5eaee80: 7cc0 9bfd 

  0x00007f21b5eaee84: ;   {other}
  0x00007f21b5eaee84: 0f1f 8400 | f444 0071 | be45 ffff | ff4c 8b54 | 2430 4c89 | 5424 0848 | 895c 2438 | 4c89 6c24 
  0x00007f21b5eaeea4: ;   {runtime_call UncommonTrapBlob}
  0x00007f21b5eaeea4: 4066 90e8 

  0x00007f21b5eaeea8: ; ImmutableOopMap {rbp=NarrowOop [8]=Oop [56]=Oop [64]=Oop [72]=Oop [88]=Oop [96]=Oop }
                      ;*ifnonnull {reexecute=1 rethrow=0 return_oop=0}
                      ; - (reexecute) com.android.tools.r8.graph.T4::a@4 (line 2)
                      ; - com.android.tools.r8.graph.R4::a@41 (line 136)
                      ; - com.android.tools.r8.graph.R4$$Lambda/0x00007f214de02f78::accept@28
                      ; - com.android.tools.r8.graph.E0::a@2 (line 3)
                      ; - com.android.tools.r8.graph.R4::a@270 (line 109)
                      ; - com.android.tools.r8.graph.R4::a@29 (line 67)
  0x00007f21b5eaeea8: 54c0 9bfd 

  0x00007f21b5eaeeac: ;   {other}
  0x00007f21b5eaeeac: 0f1f 8400 | 1c45 0072 | 498b f749 | ba80 f795 | cb21 7f00 | 0041 ffd2 

  0x00007f21b5eaeec4: ;   {other}
  0x00007f21b5eaeec4: 0f1f 8400 | 0000 0000 | e94c d7ff | ffbe e4ff | ffff 4c8b | 5c24 504c | 895c 2410 | 4c8b 5c24 
  0x00007f21b5eaeee4: 604c 895c | 2418 4c8b | 5c24 484c | 895c 2420 | 4c8b 5c24 | 484c 895c | 2440 4c8b | 5c24 684c 
  0x00007f21b5eaef04: 895c 2450 | 4c8b 5c24 | 704c 895c | 2460 48ff | 7424 7848 | 8f44 2468 | 448b 9c24 | 8000 0000 
  0x00007f21b5eaef24: 4489 5c24 | 7844 8954 

  0x00007f21b5eaef2c: ;   {runtime_call UncommonTrapBlob}
  0x00007f21b5eaef2c: 247c 90e8 

  0x00007f21b5eaef30: ; ImmutableOopMap {rbp=Oop [16]=Oop [24]=Oop [32]=Oop [64]=Oop [80]=Oop [88]=Oop [96]=Oop [104]=Oop [120]=NarrowOop [128]=NarrowOop }
                      ;*aaload {reexecute=0 rethrow=0 return_oop=0}
                      ; - com.android.tools.r8.internal.d20::get@81 (line 10)
                      ; - com.android.tools.r8.graph.M4::a@19 (line 9)
                      ; - com.android.tools.r8.graph.E0::a@9 (line 54)
                      ; - com.android.tools.r8.graph.R4::a@164 (line 94)
                      ; - com.android.tools.r8.graph.R4::a@30 (line 133)
                      ; - com.android.tools.r8.graph.R4$$Lambda/0x00007f214de02f78::accept@28
                      ; - com.android.tools.r8.graph.E0::a@2 (line 3)
                      ; - com.android.tools.r8.graph.R4::a@270 (line 109)
                      ; - com.android.tools.r8.graph.R4::a@29 (line 67)
  0x00007f21b5eaef30: ccbf 9bfd 

  0x00007f21b5eaef34: ;   {other}
  0x00007f21b5eaef34: 0f1f 8400 | a445 0073 | be45 ffff | ff4c 8b54 | 2450 4c89 | 5424 184c | 8b54 2460 | 4c89 5424 
  0x00007f21b5eaef54: 204c 8b54 | 2468 4c89 | 5424 604c | 8b54 2470 | 4c89 5424 | 684c 8b54 | 2478 4c89 | 5424 7044 
  0x00007f21b5eaef74: 8b9c 2480 | 0000 0044 | 895c 2478 | 448b 9424 | 8400 0000 | 4489 5424 

  0x00007f21b5eaef8c: ;   {runtime_call UncommonTrapBlob}
  0x00007f21b5eaef8c: 7c66 90e8 

  0x00007f21b5eaef90: ; ImmutableOopMap {rbp=Oop [24]=Oop [32]=Oop [48]=Oop [72]=Oop [88]=Oop [96]=Oop [104]=Oop [112]=Oop [120]=NarrowOop }
                      ;*if_acmpne {reexecute=1 rethrow=0 return_oop=0}
                      ; - (reexecute) com.android.tools.r8.graph.D2::equals@2
                      ; - com.android.tools.r8.internal.d20::get@93 (line 11)
                      ; - com.android.tools.r8.graph.M4::a@19 (line 9)
                      ; - com.android.tools.r8.graph.E0::a@9 (line 54)
                      ; - com.android.tools.r8.graph.R4::a@164 (line 94)
                      ; - com.android.tools.r8.graph.R4::a@30 (line 133)
                      ; - com.android.tools.r8.graph.R4$$Lambda/0x00007f214de02f78::accept@28
                      ; - com.android.tools.r8.graph.E0::a@2 (line 3)
                      ; - com.android.tools.r8.graph.R4::a@270 (line 109)
                      ; - com.android.tools.r8.graph.R4::a@29 (line 67)
  0x00007f21b5eaef90: 6cbf 9bfd 

  0x00007f21b5eaef94: ;   {other}
  0x00007f21b5eaef94: 0f1f 8400 | 0446 0074 | bef6 ffff 

  0x00007f21b5eaefa0: ;   {runtime_call UncommonTrapBlob}
  0x00007f21b5eaefa0: ff66 90e8 

  0x00007f21b5eaefa4: ; ImmutableOopMap {}
                      ;*invokevirtual getClass {reexecute=0 rethrow=0 return_oop=0}
                      ; - com.android.tools.r8.graph.y2::a@7 (line 26)
                      ; - com.android.tools.r8.graph.J4::a@89 (line 51)
                      ; - com.android.tools.r8.graph.E0::a@9 (line 54)
                      ; - com.android.tools.r8.graph.R4::a@164 (line 94)
                      ; - com.android.tools.r8.graph.R4::a@30 (line 133)
                      ; - com.android.tools.r8.graph.R4$$Lambda/0x00007f214de02f78::accept@28
                      ; - com.android.tools.r8.graph.E0::a@2 (line 3)
                      ; - com.android.tools.r8.graph.R4::a@270 (line 109)
                      ; - com.android.tools.r8.graph.R4::a@29 (line 67)
  0x00007f21b5eaefa4: 58bf 9bfd 

  0x00007f21b5eaefa8: ;   {other}
  0x00007f21b5eaefa8: 0f1f 8400 | 1846 0075 | bef6 ffff | ff48 8b6c 

  0x00007f21b5eaefb8: ;   {runtime_call UncommonTrapBlob}
  0x00007f21b5eaefb8: 2460 90e8 

  0x00007f21b5eaefbc: ; ImmutableOopMap {rbp=Oop }
                      ;*invokevirtual g {reexecute=0 rethrow=0 return_oop=0}
                      ; - com.android.tools.r8.graph.y2::a@22 (line 28)
                      ; - com.android.tools.r8.graph.J4::a@89 (line 51)
                      ; - com.android.tools.r8.graph.E0::a@9 (line 54)
                      ; - com.android.tools.r8.graph.R4::a@164 (line 94)
                      ; - com.android.tools.r8.graph.R4::a@30 (line 133)
                      ; - com.android.tools.r8.graph.R4$$Lambda/0x00007f214de02f78::accept@28
                      ; - com.android.tools.r8.graph.E0::a@2 (line 3)
                      ; - com.android.tools.r8.graph.R4::a@270 (line 109)
                      ; - com.android.tools.r8.graph.R4::a@29 (line 67)
  0x00007f21b5eaefbc: 40bf 9bfd 

  0x00007f21b5eaefc0: ;   {other}
  0x00007f21b5eaefc0: 0f1f 8400 | 3046 0076 | be76 ffff | ff48 8b6c | 2430 4c8b | 5424 504c | 8954 2410 | 4c8b 5424 
  0x00007f21b5eaefe0: 604c 8954 | 2418 4c8b | 5424 484c | 8954 2420 | 4c8b 5424 | 484c 8954 | 2440 4c8b | 5424 684c 
  0x00007f21b5eaf000: 8954 2460 | 48ff 7424 | 7048 8f44 | 2468 4489 | 5c24 7044 | 8944 2478 

  0x00007f21b5eaf018: ;   {runtime_call UncommonTrapBlob}
  0x00007f21b5eaf018: 6666 90e8 

  0x00007f21b5eaf01c: ; ImmutableOopMap {rbp=Oop [16]=Oop [24]=Oop [32]=Oop [64]=Oop [96]=Oop [104]=Oop [112]=NarrowOop }
                      ;*if_icmpge {reexecute=1 rethrow=0 return_oop=0}
                      ; - (reexecute) com.android.tools.r8.graph.J4::a@71 (line 50)
                      ; - com.android.tools.r8.graph.E0::a@9 (line 54)
                      ; - com.android.tools.r8.graph.R4::a@164 (line 94)
                      ; - com.android.tools.r8.graph.R4::a@30 (line 133)
                      ; - com.android.tools.r8.graph.R4$$Lambda/0x00007f214de02f78::accept@28
                      ; - com.android.tools.r8.graph.E0::a@2 (line 3)
                      ; - com.android.tools.r8.graph.R4::a@270 (line 109)
                      ; - com.android.tools.r8.graph.R4::a@29 (line 67)
  0x00007f21b5eaf01c: e0be 9bfd 

  0x00007f21b5eaf020: ;   {other}
  0x00007f21b5eaf020: 0f1f 8400 | 9046 0077 | 448b daeb | 0945 33db | eb04 448d | 5a01 4c8b | c744 8bd3 | bef4 ffff 
  0x00007f21b5eaf040: ff48 8b6c | 2430 4c8b | 4c24 484c | 894c 2420 | 4c8b 4c24 | 504c 894c | 2430 4c8b | 4c24 604c 
  0x00007f21b5eaf060: 894c 2438 | 4c8b 4c24 | 484c 894c | 2440 4c8b | 4c24 504c | 894c 2448 | 4c8b 4c24 | 604c 894c 
  0x00007f21b5eaf080: 2450 4c8b | 4c24 684c | 894c 2460 | 48ff 7424 | 7048 8f44 | 2468 4489 | 5424 7089 | 4424 7444 
  0x00007f21b5eaf0a0: 895c 2478 | 4c89 8424 | 8000 0000 

  0x00007f21b5eaf0ac: ;   {runtime_call UncommonTrapBlob}
  0x00007f21b5eaf0ac: 6666 90e8 

  0x00007f21b5eaf0b0: ; ImmutableOopMap {rbp=Oop [32]=Oop [48]=Oop [56]=Oop [64]=Oop [72]=Oop [80]=Oop [96]=Oop [104]=Oop [112]=NarrowOop [128]=Oop }
                      ;*checkcast {reexecute=0 rethrow=0 return_oop=0}
                      ; - com.android.tools.r8.graph.J4::a@84 (line 51)
                      ; - com.android.tools.r8.graph.E0::a@9 (line 54)
                      ; - com.android.tools.r8.graph.R4::a@164 (line 94)
                      ; - com.android.tools.r8.graph.R4::a@30 (line 133)
                      ; - com.android.tools.r8.graph.R4$$Lambda/0x00007f214de02f78::accept@28
                      ; - com.android.tools.r8.graph.E0::a@2 (line 3)
                      ; - com.android.tools.r8.graph.R4::a@270 (line 109)
                      ; - com.android.tools.r8.graph.R4::a@29 (line 67)
  0x00007f21b5eaf0b0: 4cbe 9bfd 

  0x00007f21b5eaf0b4: ;   {other}
  0x00007f21b5eaf0b4: 0f1f 8400 | 2447 0078 | bef6 ffff | ff48 8b6c 

  0x00007f21b5eaf0c4: ;   {runtime_call UncommonTrapBlob}
  0x00007f21b5eaf0c4: 2460 90e8 

  0x00007f21b5eaf0c8: ; ImmutableOopMap {rbp=Oop }
                      ;*invokevirtual g {reexecute=0 rethrow=0 return_oop=0}
                      ; - com.android.tools.r8.graph.y2::a@22 (line 28)
                      ; - com.android.tools.r8.graph.J4::a@34 (line 48)
                      ; - com.android.tools.r8.graph.E0::a@9 (line 54)
                      ; - com.android.tools.r8.graph.R4::a@164 (line 94)
                      ; - com.android.tools.r8.graph.R4::a@30 (line 133)
                      ; - com.android.tools.r8.graph.R4$$Lambda/0x00007f214de02f78::accept@28
                      ; - com.android.tools.r8.graph.E0::a@2 (line 3)
                      ; - com.android.tools.r8.graph.R4::a@270 (line 109)
                      ; - com.android.tools.r8.graph.R4::a@29 (line 67)
  0x00007f21b5eaf0c8: 34be 9bfd 

  0x00007f21b5eaf0cc: ;   {other}
  0x00007f21b5eaf0cc: 0f1f 8400 | 3c47 0079 | be45 ffff | ff4c 8b54 | 2430 4c89 | 5424 0848 | 895c 2438 | 4c89 6c24 
  0x00007f21b5eaf0ec: ;   {runtime_call UncommonTrapBlob}
  0x00007f21b5eaf0ec: 4066 90e8 

  0x00007f21b5eaf0f0: ; ImmutableOopMap {rbp=NarrowOop [8]=Oop [56]=Oop [64]=Oop [72]=Oop [80]=Oop [96]=Oop }
                      ;*ifnonnull {reexecute=1 rethrow=0 return_oop=0}
                      ; - (reexecute) com.android.tools.r8.graph.T4::a@4 (line 2)
                      ; - com.android.tools.r8.graph.R4::a@41 (line 136)
                      ; - com.android.tools.r8.graph.R4$$Lambda/0x00007f214de02f78::accept@28
                      ; - com.android.tools.r8.graph.E0::a@2 (line 3)
                      ; - com.android.tools.r8.graph.R4::a@270 (line 109)
                      ; - com.android.tools.r8.graph.R4::a@29 (line 67)
  0x00007f21b5eaf0f0: 0cbe 9bfd 

  0x00007f21b5eaf0f4: ;   {other}
  0x00007f21b5eaf0f4: 0f1f 8400 | 6447 007a | 498b f749 | ba80 f795 | cb21 7f00 | 0041 ffd2 

  0x00007f21b5eaf10c: ;   {other}
  0x00007f21b5eaf10c: 0f1f 8400 | 0000 0000 | e9c9 daff | ffbe f6ff | ffff 488b 

  0x00007f21b5eaf120: ;   {runtime_call UncommonTrapBlob}
  0x00007f21b5eaf120: 6c24 18e8 

  0x00007f21b5eaf124: ; ImmutableOopMap {rbp=Oop }
                      ;*invokevirtual g {reexecute=0 rethrow=0 return_oop=0}
                      ; - com.android.tools.r8.graph.D2::equals@34 (line 6)
                      ; - com.android.tools.r8.internal.d20::get@93 (line 11)
                      ; - com.android.tools.r8.graph.M4::a@19 (line 9)
                      ; - com.android.tools.r8.graph.E0::a@9 (line 54)
                      ; - com.android.tools.r8.graph.R4::a@164 (line 94)
                      ; - com.android.tools.r8.graph.R4::a@30 (line 133)
                      ; - com.android.tools.r8.graph.R4$$Lambda/0x00007f214de02f78::accept@28
                      ; - com.android.tools.r8.graph.E0::a@2 (line 3)
                      ; - com.android.tools.r8.graph.R4::a@270 (line 109)
                      ; - com.android.tools.r8.graph.R4::a@29 (line 67)
  0x00007f21b5eaf124: d8bd 9bfd 

  0x00007f21b5eaf128: ;   {other}
  0x00007f21b5eaf128: 0f1f 8400 | 9847 007b | be76 ffff | ff48 8b6c | 2430 4c8b | 5424 504c | 8954 2410 | 4c8b 5424 
  0x00007f21b5eaf148: 384c 8954 | 2418 4c8b | 5424 484c | 8954 2420 | 4c8b 5424 | 484c 8954 | 2440 4c8b | 5424 684c 
  0x00007f21b5eaf168: 8954 2460 | 48ff 7424 | 7048 8f44 | 2468 4c89 | 4424 7044 | 895c 2478 | 4489 8c24 | 8000 0000 
  0x00007f21b5eaf188: ;   {runtime_call UncommonTrapBlob}
  0x00007f21b5eaf188: 6666 90e8 

  0x00007f21b5eaf18c: ; ImmutableOopMap {rbp=Oop [16]=Oop [24]=Oop [32]=Oop [64]=Oop [96]=Oop [104]=Oop [112]=Oop [120]=NarrowOop }
                      ;*if_icmpge {reexecute=1 rethrow=0 return_oop=0}
                      ; - (reexecute) com.android.tools.r8.graph.J4::a@16 (line 47)
                      ; - com.android.tools.r8.graph.E0::a@9 (line 54)
                      ; - com.android.tools.r8.graph.R4::a@164 (line 94)
                      ; - com.android.tools.r8.graph.R4::a@30 (line 133)
                      ; - com.android.tools.r8.graph.R4$$Lambda/0x00007f214de02f78::accept@28
                      ; - com.android.tools.r8.graph.E0::a@2 (line 3)
                      ; - com.android.tools.r8.graph.R4::a@270 (line 109)
                      ; - com.android.tools.r8.graph.R4::a@29 (line 67)
  0x00007f21b5eaf18c: 70bd 9bfd 

  0x00007f21b5eaf190: ;   {other}
  0x00007f21b5eaf190: 0f1f 8400 | 0048 007c | be45 ffff | ff48 8b6c | 2430 4c8b | 5424 504c | 8954 2410 | 4c8b 5424 
  0x00007f21b5eaf1b0: 604c 8954 | 2418 4c8b | 5424 484c | 8954 2420 | 4c8b 5424 | 484c 8954 | 2440 4c8b | 5424 684c 
  0x00007f21b5eaf1d0: 8954 2450 | 4c8b 5424 | 704c 8954 

  0x00007f21b5eaf1dc: ;   {runtime_call UncommonTrapBlob}
  0x00007f21b5eaf1dc: 2460 90e8 

  0x00007f21b5eaf1e0: ; ImmutableOopMap {rbp=Oop [16]=Oop [24]=Oop [32]=Oop [64]=Oop [80]=Oop [88]=Oop [96]=Oop [120]=Oop [128]=NarrowOop }
                      ;*ifne {reexecute=1 rethrow=0 return_oop=0}
                      ; - (reexecute) com.android.tools.r8.graph.D2::equals@11 (line 1)
                      ; - com.android.tools.r8.internal.d20::get@93 (line 11)
                      ; - com.android.tools.r8.graph.M4::a@19 (line 9)
                      ; - com.android.tools.r8.graph.E0::a@9 (line 54)
                      ; - com.android.tools.r8.graph.R4::a@164 (line 94)
                      ; - com.android.tools.r8.graph.R4::a@30 (line 133)
                      ; - com.android.tools.r8.graph.R4$$Lambda/0x00007f214de02f78::accept@28
                      ; - com.android.tools.r8.graph.E0::a@2 (line 3)
                      ; - com.android.tools.r8.graph.R4::a@270 (line 109)
                      ; - com.android.tools.r8.graph.R4::a@29 (line 67)
  0x00007f21b5eaf1e0: 1cbd 9bfd 

  0x00007f21b5eaf1e4: ;   {other}
  0x00007f21b5eaf1e4: 0f1f 8400 | 5448 007d | be45 ffff | ff4c 8b54 | 2450 4c89 | 5424 184c | 8b54 2460 | 4c89 5424 
  0x00007f21b5eaf204: 204c 8b54 | 2468 4c89 | 5424 604c | 8b54 2470 | 4c89 5424 | 684c 894c | 2470 448b | 9424 8000 
  0x00007f21b5eaf224: 0000 4489 | 5424 7844 | 8944 247c 

  0x00007f21b5eaf230: ;   {runtime_call UncommonTrapBlob}
  0x00007f21b5eaf230: 6666 90e8 

  0x00007f21b5eaf234: ; ImmutableOopMap {rbp=NarrowOop [24]=Oop [32]=Oop [48]=Oop [72]=Oop [88]=Oop [96]=Oop [104]=Oop [112]=Oop [120]=NarrowOop }
                      ;*if_acmpne {reexecute=1 rethrow=0 return_oop=0}
                      ; - (reexecute) com.android.tools.r8.graph.D2::equals@2
                      ; - com.android.tools.r8.internal.d20::get@57 (line 7)
                      ; - com.android.tools.r8.graph.M4::a@19 (line 9)
                      ; - com.android.tools.r8.graph.E0::a@9 (line 54)
                      ; - com.android.tools.r8.graph.R4::a@164 (line 94)
                      ; - com.android.tools.r8.graph.R4::a@30 (line 133)
                      ; - com.android.tools.r8.graph.R4$$Lambda/0x00007f214de02f78::accept@28
                      ; - com.android.tools.r8.graph.E0::a@2 (line 3)
                      ; - com.android.tools.r8.graph.R4::a@270 (line 109)
                      ; - com.android.tools.r8.graph.R4::a@29 (line 67)
  0x00007f21b5eaf234: c8bc 9bfd 

  0x00007f21b5eaf238: ;   {other}
  0x00007f21b5eaf238: 0f1f 8400 | a848 007e | bee4 ffff | ff48 8b6c | 2430 4c8b | 5c24 504c | 895c 2410 | 4c8b 5c24 
  0x00007f21b5eaf258: 604c 895c | 2418 4c8b | 5c24 484c | 895c 2420 | 4c8b 5c24 | 484c 895c | 2440 4c8b | 5c24 684c 
  0x00007f21b5eaf278: 895c 2450 | 4c8b 5c24 | 704c 895c | 2460 4889 | 4c24 6844 | 8954 2478 | 895c 247c 

  0x00007f21b5eaf294: ;   {runtime_call UncommonTrapBlob}
  0x00007f21b5eaf294: 6666 90e8 

  0x00007f21b5eaf298: ; ImmutableOopMap {rbp=Oop [16]=Oop [24]=Oop [32]=Oop [64]=Oop [80]=Oop [88]=Oop [96]=Oop [104]=Oop [120]=NarrowOop }
                      ;*aaload {reexecute=0 rethrow=0 return_oop=0}
                      ; - com.android.tools.r8.internal.d20::get@45 (line 6)
                      ; - com.android.tools.r8.graph.M4::a@19 (line 9)
                      ; - com.android.tools.r8.graph.E0::a@9 (line 54)
                      ; - com.android.tools.r8.graph.R4::a@164 (line 94)
                      ; - com.android.tools.r8.graph.R4::a@30 (line 133)
                      ; - com.android.tools.r8.graph.R4$$Lambda/0x00007f214de02f78::accept@28
                      ; - com.android.tools.r8.graph.E0::a@2 (line 3)
                      ; - com.android.tools.r8.graph.R4::a@270 (line 109)
                      ; - com.android.tools.r8.graph.R4::a@29 (line 67)
  0x00007f21b5eaf298: 64bc 9bfd 

  0x00007f21b5eaf29c: ;   {other}
  0x00007f21b5eaf29c: 0f1f 8400 | 0c49 007f | bec6 ffff | ff48 8b6c | 2430 4c8b | 5424 504c | 8954 2410 | 4c8b 5424 
  0x00007f21b5eaf2bc: 384c 8954 | 2418 4c8b | 5424 484c | 8954 2420 | 4c8b 5424 | 484c 8954 | 2440 4c8b | 5424 684c 
  0x00007f21b5eaf2dc: 8954 2460 | 48ff 7424 | 7048 8f44 | 2468 4489 

  0x00007f21b5eaf2ec: ;   {runtime_call UncommonTrapBlob}
  0x00007f21b5eaf2ec: 4424 70e8 

  0x00007f21b5eaf2f0: ; ImmutableOopMap {rbp=Oop [16]=Oop [24]=Oop [32]=Oop [64]=Oop [96]=Oop [104]=Oop [112]=NarrowOop }
                      ;*invokevirtual a {reexecute=0 rethrow=0 return_oop=0}
                      ; - com.android.tools.r8.graph.E0::a@9 (line 54)
                      ; - com.android.tools.r8.graph.R4::a@164 (line 94)
                      ; - com.android.tools.r8.graph.R4::a@30 (line 133)
                      ; - com.android.tools.r8.graph.R4$$Lambda/0x00007f214de02f78::accept@28
                      ; - com.android.tools.r8.graph.E0::a@2 (line 3)
                      ; - com.android.tools.r8.graph.R4::a@270 (line 109)
                      ; - com.android.tools.r8.graph.R4::a@29 (line 67)
  0x00007f21b5eaf2f0: 0cbc 9bfd 

  0x00007f21b5eaf2f4: ;   {other}
  0x00007f21b5eaf2f4: 0f1f 8400 | 6449 0080 | 41bb 0100 | 0000 e905 | eaff ffbe | f6ff ffff | 488b 6c24 

  0x00007f21b5eaf310: ;   {runtime_call UncommonTrapBlob}
  0x00007f21b5eaf310: 1866 90e8 

  0x00007f21b5eaf314: ; ImmutableOopMap {rbp=Oop }
                      ;*invokevirtual g {reexecute=0 rethrow=0 return_oop=0}
                      ; - com.android.tools.r8.graph.D2::equals@34 (line 6)
                      ; - com.android.tools.r8.internal.d20::get@57 (line 7)
                      ; - com.android.tools.r8.graph.M4::a@19 (line 9)
                      ; - com.android.tools.r8.graph.E0::a@9 (line 54)
                      ; - com.android.tools.r8.graph.R4::a@164 (line 94)
                      ; - com.android.tools.r8.graph.R4::a@30 (line 133)
                      ; - com.android.tools.r8.graph.R4$$Lambda/0x00007f214de02f78::accept@28
                      ; - com.android.tools.r8.graph.E0::a@2 (line 3)
                      ; - com.android.tools.r8.graph.R4::a@270 (line 109)
                      ; - com.android.tools.r8.graph.R4::a@29 (line 67)
  0x00007f21b5eaf314: e8bb 9bfd 

  0x00007f21b5eaf318: ;   {other}
  0x00007f21b5eaf318: 0f1f 8400 | 8849 0081 | be45 ffff | ff48 8b6c | 2430 4c8b | 5424 504c | 8954 2410 | 4c8b 5424 
  0x00007f21b5eaf338: 604c 8954 | 2418 4c8b | 5424 484c | 8954 2420 | 4c8b 5424 | 484c 8954 | 2440 4c8b | 5424 684c 
  0x00007f21b5eaf358: 8954 2450 | 4c8b 5424 | 704c 8954 

  0x00007f21b5eaf364: ;   {runtime_call UncommonTrapBlob}
  0x00007f21b5eaf364: 2460 90e8 

  0x00007f21b5eaf368: ; ImmutableOopMap {rbp=Oop [16]=Oop [24]=Oop [32]=Oop [64]=Oop [80]=Oop [88]=Oop [96]=Oop [120]=Oop [128]=NarrowOop }
                      ;*ifne {reexecute=1 rethrow=0 return_oop=0}
                      ; - (reexecute) com.android.tools.r8.graph.D2::equals@11 (line 1)
                      ; - com.android.tools.r8.internal.d20::get@57 (line 7)
                      ; - com.android.tools.r8.graph.M4::a@19 (line 9)
                      ; - com.android.tools.r8.graph.E0::a@9 (line 54)
                      ; - com.android.tools.r8.graph.R4::a@164 (line 94)
                      ; - com.android.tools.r8.graph.R4::a@30 (line 133)
                      ; - com.android.tools.r8.graph.R4$$Lambda/0x00007f214de02f78::accept@28
                      ; - com.android.tools.r8.graph.E0::a@2 (line 3)
                      ; - com.android.tools.r8.graph.R4::a@270 (line 109)
                      ; - com.android.tools.r8.graph.R4::a@29 (line 67)
  0x00007f21b5eaf368: 94bb 9bfd 

  0x00007f21b5eaf36c: ;   {other}
  0x00007f21b5eaf36c: 0f1f 8400 | dc49 0082 | bee4 ffff | ff4c 8b5c | 2450 4c89 | 5c24 104c | 8b5c 2460 | 4c89 5c24 
  0x00007f21b5eaf38c: 184c 8b5c | 2448 4c89 | 5c24 204c | 8b5c 2448 | 4c89 5c24 | 404c 8b5c | 2468 4c89 | 5c24 504c 
  0x00007f21b5eaf3ac: 8b5c 2470 | 4c89 5c24 | 6048 894c | 2468 448b | 8424 8000 | 0000 4489 | 4424 7844 | 8954 247c 
  0x00007f21b5eaf3cc: ;   {runtime_call UncommonTrapBlob}
  0x00007f21b5eaf3cc: 6666 90e8 

  0x00007f21b5eaf3d0: ; ImmutableOopMap {rbp=Oop [16]=Oop [24]=Oop [32]=Oop [64]=Oop [80]=Oop [88]=Oop [96]=Oop [104]=Oop [120]=NarrowOop [128]=NarrowOop }
                      ;*aaload {reexecute=0 rethrow=0 return_oop=0}
                      ; - com.android.tools.r8.internal.d20::get@81 (line 10)
                      ; - com.android.tools.r8.graph.M4::a@19 (line 9)
                      ; - com.android.tools.r8.graph.E0::a@9 (line 54)
                      ; - com.android.tools.r8.graph.R4::a@164 (line 94)
                      ; - com.android.tools.r8.graph.R4::a@30 (line 133)
                      ; - com.android.tools.r8.graph.R4$$Lambda/0x00007f214de02f78::accept@28
                      ; - com.android.tools.r8.graph.E0::a@2 (line 3)
                      ; - com.android.tools.r8.graph.R4::a@270 (line 109)
                      ; - com.android.tools.r8.graph.R4::a@29 (line 67)
  0x00007f21b5eaf3d0: 2cbb 9bfd 

  0x00007f21b5eaf3d4: ;   {other}
  0x00007f21b5eaf3d4: 0f1f 8400 | 444a 0083 | 498b f749 | ba80 f795 | cb21 7f00 | 0041 ffd2 

  0x00007f21b5eaf3ec: ;   {other}
  0x00007f21b5eaf3ec: 0f1f 8400 | 0000 0000 | e909 d9ff | ffbe 76ff | ffff 488b | 6c24 304c | 8b54 2450 | 4c89 5424 
  0x00007f21b5eaf40c: 104c 8b54 | 2460 4c89 | 5424 184c | 8b54 2448 | 4c89 5424 | 204c 8b54 | 2448 4c89 | 5424 404c 
  0x00007f21b5eaf42c: 8b54 2468 | 4c89 5424 | 6048 ff74 | 2470 488f | 4424 6844 | 895c 2470 | 4489 4424 

  0x00007f21b5eaf448: ;   {runtime_call UncommonTrapBlob}
  0x00007f21b5eaf448: 7866 90e8 

  0x00007f21b5eaf44c: ; ImmutableOopMap {rbp=Oop [16]=Oop [24]=Oop [32]=Oop [64]=Oop [96]=Oop [104]=Oop [112]=NarrowOop }
                      ;*if_icmpge {reexecute=1 rethrow=0 return_oop=0}
                      ; - (reexecute) com.android.tools.r8.graph.J4::a@71 (line 50)
                      ; - com.android.tools.r8.graph.E0::a@9 (line 54)
                      ; - com.android.tools.r8.graph.R4::a@164 (line 94)
                      ; - com.android.tools.r8.graph.R4::a@30 (line 133)
                      ; - com.android.tools.r8.graph.R4$$Lambda/0x00007f214de02f78::accept@28
                      ; - com.android.tools.r8.graph.E0::a@2 (line 3)
                      ; - com.android.tools.r8.graph.R4::a@270 (line 109)
                      ; - com.android.tools.r8.graph.R4::a@29 (line 67)
  0x00007f21b5eaf44c: b0ba 9bfd 

  0x00007f21b5eaf450: ;   {other}
  0x00007f21b5eaf450: 0f1f 8400 | c04a 0084 | bee4 ffff | ff4c 8b5c | 2450 4c89 | 5c24 184c | 8b5c 2460 | 4c89 5c24 
  0x00007f21b5eaf470: 204c 8b5c | 2468 4c89 

  0x00007f21b5eaf478: ;   {runtime_call UncommonTrapBlob}
  0x00007f21b5eaf478: 5c24 58e8 

  0x00007f21b5eaf47c: ; ImmutableOopMap {rbp=NarrowOop [24]=Oop [32]=Oop [48]=Oop [72]=Oop [88]=Oop [112]=Oop }
                      ;*aaload {reexecute=0 rethrow=0 return_oop=0}
                      ; - com.android.tools.r8.internal.d20::get@104 (line 11)
                      ; - com.android.tools.r8.graph.M4::a@19 (line 9)
                      ; - com.android.tools.r8.graph.E0::a@9 (line 54)
                      ; - com.android.tools.r8.graph.R4::a@164 (line 94)
                      ; - com.android.tools.r8.graph.R4::a@30 (line 133)
                      ; - com.android.tools.r8.graph.R4$$Lambda/0x00007f214de02f78::accept@28
                      ; - com.android.tools.r8.graph.E0::a@2 (line 3)
                      ; - com.android.tools.r8.graph.R4::a@270 (line 109)
                      ; - com.android.tools.r8.graph.R4::a@29 (line 67)
  0x00007f21b5eaf47c: 80ba 9bfd 

  0x00007f21b5eaf480: ;   {other}
  0x00007f21b5eaf480: 0f1f 8400 | f04a 0085 | bee4 ffff | ff4c 8b5c | 2450 4c89 | 5c24 104c | 8b5c 2460 | 4c89 5c24 
  0x00007f21b5eaf4a0: 184c 8b5c | 2448 4c89 | 5c24 204c | 8b5c 2448 | 4c89 5c24 | 404c 8b5c | 2468 4c89 | 5c24 504c 
  0x00007f21b5eaf4c0: 8b5c 2470 | 4c89 5c24 | 6048 894c | 2468 448b | 8424 8000 | 0000 4489 | 4424 7844 | 8954 247c 
  0x00007f21b5eaf4e0: ;   {runtime_call UncommonTrapBlob}
  0x00007f21b5eaf4e0: 6666 90e8 

  0x00007f21b5eaf4e4: ; ImmutableOopMap {rbp=Oop [16]=Oop [24]=Oop [32]=Oop [64]=Oop [80]=Oop [88]=Oop [96]=Oop [104]=Oop [120]=NarrowOop [128]=NarrowOop }
                      ;*aaload {reexecute=0 rethrow=0 return_oop=0}
                      ; - com.android.tools.r8.internal.d20::get@81 (line 10)
                      ; - com.android.tools.r8.graph.M4::a@19 (line 9)
                      ; - com.android.tools.r8.graph.E0::a@9 (line 54)
                      ; - com.android.tools.r8.graph.R4::a@164 (line 94)
                      ; - com.android.tools.r8.graph.R4::a@30 (line 133)
                      ; - com.android.tools.r8.graph.R4$$Lambda/0x00007f214de02f78::accept@28
                      ; - com.android.tools.r8.graph.E0::a@2 (line 3)
                      ; - com.android.tools.r8.graph.R4::a@270 (line 109)
                      ; - com.android.tools.r8.graph.R4::a@29 (line 67)
  0x00007f21b5eaf4e4: 18ba 9bfd 

  0x00007f21b5eaf4e8: ;   {other}
  0x00007f21b5eaf4e8: 0f1f 8400 | 584b 0086 | be45 ffff | ff4c 8b5c | 2450 4c89 | 5c24 184c | 8b5c 2460 | 4c89 5c24 
  0x00007f21b5eaf508: 204c 8b5c | 2468 4c89 | 5c24 584c | 8b5c 2470 | 4c89 5c24 | 6048 894c | 2468 4489 | 4424 7844 
  0x00007f21b5eaf528: 8954 247c | 4c89 8c24 | 8000 0000 | 4c89 8c24 | 8800 0000 

  0x00007f21b5eaf53c: ;   {runtime_call UncommonTrapBlob}
  0x00007f21b5eaf53c: 6666 90e8 

  0x00007f21b5eaf540: ; ImmutableOopMap {rbp=Oop [24]=Oop [32]=Oop [48]=Oop [72]=Oop [88]=Oop [96]=Oop [104]=Oop [120]=NarrowOop [128]=Oop [136]=Oop }
                      ;*if_acmpne {reexecute=1 rethrow=0 return_oop=0}
                      ; - (reexecute) com.android.tools.r8.graph.D2::equals@2
                      ; - com.android.tools.r8.internal.d20::get@93 (line 11)
                      ; - com.android.tools.r8.graph.M4::a@19 (line 9)
                      ; - com.android.tools.r8.graph.E0::a@9 (line 54)
                      ; - com.android.tools.r8.graph.R4::a@164 (line 94)
                      ; - com.android.tools.r8.graph.R4::a@30 (line 133)
                      ; - com.android.tools.r8.graph.R4$$Lambda/0x00007f214de02f78::accept@28
                      ; - com.android.tools.r8.graph.E0::a@2 (line 3)
                      ; - com.android.tools.r8.graph.R4::a@270 (line 109)
                      ; - com.android.tools.r8.graph.R4::a@29 (line 67)
  0x00007f21b5eaf540: bcb9 9bfd 

  0x00007f21b5eaf544: ;   {other}
  0x00007f21b5eaf544: 0f1f 8400 | b44b 0087 | bef6 ffff 

  0x00007f21b5eaf550: ;   {runtime_call UncommonTrapBlob}
  0x00007f21b5eaf550: ff66 90e8 

  0x00007f21b5eaf554: ; ImmutableOopMap {}
                      ;*invokevirtual getClass {reexecute=0 rethrow=0 return_oop=0}
                      ; - com.android.tools.r8.graph.D2::equals@47 (line 6)
                      ; - com.android.tools.r8.internal.d20::get@93 (line 11)
                      ; - com.android.tools.r8.graph.M4::a@19 (line 9)
                      ; - com.android.tools.r8.graph.E0::a@9 (line 54)
                      ; - com.android.tools.r8.graph.R4::a@164 (line 94)
                      ; - com.android.tools.r8.graph.R4::a@30 (line 133)
                      ; - com.android.tools.r8.graph.R4$$Lambda/0x00007f214de02f78::accept@28
                      ; - com.android.tools.r8.graph.E0::a@2 (line 3)
                      ; - com.android.tools.r8.graph.R4::a@270 (line 109)
                      ; - com.android.tools.r8.graph.R4::a@29 (line 67)
  0x00007f21b5eaf554: a8b9 9bfd 

  0x00007f21b5eaf558: ;   {other}
  0x00007f21b5eaf558: 0f1f 8400 | c84b 0088 | be45 ffff | ff4c 8b5c | 2450 4c89 | 5c24 184c | 8b5c 2460 | 4c89 5c24 
  0x00007f21b5eaf578: 204c 8b5c | 2468 4c89 | 5c24 584c | 8b5c 2470 | 4c89 5c24 | 6048 894c | 2468 4489 | 5424 7889 
  0x00007f21b5eaf598: 5c24 7c4c | 898c 2480 | 0000 004c | 898c 2488 

  0x00007f21b5eaf5a8: ;   {runtime_call UncommonTrapBlob}
  0x00007f21b5eaf5a8: 0000 00e8 

  0x00007f21b5eaf5ac: ; ImmutableOopMap {rbp=NarrowOop [24]=Oop [32]=Oop [48]=Oop [72]=Oop [88]=Oop [96]=Oop [104]=Oop [120]=NarrowOop [128]=Oop [136]=Oop }
                      ;*if_acmpne {reexecute=1 rethrow=0 return_oop=0}
                      ; - (reexecute) com.android.tools.r8.graph.D2::equals@2
                      ; - com.android.tools.r8.internal.d20::get@57 (line 7)
                      ; - com.android.tools.r8.graph.M4::a@19 (line 9)
                      ; - com.android.tools.r8.graph.E0::a@9 (line 54)
                      ; - com.android.tools.r8.graph.R4::a@164 (line 94)
                      ; - com.android.tools.r8.graph.R4::a@30 (line 133)
                      ; - com.android.tools.r8.graph.R4$$Lambda/0x00007f214de02f78::accept@28
                      ; - com.android.tools.r8.graph.E0::a@2 (line 3)
                      ; - com.android.tools.r8.graph.R4::a@270 (line 109)
                      ; - com.android.tools.r8.graph.R4::a@29 (line 67)
  0x00007f21b5eaf5ac: 50b9 9bfd 

  0x00007f21b5eaf5b0: ;   {other}
  0x00007f21b5eaf5b0: 0f1f 8400 | 204c 0089 | bef6 ffff 

  0x00007f21b5eaf5bc: ;   {runtime_call UncommonTrapBlob}
  0x00007f21b5eaf5bc: ff66 90e8 

  0x00007f21b5eaf5c0: ; ImmutableOopMap {}
                      ;*invokevirtual getClass {reexecute=0 rethrow=0 return_oop=0}
                      ; - com.android.tools.r8.graph.D2::equals@47 (line 6)
                      ; - com.android.tools.r8.internal.d20::get@57 (line 7)
                      ; - com.android.tools.r8.graph.M4::a@19 (line 9)
                      ; - com.android.tools.r8.graph.E0::a@9 (line 54)
                      ; - com.android.tools.r8.graph.R4::a@164 (line 94)
                      ; - com.android.tools.r8.graph.R4::a@30 (line 133)
                      ; - com.android.tools.r8.graph.R4$$Lambda/0x00007f214de02f78::accept@28
                      ; - com.android.tools.r8.graph.E0::a@2 (line 3)
                      ; - com.android.tools.r8.graph.R4::a@270 (line 109)
                      ; - com.android.tools.r8.graph.R4::a@29 (line 67)
  0x00007f21b5eaf5c0: 3cb9 9bfd 

  0x00007f21b5eaf5c4: ;   {other}
  0x00007f21b5eaf5c4: 0f1f 8400 | 344c 008a | 498b f749 | ba80 f795 | cb21 7f00 | 0041 ffd2 

  0x00007f21b5eaf5dc: ;   {other}
  0x00007f21b5eaf5dc: 0f1f 8400 | 0000 0000 | e92d d7ff | ffbe f6ff 

  0x00007f21b5eaf5ec: ;   {runtime_call UncommonTrapBlob}
  0x00007f21b5eaf5ec: ffff 90e8 

  0x00007f21b5eaf5f0: ; ImmutableOopMap {}
                      ;*invokevirtual getClass {reexecute=0 rethrow=0 return_oop=0}
                      ; - com.android.tools.r8.graph.D2::equals@47 (line 6)
                      ; - com.android.tools.r8.internal.d20::get@93 (line 11)
                      ; - com.android.tools.r8.graph.M4::a@19 (line 9)
                      ; - com.android.tools.r8.graph.E0::a@9 (line 54)
                      ; - com.android.tools.r8.graph.R4::a@164 (line 94)
                      ; - com.android.tools.r8.graph.R4::a@30 (line 133)
                      ; - com.android.tools.r8.graph.R4$$Lambda/0x00007f214de02f78::accept@28
                      ; - com.android.tools.r8.graph.E0::a@2 (line 3)
                      ; - com.android.tools.r8.graph.R4::a@270 (line 109)
                      ; - com.android.tools.r8.graph.R4::a@29 (line 67)
  0x00007f21b5eaf5f0: 0cb9 9bfd 

  0x00007f21b5eaf5f4: ;   {other}
  0x00007f21b5eaf5f4: 0f1f 8400 | 644c 008b | bec6 ffff | ff4c 8b54 | 2450 4c89 | 5424 104c | 8b54 2468 | 4c89 5424 
  0x00007f21b5eaf614: ;   {runtime_call UncommonTrapBlob}
  0x00007f21b5eaf614: 5866 90e8 

  0x00007f21b5eaf618: ; ImmutableOopMap {rbp=Oop [16]=Oop [56]=Oop [72]=Oop [88]=Oop [104]=Oop [112]=Oop }
                      ;*invokevirtual h0 {reexecute=0 rethrow=0 return_oop=0}
                      ; - com.android.tools.r8.graph.R4::a@8 (line 128)
                      ; - com.android.tools.r8.graph.R4$$Lambda/0x00007f214de02f78::accept@28
                      ; - com.android.tools.r8.graph.E0::a@2 (line 3)
                      ; - com.android.tools.r8.graph.R4::a@270 (line 109)
                      ; - com.android.tools.r8.graph.R4::a@29 (line 67)
  0x00007f21b5eaf618: e4b8 9bfd 

  0x00007f21b5eaf61c: ;   {other}
  0x00007f21b5eaf61c: 0f1f 8400 | 8c4c 008c | bef6 ffff 

  0x00007f21b5eaf628: ;   {runtime_call UncommonTrapBlob}
  0x00007f21b5eaf628: ff66 90e8 

  0x00007f21b5eaf62c: ; ImmutableOopMap {[96]=Oop }
                      ;*invokevirtual g {reexecute=0 rethrow=0 return_oop=0}
                      ; - com.android.tools.r8.graph.y2::a@22 (line 28)
                      ; - com.android.tools.r8.graph.J4::a@89 (line 51)
                      ; - com.android.tools.r8.graph.E0::a@9 (line 54)
                      ; - com.android.tools.r8.graph.R4::a@164 (line 94)
                      ; - com.android.tools.r8.graph.R4::a@30 (line 133)
                      ; - com.android.tools.r8.graph.R4$$Lambda/0x00007f214de02f78::accept@28
                      ; - com.android.tools.r8.graph.E0::a@2 (line 3)
                      ; - com.android.tools.r8.graph.R4::a@270 (line 109)
                      ; - com.android.tools.r8.graph.R4::a@29 (line 67)
  0x00007f21b5eaf62c: d0b8 9bfd 

  0x00007f21b5eaf630: ;   {other}
  0x00007f21b5eaf630: 0f1f 8400 | a04c 008d | bec6 ffff | ff48 8b6c | 2428 48ff | 7424 5848 | 8f44 2410 | 48ff 7424 
  0x00007f21b5eaf650: 6048 8f44 | 2418 48ff | 7424 4848 | 8f44 2428 | 48ff 7424 | 4848 8f44 | 2440 4489 | 5c24 484c 
  0x00007f21b5eaf670: 8954 2450 

  0x00007f21b5eaf674: ;   {runtime_call UncommonTrapBlob}
  0x00007f21b5eaf674: 6666 90e8 

  0x00007f21b5eaf678: ; ImmutableOopMap {rbp=Oop [16]=Oop [24]=Oop [40]=Oop [64]=Oop [72]=NarrowOop [80]=Oop }
                      ;*invokeinterface get {reexecute=0 rethrow=0 return_oop=0}
                      ; - com.android.tools.r8.graph.M4::a@19 (line 9)
                      ; - com.android.tools.r8.graph.E0::a@9 (line 54)
                      ; - com.android.tools.r8.graph.R4::a@164 (line 94)
                      ; - com.android.tools.r8.graph.R4::a@29 (line 67)
  0x00007f21b5eaf678: 84b8 9bfd 

  0x00007f21b5eaf67c: ;   {other}
  0x00007f21b5eaf67c: 0f1f 8400 | ec4c 008e | bee4 ffff | ff4c 8b54 | 2450 4c89 | 5424 184c | 8b54 2460 | 4c89 5424 
  0x00007f21b5eaf69c: 204c 8b54 | 2468 4c89 

  0x00007f21b5eaf6a4: ;   {runtime_call UncommonTrapBlob}
  0x00007f21b5eaf6a4: 5424 58e8 

  0x00007f21b5eaf6a8: ; ImmutableOopMap {rbp=NarrowOop [24]=Oop [32]=Oop [48]=Oop [72]=Oop [88]=Oop [112]=Oop }
                      ;*aaload {reexecute=0 rethrow=0 return_oop=0}
                      ; - com.android.tools.r8.internal.d20::get@68 (line 7)
                      ; - com.android.tools.r8.graph.M4::a@19 (line 9)
                      ; - com.android.tools.r8.graph.E0::a@9 (line 54)
                      ; - com.android.tools.r8.graph.R4::a@164 (line 94)
                      ; - com.android.tools.r8.graph.R4::a@30 (line 133)
                      ; - com.android.tools.r8.graph.R4$$Lambda/0x00007f214de02f78::accept@28
                      ; - com.android.tools.r8.graph.E0::a@2 (line 3)
                      ; - com.android.tools.r8.graph.R4::a@270 (line 109)
                      ; - com.android.tools.r8.graph.R4::a@29 (line 67)
  0x00007f21b5eaf6a8: 54b8 9bfd 

  0x00007f21b5eaf6ac: ;   {other}
  0x00007f21b5eaf6ac: 0f1f 8400 | 1c4d 008f | bef6 ffff 

  0x00007f21b5eaf6b8: ;   {runtime_call UncommonTrapBlob}
  0x00007f21b5eaf6b8: ff66 90e8 

  0x00007f21b5eaf6bc: ; ImmutableOopMap {}
                      ;*invokevirtual getClass {reexecute=0 rethrow=0 return_oop=0}
                      ; - com.android.tools.r8.graph.D2::equals@47 (line 6)
                      ; - com.android.tools.r8.internal.d20::get@57 (line 7)
                      ; - com.android.tools.r8.graph.M4::a@19 (line 9)
                      ; - com.android.tools.r8.graph.E0::a@9 (line 54)
                      ; - com.android.tools.r8.graph.R4::a@164 (line 94)
                      ; - com.android.tools.r8.graph.R4::a@30 (line 133)
                      ; - com.android.tools.r8.graph.R4$$Lambda/0x00007f214de02f78::accept@28
                      ; - com.android.tools.r8.graph.E0::a@2 (line 3)
                      ; - com.android.tools.r8.graph.R4::a@270 (line 109)
                      ; - com.android.tools.r8.graph.R4::a@29 (line 67)
  0x00007f21b5eaf6bc: 40b8 9bfd 

  0x00007f21b5eaf6c0: ;   {other}
  0x00007f21b5eaf6c0: 0f1f 8400 | 304d 0090 | bee4 ffff | ff4c 8b5c | 2450 4c89 | 5c24 184c | 8b5c 2460 | 4c89 5c24 
  0x00007f21b5eaf6e0: 204c 8b5c | 2468 4c89 

  0x00007f21b5eaf6e8: ;   {runtime_call UncommonTrapBlob}
  0x00007f21b5eaf6e8: 5c24 58e8 

  0x00007f21b5eaf6ec: ; ImmutableOopMap {rbp=NarrowOop [24]=Oop [32]=Oop [48]=Oop [72]=Oop [88]=Oop [112]=Oop }
                      ;*aaload {reexecute=0 rethrow=0 return_oop=0}
                      ; - com.android.tools.r8.internal.d20::get@68 (line 7)
                      ; - com.android.tools.r8.graph.M4::a@19 (line 9)
                      ; - com.android.tools.r8.graph.E0::a@9 (line 54)
                      ; - com.android.tools.r8.graph.R4::a@164 (line 94)
                      ; - com.android.tools.r8.graph.R4::a@30 (line 133)
                      ; - com.android.tools.r8.graph.R4$$Lambda/0x00007f214de02f78::accept@28
                      ; - com.android.tools.r8.graph.E0::a@2 (line 3)
                      ; - com.android.tools.r8.graph.R4::a@270 (line 109)
                      ; - com.android.tools.r8.graph.R4::a@29 (line 67)
  0x00007f21b5eaf6ec: 10b8 9bfd 

  0x00007f21b5eaf6f0: ;   {other}
  0x00007f21b5eaf6f0: 0f1f 8400 | 604d 0091 | 498b f749 | ba80 f795 | cb21 7f00 | 0041 ffd2 

  0x00007f21b5eaf708: ;   {other}
  0x00007f21b5eaf708: 0f1f 8400 | 0000 0000 | e920 d6ff | ffbe 45ff | ffff 4c8b | 5424 304c | 8954 2408 | 4c8b 5424 
  0x00007f21b5eaf728: 384c 8954 | 2418 4c8b | 5424 404c | 8954 2420 | 4c8b 5424 | 484c 8954 | 2428 4c8b | 5424 604c 
  0x00007f21b5eaf748: 8954 2438 | 4c8b 5424 | 504c 8954 | 2440 4c89 | 6c24 5048 | 8944 2458 

  0x00007f21b5eaf760: ;   {runtime_call UncommonTrapBlob}
  0x00007f21b5eaf760: 6666 90e8 

  0x00007f21b5eaf764: ; ImmutableOopMap {rbp=NarrowOop [8]=Oop [24]=Oop [32]=Oop [40]=Oop [56]=Oop [64]=Oop [80]=Oop [88]=Oop [96]=Oop }
                      ;*ifnonnull {reexecute=1 rethrow=0 return_oop=0}
                      ; - (reexecute) com.android.tools.r8.graph.T4::a@4 (line 2)
                      ; - com.android.tools.r8.graph.R4::a@41 (line 136)
                      ; - com.android.tools.r8.graph.R4$$Lambda/0x00007f214de02f78::accept@28
                      ; - com.android.tools.r8.graph.E0::a@2 (line 3)
                      ; - com.android.tools.r8.graph.R4::a@270 (line 109)
                      ; - com.android.tools.r8.graph.R4::a@30 (line 133)
                      ; - com.android.tools.r8.graph.R4$$Lambda/0x00007f214de02f78::accept@28
                      ; - com.android.tools.r8.graph.E0::a@2 (line 3)
                      ; - com.android.tools.r8.graph.R4::a@270 (line 109)
                      ; - com.android.tools.r8.graph.R4::a@29 (line 67)
  0x00007f21b5eaf764: 98b7 9bfd 

  0x00007f21b5eaf768: ;   {other}
  0x00007f21b5eaf768: 0f1f 8400 | d84d 0092 | 498b f749 | ba80 f795 | cb21 7f00 | 0041 ffd2 

  0x00007f21b5eaf780: ;   {other}
  0x00007f21b5eaf780: 0f1f 8400 | 0000 0000 | e9ef d7ff | ffbe c6ff | ffff 4c8b | 5c24 484c | 895c 2420 | 4c8b 5c24 
  0x00007f21b5eaf7a0: 384c 895c | 2430 4c8b | 5c24 404c | 895c 2438 | 4c8b 5c24 | 484c 895c | 2440 4c89 

  0x00007f21b5eaf7bc: ;   {runtime_call UncommonTrapBlob}
  0x00007f21b5eaf7bc: 5424 68e8 

  0x00007f21b5eaf7c0: ; ImmutableOopMap {rbp=Oop [32]=Oop [48]=Oop [56]=Oop [64]=Oop [80]=Oop [88]=Oop [96]=Oop [104]=Oop }
                      ;*invokeinterface a {reexecute=0 rethrow=0 return_oop=0}
                      ; - com.android.tools.r8.graph.R4::a@270 (line 109)
                      ; - com.android.tools.r8.graph.R4::a@30 (line 133)
                      ; - com.android.tools.r8.graph.R4$$Lambda/0x00007f214de02f78::accept@28
                      ; - com.android.tools.r8.graph.E0::a@2 (line 3)
                      ; - com.android.tools.r8.graph.R4::a@270 (line 109)
                      ; - com.android.tools.r8.graph.R4::a@29 (line 67)
  0x00007f21b5eaf7c0: 3cb7 9bfd 

  0x00007f21b5eaf7c4: ;   {other}
  0x00007f21b5eaf7c4: 0f1f 8400 | 344e 0093 | bec6 ffff | ff4c 8b5c | 2450 4c89 | 5c24 104c | 8b5c 2460 | 4c89 5c24 
  0x00007f21b5eaf7e4: 184c 8b5c | 2448 4c89 | 5c24 204c | 8b5c 2448 | 4c89 5c24 | 404c 8b5c | 2468 4c89 | 5c24 504c 
  0x00007f21b5eaf804: 8954 2478 

  0x00007f21b5eaf808: ;   {runtime_call UncommonTrapBlob}
  0x00007f21b5eaf808: 6666 90e8 

  0x00007f21b5eaf80c: ; ImmutableOopMap {rbp=Oop [16]=Oop [24]=Oop [32]=Oop [64]=Oop [80]=Oop [88]=Oop [112]=Oop [120]=Oop }
                      ;*invokeinterface a {reexecute=0 rethrow=0 return_oop=0}
                      ; - com.android.tools.r8.graph.R4::a@270 (line 109)
                      ; - com.android.tools.r8.graph.R4::a@30 (line 133)
                      ; - com.android.tools.r8.graph.R4$$Lambda/0x00007f214de02f78::accept@28
                      ; - com.android.tools.r8.graph.E0::a@2 (line 3)
                      ; - com.android.tools.r8.graph.R4::a@270 (line 109)
                      ; - com.android.tools.r8.graph.R4::a@29 (line 67)
  0x00007f21b5eaf80c: f0b6 9bfd 

  0x00007f21b5eaf810: ;   {other}
  0x00007f21b5eaf810: 0f1f 8400 | 804e 0094 | be45 ffff | ff4c 8b54 | 2430 4c89 | 5424 084c | 8b54 2438 | 4c89 5424 
  0x00007f21b5eaf830: 184c 8b54 | 2440 4c89 | 5424 204c | 8b54 2448 | 4c89 5424 | 284c 8b54 | 2460 4c89 | 5424 384c 
  0x00007f21b5eaf850: 8b54 2450 | 4c89 5424 | 404c 896c | 2450 4889 

  0x00007f21b5eaf860: ;   {runtime_call UncommonTrapBlob}
  0x00007f21b5eaf860: 4424 58e8 

  0x00007f21b5eaf864: ; ImmutableOopMap {rbp=NarrowOop [8]=Oop [24]=Oop [32]=Oop [40]=Oop [56]=Oop [64]=Oop [80]=Oop [88]=Oop [96]=Oop }
                      ;*ifnonnull {reexecute=1 rethrow=0 return_oop=0}
                      ; - (reexecute) com.android.tools.r8.graph.T4::a@4 (line 2)
                      ; - com.android.tools.r8.graph.R4::a@41 (line 136)
                      ; - com.android.tools.r8.graph.R4$$Lambda/0x00007f214de02f78::accept@28
                      ; - com.android.tools.r8.graph.E0::a@2 (line 3)
                      ; - com.android.tools.r8.graph.R4::a@270 (line 109)
                      ; - com.android.tools.r8.graph.R4::a@30 (line 133)
                      ; - com.android.tools.r8.graph.R4$$Lambda/0x00007f214de02f78::accept@28
                      ; - com.android.tools.r8.graph.E0::a@2 (line 3)
                      ; - com.android.tools.r8.graph.R4::a@270 (line 109)
                      ; - com.android.tools.r8.graph.R4::a@29 (line 67)
  0x00007f21b5eaf864: 98b6 9bfd 

  0x00007f21b5eaf868: ;   {other}
  0x00007f21b5eaf868: 0f1f 8400 | d84e 0095 | 498b f749 | ba80 f795 | cb21 7f00 | 0041 ffd2 

  0x00007f21b5eaf880: ;   {other}
  0x00007f21b5eaf880: 0f1f 8400 | 0000 0000 | e91f d6ff | ffbe 45ff | ffff 4c8b | 5424 304c | 8954 2408 | 4c8b 5424 
  0x00007f21b5eaf8a0: 504c 8954 | 2418 4c8b | 5424 484c | 8954 2428 | 4c8b 5424 | 404c 8954 | 2438 4c8b | 5424 584c 
  0x00007f21b5eaf8c0: 8954 2440 | 4c89 6c24 | 5048 8944 

  0x00007f21b5eaf8cc: ;   {runtime_call UncommonTrapBlob}
  0x00007f21b5eaf8cc: 2458 90e8 

  0x00007f21b5eaf8d0: ; ImmutableOopMap {rbp=NarrowOop [8]=Oop [24]=Oop [40]=Oop [56]=Oop [64]=Oop [80]=Oop [88]=Oop [96]=Oop [104]=Oop [112]=Oop }
                      ;*ifnonnull {reexecute=1 rethrow=0 return_oop=0}
                      ; - (reexecute) com.android.tools.r8.graph.T4::a@4 (line 2)
                      ; - com.android.tools.r8.graph.R4::a@41 (line 136)
                      ; - com.android.tools.r8.graph.R4$$Lambda/0x00007f214de02f78::accept@28
                      ; - com.android.tools.r8.graph.E0::a@2 (line 3)
                      ; - com.android.tools.r8.graph.R4::a@270 (line 109)
                      ; - com.android.tools.r8.graph.R4::a@30 (line 133)
                      ; - com.android.tools.r8.graph.R4$$Lambda/0x00007f214de02f78::accept@28
                      ; - com.android.tools.r8.graph.E0::a@2 (line 3)
                      ; - com.android.tools.r8.graph.R4::a@270 (line 109)
                      ; - com.android.tools.r8.graph.R4::a@29 (line 67)
  0x00007f21b5eaf8d0: 2cb6 9bfd 

  0x00007f21b5eaf8d4: ;   {other}
  0x00007f21b5eaf8d4: 0f1f 8400 | 444f 0096 | 498b f749 | ba80 f795 | cb21 7f00 | 0041 ffd2 

  0x00007f21b5eaf8ec: ;   {other}
  0x00007f21b5eaf8ec: 0f1f 8400 | 0000 0000 | e9b3 d9ff | ffbe 45ff | ffff 4c8b | 5424 104c | 8954 2408 | 4c8b 5424 
  0x00007f21b5eaf90c: 504c 8954 | 2418 4c8b | 5424 484c | 8954 2428 | 4c8b 5424 | 404c 8954 | 2438 4c8b | 5424 584c 
  0x00007f21b5eaf92c: 8954 2440 | 4c89 6c24 | 5048 8944 

  0x00007f21b5eaf938: ;   {runtime_call UncommonTrapBlob}
  0x00007f21b5eaf938: 2458 90e8 

  0x00007f21b5eaf93c: ; ImmutableOopMap {rbp=NarrowOop [8]=Oop [24]=Oop [40]=Oop [56]=Oop [64]=Oop [80]=Oop [88]=Oop [96]=Oop [104]=Oop [112]=Oop }
                      ;*ifnonnull {reexecute=1 rethrow=0 return_oop=0}
                      ; - (reexecute) com.android.tools.r8.graph.T4::a@4 (line 2)
                      ; - com.android.tools.r8.graph.R4::a@41 (line 136)
                      ; - com.android.tools.r8.graph.R4$$Lambda/0x00007f214de02f78::accept@28
                      ; - com.android.tools.r8.graph.E0::a@2 (line 3)
                      ; - com.android.tools.r8.graph.R4::a@270 (line 109)
                      ; - com.android.tools.r8.graph.R4::a@30 (line 133)
                      ; - com.android.tools.r8.graph.R4$$Lambda/0x00007f214de02f78::accept@28
                      ; - com.android.tools.r8.graph.E0::a@2 (line 3)
                      ; - com.android.tools.r8.graph.R4::a@270 (line 109)
                      ; - com.android.tools.r8.graph.R4::a@29 (line 67)
  0x00007f21b5eaf93c: c0b5 9bfd 

  0x00007f21b5eaf940: ;   {other}
  0x00007f21b5eaf940: 0f1f 8400 | b04f 0097 | 498b f749 | ba80 f795 | cb21 7f00 | 0041 ffd2 

  0x00007f21b5eaf958: ;   {other}
  0x00007f21b5eaf958: 0f1f 8400 | 0000 0000 | e9e7 d9ff | ffbe c6ff | ffff 488b | 6c24 304c | 8b54 2450 | 4c89 5424 
  0x00007f21b5eaf978: 104c 8b54 | 2460 4c89 | 5424 184c | 8b54 2448 | 4c89 5424 | 204c 8b54 | 2448 4c89 | 5424 404c 
  0x00007f21b5eaf998: 8b54 2468 | 4c89 5424 | 5044 895c 

  0x00007f21b5eaf9a4: ;   {runtime_call UncommonTrapBlob}
  0x00007f21b5eaf9a4: 2468 90e8 

  0x00007f21b5eaf9a8: ; ImmutableOopMap {rbp=Oop [16]=Oop [24]=Oop [32]=Oop [64]=Oop [80]=Oop [88]=Oop [104]=NarrowOop [112]=Oop }
                      ;*invokeinterface get {reexecute=0 rethrow=0 return_oop=0}
                      ; - com.android.tools.r8.graph.M4::a@19 (line 9)
                      ; - com.android.tools.r8.graph.E0::a@9 (line 54)
                      ; - com.android.tools.r8.graph.R4::a@164 (line 94)
                      ; - com.android.tools.r8.graph.R4::a@30 (line 133)
                      ; - com.android.tools.r8.graph.R4$$Lambda/0x00007f214de02f78::accept@28
                      ; - com.android.tools.r8.graph.E0::a@2 (line 3)
                      ; - com.android.tools.r8.graph.R4::a@270 (line 109)
                      ; - com.android.tools.r8.graph.R4::a@29 (line 67)
  0x00007f21b5eaf9a8: 54b5 9bfd 

  0x00007f21b5eaf9ac: ;   {other}
  0x00007f21b5eaf9ac: 0f1f 8400 | 1c50 0098 | 498b f749 | ba80 f795 | cb21 7f00 | 0041 ffd2 

  0x00007f21b5eaf9c4: ;   {other}
  0x00007f21b5eaf9c4: 0f1f 8400 | 0000 0000 | e945 dfff | ffbe c6ff | ffff 488b | 6c24 304c | 8b44 2450 | 4c89 4424 
  0x00007f21b5eaf9e4: 104c 8b44 | 2460 4c89 | 4424 184c | 8b44 2448 | 4c89 4424 | 204c 8b44 | 2448 4c89 | 4424 404c 
  0x00007f21b5eafa04: 8b44 2468 | 4c89 4424 | 5044 8954 | 2460 4c89 

  0x00007f21b5eafa14: ;   {runtime_call UncommonTrapBlob}
  0x00007f21b5eafa14: 5c24 68e8 

  0x00007f21b5eafa18: ; ImmutableOopMap {rbp=Oop [16]=Oop [24]=Oop [32]=Oop [64]=Oop [80]=Oop [96]=NarrowOop [104]=Oop [112]=Oop }
                      ;*invokeinterface get {reexecute=0 rethrow=0 return_oop=0}
                      ; - com.android.tools.r8.graph.M4::a@19 (line 9)
                      ; - com.android.tools.r8.graph.E0::a@9 (line 54)
                      ; - com.android.tools.r8.graph.R4::a@164 (line 94)
                      ; - com.android.tools.r8.graph.R4::a@30 (line 133)
                      ; - com.android.tools.r8.graph.R4$$Lambda/0x00007f214de02f78::accept@28
                      ; - com.android.tools.r8.graph.E0::a@2 (line 3)
                      ; - com.android.tools.r8.graph.R4::a@270 (line 109)
                      ; - com.android.tools.r8.graph.R4::a@29 (line 67)
  0x00007f21b5eafa18: e4b4 9bfd 

  0x00007f21b5eafa1c: ;   {other}
  0x00007f21b5eafa1c: 0f1f 8400 | 8c50 0099 | bede ffff | ff48 ff74 | 2448 488f | 4424 1048 | ff74 2458 | 488f 4424 
  0x00007f21b5eafa3c: 1848 ff74 | 2460 488f | 4424 2044 | 8954 2460 | 4489 5c24 | 6444 894c | 2468 4489 | 4424 6c89 
  0x00007f21b5eafa5c: ;   {runtime_call UncommonTrapBlob}
  0x00007f21b5eafa5c: 5c24 70e8 

  0x00007f21b5eafa60: ; ImmutableOopMap {rbp=Oop [16]=Oop [24]=Oop [32]=Oop [40]=Oop [96]=NarrowOop [108]=NarrowOop [112]=NarrowOop }
                      ;*checkcast {reexecute=0 rethrow=0 return_oop=0}
                      ; - com.android.tools.r8.graph.J4::a@29 (line 48)
                      ; - com.android.tools.r8.graph.E0::a@9 (line 54)
                      ; - com.android.tools.r8.graph.R4::a@164 (line 94)
                      ; - com.android.tools.r8.graph.R4::a@29 (line 67)
  0x00007f21b5eafa60: 9cb4 9bfd 

  0x00007f21b5eafa64: ;   {other}
  0x00007f21b5eafa64: 0f1f 8400 | d450 009a | bede ffff | ff48 ff74 | 2448 488f | 4424 1048 | ff74 2458 | 488f 4424 
  0x00007f21b5eafa84: 1848 ff74 | 2460 488f | 4424 2044 | 894c 2450 | 4489 5424 | 5444 8944 | 2468 4489 

  0x00007f21b5eafaa0: ;   {runtime_call UncommonTrapBlob}
  0x00007f21b5eafaa0: 5c24 6ce8 

  0x00007f21b5eafaa4: ; ImmutableOopMap {[16]=Oop [24]=Oop [32]=Oop [40]=Oop [80]=NarrowOop [104]=NarrowOop [108]=NarrowOop }
                      ;*checkcast {reexecute=0 rethrow=0 return_oop=0}
                      ; - com.android.tools.r8.graph.J4::a@84 (line 51)
                      ; - com.android.tools.r8.graph.E0::a@9 (line 54)
                      ; - com.android.tools.r8.graph.R4::a@164 (line 94)
                      ; - com.android.tools.r8.graph.R4::a@29 (line 67)
  0x00007f21b5eafaa4: 58b4 9bfd 

  0x00007f21b5eafaa8: ;   {other}
  0x00007f21b5eafaa8: 0f1f 8400 | 1851 009b | bede ffff | ff4c 8b54 | 2450 4c89 | 5424 184c | 8b54 2460 | 4c89 5424 
  0x00007f21b5eafac8: 2048 8944 | 2478 4489 | 9c24 8000 | 0000 4489 | ac24 8400 | 0000 4489 | 8c24 8800 | 0000 4489 
  0x00007f21b5eafae8: 8424 8c00 

  0x00007f21b5eafaec: ;   {runtime_call UncommonTrapBlob}
  0x00007f21b5eafaec: 0000 90e8 

  0x00007f21b5eafaf0: ; ImmutableOopMap {rbp=NarrowOop [24]=Oop [32]=Oop [48]=Oop [72]=Oop [104]=Oop [112]=Oop [120]=Oop [128]=NarrowOop [140]=NarrowOop }
                      ;*checkcast {reexecute=0 rethrow=0 return_oop=0}
                      ; - com.android.tools.r8.graph.J4::a@29 (line 48)
                      ; - com.android.tools.r8.graph.E0::a@9 (line 54)
                      ; - com.android.tools.r8.graph.R4::a@164 (line 94)
                      ; - com.android.tools.r8.graph.R4::a@30 (line 133)
                      ; - com.android.tools.r8.graph.R4$$Lambda/0x00007f214de02f78::accept@28
                      ; - com.android.tools.r8.graph.E0::a@2 (line 3)
                      ; - com.android.tools.r8.graph.R4::a@270 (line 109)
                      ; - com.android.tools.r8.graph.R4::a@29 (line 67)
  0x00007f21b5eafaf0: 0cb4 9bfd 

  0x00007f21b5eafaf4: ;   {other}
  0x00007f21b5eafaf4: 0f1f 8400 | 6451 009c | bede ffff | ff4c 8b54 | 2450 4c89 | 5424 184c | 8b54 2460 | 4c89 5424 
  0x00007f21b5eafb14: 2044 895c | 2478 8954 | 247c 4489 | 8c24 8000 | 0000 4489 | 8424 8400 

  0x00007f21b5eafb2c: ;   {runtime_call UncommonTrapBlob}
  0x00007f21b5eafb2c: 0000 90e8 

  0x00007f21b5eafb30: ; ImmutableOopMap {rbp=NarrowOop [24]=Oop [32]=Oop [48]=Oop [72]=Oop [104]=Oop [112]=Oop [120]=NarrowOop [132]=NarrowOop }
                      ;*checkcast {reexecute=0 rethrow=0 return_oop=0}
                      ; - com.android.tools.r8.graph.J4::a@84 (line 51)
                      ; - com.android.tools.r8.graph.E0::a@9 (line 54)
                      ; - com.android.tools.r8.graph.R4::a@164 (line 94)
                      ; - com.android.tools.r8.graph.R4::a@30 (line 133)
                      ; - com.android.tools.r8.graph.R4$$Lambda/0x00007f214de02f78::accept@28
                      ; - com.android.tools.r8.graph.E0::a@2 (line 3)
                      ; - com.android.tools.r8.graph.R4::a@270 (line 109)
                      ; - com.android.tools.r8.graph.R4::a@29 (line 67)
  0x00007f21b5eafb30: ccb3 9bfd 

  0x00007f21b5eafb34: ;   {other}
  0x00007f21b5eafb34: 0f1f 8400 | a451 009d | bede ffff | ff48 8b6c | 2428 4c8b | 5c24 584c | 895c 2410 | 4c8b 5c24 
  0x00007f21b5eafb54: 604c 895c | 2418 4c8b | 5c24 484c | 895c 2428 | 4c8b 5c24 | 484c 895c | 2440 4c89 

  0x00007f21b5eafb70: ;   {runtime_call UncommonTrapBlob}
  0x00007f21b5eafb70: 5424 48e8 

  0x00007f21b5eafb74: ; ImmutableOopMap {rbp=Oop [16]=Oop [24]=Oop [40]=Oop [64]=Oop [72]=Oop }
                      ;*checkcast {reexecute=0 rethrow=0 return_oop=0}
                      ; - com.android.tools.r8.graph.M4::a@24 (line 9)
                      ; - com.android.tools.r8.graph.E0::a@9 (line 54)
                      ; - com.android.tools.r8.graph.R4::a@164 (line 94)
                      ; - com.android.tools.r8.graph.R4::a@29 (line 67)
  0x00007f21b5eafb74: 88b3 9bfd 

  0x00007f21b5eafb78: ;   {other}
  0x00007f21b5eafb78: 0f1f 8400 | e851 009e | bede ffff | ff4c 8b54 | 2450 4c89 | 5424 184c | 8b54 2460 | 4c89 5424 
  0x00007f21b5eafb98: 204c 8b54 | 2468 4c89 

  0x00007f21b5eafba0: ;   {runtime_call UncommonTrapBlob}
  0x00007f21b5eafba0: 5424 58e8 

  0x00007f21b5eafba4: ; ImmutableOopMap {rbp=Oop [24]=Oop [32]=Oop [48]=Oop [72]=Oop [88]=Oop [104]=Oop [112]=Oop }
                      ;*checkcast {reexecute=0 rethrow=0 return_oop=0}
                      ; - com.android.tools.r8.graph.M4::a@24 (line 9)
                      ; - com.android.tools.r8.graph.E0::a@9 (line 54)
                      ; - com.android.tools.r8.graph.R4::a@164 (line 94)
                      ; - com.android.tools.r8.graph.R4::a@30 (line 133)
                      ; - com.android.tools.r8.graph.R4$$Lambda/0x00007f214de02f78::accept@28
                      ; - com.android.tools.r8.graph.E0::a@2 (line 3)
                      ; - com.android.tools.r8.graph.R4::a@270 (line 109)
                      ; - com.android.tools.r8.graph.R4::a@29 (line 67)
  0x00007f21b5eafba4: 58b3 9bfd 

  0x00007f21b5eafba8: ;   {other}
  0x00007f21b5eafba8: 0f1f 8400 | 1852 009f | bef6 ffff 

  0x00007f21b5eafbb4: ;   {runtime_call UncommonTrapBlob}
  0x00007f21b5eafbb4: ff66 90e8 

  0x00007f21b5eafbb8: ; ImmutableOopMap {}
                      ;*invokevirtual H0 {reexecute=0 rethrow=0 return_oop=0}
                      ; - com.android.tools.r8.graph.J4::a@26 (line 48)
                      ; - com.android.tools.r8.graph.E0::a@9 (line 54)
                      ; - com.android.tools.r8.graph.R4::a@164 (line 94)
                      ; - com.android.tools.r8.graph.R4::a@29 (line 67)
  0x00007f21b5eafbb8: 44b3 9bfd 

  0x00007f21b5eafbbc: ;   {other}
  0x00007f21b5eafbbc: 0f1f 8400 | 2c52 00a0 | bef4 ffff | ff48 ff74 | 2448 488f | 4424 1048 | ff74 2458 | 488f 4424 
  0x00007f21b5eafbdc: 1848 ff74 | 2460 488f | 4424 2044 | 8954 2460 | 4489 5c24 | 6444 894c | 2468 4489 

  0x00007f21b5eafbf8: ;   {runtime_call UncommonTrapBlob}
  0x00007f21b5eafbf8: 4424 6ce8 

  0x00007f21b5eafbfc: ; ImmutableOopMap {rbp=Oop [16]=Oop [24]=Oop [32]=Oop [40]=Oop [96]=NarrowOop [108]=NarrowOop }
                      ;*checkcast {reexecute=0 rethrow=0 return_oop=0}
                      ; - com.android.tools.r8.graph.J4::a@29 (line 48)
                      ; - com.android.tools.r8.graph.E0::a@9 (line 54)
                      ; - com.android.tools.r8.graph.R4::a@164 (line 94)
                      ; - com.android.tools.r8.graph.R4::a@29 (line 67)
  0x00007f21b5eafbfc: 00b3 9bfd 

  0x00007f21b5eafc00: ;   {other}
  0x00007f21b5eafc00: 0f1f 8400 | 7052 00a1 | bef6 ffff 

  0x00007f21b5eafc0c: ;   {runtime_call UncommonTrapBlob}
  0x00007f21b5eafc0c: ff66 90e8 

  0x00007f21b5eafc10: ; ImmutableOopMap {}
                      ;*getfield e {reexecute=1 rethrow=0 return_oop=0}
                      ; - (reexecute) com.android.tools.r8.graph.R4::a@7 (line 79)
                      ; - com.android.tools.r8.graph.R4::a@29 (line 67)
  0x00007f21b5eafc10: ecb2 9bfd 

  0x00007f21b5eafc14: ;   {other}
  0x00007f21b5eafc14: 0f1f 8400 | 8452 00a2 | bef6 ffff 

  0x00007f21b5eafc20: ;   {runtime_call UncommonTrapBlob}
  0x00007f21b5eafc20: ff66 90e8 

  0x00007f21b5eafc24: ; ImmutableOopMap {}
                      ;*getfield J2 {reexecute=1 rethrow=0 return_oop=0}
                      ; - (reexecute) com.android.tools.r8.graph.R4::a@12 (line 79)
                      ; - com.android.tools.r8.graph.R4::a@29 (line 67)
  0x00007f21b5eafc24: d8b2 9bfd 

  0x00007f21b5eafc28: ;   {other}
  0x00007f21b5eafc28: 0f1f 8400 | 9852 00a3 | bef6 ffff 

  0x00007f21b5eafc34: ;   {runtime_call UncommonTrapBlob}
  0x00007f21b5eafc34: ff66 90e8 

  0x00007f21b5eafc38: ; ImmutableOopMap {}
                      ;*getfield b {reexecute=1 rethrow=0 return_oop=0}
                      ; - (reexecute) com.android.tools.r8.graph.E0::a@4 (line 53)
                      ; - com.android.tools.r8.graph.R4::a@164 (line 94)
                      ; - com.android.tools.r8.graph.R4::a@29 (line 67)
  0x00007f21b5eafc38: c4b2 9bfd 

  0x00007f21b5eafc3c: ;   {other}
  0x00007f21b5eafc3c: 0f1f 8400 | ac52 00a4 | bef6 ffff | ff48 8b6c 

  0x00007f21b5eafc4c: ;   {runtime_call UncommonTrapBlob}
  0x00007f21b5eafc4c: 2458 90e8 

  0x00007f21b5eafc50: ; ImmutableOopMap {rbp=Oop [96]=Oop }
                      ;*invokevirtual a {reexecute=0 rethrow=0 return_oop=0}
                      ; - com.android.tools.r8.graph.E0::a@9 (line 54)
                      ; - com.android.tools.r8.graph.R4::a@164 (line 94)
                      ; - com.android.tools.r8.graph.R4::a@29 (line 67)
  0x00007f21b5eafc50: acb2 9bfd 

  0x00007f21b5eafc54: ;   {other}
  0x00007f21b5eafc54: 0f1f 8400 | c452 00a5 | bef6 ffff 

  0x00007f21b5eafc60: ;   {runtime_call UncommonTrapBlob}
  0x00007f21b5eafc60: ff66 90e8 

  0x00007f21b5eafc64: ; ImmutableOopMap {}
                      ;*invokevirtual H0 {reexecute=0 rethrow=0 return_oop=0}
                      ; - com.android.tools.r8.graph.J4::a@81 (line 51)
                      ; - com.android.tools.r8.graph.E0::a@9 (line 54)
                      ; - com.android.tools.r8.graph.R4::a@164 (line 94)
                      ; - com.android.tools.r8.graph.R4::a@29 (line 67)
  0x00007f21b5eafc64: 98b2 9bfd 

  0x00007f21b5eafc68: ;   {other}
  0x00007f21b5eafc68: 0f1f 8400 | d852 00a6 | bef4 ffff | ff48 ff74 | 2448 488f | 4424 1048 | ff74 2458 | 488f 4424 
  0x00007f21b5eafc88: 1848 ff74 | 2460 488f | 4424 2044 | 894c 2450 | 4489 5424 | 5444 8944 

  0x00007f21b5eafca0: ;   {runtime_call UncommonTrapBlob}
  0x00007f21b5eafca0: 2468 90e8 

  0x00007f21b5eafca4: ; ImmutableOopMap {[16]=Oop [24]=Oop [32]=Oop [40]=Oop [80]=NarrowOop [104]=NarrowOop }
                      ;*checkcast {reexecute=0 rethrow=0 return_oop=0}
                      ; - com.android.tools.r8.graph.J4::a@84 (line 51)
                      ; - com.android.tools.r8.graph.E0::a@9 (line 54)
                      ; - com.android.tools.r8.graph.R4::a@164 (line 94)
                      ; - com.android.tools.r8.graph.R4::a@29 (line 67)
  0x00007f21b5eafca4: 58b2 9bfd 

  0x00007f21b5eafca8: ;   {other}
  0x00007f21b5eafca8: 0f1f 8400 | 1853 00a7 | bef6 ffff 

  0x00007f21b5eafcb4: ;   {runtime_call UncommonTrapBlob}
  0x00007f21b5eafcb4: ff66 90e8 

  0x00007f21b5eafcb8: ; ImmutableOopMap {}
                      ;*arraylength {reexecute=0 rethrow=0 return_oop=0}
                      ; - com.android.tools.r8.graph.J4::a@6 (line 47)
                      ; - com.android.tools.r8.graph.E0::a@9 (line 54)
                      ; - com.android.tools.r8.graph.R4::a@164 (line 94)
                      ; - com.android.tools.r8.graph.R4::a@29 (line 67)
  0x00007f21b5eafcb8: 44b2 9bfd 

  0x00007f21b5eafcbc: ;   {other}
  0x00007f21b5eafcbc: 0f1f 8400 | 2c53 00a8 | bef6 ffff | ff49 8bea 

  0x00007f21b5eafccc: ;   {runtime_call UncommonTrapBlob}
  0x00007f21b5eafccc: 6666 90e8 

  0x00007f21b5eafcd0: ; ImmutableOopMap {rbp=Oop }
                      ;*invokeinterface get {reexecute=0 rethrow=0 return_oop=0}
                      ; - com.android.tools.r8.graph.M4::a@19 (line 9)
                      ; - com.android.tools.r8.graph.E0::a@9 (line 54)
                      ; - com.android.tools.r8.graph.R4::a@164 (line 94)
                      ; - com.android.tools.r8.graph.R4::a@29 (line 67)
  0x00007f21b5eafcd0: 2cb2 9bfd 

  0x00007f21b5eafcd4: ;   {other}
  0x00007f21b5eafcd4: 0f1f 8400 | 4453 00a9 | bef6 ffff | ff41 8be8 

  0x00007f21b5eafce4: ;   {runtime_call UncommonTrapBlob}
  0x00007f21b5eafce4: 6666 90e8 

  0x00007f21b5eafce8: ; ImmutableOopMap {}
                      ;*aaload {reexecute=0 rethrow=0 return_oop=0}
                      ; - com.android.tools.r8.internal.d20::get@45 (line 6)
                      ; - com.android.tools.r8.graph.M4::a@19 (line 9)
                      ; - com.android.tools.r8.graph.E0::a@9 (line 54)
                      ; - com.android.tools.r8.graph.R4::a@164 (line 94)
                      ; - com.android.tools.r8.graph.R4::a@29 (line 67)
  0x00007f21b5eafce8: 14b2 9bfd 

  0x00007f21b5eafcec: ;   {other}
  0x00007f21b5eafcec: 0f1f 8400 | 5c53 00aa | bef6 ffff 

  0x00007f21b5eafcf8: ;   {runtime_call UncommonTrapBlob}
  0x00007f21b5eafcf8: ff66 90e8 

  0x00007f21b5eafcfc: ; ImmutableOopMap {}
                      ;*arraylength {reexecute=0 rethrow=0 return_oop=0}
                      ; - com.android.tools.r8.graph.J4::a@63 (line 50)
                      ; - com.android.tools.r8.graph.E0::a@9 (line 54)
                      ; - com.android.tools.r8.graph.R4::a@164 (line 94)
                      ; - com.android.tools.r8.graph.R4::a@29 (line 67)
  0x00007f21b5eafcfc: 00b2 9bfd 

  0x00007f21b5eafd00: ;   {other}
  0x00007f21b5eafd00: 0f1f 8400 | 7053 00ab | bef6 ffff 

  0x00007f21b5eafd0c: ;   {runtime_call UncommonTrapBlob}
  0x00007f21b5eafd0c: ff66 90e8 

  0x00007f21b5eafd10: ; ImmutableOopMap {}
                      ;*aaload {reexecute=0 rethrow=0 return_oop=0}
                      ; - com.android.tools.r8.internal.d20::get@104 (line 11)
                      ; - com.android.tools.r8.graph.M4::a@19 (line 9)
                      ; - com.android.tools.r8.graph.E0::a@9 (line 54)
                      ; - com.android.tools.r8.graph.R4::a@164 (line 94)
                      ; - com.android.tools.r8.graph.R4::a@29 (line 67)
  0x00007f21b5eafd10: ecb1 9bfd 

  0x00007f21b5eafd14: ;   {other}
  0x00007f21b5eafd14: 0f1f 8400 | 8453 00ac | bef6 ffff | ff8b 6c24 

  0x00007f21b5eafd24: ;   {runtime_call UncommonTrapBlob}
  0x00007f21b5eafd24: 7466 90e8 

  0x00007f21b5eafd28: ; ImmutableOopMap {}
                      ;*aaload {reexecute=0 rethrow=0 return_oop=0}
                      ; - com.android.tools.r8.internal.d20::get@68 (line 7)
                      ; - com.android.tools.r8.graph.M4::a@19 (line 9)
                      ; - com.android.tools.r8.graph.E0::a@9 (line 54)
                      ; - com.android.tools.r8.graph.R4::a@164 (line 94)
                      ; - com.android.tools.r8.graph.R4::a@29 (line 67)
  0x00007f21b5eafd28: d4b1 9bfd 

  0x00007f21b5eafd2c: ;   {other}
  0x00007f21b5eafd2c: 0f1f 8400 | 9c53 00ad | bef4 ffff | ff4c 8b54 | 2450 4c89 | 5424 104c | 8b54 2448 | 4c89 5424 
  0x00007f21b5eafd4c: 284c 8b54 | 2448 4c89 | 5424 404c | 8b54 2468 | 4c89 5424 

  0x00007f21b5eafd60: ;   {runtime_call UncommonTrapBlob}
  0x00007f21b5eafd60: 5066 90e8 

  0x00007f21b5eafd64: ; ImmutableOopMap {rbp=Oop [16]=Oop [40]=Oop [56]=Oop [64]=Oop [80]=Oop [104]=Oop }
                      ;*checkcast {reexecute=0 rethrow=0 return_oop=0}
                      ; - com.android.tools.r8.graph.R4::a@254 (line 107)
                      ; - com.android.tools.r8.graph.R4::a@29 (line 67)
  0x00007f21b5eafd64: 98b1 9bfd 

  0x00007f21b5eafd68: ;   {other}
  0x00007f21b5eafd68: 0f1f 8400 | d853 00ae | bef6 ffff 

  0x00007f21b5eafd74: ;   {runtime_call UncommonTrapBlob}
  0x00007f21b5eafd74: ff66 90e8 

  0x00007f21b5eafd78: ; ImmutableOopMap {}
                      ;*getfield b {reexecute=1 rethrow=0 return_oop=0}
                      ; - (reexecute) com.android.tools.r8.graph.R4::a@74 (line 69)
  0x00007f21b5eafd78: 84b1 9bfd 

  0x00007f21b5eafd7c: ;   {other}
  0x00007f21b5eafd7c: 0f1f 8400 | ec53 00af | bef6 ffff 

  0x00007f21b5eafd88: ;   {runtime_call UncommonTrapBlob}
  0x00007f21b5eafd88: ff66 90e8 

  0x00007f21b5eafd8c: ; ImmutableOopMap {}
                      ;*invokevirtual H0 {reexecute=0 rethrow=0 return_oop=0}
                      ; - com.android.tools.r8.graph.J4::a@26 (line 48)
                      ; - com.android.tools.r8.graph.E0::a@9 (line 54)
                      ; - com.android.tools.r8.graph.R4::a@164 (line 94)
                      ; - com.android.tools.r8.graph.R4::a@30 (line 133)
                      ; - com.android.tools.r8.graph.R4$$Lambda/0x00007f214de02f78::accept@28
                      ; - com.android.tools.r8.graph.E0::a@2 (line 3)
                      ; - com.android.tools.r8.graph.R4::a@270 (line 109)
                      ; - com.android.tools.r8.graph.R4::a@29 (line 67)
  0x00007f21b5eafd8c: 70b1 9bfd 

  0x00007f21b5eafd90: ;   {other}
  0x00007f21b5eafd90: 0f1f 8400 | 0054 00b0 | bef4 ffff | ff4c 8b54 | 2450 4c89 | 5424 184c | 8b54 2460 | 4c89 5424 
  0x00007f21b5eafdb0: 204c 8944 | 2478 4489 | 8c24 8000 | 0000 898c | 2484 0000 | 0089 bc24 | 8800 0000 

  0x00007f21b5eafdcc: ;   {runtime_call UncommonTrapBlob}
  0x00007f21b5eafdcc: 6666 90e8 

  0x00007f21b5eafdd0: ; ImmutableOopMap {rbp=NarrowOop [24]=Oop [32]=Oop [48]=Oop [72]=Oop [104]=Oop [112]=Oop [120]=Oop [128]=NarrowOop }
                      ;*checkcast {reexecute=0 rethrow=0 return_oop=0}
                      ; - com.android.tools.r8.graph.J4::a@29 (line 48)
                      ; - com.android.tools.r8.graph.E0::a@9 (line 54)
                      ; - com.android.tools.r8.graph.R4::a@164 (line 94)
                      ; - com.android.tools.r8.graph.R4::a@30 (line 133)
                      ; - com.android.tools.r8.graph.R4$$Lambda/0x00007f214de02f78::accept@28
                      ; - com.android.tools.r8.graph.E0::a@2 (line 3)
                      ; - com.android.tools.r8.graph.R4::a@270 (line 109)
                      ; - com.android.tools.r8.graph.R4::a@29 (line 67)
  0x00007f21b5eafdd0: 2cb1 9bfd 

  0x00007f21b5eafdd4: ;   {other}
  0x00007f21b5eafdd4: 0f1f 8400 | 4454 00b1 | bef6 ffff 

  0x00007f21b5eafde0: ;   {runtime_call UncommonTrapBlob}
  0x00007f21b5eafde0: ff66 90e8 

  0x00007f21b5eafde4: ; ImmutableOopMap {}
                      ;*getfield J2 {reexecute=1 rethrow=0 return_oop=0}
                      ; - (reexecute) com.android.tools.r8.graph.R4::a@12 (line 79)
                      ; - com.android.tools.r8.graph.R4::a@30 (line 133)
                      ; - com.android.tools.r8.graph.R4$$Lambda/0x00007f214de02f78::accept@28
                      ; - com.android.tools.r8.graph.E0::a@2 (line 3)
                      ; - com.android.tools.r8.graph.R4::a@270 (line 109)
                      ; - com.android.tools.r8.graph.R4::a@29 (line 67)
  0x00007f21b5eafde4: 18b1 9bfd 

  0x00007f21b5eafde8: ;   {other}
  0x00007f21b5eafde8: 0f1f 8400 | 5854 00b2 | bef6 ffff 

  0x00007f21b5eafdf4: ;   {runtime_call UncommonTrapBlob}
  0x00007f21b5eafdf4: ff66 90e8 

  0x00007f21b5eafdf8: ; ImmutableOopMap {}
                      ;*getfield b {reexecute=1 rethrow=0 return_oop=0}
                      ; - (reexecute) com.android.tools.r8.graph.E0::a@4 (line 53)
                      ; - com.android.tools.r8.graph.R4::a@164 (line 94)
                      ; - com.android.tools.r8.graph.R4::a@30 (line 133)
                      ; - com.android.tools.r8.graph.R4$$Lambda/0x00007f214de02f78::accept@28
                      ; - com.android.tools.r8.graph.E0::a@2 (line 3)
                      ; - com.android.tools.r8.graph.R4::a@270 (line 109)
                      ; - com.android.tools.r8.graph.R4::a@29 (line 67)
  0x00007f21b5eafdf8: 04b1 9bfd 

  0x00007f21b5eafdfc: ;   {other}
  0x00007f21b5eafdfc: 0f1f 8400 | 6c54 00b3 | bef6 ffff | ff48 8b6c 

  0x00007f21b5eafe0c: ;   {runtime_call UncommonTrapBlob}
  0x00007f21b5eafe0c: 2450 90e8 

  0x00007f21b5eafe10: ; ImmutableOopMap {rbp=Oop [56]=Oop }
                      ;*invokevirtual a {reexecute=0 rethrow=0 return_oop=0}
                      ; - com.android.tools.r8.graph.E0::a@9 (line 54)
                      ; - com.android.tools.r8.graph.R4::a@164 (line 94)
                      ; - com.android.tools.r8.graph.R4::a@30 (line 133)
                      ; - com.android.tools.r8.graph.R4$$Lambda/0x00007f214de02f78::accept@28
                      ; - com.android.tools.r8.graph.E0::a@2 (line 3)
                      ; - com.android.tools.r8.graph.R4::a@270 (line 109)
                      ; - com.android.tools.r8.graph.R4::a@29 (line 67)
  0x00007f21b5eafe10: ecb0 9bfd 

  0x00007f21b5eafe14: ;   {other}
  0x00007f21b5eafe14: 0f1f 8400 | 8454 00b4 | bef6 ffff 

  0x00007f21b5eafe20: ;   {runtime_call UncommonTrapBlob}
  0x00007f21b5eafe20: ff66 90e8 

  0x00007f21b5eafe24: ; ImmutableOopMap {}
                      ;*invokevirtual H0 {reexecute=0 rethrow=0 return_oop=0}
                      ; - com.android.tools.r8.graph.J4::a@81 (line 51)
                      ; - com.android.tools.r8.graph.E0::a@9 (line 54)
                      ; - com.android.tools.r8.graph.R4::a@164 (line 94)
                      ; - com.android.tools.r8.graph.R4::a@30 (line 133)
                      ; - com.android.tools.r8.graph.R4$$Lambda/0x00007f214de02f78::accept@28
                      ; - com.android.tools.r8.graph.E0::a@2 (line 3)
                      ; - com.android.tools.r8.graph.R4::a@270 (line 109)
                      ; - com.android.tools.r8.graph.R4::a@29 (line 67)
  0x00007f21b5eafe24: d8b0 9bfd 

  0x00007f21b5eafe28: ;   {other}
  0x00007f21b5eafe28: 0f1f 8400 | 9854 00b5 | bef6 ffff 

  0x00007f21b5eafe34: ;   {runtime_call UncommonTrapBlob}
  0x00007f21b5eafe34: ff66 90e8 

  0x00007f21b5eafe38: ; ImmutableOopMap {}
                      ;*invokevirtual H0 {reexecute=0 rethrow=0 return_oop=0}
                      ; - com.android.tools.r8.graph.J4::a@26 (line 48)
                      ; - com.android.tools.r8.graph.E0::a@9 (line 54)
                      ; - com.android.tools.r8.graph.R4::a@164 (line 94)
                      ; - com.android.tools.r8.graph.R4::a@30 (line 133)
                      ; - com.android.tools.r8.graph.R4$$Lambda/0x00007f214de02f78::accept@28
                      ; - com.android.tools.r8.graph.E0::a@2 (line 3)
                      ; - com.android.tools.r8.graph.R4::a@270 (line 109)
                      ; - com.android.tools.r8.graph.R4::a@29 (line 67)
  0x00007f21b5eafe38: c4b0 9bfd 

  0x00007f21b5eafe3c: ;   {other}
  0x00007f21b5eafe3c: 0f1f 8400 | ac54 00b6 | bef4 ffff | ff48 8b6c | 2430 4c8b | 5424 504c | 8954 2410 | 4c8b 5424 
  0x00007f21b5eafe5c: 604c 8954 | 2418 4c8b | 5424 484c | 8954 2420 | 4c8b 5424 | 484c 8954 | 2440 4c8b | 5424 684c 
  0x00007f21b5eafe7c: 8954 2460 | 48ff 7424 | 7048 8f44 | 2468 4889 | 4424 7044 | 895c 2478 | 4489 6c24 | 7c44 898c 
  0x00007f21b5eafe9c: 2480 0000 | 0044 8984 | 2484 0000 

  0x00007f21b5eafea8: ;   {runtime_call UncommonTrapBlob}
  0x00007f21b5eafea8: 0066 90e8 

  0x00007f21b5eafeac: ; ImmutableOopMap {rbp=Oop [16]=Oop [24]=Oop [32]=Oop [64]=Oop [96]=Oop [104]=Oop [112]=Oop [120]=NarrowOop [132]=NarrowOop }
                      ;*checkcast {reexecute=0 rethrow=0 return_oop=0}
                      ; - com.android.tools.r8.graph.J4::a@29 (line 48)
                      ; - com.android.tools.r8.graph.E0::a@9 (line 54)
                      ; - com.android.tools.r8.graph.R4::a@164 (line 94)
                      ; - com.android.tools.r8.graph.R4::a@30 (line 133)
                      ; - com.android.tools.r8.graph.R4$$Lambda/0x00007f214de02f78::accept@28
                      ; - com.android.tools.r8.graph.E0::a@2 (line 3)
                      ; - com.android.tools.r8.graph.R4::a@270 (line 109)
                      ; - com.android.tools.r8.graph.R4::a@29 (line 67)
  0x00007f21b5eafeac: 50b0 9bfd 

  0x00007f21b5eafeb0: ;   {other}
  0x00007f21b5eafeb0: 0f1f 8400 | 2055 00b7 | bef6 ffff 

  0x00007f21b5eafebc: ;   {runtime_call UncommonTrapBlob}
  0x00007f21b5eafebc: ff66 90e8 

  0x00007f21b5eafec0: ; ImmutableOopMap {}
                      ;*arraylength {reexecute=0 rethrow=0 return_oop=0}
                      ; - com.android.tools.r8.graph.J4::a@6 (line 47)
                      ; - com.android.tools.r8.graph.E0::a@9 (line 54)
                      ; - com.android.tools.r8.graph.R4::a@164 (line 94)
                      ; - com.android.tools.r8.graph.R4::a@30 (line 133)
                      ; - com.android.tools.r8.graph.R4$$Lambda/0x00007f214de02f78::accept@28
                      ; - com.android.tools.r8.graph.E0::a@2 (line 3)
                      ; - com.android.tools.r8.graph.R4::a@270 (line 109)
                      ; - com.android.tools.r8.graph.R4::a@29 (line 67)
  0x00007f21b5eafec0: 3cb0 9bfd 

  0x00007f21b5eafec4: ;   {other}
  0x00007f21b5eafec4: 0f1f 8400 | 3455 00b8 | bef6 ffff 

  0x00007f21b5eafed0: ;   {runtime_call UncommonTrapBlob}
  0x00007f21b5eafed0: ff66 90e8 

  0x00007f21b5eafed4: ; ImmutableOopMap {}
                      ;*getfield J2 {reexecute=1 rethrow=0 return_oop=0}
                      ; - (reexecute) com.android.tools.r8.graph.R4::a@12 (line 79)
                      ; - com.android.tools.r8.graph.R4::a@30 (line 133)
                      ; - com.android.tools.r8.graph.R4$$Lambda/0x00007f214de02f78::accept@28
                      ; - com.android.tools.r8.graph.E0::a@2 (line 3)
                      ; - com.android.tools.r8.graph.R4::a@270 (line 109)
                      ; - com.android.tools.r8.graph.R4::a@29 (line 67)
  0x00007f21b5eafed4: 28b0 9bfd 

  0x00007f21b5eafed8: ;   {other}
  0x00007f21b5eafed8: 0f1f 8400 | 4855 00b9 | bef6 ffff 

  0x00007f21b5eafee4: ;   {runtime_call UncommonTrapBlob}
  0x00007f21b5eafee4: ff66 90e8 

  0x00007f21b5eafee8: ; ImmutableOopMap {}
                      ;*getfield b {reexecute=1 rethrow=0 return_oop=0}
                      ; - (reexecute) com.android.tools.r8.graph.E0::a@4 (line 53)
                      ; - com.android.tools.r8.graph.R4::a@164 (line 94)
                      ; - com.android.tools.r8.graph.R4::a@30 (line 133)
                      ; - com.android.tools.r8.graph.R4$$Lambda/0x00007f214de02f78::accept@28
                      ; - com.android.tools.r8.graph.E0::a@2 (line 3)
                      ; - com.android.tools.r8.graph.R4::a@270 (line 109)
                      ; - com.android.tools.r8.graph.R4::a@29 (line 67)
  0x00007f21b5eafee8: 14b0 9bfd 

  0x00007f21b5eafeec: ;   {other}
  0x00007f21b5eafeec: 0f1f 8400 | 5c55 00ba | bef6 ffff | ff48 8b6c 

  0x00007f21b5eafefc: ;   {runtime_call UncommonTrapBlob}
  0x00007f21b5eafefc: 2450 90e8 

  0x00007f21b5eaff00: ; ImmutableOopMap {rbp=Oop [56]=Oop }
                      ;*invokevirtual a {reexecute=0 rethrow=0 return_oop=0}
                      ; - com.android.tools.r8.graph.E0::a@9 (line 54)
                      ; - com.android.tools.r8.graph.R4::a@164 (line 94)
                      ; - com.android.tools.r8.graph.R4::a@30 (line 133)
                      ; - com.android.tools.r8.graph.R4$$Lambda/0x00007f214de02f78::accept@28
                      ; - com.android.tools.r8.graph.E0::a@2 (line 3)
                      ; - com.android.tools.r8.graph.R4::a@270 (line 109)
                      ; - com.android.tools.r8.graph.R4::a@29 (line 67)
  0x00007f21b5eaff00: fcaf 9bfd 

  0x00007f21b5eaff04: ;   {other}
  0x00007f21b5eaff04: 0f1f 8400 | 7455 00bb | bef6 ffff 

  0x00007f21b5eaff10: ;   {runtime_call UncommonTrapBlob}
  0x00007f21b5eaff10: ff66 90e8 

  0x00007f21b5eaff14: ; ImmutableOopMap {}
                      ;*invokevirtual H0 {reexecute=0 rethrow=0 return_oop=0}
                      ; - com.android.tools.r8.graph.J4::a@81 (line 51)
                      ; - com.android.tools.r8.graph.E0::a@9 (line 54)
                      ; - com.android.tools.r8.graph.R4::a@164 (line 94)
                      ; - com.android.tools.r8.graph.R4::a@30 (line 133)
                      ; - com.android.tools.r8.graph.R4$$Lambda/0x00007f214de02f78::accept@28
                      ; - com.android.tools.r8.graph.E0::a@2 (line 3)
                      ; - com.android.tools.r8.graph.R4::a@270 (line 109)
                      ; - com.android.tools.r8.graph.R4::a@29 (line 67)
  0x00007f21b5eaff14: e8af 9bfd 

  0x00007f21b5eaff18: ;   {other}
  0x00007f21b5eaff18: 0f1f 8400 | 8855 00bc | bef4 ffff | ff48 8b6c | 2430 4c8b | 5424 504c | 8954 2410 | 4c8b 5424 
  0x00007f21b5eaff38: 604c 8954 | 2418 4c8b | 5424 484c | 8954 2420 | 4c8b 5424 | 484c 8954 | 2440 4c8b | 5424 684c 
  0x00007f21b5eaff58: 8954 2460 | 48ff 7424 | 7048 8f44 | 2468 4489 | 5c24 7089 | 5424 7444 | 894c 2478 | 4489 4424 
  0x00007f21b5eaff78: ;   {runtime_call UncommonTrapBlob}
  0x00007f21b5eaff78: 7c66 90e8 

  0x00007f21b5eaff7c: ; ImmutableOopMap {rbp=Oop [16]=Oop [24]=Oop [32]=Oop [64]=Oop [96]=Oop [104]=Oop [112]=NarrowOop [124]=NarrowOop }
                      ;*checkcast {reexecute=0 rethrow=0 return_oop=0}
                      ; - com.android.tools.r8.graph.J4::a@84 (line 51)
                      ; - com.android.tools.r8.graph.E0::a@9 (line 54)
                      ; - com.android.tools.r8.graph.R4::a@164 (line 94)
                      ; - com.android.tools.r8.graph.R4::a@30 (line 133)
                      ; - com.android.tools.r8.graph.R4$$Lambda/0x00007f214de02f78::accept@28
                      ; - com.android.tools.r8.graph.E0::a@2 (line 3)
                      ; - com.android.tools.r8.graph.R4::a@270 (line 109)
                      ; - com.android.tools.r8.graph.R4::a@29 (line 67)
  0x00007f21b5eaff7c: 80af 9bfd 

  0x00007f21b5eaff80: ;   {other}
  0x00007f21b5eaff80: 0f1f 8400 | f055 00bd | bef6 ffff | ff48 8b6c 

  0x00007f21b5eaff90: ;   {runtime_call UncommonTrapBlob}
  0x00007f21b5eaff90: 2458 90e8 

  0x00007f21b5eaff94: ; ImmutableOopMap {rbp=Oop }
                      ;*invokeinterface get {reexecute=0 rethrow=0 return_oop=0}
                      ; - com.android.tools.r8.graph.M4::a@19 (line 9)
                      ; - com.android.tools.r8.graph.E0::a@9 (line 54)
                      ; - com.android.tools.r8.graph.R4::a@164 (line 94)
                      ; - com.android.tools.r8.graph.R4::a@30 (line 133)
                      ; - com.android.tools.r8.graph.R4$$Lambda/0x00007f214de02f78::accept@28
                      ; - com.android.tools.r8.graph.E0::a@2 (line 3)
                      ; - com.android.tools.r8.graph.R4::a@270 (line 109)
                      ; - com.android.tools.r8.graph.R4::a@29 (line 67)
  0x00007f21b5eaff94: 68af 9bfd 

  0x00007f21b5eaff98: ;   {other}
  0x00007f21b5eaff98: 0f1f 8400 | 0856 00be | bef6 ffff | ff41 8be8 

  0x00007f21b5eaffa8: ;   {runtime_call UncommonTrapBlob}
  0x00007f21b5eaffa8: 6666 90e8 

  0x00007f21b5eaffac: ; ImmutableOopMap {}
                      ;*aaload {reexecute=0 rethrow=0 return_oop=0}
                      ; - com.android.tools.r8.internal.d20::get@45 (line 6)
                      ; - com.android.tools.r8.graph.M4::a@19 (line 9)
                      ; - com.android.tools.r8.graph.E0::a@9 (line 54)
                      ; - com.android.tools.r8.graph.R4::a@164 (line 94)
                      ; - com.android.tools.r8.graph.R4::a@30 (line 133)
                      ; - com.android.tools.r8.graph.R4$$Lambda/0x00007f214de02f78::accept@28
                      ; - com.android.tools.r8.graph.E0::a@2 (line 3)
                      ; - com.android.tools.r8.graph.R4::a@270 (line 109)
                      ; - com.android.tools.r8.graph.R4::a@29 (line 67)
  0x00007f21b5eaffac: 50af 9bfd 

  0x00007f21b5eaffb0: ;   {other}
  0x00007f21b5eaffb0: 0f1f 8400 | 2056 00bf | bef6 ffff 

  0x00007f21b5eaffbc: ;   {runtime_call UncommonTrapBlob}
  0x00007f21b5eaffbc: ff66 90e8 

  0x00007f21b5eaffc0: ; ImmutableOopMap {}
                      ;*aaload {reexecute=0 rethrow=0 return_oop=0}
                      ; - com.android.tools.r8.internal.d20::get@104 (line 11)
                      ; - com.android.tools.r8.graph.M4::a@19 (line 9)
                      ; - com.android.tools.r8.graph.E0::a@9 (line 54)
                      ; - com.android.tools.r8.graph.R4::a@164 (line 94)
                      ; - com.android.tools.r8.graph.R4::a@30 (line 133)
                      ; - com.android.tools.r8.graph.R4$$Lambda/0x00007f214de02f78::accept@28
                      ; - com.android.tools.r8.graph.E0::a@2 (line 3)
                      ; - com.android.tools.r8.graph.R4::a@270 (line 109)
                      ; - com.android.tools.r8.graph.R4::a@29 (line 67)
  0x00007f21b5eaffc0: 3caf 9bfd 

  0x00007f21b5eaffc4: ;   {other}
  0x00007f21b5eaffc4: 0f1f 8400 | 3456 00c0 | bef6 ffff 

  0x00007f21b5eaffd0: ;   {runtime_call UncommonTrapBlob}
  0x00007f21b5eaffd0: ff66 90e8 

  0x00007f21b5eaffd4: ; ImmutableOopMap {}
                      ;*arraylength {reexecute=0 rethrow=0 return_oop=0}
                      ; - com.android.tools.r8.graph.J4::a@6 (line 47)
                      ; - com.android.tools.r8.graph.E0::a@9 (line 54)
                      ; - com.android.tools.r8.graph.R4::a@164 (line 94)
                      ; - com.android.tools.r8.graph.R4::a@30 (line 133)
                      ; - com.android.tools.r8.graph.R4$$Lambda/0x00007f214de02f78::accept@28
                      ; - com.android.tools.r8.graph.E0::a@2 (line 3)
                      ; - com.android.tools.r8.graph.R4::a@270 (line 109)
                      ; - com.android.tools.r8.graph.R4::a@29 (line 67)
  0x00007f21b5eaffd4: 28af 9bfd 

  0x00007f21b5eaffd8: ;   {other}
  0x00007f21b5eaffd8: 0f1f 8400 | 4856 00c1 | bef6 ffff 

  0x00007f21b5eaffe4: ;   {runtime_call UncommonTrapBlob}
  0x00007f21b5eaffe4: ff66 90e8 

  0x00007f21b5eaffe8: ; ImmutableOopMap {}
                      ;*arraylength {reexecute=0 rethrow=0 return_oop=0}
                      ; - com.android.tools.r8.graph.J4::a@63 (line 50)
                      ; - com.android.tools.r8.graph.E0::a@9 (line 54)
                      ; - com.android.tools.r8.graph.R4::a@164 (line 94)
                      ; - com.android.tools.r8.graph.R4::a@30 (line 133)
                      ; - com.android.tools.r8.graph.R4$$Lambda/0x00007f214de02f78::accept@28
                      ; - com.android.tools.r8.graph.E0::a@2 (line 3)
                      ; - com.android.tools.r8.graph.R4::a@270 (line 109)
                      ; - com.android.tools.r8.graph.R4::a@29 (line 67)
  0x00007f21b5eaffe8: 14af 9bfd 

  0x00007f21b5eaffec: ;   {other}
  0x00007f21b5eaffec: 0f1f 8400 | 5c56 00c2 | bef6 ffff | ff49 8beb 

  0x00007f21b5eafffc: ;   {runtime_call UncommonTrapBlob}
  0x00007f21b5eafffc: 6666 90e8 

  0x00007f21b5eb0000: ; ImmutableOopMap {rbp=Oop }
                      ;*invokeinterface get {reexecute=0 rethrow=0 return_oop=0}
                      ; - com.android.tools.r8.graph.M4::a@19 (line 9)
                      ; - com.android.tools.r8.graph.E0::a@9 (line 54)
                      ; - com.android.tools.r8.graph.R4::a@164 (line 94)
                      ; - com.android.tools.r8.graph.R4::a@30 (line 133)
                      ; - com.android.tools.r8.graph.R4$$Lambda/0x00007f214de02f78::accept@28
                      ; - com.android.tools.r8.graph.E0::a@2 (line 3)
                      ; - com.android.tools.r8.graph.R4::a@270 (line 109)
                      ; - com.android.tools.r8.graph.R4::a@29 (line 67)
  0x00007f21b5eb0000: fcae 9bfd 

  0x00007f21b5eb0004: ;   {other}
  0x00007f21b5eb0004: 0f1f 8400 | 7456 00c3 | bef6 ffff 

  0x00007f21b5eb0010: ;   {runtime_call UncommonTrapBlob}
  0x00007f21b5eb0010: ff8b ebe8 

  0x00007f21b5eb0014: ; ImmutableOopMap {}
                      ;*aaload {reexecute=0 rethrow=0 return_oop=0}
                      ; - com.android.tools.r8.internal.d20::get@45 (line 6)
                      ; - com.android.tools.r8.graph.M4::a@19 (line 9)
                      ; - com.android.tools.r8.graph.E0::a@9 (line 54)
                      ; - com.android.tools.r8.graph.R4::a@164 (line 94)
                      ; - com.android.tools.r8.graph.R4::a@30 (line 133)
                      ; - com.android.tools.r8.graph.R4$$Lambda/0x00007f214de02f78::accept@28
                      ; - com.android.tools.r8.graph.E0::a@2 (line 3)
                      ; - com.android.tools.r8.graph.R4::a@270 (line 109)
                      ; - com.android.tools.r8.graph.R4::a@29 (line 67)
  0x00007f21b5eb0014: e8ae 9bfd 

  0x00007f21b5eb0018: ;   {other}
  0x00007f21b5eb0018: 0f1f 8400 | 8856 00c4 | bef6 ffff 

  0x00007f21b5eb0024: ;   {runtime_call UncommonTrapBlob}
  0x00007f21b5eb0024: ff66 90e8 

  0x00007f21b5eb0028: ; ImmutableOopMap {}
                      ;*arraylength {reexecute=0 rethrow=0 return_oop=0}
                      ; - com.android.tools.r8.graph.J4::a@63 (line 50)
                      ; - com.android.tools.r8.graph.E0::a@9 (line 54)
                      ; - com.android.tools.r8.graph.R4::a@164 (line 94)
                      ; - com.android.tools.r8.graph.R4::a@30 (line 133)
                      ; - com.android.tools.r8.graph.R4$$Lambda/0x00007f214de02f78::accept@28
                      ; - com.android.tools.r8.graph.E0::a@2 (line 3)
                      ; - com.android.tools.r8.graph.R4::a@270 (line 109)
                      ; - com.android.tools.r8.graph.R4::a@29 (line 67)
  0x00007f21b5eb0028: d4ae 9bfd 

  0x00007f21b5eb002c: ;   {other}
  0x00007f21b5eb002c: 0f1f 8400 | 9c56 00c5 | bef6 ffff | ff8b ac24 | 8400 0000 

  0x00007f21b5eb0040: ;   {runtime_call UncommonTrapBlob}
  0x00007f21b5eb0040: 6666 90e8 

  0x00007f21b5eb0044: ; ImmutableOopMap {}
                      ;*aaload {reexecute=0 rethrow=0 return_oop=0}
                      ; - com.android.tools.r8.internal.d20::get@104 (line 11)
                      ; - com.android.tools.r8.graph.M4::a@19 (line 9)
                      ; - com.android.tools.r8.graph.E0::a@9 (line 54)
                      ; - com.android.tools.r8.graph.R4::a@164 (line 94)
                      ; - com.android.tools.r8.graph.R4::a@30 (line 133)
                      ; - com.android.tools.r8.graph.R4$$Lambda/0x00007f214de02f78::accept@28
                      ; - com.android.tools.r8.graph.E0::a@2 (line 3)
                      ; - com.android.tools.r8.graph.R4::a@270 (line 109)
                      ; - com.android.tools.r8.graph.R4::a@29 (line 67)
  0x00007f21b5eb0044: b8ae 9bfd 

  0x00007f21b5eb0048: ;   {other}
  0x00007f21b5eb0048: 0f1f 8400 | b856 00c6 | bef6 ffff | ff8b ac24 | 8400 0000 

  0x00007f21b5eb005c: ;   {runtime_call UncommonTrapBlob}
  0x00007f21b5eb005c: 6666 90e8 

  0x00007f21b5eb0060: ; ImmutableOopMap {}
                      ;*aaload {reexecute=0 rethrow=0 return_oop=0}
                      ; - com.android.tools.r8.internal.d20::get@68 (line 7)
                      ; - com.android.tools.r8.graph.M4::a@19 (line 9)
                      ; - com.android.tools.r8.graph.E0::a@9 (line 54)
                      ; - com.android.tools.r8.graph.R4::a@164 (line 94)
                      ; - com.android.tools.r8.graph.R4::a@30 (line 133)
                      ; - com.android.tools.r8.graph.R4$$Lambda/0x00007f214de02f78::accept@28
                      ; - com.android.tools.r8.graph.E0::a@2 (line 3)
                      ; - com.android.tools.r8.graph.R4::a@270 (line 109)
                      ; - com.android.tools.r8.graph.R4::a@29 (line 67)
  0x00007f21b5eb0060: 9cae 9bfd 

  0x00007f21b5eb0064: ;   {other}
  0x00007f21b5eb0064: 0f1f 8400 | d456 00c7 | bef6 ffff | ff8b ac24 | 8400 0000 

  0x00007f21b5eb0078: ;   {runtime_call UncommonTrapBlob}
  0x00007f21b5eb0078: 6666 90e8 

  0x00007f21b5eb007c: ; ImmutableOopMap {}
                      ;*aaload {reexecute=0 rethrow=0 return_oop=0}
                      ; - com.android.tools.r8.internal.d20::get@68 (line 7)
                      ; - com.android.tools.r8.graph.M4::a@19 (line 9)
                      ; - com.android.tools.r8.graph.E0::a@9 (line 54)
                      ; - com.android.tools.r8.graph.R4::a@164 (line 94)
                      ; - com.android.tools.r8.graph.R4::a@30 (line 133)
                      ; - com.android.tools.r8.graph.R4$$Lambda/0x00007f214de02f78::accept@28
                      ; - com.android.tools.r8.graph.E0::a@2 (line 3)
                      ; - com.android.tools.r8.graph.R4::a@270 (line 109)
                      ; - com.android.tools.r8.graph.R4::a@29 (line 67)
  0x00007f21b5eb007c: 80ae 9bfd 

  0x00007f21b5eb0080: ;   {other}
  0x00007f21b5eb0080: 0f1f 8400 | f056 00c8 | bef4 ffff | ff4c 8b54 | 2448 4c89 | 5424 204c | 8b54 2438 | 4c89 5424 
  0x00007f21b5eb00a0: 304c 8b54 | 2440 4c89 | 5424 384c | 8b54 2448 | 4c89 5424 

  0x00007f21b5eb00b4: ;   {runtime_call UncommonTrapBlob}
  0x00007f21b5eb00b4: 4066 90e8 

  0x00007f21b5eb00b8: ; ImmutableOopMap {rbp=Oop [32]=Oop [48]=Oop [56]=Oop [64]=Oop [80]=Oop [88]=Oop [96]=Oop }
                      ;*checkcast {reexecute=0 rethrow=0 return_oop=0}
                      ; - com.android.tools.r8.graph.R4::a@254 (line 107)
                      ; - com.android.tools.r8.graph.R4::a@30 (line 133)
                      ; - com.android.tools.r8.graph.R4$$Lambda/0x00007f214de02f78::accept@28
                      ; - com.android.tools.r8.graph.E0::a@2 (line 3)
                      ; - com.android.tools.r8.graph.R4::a@270 (line 109)
                      ; - com.android.tools.r8.graph.R4::a@29 (line 67)
  0x00007f21b5eb00b8: 44ae 9bfd 

  0x00007f21b5eb00bc: ;   {other}
  0x00007f21b5eb00bc: 0f1f 8400 | 2c57 00c9 | bef4 ffff | ff4c 8b54 | 2450 4c89 | 5424 104c | 8b54 2460 | 4c89 5424 
  0x00007f21b5eb00dc: 184c 8b54 | 2448 4c89 | 5424 204c | 8b54 2448 | 4c89 5424 | 404c 8b54 | 2468 4c89 | 5424 504c 
  0x00007f21b5eb00fc: 8b54 2470 | 4c89 5424 

  0x00007f21b5eb0104: ;   {runtime_call UncommonTrapBlob}
  0x00007f21b5eb0104: 6866 90e8 

  0x00007f21b5eb0108: ; ImmutableOopMap {rbp=Oop [16]=Oop [24]=Oop [32]=Oop [64]=Oop [80]=Oop [88]=Oop [104]=Oop [112]=Oop }
                      ;*checkcast {reexecute=0 rethrow=0 return_oop=0}
                      ; - com.android.tools.r8.graph.R4::a@254 (line 107)
                      ; - com.android.tools.r8.graph.R4::a@30 (line 133)
                      ; - com.android.tools.r8.graph.R4$$Lambda/0x00007f214de02f78::accept@28
                      ; - com.android.tools.r8.graph.E0::a@2 (line 3)
                      ; - com.android.tools.r8.graph.R4::a@270 (line 109)
                      ; - com.android.tools.r8.graph.R4::a@29 (line 67)
  0x00007f21b5eb0108: f4ad 9bfd 

  0x00007f21b5eb010c: ;   {other}
  0x00007f21b5eb010c: 0f1f 8400 | 7c57 00ca | eb5e eb5c | eb5a eb58 | eb56 eb54 | eb52 eb50 | eb4e eb4c | eb4a eb48 
  0x00007f21b5eb012c: eb46 eb44 | eb42 eb40 | eb3e eb3c | eb3a eb38 | eb36 eb34 | eb32 eb30 | eb2e eb2c | eb2a eb28 
  0x00007f21b5eb014c: eb26 eb24 | eb22 eb20 | eb1e eb1c | eb1a eb18 | eb16 eb14 | eb12 eb10 | eb0e eb0c | eb0a eb08 
  0x00007f21b5eb016c: eb06 eb04 | eb02 eb00 | 488b d8e9 | 9ecb ffff 

  0x00007f21b5eb017c: ;   {internal_word}
  0x00007f21b5eb017c: 49ba 7ab9 | eab5 217f | 0000 4d89 | 9768 0400 

  0x00007f21b5eb018c: ;   {runtime_call SafepointBlob}
  0x00007f21b5eb018c: 00e9 6ebe 

  0x00007f21b5eb0190: ;   {runtime_call StubRoutines (final stubs)}
  0x00007f21b5eb0190: 9bfd e8e9 | b299 fde9 | c2ae ffff | f4f4 f4f4 
[Stub Code]
  0x00007f21b5eb01a0: ;   {no_reloc}
  0x00007f21b5eb01a0: 48bb 0000 | 0000 0000 

  0x00007f21b5eb01a8: ;   {runtime_call nmethod}
  0x00007f21b5eb01a8: 0000 e9fb 

  0x00007f21b5eb01ac: ;   {static_stub}
  0x00007f21b5eb01ac: ffff ff48 | bb00 0000 | 0000 0000 

  0x00007f21b5eb01b8: ;   {runtime_call nmethod}
  0x00007f21b5eb01b8: 00e9 fbff 

  0x00007f21b5eb01bc: ;   {static_stub}
  0x00007f21b5eb01bc: ffff 48bb | 0000 0000 | 0000 0000 

  0x00007f21b5eb01c8: ;   {runtime_call nmethod}
  0x00007f21b5eb01c8: e9fb ffff 

  0x00007f21b5eb01cc: ;   {static_stub}
  0x00007f21b5eb01cc: ff48 bb00 | 0000 0000 

  0x00007f21b5eb01d4: ;   {runtime_call nmethod}
  0x00007f21b5eb01d4: 0000 00e9 | fbff ffff 

  0x00007f21b5eb01dc: ;   {static_stub}
  0x00007f21b5eb01dc: 48bb 0000 | 0000 0000 

  0x00007f21b5eb01e4: ;   {runtime_call nmethod}
  0x00007f21b5eb01e4: 0000 e9fb 

  0x00007f21b5eb01e8: ;   {static_stub}
  0x00007f21b5eb01e8: ffff ff48 | bb00 0000 | 0000 0000 

  0x00007f21b5eb01f4: ;   {runtime_call nmethod}
  0x00007f21b5eb01f4: 00e9 fbff 

  0x00007f21b5eb01f8: ;   {runtime_call ExceptionBlob}
  0x00007f21b5eb01f8: ffff e981 | f7a7 fde8 | 0000 0000 | 4883 2c24 

  0x00007f21b5eb0208: ;   {runtime_call DeoptimizationBlob}
  0x00007f21b5eb0208: 05e9 92b0 | 9bfd f4f4 
[/MachCode]


Compiled method (c2) 2136179 91582       4       com.android.tools.r8.graph.q5::a (144 bytes)
 total in heap  [0x00007f21b5c31710,0x00007f21b5c34d70] = 13920
 relocation     [0x00007f21b5c31868,0x00007f21b5c31ab0] = 584
 main code      [0x00007f21b5c31ac0,0x00007f21b5c33850] = 7568
 stub code      [0x00007f21b5c33850,0x00007f21b5c338b0] = 96
 oops           [0x00007f21b5c338b0,0x00007f21b5c338e8] = 56
 metadata       [0x00007f21b5c338e8,0x00007f21b5c33b00] = 536
 scopes data    [0x00007f21b5c33b00,0x00007f21b5c344f0] = 2544
 scopes pcs     [0x00007f21b5c344f0,0x00007f21b5c34a50] = 1376
 dependencies   [0x00007f21b5c34a50,0x00007f21b5c34aa8] = 88
 handler table  [0x00007f21b5c34aa8,0x00007f21b5c34ca0] = 504
 nul chk table  [0x00007f21b5c34ca0,0x00007f21b5c34d70] = 208

[Constant Pool (empty)]

[MachCode]
[Entry Point]
  # {method} {0x00007f1d4039a558} 'a' '(Ljava/util/function/Function;Lcom/android/tools/r8/internal/xw0;Ljava/util/function/Function;Lcom/android/tools/r8/graph/E0;)Lcom/android/tools/r8/internal/Cr0;' in 'com/android/tools/r8/graph/q5'
  # this:     rsi:rsi   = 'com/android/tools/r8/graph/q5'
  # parm0:    rdx:rdx   = 'java/util/function/Function'
  # parm1:    rcx:rcx   = 'com/android/tools/r8/internal/xw0'
  # parm2:    r8:r8     = 'java/util/function/Function'
  # parm3:    r9:r9     = 'com/android/tools/r8/graph/E0'
  #           [sp+0xa0]  (sp of caller)
  0x00007f21b5c31ac0: 448b 5608 | 49bb 0000 | 004b 217f | 0000 4d03 | d349 3bc2 

  0x00007f21b5c31ad4: ;   {runtime_call ic_miss_stub}
  0x00007f21b5c31ad4: 0f85 a635 | c3fd 6690 | 0f1f 4000 
[Verified Entry Point]
  0x00007f21b5c31ae0: 8984 2400 | c0fe ff55 | 4881 ec90 | 0000 0090 | 4181 7f20 | 4e00 0000 | 0f85 481d | 0000 4c89 
  0x00007f21b5c31b00: 4424 2048 | 894c 2418 | 4889 5424 | 0848 8974 | 2428 4c89 | 4c24 4045 

  0x00007f21b5c31b18: ;   {metadata('com/android/tools/r8/graph/F2')}
  0x00007f21b5c31b18: 8b51 0841 | 81fa 00e0 | 4901 0f85 | 230b 0000 | 4d8b d145 

  0x00007f21b5c31b2c: ;   {metadata('com/android/tools/r8/graph/F2')}
  0x00007f21b5c31b2c: 8b42 0841 | 81f8 00e0 | 4901 0f85 | fc14 0000 | 4c89 5424 | 3045 8b52 | 1845 85d2 | 0f84 d614 
  0x00007f21b5c31b4c: 0000 41b8 | 0002 0000 | 4585 4210 | 0f85 ca07 | 0000 448b | 5e0c 458b | 5b1c 458b | 430c 4c8b 
  0x00007f21b5c31b6c: 5424 304d | 8b12 498b | eb4d 8bca | 4983 e103 | 4983 f901 | 0f85 890b | 0000 49c1 | ea08 418b 
  0x00007f21b5c31b8c: c225 ffff | ff7f 85c0 | 0f84 750b | 0000 458d | 48ff 8d0c | 00c1 e008 | 2bc8 4123 | c945 85c0 
  0x00007f21b5c31bac: 0f86 ce14 | 0000 458b | 548b 104d | 8bca 488b | 5c24 304c | 3bcb 0f85 | b106 0000 

  0x00007f21b5c31bc8: ;   {oop(a 'com/android/tools/r8/internal/Ar0'{0x000000008bc44610})}
  0x00007f21b5c31bc8: 49b9 1046 | c48b 0000 | 0000 4c8b | 5424 3045 | 8b52 184c | 8b44 2408 

  0x00007f21b5c31be0: ; implicit exception: dispatches to 0x00007f21b5c33670
  0x00007f21b5c31be0: 458b 5808 

  0x00007f21b5c31be4: ;   {metadata('com/android/tools/r8/graph/q5$$Lambda+0x00007f214de36958')}
  0x00007f21b5c31be4: 4181 fb58 | 69e3 020f | 8462 0200 

  0x00007f21b5c31bf0: ;   {metadata('com/android/tools/r8/shaking/M2$$Lambda+0x00007f214e0c38d0')}
  0x00007f21b5c31bf0: 0041 81fb | d038 0c03 | 0f85 c216 | 0000 458b | 580c 458b | 4010 418b 

  0x00007f21b5c31c08: ;   {metadata('com/android/tools/r8/graph/p5')}
  0x00007f21b5c31c08: 4b08 81f9 | 1824 3901 | 0f85 4219 | 0000 4585 | d20f 848d | 1600 00b9 | 0002 0000 | 4185 4a10 
  0x00007f21b5c31c28: 0f85 9109 | 0000 418b | 5014 448b 

  0x00007f21b5c31c34: ;   {metadata('com/android/tools/r8/graph/j')}
  0x00007f21b5c31c34: 5a08 49ba | 00c0 a04c | 217f 0000 | 48b9 0000 | 004b 217f | 0000 4903 | cb4c 8b59 | 404d 3bda 
  0x00007f21b5c31c54: 0f85 7a07 | 0000 448b | 5210 458b | 9278 0400 | 0041 8b7a | 244c 8b54 | 2430 458b | 5a18 4585 
  0x00007f21b5c31c74: db0f 8479 | 1600 0048 | 8bda 498b | c848 8beb | ba00 0200 | 0041 8553 | 100f 85a6 | 0700 0044 
  0x00007f21b5c31c94: 8b57 184d | 8b9f b801 | 0000 8b7f | 1449 8bd3 | 4883 c210 | 493b 97c8 | 0100 000f | 8327 0e00 
  0x00007f21b5c31cb4: 0049 8997 | b801 0000 | 0f0d 8a00 | 0100 0049 | c703 0100 

  0x00007f21b5c31cc8: ;   {metadata('com/android/tools/r8/graph/j$$Lambda+0x00007f214c47cda8')}
  0x00007f21b5c31cc8: 0000 41c7 | 4308 a8cd | 4701 4589 | 630c 4189 | 6b0c 498b | b7b8 0100 | 008b 5b10 | 488b d648 
  0x00007f21b5c31ce8: 83c2 1848 | 8beb 493b | 97c8 0100 | 000f 836d | 0e00 0049 | 8997 b801 | 0000 0f0d | 8a00 0100 
  0x00007f21b5c31d08: 0048 c706 | 0100 0000 

  0x00007f21b5c31d10: ;   {metadata('com/android/tools/r8/graph/R4')}
  0x00007f21b5c31d10: c746 0838 | 9a47 0144 | 8966 0c4c | 8966 1049 | 8b87 b801 | 0000 488b | d048 83c2 | 1049 3b97 
  0x00007f21b5c31d30: c801 0000 | 0f83 c20e | 0000 4989 | 97b8 0100 | 000f 0d8a | 0001 0000 | 48c7 0001 

  0x00007f21b5c31d4c: ;   {metadata('com/android/tools/r8/graph/R4$$Lambda+0x00007f214c46f330')}
  0x00007f21b5c31d4c: 0000 00c7 | 4008 30f3 | 4601 4d8b | ea4c 8bf7 | 4d8b d344 | 8950 0c4c | 8bd8 4489 | 5e10 4c8b 
  0x00007f21b5c31d6c: d04c 8bde | 4d33 d349 | c1ea 144d | 85d2 741a | 49c1 eb09 | 48bf 0000 | a0c8 217f | 0000 4903 
  0x00007f21b5c31d8c: fb80 3f02 | 0f85 6f0b | 0000 4180 | 7f40 000f | 8531 0b00 | 0089 5e14 | 4c8b d54c | 8bde 4d33 
  0x00007f21b5c31dac: d349 c1ea | 144d 85d2 | 0f84 0a0b | 0000 85db | 741a 49c1 | eb09 48bb | 0000 a0c8 | 217f 0000 
  0x00007f21b5c31dcc: 4903 db80 | 3b02 0f85 | bb0b 0000 | 4c89 0c24 | 4489 4424 | 3848 894c | 2408 4488 | 660d 4488 
  0x00007f21b5c31dec: 660c 488b | 5424 3049 | 8bcd 4d8b 

  0x00007f21b5c31df8: ;   {optimized virtual_call}
  0x00007f21b5c31df8: c666 90e8 

  0x00007f21b5c31dfc: ; ImmutableOopMap {[0]=Oop [8]=Oop [24]=Oop [32]=Oop [40]=Oop [48]=Oop [56]=NarrowOop [64]=Oop }
                      ;*invokevirtual a {reexecute=0 rethrow=0 return_oop=1}
                      ; - com.android.tools.r8.graph.j::b@28 (line 164)
                      ; - com.android.tools.r8.graph.j::e@23 (line 2)
                      ; - com.android.tools.r8.graph.j::g@29 (line 4)
                      ; - com.android.tools.r8.shaking.M2::a@33 (line 81)
                      ; - com.android.tools.r8.shaking.M2$$Lambda/0x00007f214e0c38d0::apply@12
                      ; - com.android.tools.r8.graph.q5::a@35 (line 82)
  0x00007f21b5c31dfc: 4092 2700 

  0x00007f21b5c31e00: ;   {other}
  0x00007f21b5c31e00: 0f1f 8400 | f006 0000 

  0x00007f21b5c31e08: ; implicit exception: dispatches to 0x00007f21b5c33744
  0x00007f21b5c31e08: 448b 5808 

  0x00007f21b5c31e0c: ;   {metadata('com/android/tools/r8/graph/h5')}
  0x00007f21b5c31e0c: 4181 fb00 | e046 010f | 8520 0c00 | 0044 8b50 | 1045 8b42 | 1444 8b54 | 2438 458b | 5a14 458b 
  0x00007f21b5c31e2c: 5310 418b | aa8c 0200 | 0045 85c0 | 0f84 ca14 | 0000 443b | c50f 8580 

  0x00007f21b5c31e44: ;   {oop(a 'com/android/tools/r8/internal/Ar0'{0x000000008bc44610})}
  0x00007f21b5c31e44: 0800 0048 | bd10 46c4 | 8b00 0000 | 00eb 334c | 890c 2445 | 8b58 0c49 | 8bf3 488b | 5424 3066 
  0x00007f21b5c31e64: 9048 b8d8 | 62e3 4d21 

  0x00007f21b5c31e6c: ;   {virtual_call}
  0x00007f21b5c31e6c: 7f00 00e8 

  0x00007f21b5c31e70: ; ImmutableOopMap {[0]=Oop [24]=Oop [32]=Oop [40]=Oop [48]=Oop [64]=Oop }
                      ;*invokeinterface accept {reexecute=0 rethrow=0 return_oop=0}
                      ; - com.android.tools.r8.graph.q5::a@2 (line 69)
                      ; - com.android.tools.r8.graph.q5$$Lambda/0x00007f214de36958::apply@8
                      ; - com.android.tools.r8.graph.q5::a@35 (line 82)
  0x00007f21b5c31e70: cc4c 2e00 

  0x00007f21b5c31e74: ;   {other}
  0x00007f21b5c31e74: 0f1f 8400 | 6407 0001 

  0x00007f21b5c31e7c: ;   {oop(a 'com/android/tools/r8/internal/Ar0'{0x000000008bc44610})}
  0x00007f21b5c31e7c: 48bd 1046 | c48b 0000 | 0000 448b 

  0x00007f21b5c31e88: ;   {metadata('com/android/tools/r8/internal/Ar0')}
  0x00007f21b5c31e88: 5d08 4181 | fbe0 0823 | 010f 8586 | 0b00 004c | 8b54 2440 | 4c8b 5c24 | 2845 8b43 | 2045 8b4a 
  0x00007f21b5c31ea8: 1441 8b48 | 1c45 85c9 | 0f84 4705 | 0000 498b | d944 8b59 | 0c48 8b13 | 498b f848 | 8bf2 4883 
  0x00007f21b5c31ec8: e603 488b | e948 83fe | 010f 8587 | 0800 0048 | c1ea 088b | c225 ffff | ff7f 85c0 | 0f84 7408 
  0x00007f21b5c31ee8: 0000 8bf0 | c1e6 08d1 | e02b c641 | 8d73 ff23 | c645 85db | 0f86 c611 | 0000 8b54 | 8110 488b 
  0x00007f21b5c31f08: f248 3bf3 | 7430 6690 | 85d2 7472 | 83c0 0241 | 3bc3 0f8d | 9106 0000 | 498b 9758 

  0x00007f21b5c31f24: ; ImmutableOopMap {r10=Oop r8=NarrowOop r9=NarrowOop rcx=NarrowOop rbx=Oop rdi=Oop rbp=Oop [0]=Oop [24]=Oop [32]=Oop [40]=Oop }
                      ;*goto {reexecute=1 rethrow=0 return_oop=0}
                      ; - (reexecute) java.util.IdentityHashMap::get@57 (line 348)
                      ; - java.util.Map::getOrDefault@2 (line 691)
                      ; - com.android.tools.r8.graph.q5::a@67 (line 89)
                      ;   {poll}
  0x00007f21b5c31f24: 0400 0085 | 0241 3bc3 | 0f83 7010 | 0000 8b54 | 8110 488b | f248 3bf3 | 75d2 8d68 | 0141 3beb 
  0x00007f21b5c31f44: 0f83 d213 | 0000 4c63 | d842 8b6c | 9914 85ed | 7430 448b 

  0x00007f21b5c31f58: ;   {metadata('java/lang/Iterable')}
  0x00007f21b5c31f58: 5d08 48b8 | 5873 054b | 217f 0000 | 48be 0000 | 004b 217f | 0000 4903 | f34c 8b5e | 204c 3bd8 
  0x00007f21b5c31f78: 0f85 ed06 | 0000 4c8b | cde9 bc00 | 0000 4585 | c90f 848c | 0400 0049 | 8bc9 458b | 481c 418b 
  0x00007f21b5c31f98: 590c 4c8b | 1949 8be9 | 4d8b c349 | 83e0 0349 | 83f8 010f | 857d 0800 | 0049 c1eb | 0841 8bc3 
  0x00007f21b5c31fb8: 25ff ffff | 7f85 c00f | 8469 0800 | 0044 8bc0 | 41c1 e008 | d1e0 412b | c044 8d43 | ff41 23c0 
  0x00007f21b5c31fd8: 85db 0f86 | 6811 0000 | 458b 4481 | 104d 8bd8 | 4c3b d974 | 2e45 85c0 | 7446 83c0 | 023b c30f 
  0x00007f21b5c31ff8: 8d40 0600 | 0049 8bbf 

  0x00007f21b5c32000: ; ImmutableOopMap {r10=Oop r9=NarrowOop rcx=Oop rbp=Oop [0]=Oop [24]=Oop [32]=Oop [40]=Oop }
                      ;*goto {reexecute=1 rethrow=0 return_oop=0}
                      ; - (reexecute) java.util.IdentityHashMap::containsKey@52 (line 373)
                      ; - java.util.Map::getOrDefault@14 (line 691)
                      ; - com.android.tools.r8.graph.q5::a@67 (line 89)
  0x00007f21b5c32000: 5804 0000 

  0x00007f21b5c32004: ;   {poll}
  0x00007f21b5c32004: 8507 3bc3 | 0f83 aa11 | 0000 458b | 4481 104d | 8bd8 4c3b | d975 d2be | 45ff ffff | 488b 6c24 
  0x00007f21b5c32024: 204c 8914 

  0x00007f21b5c32028: ;   {runtime_call UncommonTrapBlob}
  0x00007f21b5c32028: 2466 90e8 

  0x00007f21b5c3202c: ; ImmutableOopMap {rbp=Oop [0]=Oop [24]=Oop [40]=Oop }
                      ;*ifeq {reexecute=1 rethrow=0 return_oop=0}
                      ; - (reexecute) java.util.Map::getOrDefault@19 (line 691)
                      ; - com.android.tools.r8.graph.q5::a@67 (line 89)
  0x00007f21b5c3202c: d08e c3fd 

  0x00007f21b5c32030: ;   {other}
  0x00007f21b5c32030: 0f1f 8400 | 2009 0004 

  0x00007f21b5c32038: ;   {oop(a 'java/util/Collections$EmptySet'{0x00000000ffb72f70})}
  0x00007f21b5c32038: 49b9 702f | b7ff 0000 | 0000 4c8b | 4424 184d | 85c0 0f84 | 1810 0000 | 498b 97b8 | 0100 004c 
  0x00007f21b5c32058: 8bda 4983 | c310 4d3b | 9fc8 0100 | 000f 8305 | 0a00 004d | 899f b801 | 0000 410f | 0d8b 0001 
  0x00007f21b5c32078: 0000 48c7 | 0201 0000 

  0x00007f21b5c32080: ;   {metadata('com/android/tools/r8/internal/xw0$$Lambda+0x00007f214de37268')}
  0x00007f21b5c32080: 00c7 4208 | 6872 e302 | 4c89 5424 | 084c 894c | 2410 4d8b | d844 895a | 0c48 8b74 | 2410 6666 
  0x00007f21b5c320a0: 9048 b8d0 | 272f 441f 

  0x00007f21b5c320a8: ;   {virtual_call}
  0x00007f21b5c320a8: 7f00 00e8 

  0x00007f21b5c320ac: ; ImmutableOopMap {[0]=Oop [8]=Oop [32]=Oop [40]=Oop }
                      ;*invokeinterface forEach {reexecute=0 rethrow=0 return_oop=0}
                      ; - com.android.tools.r8.internal.xw0::b@7 (line 1)
                      ; - com.android.tools.r8.graph.q5::a@75 (line 90)
  0x00007f21b5c320ac: 38f8 cffd 

  0x00007f21b5c320b0: ;   {other}
  0x00007f21b5c320b0: 0f1f 8400 | a009 0005 | 4c8b 5424 | 2845 8b4a | 1c4c 8b54 | 2408 458b | 4214 418b | 491c 4585 
  0x00007f21b5c320d0: c00f 8435 | 0300 0049 | 8bd8 448b | 590c 4c8b | 1349 8bf9 | 498b d248 | 83e2 0348 | 8be9 4883 
  0x00007f21b5c320f0: fa01 0f85 | e506 0000 | 49c1 ea08 | 418b c225 | ffff ff7f | 85c0 0f84 | d106 0000 | 448b d041 
  0x00007f21b5c32110: c1e2 08d1 | e041 2bc2 | 458d 53ff | 4123 c245 | 85db 0f86 | ec0f 0000 | 448b 5481 | 1049 8bd2 
  0x00007f21b5c32130: 483b d374 | 3b66 6666 | 0f1f 8400 | 0000 0000 | 4585 d274 | 4c83 c002 | 413b c30f | 8d67 0400 
  0x00007f21b5c32150: 0049 8b97 

  0x00007f21b5c32154: ; ImmutableOopMap {r8=NarrowOop r9=NarrowOop rcx=NarrowOop rbx=Oop rdi=Oop rbp=Oop [0]=Oop [32]=Oop }
                      ;*goto {reexecute=1 rethrow=0 return_oop=0}
                      ; - (reexecute) java.util.IdentityHashMap::get@57 (line 348)
                      ; - java.util.Map::getOrDefault@2 (line 691)
                      ; - com.android.tools.r8.graph.q5::a@89 (line 93)
  0x00007f21b5c32154: 5804 0000 

  0x00007f21b5c32158: ;   {poll}
  0x00007f21b5c32158: 8502 413b | c30f 838d | 0e00 0044 | 8b54 8110 | 498b d248 | 3bd3 75d0 | 8d68 0141 | 3beb 0f83 
  0x00007f21b5c32178: d811 0000 | 4c63 d046 | 8b5c 9114 | 4585 db74 | 084d 8bd3 | e9bd 0000 | 0045 85c0 | 0f84 9002 
  0x00007f21b5c32198: 0000 4d8b | d049 8bca | 458b 411c 

  0x00007f21b5c321a4: ; implicit exception: dispatches to 0x00007f21b5c3365c
  0x00007f21b5c321a4: 458b 500c | 4c8b 1949 | 8be8 4d8b | cb49 83e1 | 0349 83f9 | 010f 85cf | 0600 0049 | c1eb 0841 
  0x00007f21b5c321c4: 8bc3 25ff | ffff 7f85 | c00f 84bb | 0600 0044 | 8bd8 41c1 | e308 d1e0 | 412b c345 | 8d5a ff41 
  0x00007f21b5c321e4: 23c3 4585 | d20f 869d | 0f00 0045 | 8b5c 8010 | 4d8b cb4c | 3bc9 7431 | 4585 db74 | 4383 c002 
  0x00007f21b5c32204: 413b c20f | 8d37 0400 | 004d 8b8f 

  0x00007f21b5c32210: ; ImmutableOopMap {r8=NarrowOop rcx=Oop rbp=Oop [0]=Oop [32]=Oop }
                      ;*goto {reexecute=1 rethrow=0 return_oop=0}
                      ; - (reexecute) java.util.IdentityHashMap::containsKey@52 (line 373)
                      ; - java.util.Map::getOrDefault@14 (line 691)
                      ; - com.android.tools.r8.graph.q5::a@89 (line 93)
  0x00007f21b5c32210: 5804 0000 

  0x00007f21b5c32214: ;   {poll}
  0x00007f21b5c32214: 4185 0141 | 3bc2 0f83 | dc0f 0000 | 458b 5c80 | 104d 8bcb | 4c3b c975 | cfbe 45ff | ffff 488b 
  0x00007f21b5c32234: ;   {runtime_call UncommonTrapBlob}
  0x00007f21b5c32234: 6c24 20e8 

  0x00007f21b5c32238: ; ImmutableOopMap {rbp=Oop }
                      ;*ifeq {reexecute=1 rethrow=0 return_oop=0}
                      ; - (reexecute) java.util.Map::getOrDefault@19 (line 691)
                      ; - com.android.tools.r8.graph.q5::a@89 (line 93)
  0x00007f21b5c32238: c48c c3fd 

  0x00007f21b5c3223c: ;   {other}
  0x00007f21b5c3223c: 0f1f 8400 | 2c0b 0008 

  0x00007f21b5c32244: ;   {oop(a 'java/util/Collections$EmptyList'{0x00000000ffd45658})}
  0x00007f21b5c32244: 49ba 5856 | d4ff 0000 | 0000 458b 

  0x00007f21b5c32250: ;   {metadata('java/util/Collections$EmptyList')}
  0x00007f21b5c32250: 5a08 4181 | fb28 1d1d | 000f 8535 | 1300 0048 | 8b04 2448 | 81c4 9000 

  0x00007f21b5c32268: ;   {poll_return}
  0x00007f21b5c32268: 0000 5d49 | 3ba7 5004 | 0000 0f87 | b815 0000 

  0x00007f21b5c32278: ;   {oop(a 'com/android/tools/r8/internal/Ar0'{0x000000008bc44610})}
  0x00007f21b5c32278: c349 b910 | 46c4 8b00 | 0000 0045 | 85d2 743a | 83c1 0241 | 3bc8 0f8d | 2c04 0000 | 498b b758 
  0x00007f21b5c32298: 0400 004c 

  0x00007f21b5c3229c: ; ImmutableOopMap {r10=Oop r11=NarrowOop r9=Oop rbp=Oop [8]=Oop [24]=Oop [32]=Oop [40]=Oop [48]=Oop [64]=Oop }
                      ;*goto {reexecute=1 rethrow=0 return_oop=0}
                      ; - (reexecute) java.util.IdentityHashMap::containsKey@52 (line 373)
                      ; - com.android.tools.r8.graph.q5::c@14 (line 4)
                      ; - com.android.tools.r8.graph.q5::a@17 (line 80)
  0x00007f21b5c3229c: 8b54 2430 

  0x00007f21b5c322a0: ;   {poll}
  0x00007f21b5c322a0: 8506 413b | c80f 83b9 | 0f00 0045 | 8b54 8b10 | 498b da48 | 8b7c 2430 | 483b df75 | c6e9 10f9 
  0x00007f21b5c322c0: ffff 4c8b | 5424 2841 | 8b6a 1044 

  0x00007f21b5c322cc: ;   {metadata('java/util/Collections$SetFromMap')}
  0x00007f21b5c322cc: 8b5d 0841 | 81fb a8e8 | 1c00 0f85 | 4c0f 0000 | 4c89 0c24 | 4c8b d545 | 8b52 0c49 | 8bf2 488b 
  0x00007f21b5c322ec: 5424 3066 | 9048 b888 | b610 4b21 

  0x00007f21b5c322f8: ;   {virtual_call}
  0x00007f21b5c322f8: 7f00 00e8 

  0x00007f21b5c322fc: ; ImmutableOopMap {[0]=Oop [8]=Oop [24]=Oop [32]=Oop [40]=Oop [48]=Oop [64]=Oop }
                      ;*invokeinterface containsKey {reexecute=0 rethrow=0 return_oop=0}
                      ; - java.util.Collections$SetFromMap::contains@5 (line 5928)
                      ; - com.android.tools.r8.graph.q5::c@63 (line 8)
                      ; - com.android.tools.r8.graph.q5::a@17 (line 80)
  0x00007f21b5c322fc: 206e 3d00 

  0x00007f21b5c32300: ;   {other}
  0x00007f21b5c32300: 0f1f 8400 | f00b 000a | 4c8b 5424 | 3045 8b52 | 1885 c074 | 094c 8b0c | 24e9 bdf8 | ffff 4585 
  0x00007f21b5c32320: d275 13e9 | a910 0000 

  0x00007f21b5c32328: ;   {oop(a 'com/android/tools/r8/internal/Ar0'{0x000000008bc44610})}
  0x00007f21b5c32328: 49bb 1046 | c48b 0000 | 0000 4c89 | 1c24 41bb | 0002 0000 | 4585 5a10 | 0f84 51fb | ffff 4c8b 
  0x00007f21b5c32348: 5424 2841 | 8b6a 1844 

  0x00007f21b5c32350: ;   {metadata('java/util/Collections$SetFromMap')}
  0x00007f21b5c32350: 8b5d 0841 | 81fb a8e8 | 1c00 0f85 | a011 0000 | 4c8b d545 | 8b52 0c49 | 8bf2 488b | 5424 3066 
  0x00007f21b5c32370: 9048 b888 | b610 4b21 

  0x00007f21b5c32378: ;   {virtual_call}
  0x00007f21b5c32378: 7f00 00e8 

  0x00007f21b5c3237c: ; ImmutableOopMap {[0]=Oop [8]=Oop [24]=Oop [32]=Oop [40]=Oop [48]=Oop [64]=Oop }
                      ;*invokeinterface containsKey {reexecute=0 rethrow=0 return_oop=0}
                      ; - java.util.Collections$SetFromMap::contains@5 (line 5928)
                      ; - com.android.tools.r8.graph.q5::e@12 (line 1)
                      ; - com.android.tools.r8.graph.q5::a@26 (line 81)
  0x00007f21b5c3237c: a06d 3d00 

  0x00007f21b5c32380: ;   {other}
  0x00007f21b5c32380: 0f1f 8400 | 700c 000b | 85c0 0f84 | 07fb ffff | be45 ffff | ff48 8b6c | 2428 4c8b | 5c24 084c 
  0x00007f21b5c323a0: 891c 244c | 8b5c 2418 | 4c89 5c24 | 084c 8b5c | 2420 4c89 | 5c24 1048 | ff74 2430 | 488f 4424 
  0x00007f21b5c323c0: 1889 4424 

  0x00007f21b5c323c4: ;   {runtime_call UncommonTrapBlob}
  0x00007f21b5c323c4: 2866 90e8 

  0x00007f21b5c323c8: ; ImmutableOopMap {rbp=Oop [0]=Oop [8]=Oop [16]=Oop [24]=Oop }
                      ;*ifeq {reexecute=1 rethrow=0 return_oop=0}
                      ; - (reexecute) com.android.tools.r8.graph.q5::e@17 (line 1)
                      ; - com.android.tools.r8.graph.q5::a@26 (line 81)
  0x00007f21b5c323c8: 348b c3fd 

  0x00007f21b5c323cc: ;   {other}
  0x00007f21b5c323cc: 0f1f 8400 | bc0c 000c | 4180 7f40 | 000f 85c0 

  0x00007f21b5c323dc: ;   {oop(a 'java/lang/ClassCastException'{0x0000000081005208})}
  0x00007f21b5c323dc: 0600 0049 | ba08 5200 | 8100 0000 | 0045 8962 | 1449 8bf2 | 4881 c490 | 0000 005d 

  0x00007f21b5c323f8: ;   {runtime_call _rethrow_Java}
  0x00007f21b5c323f8: e903 30d9 

  0x00007f21b5c323fc: ;   {oop(a 'java/lang/Object'{0x00000000ffd92cf0})}
  0x00007f21b5c323fc: fd48 bbf0 | 2cd9 ff00 | 0000 00e9 | adfa ffff 

  0x00007f21b5c3240c: ;   {oop(a 'java/lang/Object'{0x00000000ffd92cf0})}
  0x00007f21b5c3240c: 48bb f02c | d9ff 0000 | 0000 e9bf 

  0x00007f21b5c32418: ;   {oop(a 'java/lang/Object'{0x00000000ffd92cf0})}
  0x00007f21b5c32418: fcff ff48 | b9f0 2cd9 | ff00 0000 | 00e9 68fb 

  0x00007f21b5c32428: ;   {oop(a 'java/lang/Object'{0x00000000ffd92cf0})}
  0x00007f21b5c32428: ffff 48b9 | f02c d9ff | 0000 0000 | e967 fdff | ff8b 5718 | 4d8b 97b8 | 0100 008b | 7f14 4d8b 
  0x00007f21b5c32448: da49 83c3 | 104d 3b9f | c801 0000 | 0f83 9409 | 0000 4d89 | 9fb8 0100 | 0041 0f0d | 8b00 0100 
  0x00007f21b5c32468: 0049 c702 | 0100 0000 

  0x00007f21b5c32470: ;   {metadata('com/android/tools/r8/graph/j$$Lambda+0x00007f214de3ac10')}
  0x00007f21b5c32470: 41c7 4208 | 10ac e302 | 4589 620c | 4189 6a0c | 498b b7b8 | 0100 0044 | 8b5b 1048 | 8bde 4883 
  0x00007f21b5c32490: c318 498b | eb49 3b9f | c801 0000 | 0f83 d509 | 0000 4989 | 9fb8 0100 | 000f 0d8b | 0001 0000 
  0x00007f21b5c324b0: 48c7 0601 

  0x00007f21b5c324b4: ;   {metadata('com/android/tools/r8/graph/R4')}
  0x00007f21b5c324b4: 0000 00c7 | 4608 389a | 4701 4489 | 660c 4c89 | 6610 498b | 87b8 0100 | 0048 8bd8 | 4883 c310 
  0x00007f21b5c324d4: 493b 9fc8 | 0100 000f | 8327 0a00 | 0049 899f | b801 0000 | 0f0d 8b00 | 0100 0048 | c700 0100 
  0x00007f21b5c324f4: ;   {metadata('com/android/tools/r8/graph/R4$$Lambda+0x00007f214c46f330')}
  0x00007f21b5c324f4: 0000 c740 | 0830 f346 | 0144 8950 | 0c48 8bdf | 488b f84c | 8bee 4933 | fd4c 8bd0 | 4489 5610 
  0x00007f21b5c32514: 48c1 ef14 | 4885 ff74 | 1a49 c1ed | 0948 bf00 | 00a0 c821 | 7f00 0049 | 03fd 803f | 020f 85a0 
  0x00007f21b5c32534: 0700 0041 | 807f 4000 | 0f85 6207 | 0000 4489 | 5e14 4c8b | d548 8bfe | 4c33 d749 | c1ea 144d 
  0x00007f21b5c32554: 85d2 0f84 | 3a07 0000 | 4585 db74 | 1a48 c1ef | 0948 b800 | 00a0 c821 | 7f00 0048 | 03c7 8038 
  0x00007f21b5c32574: 020f 85ec | 0700 004c | 890c 2444 | 8944 2438 | 4c8b c248 | 894c 2408 | 4488 660d | 4488 660c 
  0x00007f21b5c32594: 488b 5424 | 3049 8bc8 

  0x00007f21b5c3259c: ;   {optimized virtual_call}
  0x00007f21b5c3259c: 4c8b c3e8 

  0x00007f21b5c325a0: ; ImmutableOopMap {[0]=Oop [8]=Oop [24]=Oop [32]=Oop [40]=Oop [48]=Oop [56]=NarrowOop [64]=Oop }
                      ;*invokevirtual b {reexecute=0 rethrow=0 return_oop=1}
                      ; - com.android.tools.r8.graph.j::d@28 (line 11)
                      ; - com.android.tools.r8.graph.j::f@23 (line 5)
                      ; - com.android.tools.r8.graph.j::g@20 (line 3)
                      ; - com.android.tools.r8.shaking.M2::a@33 (line 81)
                      ; - com.android.tools.r8.shaking.M2$$Lambda/0x00007f214e0c38d0::apply@12
                      ; - com.android.tools.r8.graph.q5::a@35 (line 82)
  0x00007f21b5c325a0: dc2d c3fd 

  0x00007f21b5c325a4: ;   {other}
  0x00007f21b5c325a4: 0f1f 8400 | 940e 000d | e957 f8ff | ff33 c0e9 | 68f9 ffff | 33c0 e992 | fbff ff4d | 8bd3 418b 
  0x00007f21b5c325c4: 6a18 448b 

  0x00007f21b5c325c8: ;   {metadata('java/util/Collections$SetFromMap')}
  0x00007f21b5c325c8: 5d08 4181 | fba8 e81c | 000f 852a | 0e00 0044 | 8944 2438 | 4c89 4c24 | 1048 ff74 | 2440 488f 
  0x00007f21b5c325e8: 0424 4c8b | d545 8b52 | 0c49 8bf2 | 488b 5424 | 3048 8b6c | 2428 6666 | 9048 b8ff | ffff ffff 
  0x00007f21b5c32608: ;   {virtual_call}
  0x00007f21b5c32608: ffff ffe8 

  0x00007f21b5c3260c: ; ImmutableOopMap {rbp=Oop [0]=Oop [16]=Oop [24]=Oop [32]=Oop [48]=Oop [56]=NarrowOop }
                      ;*invokeinterface containsKey {reexecute=0 rethrow=0 return_oop=0}
                      ; - java.util.Collections$SetFromMap::contains@5 (line 5928)
                      ; - com.android.tools.r8.graph.q5::e@12 (line 1)
                      ; - com.android.tools.r8.shaking.M2::a@5 (line 73)
                      ; - com.android.tools.r8.shaking.M2$$Lambda/0x00007f214e0c38d0::apply@12
                      ; - com.android.tools.r8.graph.q5::a@35 (line 82)
  0x00007f21b5c3260c: 7030 c3fd 

  0x00007f21b5c32610: ;   {other}
  0x00007f21b5c32610: 0f1f 8400 | 000f 000e | 85c0 0f85 | ab0e 0000 | 48ff 3424 | 488f 4424 | 4048 896c | 2428 4c8b 
  0x00007f21b5c32630: 4c24 1044 | 8b44 2438 | e9f1 f5ff | ff33 c0e9 | b9f9 ffff | 33c0 e9c2 

  0x00007f21b5c32648: ;   {metadata('com/android/tools/r8/graph/s2')}
  0x00007f21b5c32648: fbff ff41 | 81fa 0086 | 7601 0f85 | e80d 0000 

  0x00007f21b5c32658: ;   {oop(a 'com/android/tools/r8/internal/Ar0'{0x000000008bc44610})}
  0x00007f21b5c32658: 49ba 1046 | c48b 0000 | 0000 4c89 | 1424 e92c | f8ff ff48 | 33ff 4c8b | 9ea0 0000 | 0049 8bd3 
  0x00007f21b5c32678: 48d1 e20f | 8921 0000 | 00f3 480f | b8d2 488b | 5e28 483b | 04d3 7415 | 490f bae3 | 3f73 0b49 
  0x00007f21b5c32698: ;   {runtime_call StubRoutines (compiler stubs)}
  0x00007f21b5c32698: c1cb 3ee8 | 5709 c6fd | eb03 48ff | c748 85ff | 0f84 d0f8 | ffff bede 

  0x00007f21b5c326b0: ;   {runtime_call UncommonTrapBlob}
  0x00007f21b5c326b0: ffff ffe8 

  0x00007f21b5c326b4: ; ImmutableOopMap {rbp=NarrowOop }
                      ;*checkcast {reexecute=0 rethrow=0 return_oop=0}
                      ; - com.android.tools.r8.graph.q5::a@72 (line 89)
  0x00007f21b5c326b4: 4888 c3fd 

  0x00007f21b5c326b8: ;   {other}
  0x00007f21b5c326b8: 0f1f 8400 | a80f 000f | 33c9 e9cd | fbff ff41 | 8be8 488b 

  0x00007f21b5c326cc: ;   {optimized virtual_call}
  0x00007f21b5c326cc: 7424 08e8 

  0x00007f21b5c326d0: ; ImmutableOopMap {rbp=NarrowOop [0]=Oop [24]=Oop [32]=Oop [40]=Oop [48]=Oop [64]=Oop }
                      ;*invokevirtual b {reexecute=0 rethrow=0 return_oop=1}
                      ; - com.android.tools.r8.shaking.M2::a@68 (line 88)
                      ; - com.android.tools.r8.shaking.M2$$Lambda/0x00007f214e0c38d0::apply@12
                      ; - com.android.tools.r8.graph.q5::a@35 (line 82)
  0x00007f21b5c326d0: 4c81 ecfe 

  0x00007f21b5c326d4: ;   {other}
  0x00007f21b5c326d4: 0f1f 8400 | c40f 0010 

  0x00007f21b5c326dc: ; implicit exception: dispatches to 0x00007f21b5c337ec
  0x00007f21b5c326dc: 448b 90a0 | 0200 0049 | 8bd2 488b 

  0x00007f21b5c326e8: ;   {optimized virtual_call}
  0x00007f21b5c326e8: f566 90e8 

  0x00007f21b5c326ec: ; ImmutableOopMap {[0]=Oop [24]=Oop [32]=Oop [40]=Oop [48]=Oop [64]=Oop }
                      ;*invokevirtual a {reexecute=0 rethrow=0 return_oop=0}
                      ; - com.android.tools.r8.shaking.M2::a@74 (line 89)
                      ; - com.android.tools.r8.shaking.M2$$Lambda/0x00007f214e0c38d0::apply@12
                      ; - com.android.tools.r8.graph.q5::a@35 (line 82)
  0x00007f21b5c326ec: 3071 99fe 

  0x00007f21b5c326f0: ;   {other}
  0x00007f21b5c326f0: 0f1f 8400 | e00f 0011 | 85c0 0f85 | 47f7 ffff 

  0x00007f21b5c32700: ;   {oop(a 'com/android/tools/r8/internal/yr0'{0x0000000089c36200})}
  0x00007f21b5c32700: 48bd 0062 | c389 0000 | 0000 e977 | f7ff ff44 | 8944 243c | 4489 5c24 | 3848 8974 | 2410 48ff 
  0x00007f21b5c32720: 7424 4048 | 8f04 2448 | 8b74 2430 

  0x00007f21b5c3272c: ;   {static_call}
  0x00007f21b5c3272c: 6666 90e8 

  0x00007f21b5c32730: ; ImmutableOopMap {rbp=Oop [0]=Oop [8]=Oop [16]=Oop [24]=Oop [32]=Oop [48]=Oop [56]=NarrowOop }
                      ;*invokestatic identityHashCode {reexecute=0 rethrow=0 return_oop=0}
                      ; - java.util.IdentityHashMap::hash@1 (line 306)
                      ; - java.util.IdentityHashMap::containsKey@17 (line 365)
                      ; - com.android.tools.r8.graph.q5::c@14 (line 4)
                      ; - com.android.tools.r8.graph.q5::a@17 (line 80)
  0x00007f21b5c32730: 4c32 c3fd 

  0x00007f21b5c32734: ;   {other}
  0x00007f21b5c32734: 0f1f 8400 | 2410 0012 | 48ff 3424 | 488f 4424 | 4048 ff74 | 2410 488f | 4424 2844 | 8b5c 2438 
  0x00007f21b5c32754: 448b 4424 | 3ce9 3cf4 | ffff 4889 | 7c24 4844 | 895c 243c | 4889 5c24 | 4089 4c24 | 3844 894c 
  0x00007f21b5c32774: 2434 4489 | 4424 304c | 8954 2410 | 48ff 3424 | 488f 4424 | 0848 ff74 | 2428 488f | 0424 488b 
  0x00007f21b5c32794: ;   {static_call}
  0x00007f21b5c32794: f366 90e8 

  0x00007f21b5c32798: ; ImmutableOopMap {rbp=Oop [0]=Oop [8]=Oop [16]=Oop [24]=Oop [32]=Oop [48]=NarrowOop [52]=NarrowOop [56]=NarrowOop [64]=Oop [72]=Oop }
                      ;*invokestatic identityHashCode {reexecute=0 rethrow=0 return_oop=0}
                      ; - java.util.IdentityHashMap::hash@1 (line 306)
                      ; - java.util.IdentityHashMap::get@17 (line 340)
                      ; - java.util.Map::getOrDefault@2 (line 691)
                      ; - com.android.tools.r8.graph.q5::a@67 (line 89)
  0x00007f21b5c32798: e431 c3fd 

  0x00007f21b5c3279c: ;   {other}
  0x00007f21b5c3279c: 0f1f 8400 | 8c10 0013 | 48ff 3424 | 488f 4424 | 2848 ff74 | 2408 488f | 0424 4c8b | 5424 1044 
  0x00007f21b5c327bc: 8b44 2430 | 448b 4c24 | 348b 4c24 | 3848 8b5c | 2440 448b | 5c24 3c48 | 8b7c 2448 | e90d f7ff 
  0x00007f21b5c327dc: ff48 897c | 2428 4489 | 5c24 1448 | 895c 2418 | 894c 2410 | 4489 4424 | 0c44 894c | 2408 488b 
  0x00007f21b5c327fc: ;   {static_call}
  0x00007f21b5c327fc: f366 90e8 

  0x00007f21b5c32800: ; ImmutableOopMap {rbp=Oop [0]=Oop [8]=NarrowOop [12]=NarrowOop [16]=NarrowOop [24]=Oop [32]=Oop [40]=Oop }
                      ;*invokestatic identityHashCode {reexecute=0 rethrow=0 return_oop=0}
                      ; - java.util.IdentityHashMap::hash@1 (line 306)
                      ; - java.util.IdentityHashMap::get@17 (line 340)
                      ; - java.util.Map::getOrDefault@2 (line 691)
                      ; - com.android.tools.r8.graph.q5::a@89 (line 93)
  0x00007f21b5c32800: 7c31 c3fd 

  0x00007f21b5c32804: ;   {other}
  0x00007f21b5c32804: 0f1f 8400 | f410 0014 | 448b 4c24 | 0844 8b44 | 240c 8b4c | 2410 488b | 5c24 1844 | 8b5c 2414 
  0x00007f21b5c32824: 488b 7c24 | 28e9 def8 | ffff 895c | 243c 4489 | 4c24 3848 | 894c 2430 | 4c89 5424 | 1048 ff34 
  0x00007f21b5c32844: 2448 8f44 | 2408 48ff | 7424 2848 | 8f04 2448 

  0x00007f21b5c32854: ;   {static_call}
  0x00007f21b5c32854: 8bf1 90e8 

  0x00007f21b5c32858: ; ImmutableOopMap {rbp=Oop [0]=Oop [8]=Oop [16]=Oop [24]=Oop [32]=Oop [48]=Oop [56]=NarrowOop }
                      ;*invokestatic identityHashCode {reexecute=0 rethrow=0 return_oop=0}
                      ; - java.util.IdentityHashMap::hash@1 (line 306)
                      ; - java.util.IdentityHashMap::containsKey@17 (line 365)
                      ; - java.util.Map::getOrDefault@14 (line 691)
                      ; - com.android.tools.r8.graph.q5::a@67 (line 89)
  0x00007f21b5c32858: 2431 c3fd 

  0x00007f21b5c3285c: ;   {other}
  0x00007f21b5c3285c: 0f1f 8400 | 4c11 0015 | 48ff 3424 | 488f 4424 | 2848 ff74 | 2408 488f | 0424 4c8b | 5424 1048 
  0x00007f21b5c3287c: 8b4c 2430 | 448b 4c24 | 388b 5c24 | 3ce9 37f7 | ffff 4489 | 5424 1444 | 8944 2410 | 4889 4c24 
  0x00007f21b5c3289c: 0848 8bf1 

  0x00007f21b5c328a0: ;   {static_call}
  0x00007f21b5c328a0: 6666 90e8 

  0x00007f21b5c328a4: ; ImmutableOopMap {rbp=Oop [0]=Oop [8]=Oop [16]=NarrowOop [32]=Oop }
                      ;*invokestatic identityHashCode {reexecute=0 rethrow=0 return_oop=0}
                      ; - java.util.IdentityHashMap::hash@1 (line 306)
                      ; - java.util.IdentityHashMap::containsKey@17 (line 365)
                      ; - java.util.Map::getOrDefault@14 (line 691)
                      ; - com.android.tools.r8.graph.q5::a@89 (line 93)
  0x00007f21b5c328a4: d830 c3fd 

  0x00007f21b5c328a8: ;   {other}
  0x00007f21b5c328a8: 0f1f 8400 | 9811 0016 | 488b 4c24 | 0844 8b44 | 2410 448b | 5424 14e9 | 0ff9 ffff | 4c89 0c24 
  0x00007f21b5c328c8: 4489 4424 | 38e9 0ff5 | ffff 448b | 5e14 4585 | db0f 84c2 | f4ff ff4d | 8b57 2849 | 8bfb 4d85 
  0x00007f21b5c328e8: d20f 8485 | 0a00 004d | 8b5f 384b | 897c 13f8 | 4983 c2f8 | 4d89 5728 | e99c f4ff | ff4d 8b57 
  0x00007f21b5c32908: 584d 8b5f | 48f0 8344 | 24c0 0080 | 3f00 0f84 | 7af4 ffff | 4488 274d | 85db 755d | 4c89 7424 
  0x00007f21b5c32928: 504c 896c | 2448 895c | 240c 4889 | 7424 3848 | 894c 2410 | 4489 4424 | 084d 8bf1 | 498b f749 
  0x00007f21b5c32948: bab0 f795 | cb21 7f00 | 0041 ffd2 

  0x00007f21b5c32954: ;   {other}
  0x00007f21b5c32954: 0f1f 8400 | 0000 0000 | 4d8b ce44 | 8b44 2408 | 488b 4c24 | 1048 8b74 | 2438 8b5c | 240c 4c8b 
  0x00007f21b5c32974: 6c24 484c | 8b74 2450 | e915 f4ff | ff4b 897c | 1af8 4983 | c3f8 4d89 | 5f48 e903 | f4ff ff4d 
  0x00007f21b5c32994: 8b57 584d | 8b5f 48f0 | 8344 24c0 | 0080 3b00 | 0f84 2ef4 | ffff 4488 | 234d 85db | 7559 4c89 
  0x00007f21b5c329b4: 7424 484c | 896c 2438 | 4889 7424 | 104c 8bd3 | 4889 4c24 | 0844 8904 | 244d 8be9 | 498b fa49 
  0x00007f21b5c329d4: 8bf7 49ba | b0f7 95cb | 217f 0000 

  0x00007f21b5c329e0: ;   {other}
  0x00007f21b5c329e0: 41ff d20f | 1f84 0000 | 0000 004d | 8bcd 448b | 0424 488b | 4c24 0848 | 8b74 2410 | 4c8b 6c24 
  0x00007f21b5c32a00: 384c 8b74 | 2448 e9cd | f3ff ff4b | 895c 1af8 | 4983 c3f8 | 4d89 5f48 | e9bb f3ff 

  0x00007f21b5c32a1c: ;   {metadata('com/android/tools/r8/internal/yr0')}
  0x00007f21b5c32a1c: ff41 81fb | 681c 1901 | 0f85 120b 

  0x00007f21b5c32a28: ;   {oop(a 'com/android/tools/r8/internal/yr0'{0x0000000089c36200})}
  0x00007f21b5c32a28: 0000 48b8 | 0062 c389 | 0000 0000 | e92a f8ff 

  0x00007f21b5c32a38: ;   {metadata('com/android/tools/r8/graph/i5')}
  0x00007f21b5c32a38: ff41 81fb | 0000 4601 | 0f84 d3f3 | ffff bec6 | ffff ff4c | 8b54 2418 | 4c89 1424 | 4c8b 5424 
  0x00007f21b5c32a58: 204c 8954 | 2408 4889 

  0x00007f21b5c32a60: ;   {runtime_call UncommonTrapBlob}
  0x00007f21b5c32a60: 4424 20e8 

  0x00007f21b5c32a64: ; ImmutableOopMap {[0]=Oop [8]=Oop [32]=Oop [40]=Oop [48]=Oop [56]=NarrowOop }
                      ;*invokevirtual o {reexecute=0 rethrow=0 return_oop=0}
                      ; - com.android.tools.r8.shaking.M2::a@36 (line 83)
                      ; - com.android.tools.r8.shaking.M2$$Lambda/0x00007f214e0c38d0::apply@12
                      ; - com.android.tools.r8.graph.q5::a@35 (line 82)
  0x00007f21b5c32a64: 9884 c3fd 

  0x00007f21b5c32a68: ;   {other}
  0x00007f21b5c32a68: 0f1f 8400 | 5813 0017 | 4c89 4c24 | 104c 8954 | 2408 498b 

  0x00007f21b5c32a7c: ;   {metadata('com/android/tools/r8/internal/xw0$$Lambda+0x00007f214de37268')}
  0x00007f21b5c32a7c: e848 be68 | 72e3 4d21 

  0x00007f21b5c32a84: ;   {runtime_call _new_instance_Java}
  0x00007f21b5c32a84: 7f00 00e8 

  0x00007f21b5c32a88: ; ImmutableOopMap {rbp=Oop [0]=Oop [8]=Oop [16]=Oop [32]=Oop [40]=Oop }
                      ;*invokevirtual allocateInstance {reexecute=0 rethrow=0 return_oop=1}
                      ; - java.lang.invoke.DirectMethodHandle::allocateInstance@12 (line 501)
                      ; - java.lang.invoke.DirectMethodHandle$Holder::newInvokeSpecial@1
                      ; - java.lang.invoke.Invokers$Holder::linkToTargetMethod@5
                      ; - com.android.tools.r8.internal.xw0::b@2 (line 1)
                      ; - com.android.tools.r8.graph.q5::a@75 (line 90)
  0x00007f21b5c32a88: 741f d0fd 

  0x00007f21b5c32a8c: ;   {other}
  0x00007f21b5c32a8c: 0f1f 8400 | 7c13 0018 | 488b d04c | 8bc5 e9f3 

  0x00007f21b5c32a9c: ;   {oop(a 'java/lang/ClassCastException'{0x0000000081005208})}
  0x00007f21b5c32a9c: f5ff ff49 | ba08 5200 | 8100 0000 | 0045 8b5a | 1445 85db | 0f84 29f9 | ffff 4d8b | 5728 498b 
  0x00007f21b5c32abc: fb4d 85d2 | 0f84 1e09 | 0000 4d8b | 5f38 4b89 | 7c13 f849 | 83c2 f84d | 8957 28e9 | 03f9 ffff 
  0x00007f21b5c32adc: 897c 2458 | 4489 5424 | 3c48 894c | 2450 4889 | 5c24 4844 | 8944 2438 | 4c89 4c24 | 1048 ff74 
  0x00007f21b5c32afc: 2428 488f | 4424 0848 | ff74 2440 | 488f 0424 

  0x00007f21b5c32b0c: ;   {metadata('com/android/tools/r8/graph/j$$Lambda+0x00007f214c47cda8')}
  0x00007f21b5c32b0c: 48be a8cd | 474c 217f | 0000 48ff | 7424 3048 | 8f44 2428 

  0x00007f21b5c32b20: ;   {runtime_call _new_instance_Java}
  0x00007f21b5c32b20: 6666 90e8 

  0x00007f21b5c32b24: ; ImmutableOopMap {rbp=NarrowOop [0]=Oop [8]=Oop [16]=Oop [24]=Oop [32]=Oop [40]=Oop [48]=Oop [56]=NarrowOop [60]=NarrowOop [72]=Oop [80]=Oop [88]=NarrowOop }
                      ;*invokevirtual allocateInstance {reexecute=0 rethrow=0 return_oop=1}
                      ; - java.lang.invoke.DirectMethodHandle::allocateInstance@12 (line 501)
                      ; - java.lang.invoke.DirectMethodHandle$Holder::newInvokeSpecial@1
                      ; - java.lang.invoke.Invokers$Holder::linkToTargetMethod@5
                      ; - com.android.tools.r8.graph.j::b@12 (line 163)
                      ; - com.android.tools.r8.graph.j::e@23 (line 2)
                      ; - com.android.tools.r8.graph.j::g@29 (line 4)
                      ; - com.android.tools.r8.shaking.M2::a@33 (line 81)
                      ; - com.android.tools.r8.shaking.M2$$Lambda/0x00007f214e0c38d0::apply@12
                      ; - com.android.tools.r8.graph.q5::a@35 (line 82)
  0x00007f21b5c32b24: d81e d0fd 

  0x00007f21b5c32b28: ;   {other}
  0x00007f21b5c32b28: 0f1f 8400 | 1814 0019 | 48ff 3424 | 488f 4424 | 4048 ff74 | 2408 488f | 4424 284c | 8b4c 2410 
  0x00007f21b5c32b48: 448b 4424 | 3848 8b5c | 2448 488b | 4c24 5044 | 8b54 243c | 4c8b d88b | 7c24 58e9 | 6ef1 ffff 
  0x00007f21b5c32b68: 895c 245c | 897c 2458 | 4c89 5c24 | 5044 8954 | 243c 4889 | 4c24 4844 | 8944 2438 | 4c89 4c24 
  0x00007f21b5c32b88: 1048 ff74 | 2428 488f | 4424 0848 | ff74 2440 | 488f 0424 

  0x00007f21b5c32b9c: ;   {metadata('com/android/tools/r8/graph/R4')}
  0x00007f21b5c32b9c: 48be 389a | 474c 217f | 0000 48ff | 7424 3048 | 8f44 2428 

  0x00007f21b5c32bb0: ;   {runtime_call _new_instance_Java}
  0x00007f21b5c32bb0: 6666 90e8 

  0x00007f21b5c32bb4: ; ImmutableOopMap {rbp=Oop [0]=Oop [8]=Oop [16]=Oop [24]=Oop [32]=Oop [40]=Oop [48]=Oop [56]=NarrowOop [60]=NarrowOop [72]=Oop [80]=Oop [88]=NarrowOop [92]=NarrowOop }
                      ;*new {reexecute=0 rethrow=0 return_oop=1}
                      ; - com.android.tools.r8.graph.R4::a@0 (line 1)
                      ; - com.android.tools.r8.graph.j::b@22 (line 163)
                      ; - com.android.tools.r8.graph.j::e@23 (line 2)
                      ; - com.android.tools.r8.graph.j::g@29 (line 4)
                      ; - com.android.tools.r8.shaking.M2::a@33 (line 81)
                      ; - com.android.tools.r8.shaking.M2$$Lambda/0x00007f214e0c38d0::apply@12
                      ; - com.android.tools.r8.graph.q5::a@35 (line 82)
  0x00007f21b5c32bb4: 481e d0fd 

  0x00007f21b5c32bb8: ;   {other}
  0x00007f21b5c32bb8: 0f1f 8400 | a814 001a | 48ff 3424 | 488f 4424 | 4048 ff74 | 2408 488f | 4424 284c | 8b4c 2410 
  0x00007f21b5c32bd8: 448b 4424 | 3848 8b4c | 2448 448b | 5424 3c4c | 8b5c 2450 | 8b7c 2458 | 488b f08b | 5c24 5ce9 
  0x00007f21b5c32bf8: 23f1 ffff | 895c 245c | 4889 7424 | 6089 7c24 | 584c 895c | 2450 4489 | 5424 3c48 | 894c 2448 
  0x00007f21b5c32c18: 4489 4424 | 384c 894c | 2410 48ff | 7424 2848 | 8f44 2408 | 48ff 7424 | 4048 8f04 

  0x00007f21b5c32c34: ;   {metadata('com/android/tools/r8/graph/R4$$Lambda+0x00007f214c46f330')}
  0x00007f21b5c32c34: 2448 be30 | f346 4c21 | 7f00 0048 | ff74 2430 | 488f 4424 

  0x00007f21b5c32c48: ;   {runtime_call _new_instance_Java}
  0x00007f21b5c32c48: 2866 90e8 

  0x00007f21b5c32c4c: ; ImmutableOopMap {rbp=Oop [0]=Oop [8]=Oop [16]=Oop [24]=Oop [32]=Oop [40]=Oop [48]=Oop [56]=NarrowOop [60]=NarrowOop [72]=Oop [80]=Oop [88]=NarrowOop [92]=NarrowOop [96]=Oop }
                      ;*invokevirtual allocateInstance {reexecute=0 rethrow=0 return_oop=1}
                      ; - java.lang.invoke.DirectMethodHandle::allocateInstance@12 (line 501)
                      ; - java.lang.invoke.DirectMethodHandle$Holder::newInvokeSpecial@1
                      ; - java.lang.invoke.Invokers$Holder::linkToTargetMethod@5
                      ; - com.android.tools.r8.graph.R4::a@5 (line 1)
                      ; - com.android.tools.r8.graph.j::b@22 (line 163)
                      ; - com.android.tools.r8.graph.j::e@23 (line 2)
                      ; - com.android.tools.r8.graph.j::g@29 (line 4)
                      ; - com.android.tools.r8.shaking.M2::a@33 (line 81)
                      ; - com.android.tools.r8.shaking.M2$$Lambda/0x00007f214e0c38d0::apply@12
                      ; - com.android.tools.r8.graph.q5::a@35 (line 82)
  0x00007f21b5c32c4c: b01d d0fd 

  0x00007f21b5c32c50: ;   {other}
  0x00007f21b5c32c50: 0f1f 8400 | 4015 001b | 48ff 3424 | 488f 4424 | 4048 ff74 | 2408 488f | 4424 284c | 8b4c 2410 
  0x00007f21b5c32c70: 448b 4424 | 3848 8b4c | 2448 448b | 5424 3c4c | 8b5c 2450 | 8b7c 2458 | 488b 7424 | 608b 5c24 
  0x00007f21b5c32c90: 5ce9 c0f0 | ffff 4c89 | 0c24 4489 | 4424 38e9 | e0f8 ffff | 448b 5614 | 4585 d20f | 8491 f8ff 
  0x00007f21b5c32cb0: ff49 8b47 | 2849 8bfa | 4885 c00f | 84ab 0700 | 004d 8b57 | 3849 897c | 02f8 4883 | c0f8 4989 
  0x00007f21b5c32cd0: 4728 e96b | f8ff ff4d | 8b57 4849 | 8b47 58f0 | 8344 24c0 | 0080 3f00 | 0f84 49f8 | ffff 4488 
  0x00007f21b5c32cf0: 274d 85d2 | 755f 4889 | 5424 5048 | 895c 2448 | 4489 5c24 | 0c48 8974 | 2438 4889 | 4c24 1044 
  0x00007f21b5c32d10: 8944 2408 | 4d8b f149 | 8bf7 49ba | b0f7 95cb | 217f 0000 

  0x00007f21b5c32d24: ;   {other}
  0x00007f21b5c32d24: 41ff d20f | 1f84 0000 | 0000 004d | 8bce 448b | 4424 0848 | 8b4c 2410 | 488b 7424 | 3844 8b5c 
  0x00007f21b5c32d44: 240c 488b | 5c24 4848 | 8b54 2450 | e9e2 f7ff | ff4a 897c | 10f8 4983 | c2f8 4d89 | 5748 e9d0 
  0x00007f21b5c32d64: f7ff ff4d | 8b57 484d | 8b5f 58f0 | 8344 24c0 | 0080 3800 | 0f84 fdf7 | ffff 4488 | 204d 85d2 
  0x00007f21b5c32d84: 7556 4889 | 5424 4848 | 895c 2438 | 4889 7424 | 1048 894c | 2408 4489 | 0424 4d8b | e948 8bf8 
  0x00007f21b5c32da4: 498b f749 | bab0 f795 | cb21 7f00 | 0041 ffd2 

  0x00007f21b5c32db4: ;   {other}
  0x00007f21b5c32db4: 0f1f 8400 | 0000 0000 | 4d8b cd44 | 8b04 2448 | 8b4c 2408 | 488b 7424 | 1048 8b5c | 2438 488b 
  0x00007f21b5c32dd4: 5424 48e9 | 9ff7 ffff | 4b89 4413 | f849 83c2 | f84d 8957 | 48e9 8df7 | ffff 897c | 2458 8954 
  0x00007f21b5c32df4: 243c 4889 | 4c24 5048 | 895c 2448 | 4489 4424 | 384c 894c | 2410 48ff | 7424 2848 | 8f44 2408 
  0x00007f21b5c32e14: 48ff 7424 | 4048 8f04 

  0x00007f21b5c32e1c: ;   {metadata('com/android/tools/r8/graph/j$$Lambda+0x00007f214de3ac10')}
  0x00007f21b5c32e1c: 2448 be10 | ace3 4d21 | 7f00 0048 | ff74 2430 | 488f 4424 

  0x00007f21b5c32e30: ;   {runtime_call _new_instance_Java}
  0x00007f21b5c32e30: 2866 90e8 

  0x00007f21b5c32e34: ; ImmutableOopMap {rbp=NarrowOop [0]=Oop [8]=Oop [16]=Oop [24]=Oop [32]=Oop [40]=Oop [48]=Oop [56]=NarrowOop [60]=NarrowOop [72]=Oop [80]=Oop [88]=NarrowOop }
                      ;*invokevirtual allocateInstance {reexecute=0 rethrow=0 return_oop=1}
                      ; - java.lang.invoke.DirectMethodHandle::allocateInstance@12 (line 501)
                      ; - java.lang.invoke.DirectMethodHandle$Holder::newInvokeSpecial@1
                      ; - java.lang.invoke.Invokers$Holder::linkToTargetMethod@5
                      ; - com.android.tools.r8.graph.j::d@12 (line 10)
                      ; - com.android.tools.r8.graph.j::f@23 (line 5)
                      ; - com.android.tools.r8.graph.j::g@20 (line 3)
                      ; - com.android.tools.r8.shaking.M2::a@33 (line 81)
                      ; - com.android.tools.r8.shaking.M2$$Lambda/0x00007f214e0c38d0::apply@12
                      ; - com.android.tools.r8.graph.q5::a@35 (line 82)
  0x00007f21b5c32e34: c81b d0fd 

  0x00007f21b5c32e38: ;   {other}
  0x00007f21b5c32e38: 0f1f 8400 | 2817 001c | 48ff 3424 | 488f 4424 | 4048 ff74 | 2408 488f | 4424 284c | 8b4c 2410 
  0x00007f21b5c32e58: 448b 4424 | 3848 8b5c | 2448 488b | 4c24 508b | 5424 3c4c | 8bd0 8b7c | 2458 e905 | f6ff ff44 
  0x00007f21b5c32e78: 895c 245c | 897c 2458 | 4c89 5424 | 5089 5424 | 3c48 894c | 2448 4489 | 4424 384c | 894c 2410 
  0x00007f21b5c32e98: 48ff 7424 | 2848 8f44 | 2408 48ff | 7424 4048 

  0x00007f21b5c32ea8: ;   {metadata('com/android/tools/r8/graph/R4')}
  0x00007f21b5c32ea8: 8f04 2448 | be38 9a47 | 4c21 7f00 | 0048 ff74 | 2430 488f 

  0x00007f21b5c32ebc: ;   {runtime_call _new_instance_Java}
  0x00007f21b5c32ebc: 4424 28e8 

  0x00007f21b5c32ec0: ; ImmutableOopMap {rbp=Oop [0]=Oop [8]=Oop [16]=Oop [24]=Oop [32]=Oop [40]=Oop [48]=Oop [56]=NarrowOop [60]=NarrowOop [72]=Oop [80]=Oop [88]=NarrowOop [92]=NarrowOop }
                      ;*new {reexecute=0 rethrow=0 return_oop=1}
                      ; - com.android.tools.r8.graph.R4::a@0 (line 1)
                      ; - com.android.tools.r8.graph.j::d@22 (line 10)
                      ; - com.android.tools.r8.graph.j::f@23 (line 5)
                      ; - com.android.tools.r8.graph.j::g@20 (line 3)
                      ; - com.android.tools.r8.shaking.M2::a@33 (line 81)
                      ; - com.android.tools.r8.shaking.M2$$Lambda/0x00007f214e0c38d0::apply@12
                      ; - com.android.tools.r8.graph.q5::a@35 (line 82)
  0x00007f21b5c32ec0: 3c1b d0fd 

  0x00007f21b5c32ec4: ;   {other}
  0x00007f21b5c32ec4: 0f1f 8400 | b417 001d | 48ff 3424 | 488f 4424 | 4048 ff74 | 2408 488f | 4424 284c | 8b4c 2410 
  0x00007f21b5c32ee4: 448b 4424 | 3848 8b4c | 2448 8b54 | 243c 4c8b | 5424 508b | 7c24 5848 | 8bf0 448b | 5c24 5ce9 
  0x00007f21b5c32f04: bef5 ffff | 4489 5c24 | 5c48 8974 | 2460 897c | 2458 4c89 | 5424 5089 | 5424 3c48 | 894c 2448 
  0x00007f21b5c32f24: 4489 4424 | 384c 894c | 2410 48ff | 7424 2848 | 8f44 2408 | 48ff 7424 | 4048 8f04 

  0x00007f21b5c32f40: ;   {metadata('com/android/tools/r8/graph/R4$$Lambda+0x00007f214c46f330')}
  0x00007f21b5c32f40: 2448 be30 | f346 4c21 | 7f00 0048 | ff74 2430 | 488f 4424 

  0x00007f21b5c32f54: ;   {runtime_call _new_instance_Java}
  0x00007f21b5c32f54: 2866 90e8 

  0x00007f21b5c32f58: ; ImmutableOopMap {rbp=Oop [0]=Oop [8]=Oop [16]=Oop [24]=Oop [32]=Oop [40]=Oop [48]=Oop [56]=NarrowOop [60]=NarrowOop [72]=Oop [80]=Oop [88]=NarrowOop [92]=NarrowOop [96]=Oop }
                      ;*invokevirtual allocateInstance {reexecute=0 rethrow=0 return_oop=1}
                      ; - java.lang.invoke.DirectMethodHandle::allocateInstance@12 (line 501)
                      ; - java.lang.invoke.DirectMethodHandle$Holder::newInvokeSpecial@1
                      ; - java.lang.invoke.Invokers$Holder::linkToTargetMethod@5
                      ; - com.android.tools.r8.graph.R4::a@5 (line 1)
                      ; - com.android.tools.r8.graph.j::d@22 (line 10)
                      ; - com.android.tools.r8.graph.j::f@23 (line 5)
                      ; - com.android.tools.r8.graph.j::g@20 (line 3)
                      ; - com.android.tools.r8.shaking.M2::a@33 (line 81)
                      ; - com.android.tools.r8.shaking.M2$$Lambda/0x00007f214e0c38d0::apply@12
                      ; - com.android.tools.r8.graph.q5::a@35 (line 82)
  0x00007f21b5c32f58: a41a d0fd 

  0x00007f21b5c32f5c: ;   {other}
  0x00007f21b5c32f5c: 0f1f 8400 | 4c18 001e | 48ff 3424 | 488f 4424 | 4048 ff74 | 2408 488f | 4424 284c | 8b4c 2410 
  0x00007f21b5c32f7c: 448b 4424 | 3848 8b4c | 2448 8b54 | 243c 4c8b | 5424 508b | 7c24 5848 | 8b74 2460 | 448b 5c24 
  0x00007f21b5c32f9c: 5ce9 5bf5 | ffff bee4 | ffff ff48 | 8b6c 2420 | 4c89 1424 | 48ff 7424 | 2848 8f44 | 2408 4c8b 
  0x00007f21b5c32fbc: 5424 184c | 8954 2410 | 4489 4424 | 1844 894c | 241c 4889 | 5c24 2044 | 895c 242c | 894c 2434 
  0x00007f21b5c32fdc: 8944 2438 

  0x00007f21b5c32fe0: ;   {runtime_call UncommonTrapBlob}
  0x00007f21b5c32fe0: 6666 90e8 

  0x00007f21b5c32fe4: ; ImmutableOopMap {rbp=Oop [0]=Oop [8]=Oop [16]=Oop [24]=NarrowOop [28]=NarrowOop [32]=Oop [52]=NarrowOop }
                      ;*aaload {reexecute=0 rethrow=0 return_oop=0}
                      ; - java.util.IdentityHashMap::get@25 (line 342)
                      ; - java.util.Map::getOrDefault@2 (line 691)
                      ; - com.android.tools.r8.graph.q5::a@67 (line 89)
  0x00007f21b5c32fe4: 187f c3fd 

  0x00007f21b5c32fe8: ;   {other}
  0x00007f21b5c32fe8: 0f1f 8400 | d818 001f | bee4 ffff | ff48 8b6c | 2420 4489 | 0c24 4489 | 4424 0448 | 895c 2408 
  0x00007f21b5c33008: 4489 5c24 | 1489 4c24 | 1c89 4424 

  0x00007f21b5c33014: ;   {runtime_call UncommonTrapBlob}
  0x00007f21b5c33014: 2066 90e8 

  0x00007f21b5c33018: ; ImmutableOopMap {rbp=Oop [0]=NarrowOop [4]=NarrowOop [8]=Oop [28]=NarrowOop }
                      ;*aaload {reexecute=0 rethrow=0 return_oop=0}
                      ; - java.util.IdentityHashMap::get@25 (line 342)
                      ; - java.util.Map::getOrDefault@2 (line 691)
                      ; - com.android.tools.r8.graph.q5::a@89 (line 93)
  0x00007f21b5c33018: e47e c3fd 

  0x00007f21b5c3301c: ;   {other}
  0x00007f21b5c3301c: 0f1f 8400 | 0c19 0020 | bef6 ffff 

  0x00007f21b5c33028: ;   {runtime_call UncommonTrapBlob}
  0x00007f21b5c33028: ff66 90e8 

  0x00007f21b5c3302c: ; ImmutableOopMap {}
                      ;*invokevirtual L {reexecute=0 rethrow=0 return_oop=0}
                      ; - com.android.tools.r8.graph.E0::isInterface@4 (line 1)
                      ; - com.android.tools.r8.graph.q5::c@1 (line 1)
                      ; - com.android.tools.r8.graph.q5::a@17 (line 80)
  0x00007f21b5c3302c: d07e c3fd 

  0x00007f21b5c33030: ;   {other}
  0x00007f21b5c33030: 0f1f 8400 | 2019 0021 | bede ffff | ff48 8b6c | 2428 4889 | 1424 4889 | 4c24 084c | 8b5c 2420 
  0x00007f21b5c33050: 4c89 5c24 | 104c 8954 

  0x00007f21b5c33058: ;   {runtime_call UncommonTrapBlob}
  0x00007f21b5c33058: 2428 90e8 

  0x00007f21b5c3305c: ; ImmutableOopMap {rbp=Oop [0]=Oop [8]=Oop [16]=Oop [40]=Oop }
                      ;*invokevirtual f0 {reexecute=0 rethrow=0 return_oop=0}
                      ; - com.android.tools.r8.graph.q5::a@11 (line 79)
  0x00007f21b5c3305c: a07e c3fd 

  0x00007f21b5c33060: ;   {other}
  0x00007f21b5c33060: 0f1f 8400 | 5019 0022 | bef6 ffff | ff49 8be9 

  0x00007f21b5c33070: ;   {runtime_call UncommonTrapBlob}
  0x00007f21b5c33070: 6666 90e8 

  0x00007f21b5c33074: ; ImmutableOopMap {rbp=Oop }
                      ;*invokevirtual b {reexecute=0 rethrow=0 return_oop=0}
                      ; - com.android.tools.r8.graph.q5::a@75 (line 90)
  0x00007f21b5c33074: 887e c3fd 

  0x00007f21b5c33078: ;   {other}
  0x00007f21b5c33078: 0f1f 8400 | 6819 0023 | bee4 ffff | ff4c 8b54 | 2408 4c89 | 1424 4c8b | 5424 184c | 8954 2408 
  0x00007f21b5c33098: 4c8b 5424 | 204c 8954 | 2410 48ff | 7424 3048 | 8f44 2418 | 4489 4424 | 4444 895c | 244c 894c 
  0x00007f21b5c330b8: ;   {runtime_call UncommonTrapBlob}
  0x00007f21b5c330b8: 2450 90e8 

  0x00007f21b5c330bc: ; ImmutableOopMap {[0]=Oop [8]=Oop [16]=Oop [24]=Oop [40]=Oop [76]=NarrowOop }
                      ;*aaload {reexecute=0 rethrow=0 return_oop=0}
                      ; - java.util.IdentityHashMap::containsKey@25 (line 367)
                      ; - com.android.tools.r8.graph.q5::c@14 (line 4)
                      ; - com.android.tools.r8.graph.q5::a@17 (line 80)
  0x00007f21b5c330bc: 407e c3fd 

  0x00007f21b5c330c0: ;   {other}
  0x00007f21b5c330c0: 0f1f 8400 | b019 0024 | bee4 ffff | ff48 8b6c | 2420 4c89 | 1424 48ff | 7424 2848 | 8f44 2408 
  0x00007f21b5c330e0: 4c8b 5424 | 184c 8954 | 2410 4489 | 4424 1844 | 894c 241c | 4889 5c24 | 2044 895c | 242c 894c 
  0x00007f21b5c33100: 2434 8944 

  0x00007f21b5c33104: ;   {runtime_call UncommonTrapBlob}
  0x00007f21b5c33104: 2438 90e8 

  0x00007f21b5c33108: ; ImmutableOopMap {rbp=Oop [0]=Oop [8]=Oop [16]=Oop [24]=NarrowOop [28]=NarrowOop [32]=Oop [52]=NarrowOop }
                      ;*aaload {reexecute=0 rethrow=0 return_oop=0}
                      ; - java.util.IdentityHashMap::get@25 (line 342)
                      ; - java.util.Map::getOrDefault@2 (line 691)
                      ; - com.android.tools.r8.graph.q5::a@67 (line 89)
  0x00007f21b5c33108: f47d c3fd 

  0x00007f21b5c3310c: ;   {other}
  0x00007f21b5c3310c: 0f1f 8400 | fc19 0025 | bee4 ffff | ff48 8b6c | 2420 4489 | 0c24 4489 | 4424 0448 | 895c 2408 
  0x00007f21b5c3312c: 4489 5c24 | 1489 4c24 | 1c89 4424 

  0x00007f21b5c33138: ;   {runtime_call UncommonTrapBlob}
  0x00007f21b5c33138: 2066 90e8 

  0x00007f21b5c3313c: ; ImmutableOopMap {rbp=Oop [0]=NarrowOop [4]=NarrowOop [8]=Oop [28]=NarrowOop }
                      ;*aaload {reexecute=0 rethrow=0 return_oop=0}
                      ; - java.util.IdentityHashMap::get@25 (line 342)
                      ; - java.util.Map::getOrDefault@2 (line 691)
                      ; - com.android.tools.r8.graph.q5::a@89 (line 93)
  0x00007f21b5c3313c: c07d c3fd 

  0x00007f21b5c33140: ;   {other}
  0x00007f21b5c33140: 0f1f 8400 | 301a 0026 | bee4 ffff | ff48 8b6c | 2420 4c89 | 1424 48ff | 7424 2848 | 8f44 2408 
  0x00007f21b5c33160: 4c8b 5424 | 184c 8954 | 2410 8944 | 241c 4889 | 4c24 2089 | 5c24 2c44 | 894c 2430 

  0x00007f21b5c3317c: ;   {runtime_call UncommonTrapBlob}
  0x00007f21b5c3317c: 6666 90e8 

  0x00007f21b5c33180: ; ImmutableOopMap {rbp=Oop [0]=Oop [8]=Oop [16]=Oop [32]=Oop [48]=NarrowOop }
                      ;*aaload {reexecute=0 rethrow=0 return_oop=0}
                      ; - java.util.IdentityHashMap::containsKey@25 (line 367)
                      ; - java.util.Map::getOrDefault@14 (line 691)
                      ; - com.android.tools.r8.graph.q5::a@67 (line 89)
  0x00007f21b5c33180: 7c7d c3fd 

  0x00007f21b5c33184: ;   {other}
  0x00007f21b5c33184: 0f1f 8400 | 741a 0027 | bee4 ffff | ff48 8b6c | 2420 8944 | 2404 4889 | 4c24 0844 | 8954 2414 
  0x00007f21b5c331a4: 4489 4424 

  0x00007f21b5c331a8: ;   {runtime_call UncommonTrapBlob}
  0x00007f21b5c331a8: 1866 90e8 

  0x00007f21b5c331ac: ; ImmutableOopMap {rbp=Oop [8]=Oop [24]=NarrowOop }
                      ;*aaload {reexecute=0 rethrow=0 return_oop=0}
                      ; - java.util.IdentityHashMap::containsKey@25 (line 367)
                      ; - java.util.Map::getOrDefault@14 (line 691)
                      ; - com.android.tools.r8.graph.q5::a@89 (line 93)
  0x00007f21b5c331ac: 507d c3fd 

  0x00007f21b5c331b0: ;   {other}
  0x00007f21b5c331b0: 0f1f 8400 | a01a 0028 | bee4 ffff | ff48 8b6c | 2420 4c89 | 1424 48ff | 7424 2848 | 8f44 2408 
  0x00007f21b5c331d0: 4c8b 5424 | 184c 8954 | 2410 8944 | 241c 4889 | 4c24 2089 | 5c24 2c44 | 894c 2430 

  0x00007f21b5c331ec: ;   {runtime_call UncommonTrapBlob}
  0x00007f21b5c331ec: 6666 90e8 

  0x00007f21b5c331f0: ; ImmutableOopMap {rbp=Oop [0]=Oop [8]=Oop [16]=Oop [32]=Oop [48]=NarrowOop }
                      ;*aaload {reexecute=0 rethrow=0 return_oop=0}
                      ; - java.util.IdentityHashMap::containsKey@25 (line 367)
                      ; - java.util.Map::getOrDefault@14 (line 691)
                      ; - com.android.tools.r8.graph.q5::a@67 (line 89)
  0x00007f21b5c331f0: 0c7d c3fd 

  0x00007f21b5c331f4: ;   {other}
  0x00007f21b5c331f4: 0f1f 8400 | e41a 0029 | bee4 ffff | ff48 8b6c | 2420 8944 | 2404 4889 | 4c24 0844 | 8954 2414 
  0x00007f21b5c33214: 4489 4424 

  0x00007f21b5c33218: ;   {runtime_call UncommonTrapBlob}
  0x00007f21b5c33218: 1866 90e8 

  0x00007f21b5c3321c: ; ImmutableOopMap {rbp=Oop [8]=Oop [24]=NarrowOop }
                      ;*aaload {reexecute=0 rethrow=0 return_oop=0}
                      ; - java.util.IdentityHashMap::containsKey@25 (line 367)
                      ; - java.util.Map::getOrDefault@14 (line 691)
                      ; - com.android.tools.r8.graph.q5::a@89 (line 93)
  0x00007f21b5c3321c: e07c c3fd 

  0x00007f21b5c33220: ;   {other}
  0x00007f21b5c33220: 0f1f 8400 | 101b 002a | bede ffff | ff48 ff74 | 2428 488f | 0424 4c8b | 5424 184c | 8954 2410 
  0x00007f21b5c33240: 4c8b 5424 | 204c 8954 | 2418 48ff | 7424 3048 | 8f44 2420 

  0x00007f21b5c33254: ;   {runtime_call UncommonTrapBlob}
  0x00007f21b5c33254: 6666 90e8 

  0x00007f21b5c33258: ; ImmutableOopMap {rbp=NarrowOop [0]=Oop [8]=Oop [16]=Oop [24]=Oop [32]=Oop }
                      ;*invokeinterface contains {reexecute=0 rethrow=0 return_oop=0}
                      ; - com.android.tools.r8.graph.q5::c@63 (line 8)
                      ; - com.android.tools.r8.graph.q5::a@17 (line 80)
  0x00007f21b5c33258: a47c c3fd 

  0x00007f21b5c3325c: ;   {other}
  0x00007f21b5c3325c: 0f1f 8400 | 4c1b 002b | bee4 ffff | ff4c 8b54 | 2408 4c89 | 1424 4c8b | 5424 184c | 8954 2408 
  0x00007f21b5c3327c: 4c8b 5424 | 204c 8954 | 2410 48ff | 7424 3048 | 8f44 2418 | 4489 4424 | 4444 895c | 244c 894c 
  0x00007f21b5c3329c: ;   {runtime_call UncommonTrapBlob}
  0x00007f21b5c3329c: 2450 90e8 

  0x00007f21b5c332a0: ; ImmutableOopMap {[0]=Oop [8]=Oop [16]=Oop [24]=Oop [40]=Oop [76]=NarrowOop }
                      ;*aaload {reexecute=0 rethrow=0 return_oop=0}
                      ; - java.util.IdentityHashMap::containsKey@25 (line 367)
                      ; - com.android.tools.r8.graph.q5::c@14 (line 4)
                      ; - com.android.tools.r8.graph.q5::a@17 (line 80)
  0x00007f21b5c332a0: 5c7c c3fd 

  0x00007f21b5c332a4: ;   {other}
  0x00007f21b5c332a4: 0f1f 8400 | 941b 002c | bef6 ffff 

  0x00007f21b5c332b0: ;   {runtime_call UncommonTrapBlob}
  0x00007f21b5c332b0: ff66 90e8 

  0x00007f21b5c332b4: ; ImmutableOopMap {}
                      ;*invokevirtual L {reexecute=0 rethrow=0 return_oop=0}
                      ; - com.android.tools.r8.graph.E0::isInterface@4 (line 1)
                      ; - com.android.tools.r8.graph.q5::e@1 (line 1)
                      ; - com.android.tools.r8.shaking.M2::a@5 (line 73)
                      ; - com.android.tools.r8.shaking.M2$$Lambda/0x00007f214e0c38d0::apply@12
                      ; - com.android.tools.r8.graph.q5::a@35 (line 82)
  0x00007f21b5c332b4: 487c c3fd 

  0x00007f21b5c332b8: ;   {other}
  0x00007f21b5c332b8: 0f1f 8400 | a81b 002d | bec6 ffff | ff4c 8b54 | 2418 4c89 | 1424 4c8b | 5424 204c | 8954 2408 
  0x00007f21b5c332d8: 48ff 7424 | 3048 8f44 | 2410 4c89 

  0x00007f21b5c332e4: ;   {runtime_call UncommonTrapBlob}
  0x00007f21b5c332e4: 4424 18e8 

  0x00007f21b5c332e8: ; ImmutableOopMap {[0]=Oop [8]=Oop [16]=Oop [24]=Oop [40]=Oop }
                      ;*invokeinterface apply {reexecute=0 rethrow=0 return_oop=0}
                      ; - com.android.tools.r8.graph.q5::a@35 (line 82)
  0x00007f21b5c332e8: 147c c3fd 

  0x00007f21b5c332ec: ;   {other}
  0x00007f21b5c332ec: 0f1f 8400 | dc1b 002e | bef6 ffff 

  0x00007f21b5c332f8: ;   {runtime_call UncommonTrapBlob}
  0x00007f21b5c332f8: ff66 90e8 

  0x00007f21b5c332fc: ; ImmutableOopMap {}
                      ;*invokevirtual L {reexecute=0 rethrow=0 return_oop=0}
                      ; - com.android.tools.r8.graph.E0::isInterface@4 (line 1)
                      ; - com.android.tools.r8.graph.j::g@11 (line 2)
                      ; - com.android.tools.r8.shaking.M2::a@33 (line 81)
                      ; - com.android.tools.r8.shaking.M2$$Lambda/0x00007f214e0c38d0::apply@12
                      ; - com.android.tools.r8.graph.q5::a@35 (line 82)
  0x00007f21b5c332fc: 007c c3fd 

  0x00007f21b5c33300: ;   {other}
  0x00007f21b5c33300: 0f1f 8400 | f01b 002f | bef6 ffff 

  0x00007f21b5c3330c: ;   {runtime_call UncommonTrapBlob}
  0x00007f21b5c3330c: ff66 90e8 

  0x00007f21b5c33310: ; ImmutableOopMap {rbp=NarrowOop }
                      ;*invokevirtual a {reexecute=0 rethrow=0 return_oop=0}
                      ; - com.android.tools.r8.shaking.M2::a@60 (line 87)
                      ; - com.android.tools.r8.shaking.M2$$Lambda/0x00007f214e0c38d0::apply@12
                      ; - com.android.tools.r8.graph.q5::a@35 (line 82)
  0x00007f21b5c33310: ec7b c3fd 

  0x00007f21b5c33314: ;   {other}
  0x00007f21b5c33314: 0f1f 8400 | 041c 0030 | bee4 ffff | ff4c 8b5c | 2420 4c89 | 1c24 4c89 | 5424 0848 | ff74 2428 
  0x00007f21b5c33334: 488f 4424 | 1044 8944 | 2420 4489 | 4c24 2489 

  0x00007f21b5c33344: ;   {runtime_call UncommonTrapBlob}
  0x00007f21b5c33344: 4c24 28e8 

  0x00007f21b5c33348: ; ImmutableOopMap {[0]=Oop [8]=Oop [16]=Oop [24]=Oop [32]=NarrowOop [36]=NarrowOop [40]=NarrowOop }
                      ;*aaload {reexecute=0 rethrow=0 return_oop=0}
                      ; - java.util.IdentityHashMap::get@39 (line 344)
                      ; - java.util.Map::getOrDefault@2 (line 691)
                      ; - com.android.tools.r8.graph.q5::a@67 (line 89)
  0x00007f21b5c33348: b47b c3fd 

  0x00007f21b5c3334c: ;   {other}
  0x00007f21b5c3334c: 0f1f 8400 | 3c1c 0031 | bee4 ffff | ff44 894c | 2408 4489 | 4424 0c89 

  0x00007f21b5c33364: ;   {runtime_call UncommonTrapBlob}
  0x00007f21b5c33364: 4c24 10e8 

  0x00007f21b5c33368: ; ImmutableOopMap {[8]=NarrowOop [12]=NarrowOop [16]=NarrowOop [32]=Oop }
                      ;*aaload {reexecute=0 rethrow=0 return_oop=0}
                      ; - java.util.IdentityHashMap::get@39 (line 344)
                      ; - java.util.Map::getOrDefault@2 (line 691)
                      ; - com.android.tools.r8.graph.q5::a@89 (line 93)
  0x00007f21b5c33368: 947b c3fd 

  0x00007f21b5c3336c: ;   {other}
  0x00007f21b5c3336c: 0f1f 8400 | 5c1c 0032 | 4c89 7424 | 504c 896c | 2448 895c | 240c 4889 | 7424 3848 | 894c 2410 
  0x00007f21b5c3338c: 4489 4424 | 084d 8bf1 | 498b f749 | ba80 f795 | cb21 7f00 | 0041 ffd2 

  0x00007f21b5c333a4: ;   {other}
  0x00007f21b5c333a4: 0f1f 8400 | 0000 0000 | 4d8b ce44 | 8b44 2408 | 488b 4c24 | 1048 8b74 | 2438 8b5c | 240c 4c8b 
  0x00007f21b5c333c4: 6c24 484c | 8b74 2450 | e9d0 e9ff | ffbe f6ff 

  0x00007f21b5c333d4: ;   {runtime_call UncommonTrapBlob}
  0x00007f21b5c333d4: ffff 90e8 

  0x00007f21b5c333d8: ; ImmutableOopMap {}
                      ;*invokevirtual L {reexecute=0 rethrow=0 return_oop=0}
                      ; - com.android.tools.r8.graph.E0::isInterface@4 (line 1)
                      ; - com.android.tools.r8.graph.q5::e@1 (line 1)
                      ; - com.android.tools.r8.graph.q5::a@26 (line 81)
  0x00007f21b5c333d8: 247b c3fd 

  0x00007f21b5c333dc: ;   {other}
  0x00007f21b5c333dc: 0f1f 8400 | cc1c 0033 | 498b f749 | ba80 f795 | cb21 7f00 | 0041 ffd2 

  0x00007f21b5c333f4: ;   {other}
  0x00007f21b5c333f4: 0f1f 8400 | 0000 0000 | e9de efff | ffbe deff | ffff 48ff | 7424 2848 | 8f04 244c | 8b54 2418 
  0x00007f21b5c33414: 4c89 5424 | 084c 8b54 | 2420 4c89 | 5424 1048 | ff74 2430 | 488f 4424 | 1844 8944 

  0x00007f21b5c33430: ;   {runtime_call UncommonTrapBlob}
  0x00007f21b5c33430: 2430 90e8 

  0x00007f21b5c33434: ; ImmutableOopMap {rbp=NarrowOop [0]=Oop [8]=Oop [16]=Oop [24]=Oop [48]=NarrowOop }
                      ;*invokeinterface contains {reexecute=0 rethrow=0 return_oop=0}
                      ; - com.android.tools.r8.graph.q5::e@12 (line 1)
                      ; - com.android.tools.r8.shaking.M2::a@5 (line 73)
                      ; - com.android.tools.r8.shaking.M2$$Lambda/0x00007f214e0c38d0::apply@12
                      ; - com.android.tools.r8.graph.q5::a@35 (line 82)
  0x00007f21b5c33434: c87a c3fd 

  0x00007f21b5c33438: ;   {other}
  0x00007f21b5c33438: 0f1f 8400 | 281d 0034 | bec6 ffff | ff48 8b6c | 2428 4889 | 1424 4889 | 4c24 084c | 8944 2410 
  0x00007f21b5c33458: 4c89 4c24 

  0x00007f21b5c3345c: ;   {runtime_call UncommonTrapBlob}
  0x00007f21b5c3345c: 2066 90e8 

  0x00007f21b5c33460: ; ImmutableOopMap {rbp=Oop [0]=Oop [8]=Oop [16]=Oop [32]=Oop [64]=Oop }
                      ;*invokevirtual g0 {reexecute=0 rethrow=0 return_oop=0}
                      ; - com.android.tools.r8.graph.q5::a@2 (line 78)
  0x00007f21b5c33460: 9c7a c3fd 

  0x00007f21b5c33464: ;   {other}
  0x00007f21b5c33464: 0f1f 8400 | 541d 0035 | 4889 5424 | 5048 895c | 2448 4489 | 5c24 0c48 | 8974 2438 | 4889 4c24 
  0x00007f21b5c33484: 1044 8944 | 2408 4d8b | f149 8bf7 | 49ba 80f7 | 95cb 217f | 0000 41ff 

  0x00007f21b5c3349c: ;   {other}
  0x00007f21b5c3349c: d20f 1f84 | 0000 0000 | 004d 8bce | 448b 4424 | 0848 8b4c | 2410 488b | 7424 3844 | 8b5c 240c 
  0x00007f21b5c334bc: 488b 5c24 | 4848 8b54 | 2450 e977 | f0ff ffbe | 45ff ffff | 4c8b 5c24 | 184c 891c | 244c 8b5c 
  0x00007f21b5c334dc: 2420 4c89 | 5c24 084c | 8b5c 2430 | 4c89 5c24 | 1889 4424 

  0x00007f21b5c334f0: ;   {runtime_call UncommonTrapBlob}
  0x00007f21b5c334f0: 2466 90e8 

  0x00007f21b5c334f4: ; ImmutableOopMap {rbp=Oop [0]=Oop [8]=Oop [24]=Oop [48]=Oop [56]=NarrowOop }
                      ;*ifeq {reexecute=1 rethrow=0 return_oop=0}
                      ; - (reexecute) com.android.tools.r8.graph.q5::e@17 (line 1)
                      ; - com.android.tools.r8.shaking.M2::a@5 (line 73)
                      ; - com.android.tools.r8.shaking.M2$$Lambda/0x00007f214e0c38d0::apply@12
                      ; - com.android.tools.r8.graph.q5::a@35 (line 82)
  0x00007f21b5c334f4: 087a c3fd 

  0x00007f21b5c334f8: ;   {other}
  0x00007f21b5c334f8: 0f1f 8400 | e81d 0036 | bede ffff | ff48 ff74 | 2428 488f | 0424 4c8b | 5424 184c | 8954 2410 
  0x00007f21b5c33518: 4c8b 5424 | 204c 8954 | 2418 48ff | 7424 3048 | 8f44 2420 

  0x00007f21b5c3352c: ;   {runtime_call UncommonTrapBlob}
  0x00007f21b5c3352c: 6666 90e8 

  0x00007f21b5c33530: ; ImmutableOopMap {rbp=NarrowOop [0]=Oop [8]=Oop [16]=Oop [24]=Oop [32]=Oop }
                      ;*invokeinterface contains {reexecute=0 rethrow=0 return_oop=0}
                      ; - com.android.tools.r8.graph.q5::e@12 (line 1)
                      ; - com.android.tools.r8.graph.q5::a@26 (line 81)
  0x00007f21b5c33530: cc79 c3fd 

  0x00007f21b5c33534: ;   {other}
  0x00007f21b5c33534: 0f1f 8400 | 241e 0037 | bec6 ffff | ff4c 8b54 | 2418 4c89 

  0x00007f21b5c33548: ;   {runtime_call UncommonTrapBlob}
  0x00007f21b5c33548: 5424 08e8 

  0x00007f21b5c3354c: ; ImmutableOopMap {rbp=Oop [8]=Oop [32]=Oop [40]=Oop [48]=Oop }
                      ;*invokevirtual c {reexecute=0 rethrow=0 return_oop=0}
                      ; - com.android.tools.r8.graph.q5::a@43 (line 83)
  0x00007f21b5c3354c: b079 c3fd 

  0x00007f21b5c33550: ;   {other}
  0x00007f21b5c33550: 0f1f 8400 | 401e 0038 | bede ffff | ff4c 8b54 | 2418 4c89 | 1424 4c8b | 5424 204c | 8954 2408 
  0x00007f21b5c33570: 48ff 7424 | 3048 8f44 | 2410 4489 | 4424 2044 | 895c 2424 

  0x00007f21b5c33584: ;   {runtime_call UncommonTrapBlob}
  0x00007f21b5c33584: 6666 90e8 

  0x00007f21b5c33588: ; ImmutableOopMap {[0]=Oop [8]=Oop [16]=Oop [32]=NarrowOop [36]=NarrowOop [40]=Oop }
                      ;*checkcast {reexecute=0 rethrow=0 return_oop=0}
                      ; - com.android.tools.r8.shaking.M2::a@1 (line 73)
                      ; - com.android.tools.r8.shaking.M2$$Lambda/0x00007f214e0c38d0::apply@12
                      ; - com.android.tools.r8.graph.q5::a@35 (line 82)
  0x00007f21b5c33588: 7479 c3fd 

  0x00007f21b5c3358c: ;   {other}
  0x00007f21b5c3358c: 0f1f 8400 | 7c1e 0039 | bede ffff | ff48 8b6c | 2420 4c89 

  0x00007f21b5c335a0: ;   {runtime_call UncommonTrapBlob}
  0x00007f21b5c335a0: 1424 90e8 

  0x00007f21b5c335a4: ; ImmutableOopMap {rbp=Oop [0]=Oop }
                      ;*checkcast {reexecute=0 rethrow=0 return_oop=0}
                      ; - com.android.tools.r8.graph.q5::a@94 (line 93)
  0x00007f21b5c335a4: 5879 c3fd 

  0x00007f21b5c335a8: ;   {other}
  0x00007f21b5c335a8: 0f1f 8400 | 981e 003a | bef6 ffff 

  0x00007f21b5c335b4: ;   {runtime_call UncommonTrapBlob}
  0x00007f21b5c335b4: ff66 90e8 

  0x00007f21b5c335b8: ; ImmutableOopMap {}
                      ;*invokevirtual g0 {reexecute=0 rethrow=0 return_oop=0}
                      ; - com.android.tools.r8.graph.q5::a@2 (line 78)
  0x00007f21b5c335b8: 4479 c3fd 

  0x00007f21b5c335bc: ;   {other}
  0x00007f21b5c335bc: 0f1f 8400 | ac1e 003b | bef6 ffff | ff48 8b6c 

  0x00007f21b5c335cc: ;   {runtime_call UncommonTrapBlob}
  0x00007f21b5c335cc: 2430 90e8 

  0x00007f21b5c335d0: ; ImmutableOopMap {rbp=Oop }
                      ;*invokevirtual containsKey {reexecute=0 rethrow=0 return_oop=0}
                      ; - com.android.tools.r8.graph.q5::c@14 (line 4)
                      ; - com.android.tools.r8.graph.q5::a@17 (line 80)
  0x00007f21b5c335d0: 2c79 c3fd 

  0x00007f21b5c335d4: ;   {other}
  0x00007f21b5c335d4: 0f1f 8400 | c41e 003c | bef6 ffff 

  0x00007f21b5c335e0: ;   {runtime_call UncommonTrapBlob}
  0x00007f21b5c335e0: ff66 90e8 

  0x00007f21b5c335e4: ; ImmutableOopMap {}
                      ;*arraylength {reexecute=0 rethrow=0 return_oop=0}
                      ; - java.util.IdentityHashMap::containsKey@11 (line 364)
                      ; - com.android.tools.r8.graph.q5::c@14 (line 4)
                      ; - com.android.tools.r8.graph.q5::a@17 (line 80)
  0x00007f21b5c335e4: 1879 c3fd 

  0x00007f21b5c335e8: ;   {other}
  0x00007f21b5c335e8: 0f1f 8400 | d81e 003d | bef6 ffff | ff41 8be9 

  0x00007f21b5c335f8: ;   {runtime_call UncommonTrapBlob}
  0x00007f21b5c335f8: 6666 90e8 

  0x00007f21b5c335fc: ; ImmutableOopMap {rbp=NarrowOop }
                      ;*invokeinterface getOrDefault {reexecute=0 rethrow=0 return_oop=0}
                      ; - com.android.tools.r8.graph.q5::a@67 (line 89)
  0x00007f21b5c335fc: 0079 c3fd 

  0x00007f21b5c33600: ;   {other}
  0x00007f21b5c33600: 0f1f 8400 | f01e 003e | bef6 ffff 

  0x00007f21b5c3360c: ;   {runtime_call UncommonTrapBlob}
  0x00007f21b5c3360c: ff66 90e8 

  0x00007f21b5c33610: ; ImmutableOopMap {}
                      ;*arraylength {reexecute=0 rethrow=0 return_oop=0}
                      ; - java.util.IdentityHashMap::get@11 (line 339)
                      ; - java.util.Map::getOrDefault@2 (line 691)
                      ; - com.android.tools.r8.graph.q5::a@67 (line 89)
  0x00007f21b5c33610: ec78 c3fd 

  0x00007f21b5c33614: ;   {other}
  0x00007f21b5c33614: 0f1f 8400 | 041f 003f | bef6 ffff | ff41 8be8 

  0x00007f21b5c33624: ;   {runtime_call UncommonTrapBlob}
  0x00007f21b5c33624: 6666 90e8 

  0x00007f21b5c33628: ; ImmutableOopMap {rbp=NarrowOop }
                      ;*invokeinterface getOrDefault {reexecute=0 rethrow=0 return_oop=0}
                      ; - com.android.tools.r8.graph.q5::a@89 (line 93)
  0x00007f21b5c33628: d478 c3fd 

  0x00007f21b5c3362c: ;   {other}
  0x00007f21b5c3362c: 0f1f 8400 | 1c1f 0040 | bef6 ffff 

  0x00007f21b5c33638: ;   {runtime_call UncommonTrapBlob}
  0x00007f21b5c33638: ff66 90e8 

  0x00007f21b5c3363c: ; ImmutableOopMap {}
                      ;*arraylength {reexecute=0 rethrow=0 return_oop=0}
                      ; - java.util.IdentityHashMap::get@11 (line 339)
                      ; - java.util.Map::getOrDefault@2 (line 691)
                      ; - com.android.tools.r8.graph.q5::a@89 (line 93)
  0x00007f21b5c3363c: c078 c3fd 

  0x00007f21b5c33640: ;   {other}
  0x00007f21b5c33640: 0f1f 8400 | 301f 0041 | bef6 ffff 

  0x00007f21b5c3364c: ;   {runtime_call UncommonTrapBlob}
  0x00007f21b5c3364c: ff66 90e8 

  0x00007f21b5c33650: ; ImmutableOopMap {}
                      ;*arraylength {reexecute=0 rethrow=0 return_oop=0}
                      ; - java.util.IdentityHashMap::containsKey@11 (line 364)
                      ; - java.util.Map::getOrDefault@14 (line 691)
                      ; - com.android.tools.r8.graph.q5::a@67 (line 89)
  0x00007f21b5c33650: ac78 c3fd 

  0x00007f21b5c33654: ;   {other}
  0x00007f21b5c33654: 0f1f 8400 | 441f 0042 | bef6 ffff 

  0x00007f21b5c33660: ;   {runtime_call UncommonTrapBlob}
  0x00007f21b5c33660: ff66 90e8 

  0x00007f21b5c33664: ; ImmutableOopMap {}
                      ;*arraylength {reexecute=0 rethrow=0 return_oop=0}
                      ; - java.util.IdentityHashMap::containsKey@11 (line 364)
                      ; - java.util.Map::getOrDefault@14 (line 691)
                      ; - com.android.tools.r8.graph.q5::a@89 (line 93)
  0x00007f21b5c33664: 9878 c3fd 

  0x00007f21b5c33668: ;   {other}
  0x00007f21b5c33668: 0f1f 8400 | 581f 0043 | bef6 ffff | ff48 8b6c 

  0x00007f21b5c33678: ;   {runtime_call UncommonTrapBlob}
  0x00007f21b5c33678: 2430 90e8 

  0x00007f21b5c3367c: ; ImmutableOopMap {rbp=Oop }
                      ;*invokeinterface apply {reexecute=0 rethrow=0 return_oop=0}
                      ; - com.android.tools.r8.graph.q5::a@35 (line 82)
  0x00007f21b5c3367c: 8078 c3fd 

  0x00007f21b5c33680: ;   {other}
  0x00007f21b5c33680: 0f1f 8400 | 701f 0044 | bef6 ffff | ff48 8b6c 

  0x00007f21b5c33690: ;   {runtime_call UncommonTrapBlob}
  0x00007f21b5c33690: 2430 90e8 

  0x00007f21b5c33694: ; ImmutableOopMap {rbp=Oop }
                      ;*invokeinterface contains {reexecute=0 rethrow=0 return_oop=0}
                      ; - com.android.tools.r8.graph.q5::c@63 (line 8)
                      ; - com.android.tools.r8.graph.q5::a@17 (line 80)
  0x00007f21b5c33694: 6878 c3fd 

  0x00007f21b5c33698: ;   {other}
  0x00007f21b5c33698: 0f1f 8400 | 881f 0045 | bef4 ffff | ff4c 8b54 | 2418 4c89 | 1424 4c8b | 5424 204c | 8954 2408 
  0x00007f21b5c336b8: 48ff 7424 | 3048 8f44 | 2410 4489 

  0x00007f21b5c336c4: ;   {runtime_call UncommonTrapBlob}
  0x00007f21b5c336c4: 4424 20e8 

  0x00007f21b5c336c8: ; ImmutableOopMap {[0]=Oop [8]=Oop [16]=Oop [32]=NarrowOop [40]=Oop }
                      ;*checkcast {reexecute=0 rethrow=0 return_oop=0}
                      ; - com.android.tools.r8.shaking.M2::a@1 (line 73)
                      ; - com.android.tools.r8.shaking.M2$$Lambda/0x00007f214e0c38d0::apply@12
                      ; - com.android.tools.r8.graph.q5::a@35 (line 82)
  0x00007f21b5c336c8: 3478 c3fd 

  0x00007f21b5c336cc: ;   {other}
  0x00007f21b5c336cc: 0f1f 8400 | bc1f 0046 | bef6 ffff 

  0x00007f21b5c336d8: ;   {runtime_call UncommonTrapBlob}
  0x00007f21b5c336d8: ff66 90e8 

  0x00007f21b5c336dc: ; ImmutableOopMap {}
                      ;*invokevirtual g {reexecute=0 rethrow=0 return_oop=0}
                      ; - com.android.tools.r8.shaking.M2::a@16 (line 78)
                      ; - com.android.tools.r8.shaking.M2$$Lambda/0x00007f214e0c38d0::apply@12
                      ; - com.android.tools.r8.graph.q5::a@35 (line 82)
  0x00007f21b5c336dc: 2078 c3fd 

  0x00007f21b5c336e0: ;   {other}
  0x00007f21b5c336e0: 0f1f 8400 | d01f 0047 | bef4 ffff | ff4c 8b54 | 2418 4c89 | 1424 4c8b | 5424 204c | 8954 2408 
  0x00007f21b5c33700: 48ff 7424 | 3048 8f44 | 2410 4489 

  0x00007f21b5c3370c: ;   {runtime_call UncommonTrapBlob}
  0x00007f21b5c3370c: 4424 20e8 

  0x00007f21b5c33710: ; ImmutableOopMap {[0]=Oop [8]=Oop [16]=Oop [32]=NarrowOop [40]=Oop }
                      ;*checkcast {reexecute=0 rethrow=0 return_oop=0}
                      ; - com.android.tools.r8.shaking.M2::a@19 (line 78)
                      ; - com.android.tools.r8.shaking.M2$$Lambda/0x00007f214e0c38d0::apply@12
                      ; - com.android.tools.r8.graph.q5::a@35 (line 82)
  0x00007f21b5c33710: ec77 c3fd 

  0x00007f21b5c33714: ;   {other}
  0x00007f21b5c33714: 0f1f 8400 | 0420 0048 | bef6 ffff 

  0x00007f21b5c33720: ;   {runtime_call UncommonTrapBlob}
  0x00007f21b5c33720: ff66 90e8 

  0x00007f21b5c33724: ; ImmutableOopMap {}
                      ;*getfield w4 {reexecute=1 rethrow=0 return_oop=0}
                      ; - (reexecute) com.android.tools.r8.shaking.M2::a@27 (line 80)
                      ; - com.android.tools.r8.shaking.M2$$Lambda/0x00007f214e0c38d0::apply@12
                      ; - com.android.tools.r8.graph.q5::a@35 (line 82)
  0x00007f21b5c33724: d877 c3fd 

  0x00007f21b5c33728: ;   {other}
  0x00007f21b5c33728: 0f1f 8400 | 1820 0049 | bef6 ffff 

  0x00007f21b5c33734: ;   {runtime_call UncommonTrapBlob}
  0x00007f21b5c33734: ff66 90e8 

  0x00007f21b5c33738: ; ImmutableOopMap {}
                      ;*getfield g {reexecute=1 rethrow=0 return_oop=0}
                      ; - (reexecute) com.android.tools.r8.shaking.M2::a@30 (line 80)
                      ; - com.android.tools.r8.shaking.M2$$Lambda/0x00007f214e0c38d0::apply@12
                      ; - com.android.tools.r8.graph.q5::a@35 (line 82)
  0x00007f21b5c33738: c477 c3fd 

  0x00007f21b5c3373c: ;   {other}
  0x00007f21b5c3373c: 0f1f 8400 | 2c20 004a | bef6 ffff 

  0x00007f21b5c33748: ;   {runtime_call UncommonTrapBlob}
  0x00007f21b5c33748: ff66 90e8 

  0x00007f21b5c3374c: ; ImmutableOopMap {}
                      ;*invokevirtual o {reexecute=0 rethrow=0 return_oop=0}
                      ; - com.android.tools.r8.shaking.M2::a@36 (line 83)
                      ; - com.android.tools.r8.shaking.M2$$Lambda/0x00007f214e0c38d0::apply@12
                      ; - com.android.tools.r8.graph.q5::a@35 (line 82)
  0x00007f21b5c3374c: b077 c3fd 

  0x00007f21b5c33750: ;   {other}
  0x00007f21b5c33750: 0f1f 8400 | 4020 004b | bef6 ffff 

  0x00007f21b5c3375c: ;   {runtime_call UncommonTrapBlob}
  0x00007f21b5c3375c: ff66 90e8 

  0x00007f21b5c33760: ; ImmutableOopMap {}
                      ;*invokevirtual getType {reexecute=0 rethrow=0 return_oop=0}
                      ; - com.android.tools.r8.shaking.M2::a@48 (line 85)
                      ; - com.android.tools.r8.shaking.M2$$Lambda/0x00007f214e0c38d0::apply@12
                      ; - com.android.tools.r8.graph.q5::a@35 (line 82)
  0x00007f21b5c33760: 9c77 c3fd 

  0x00007f21b5c33764: ;   {other}
  0x00007f21b5c33764: 0f1f 8400 | 5420 004c | bef6 ffff 

  0x00007f21b5c33770: ;   {runtime_call UncommonTrapBlob}
  0x00007f21b5c33770: ff66 90e8 

  0x00007f21b5c33774: ; ImmutableOopMap {}
                      ;*invokevirtual b {reexecute=0 rethrow=0 return_oop=0}
                      ; - com.android.tools.r8.graph.y::b@4 (line 14)
                      ; - com.android.tools.r8.shaking.M2::a@54 (line 86)
                      ; - com.android.tools.r8.shaking.M2$$Lambda/0x00007f214e0c38d0::apply@12
                      ; - com.android.tools.r8.graph.q5::a@35 (line 82)
  0x00007f21b5c33774: 8877 c3fd 

  0x00007f21b5c33778: ;   {other}
  0x00007f21b5c33778: 0f1f 8400 | 6820 004d | bef6 ffff 

  0x00007f21b5c33784: ;   {runtime_call UncommonTrapBlob}
  0x00007f21b5c33784: ff66 90e8 

  0x00007f21b5c33788: ; ImmutableOopMap {}
                      ;*getfield d2 {reexecute=1 rethrow=0 return_oop=0}
                      ; - (reexecute) com.android.tools.r8.shaking.M2::a@57 (line 86)
                      ; - com.android.tools.r8.shaking.M2$$Lambda/0x00007f214e0c38d0::apply@12
                      ; - com.android.tools.r8.graph.q5::a@35 (line 82)
  0x00007f21b5c33788: 7477 c3fd 

  0x00007f21b5c3378c: ;   {other}
  0x00007f21b5c3378c: 0f1f 8400 | 7c20 004e | bef6 ffff 

  0x00007f21b5c33798: ;   {runtime_call UncommonTrapBlob}
  0x00007f21b5c33798: ff66 90e8 

  0x00007f21b5c3379c: ; ImmutableOopMap {}
                      ;*invokevirtual B0 {reexecute=0 rethrow=0 return_oop=0}
                      ; - com.android.tools.r8.graph.j::e@14 (line 2)
                      ; - com.android.tools.r8.graph.j::g@29 (line 4)
                      ; - com.android.tools.r8.shaking.M2::a@33 (line 81)
                      ; - com.android.tools.r8.shaking.M2$$Lambda/0x00007f214e0c38d0::apply@12
                      ; - com.android.tools.r8.graph.q5::a@35 (line 82)
  0x00007f21b5c3379c: 6077 c3fd 

  0x00007f21b5c337a0: ;   {other}
  0x00007f21b5c337a0: 0f1f 8400 | 9020 004f | bef6 ffff 

  0x00007f21b5c337ac: ;   {runtime_call UncommonTrapBlob}
  0x00007f21b5c337ac: ff66 90e8 

  0x00007f21b5c337b0: ; ImmutableOopMap {}
                      ;*invokevirtual B0 {reexecute=0 rethrow=0 return_oop=0}
                      ; - com.android.tools.r8.graph.j::f@14 (line 5)
                      ; - com.android.tools.r8.graph.j::g@20 (line 3)
                      ; - com.android.tools.r8.shaking.M2::a@33 (line 81)
                      ; - com.android.tools.r8.shaking.M2$$Lambda/0x00007f214e0c38d0::apply@12
                      ; - com.android.tools.r8.graph.q5::a@35 (line 82)
  0x00007f21b5c337b0: 4c77 c3fd 

  0x00007f21b5c337b4: ;   {other}
  0x00007f21b5c337b4: 0f1f 8400 | a420 0050 | bef6 ffff | ff48 8b6c 

  0x00007f21b5c337c4: ;   {runtime_call UncommonTrapBlob}
  0x00007f21b5c337c4: 2430 90e8 

  0x00007f21b5c337c8: ; ImmutableOopMap {rbp=Oop }
                      ;*invokeinterface contains {reexecute=0 rethrow=0 return_oop=0}
                      ; - com.android.tools.r8.graph.q5::e@12 (line 1)
                      ; - com.android.tools.r8.shaking.M2::a@5 (line 73)
                      ; - com.android.tools.r8.shaking.M2$$Lambda/0x00007f214e0c38d0::apply@12
                      ; - com.android.tools.r8.graph.q5::a@35 (line 82)
  0x00007f21b5c337c8: 3477 c3fd 

  0x00007f21b5c337cc: ;   {other}
  0x00007f21b5c337cc: 0f1f 8400 | bc20 0051 | bef6 ffff | ff48 8b6c 

  0x00007f21b5c337dc: ;   {runtime_call UncommonTrapBlob}
  0x00007f21b5c337dc: 2430 90e8 

  0x00007f21b5c337e0: ; ImmutableOopMap {rbp=Oop }
                      ;*invokeinterface contains {reexecute=0 rethrow=0 return_oop=0}
                      ; - com.android.tools.r8.graph.q5::e@12 (line 1)
                      ; - com.android.tools.r8.graph.q5::a@26 (line 81)
  0x00007f21b5c337e0: 1c77 c3fd 

  0x00007f21b5c337e4: ;   {other}
  0x00007f21b5c337e4: 0f1f 8400 | d420 0052 | bef6 ffff 

  0x00007f21b5c337f0: ;   {runtime_call UncommonTrapBlob}
  0x00007f21b5c337f0: ff66 90e8 

  0x00007f21b5c337f4: ; ImmutableOopMap {}
                      ;*getfield i2 {reexecute=1 rethrow=0 return_oop=0}
                      ; - (reexecute) com.android.tools.r8.shaking.M2::a@71 (line 88)
                      ; - com.android.tools.r8.shaking.M2$$Lambda/0x00007f214e0c38d0::apply@12
                      ; - com.android.tools.r8.graph.q5::a@35 (line 82)
  0x00007f21b5c337f4: 0877 c3fd 

  0x00007f21b5c337f8: ;   {other}
  0x00007f21b5c337f8: 0f1f 8400 | e820 0053 | eb26 eb24 | eb22 eb20 | eb1e eb1c | eb1a eb18 | eb16 eb14 | eb12 eb10 
  0x00007f21b5c33818: eb0e eb0c | eb0a eb08 | eb06 eb04 | eb02 eb00 | 4c8b d0e9 | bdeb ffff 

  0x00007f21b5c33830: ;   {internal_word}
  0x00007f21b5c33830: 49ba 6b22 | c3b5 217f | 0000 4d89 | 9768 0400 

  0x00007f21b5c33840: ;   {runtime_call SafepointBlob}
  0x00007f21b5c33840: 00e9 ba87 

  0x00007f21b5c33844: ;   {runtime_call StubRoutines (final stubs)}
  0x00007f21b5c33844: c3fd e835 | 7cc1 fde9 | aee2 ffff 
[Stub Code]
  0x00007f21b5c33850: ;   {no_reloc}
  0x00007f21b5c33850: 48bb 0000 | 0000 0000 

  0x00007f21b5c33858: ;   {runtime_call nmethod}
  0x00007f21b5c33858: 0000 e9fb 

  0x00007f21b5c3385c: ;   {static_stub}
  0x00007f21b5c3385c: ffff ff48 | bb00 0000 | 0000 0000 

  0x00007f21b5c33868: ;   {runtime_call nmethod}
  0x00007f21b5c33868: 00e9 fbff 

  0x00007f21b5c3386c: ;   {static_stub}
  0x00007f21b5c3386c: ffff 48bb | 0000 0000 | 0000 0000 

  0x00007f21b5c33878: ;   {runtime_call nmethod}
  0x00007f21b5c33878: e9fb ffff 

  0x00007f21b5c3387c: ;   {static_stub}
  0x00007f21b5c3387c: ff48 bb00 | 0000 0000 

  0x00007f21b5c33884: ;   {runtime_call nmethod}
  0x00007f21b5c33884: 0000 00e9 | fbff ffff 

  0x00007f21b5c3388c: ;   {static_stub}
  0x00007f21b5c3388c: 48bb 0000 | 0000 0000 

  0x00007f21b5c33894: ;   {runtime_call nmethod}
  0x00007f21b5c33894: 0000 e9fb 

  0x00007f21b5c33898: ;   {runtime_call ExceptionBlob}
  0x00007f21b5c33898: ffff ffe9 | e0c0 cffd 
[Deopt Handler Code]
  0x00007f21b5c338a0: e800 0000 | 0048 832c 

  0x00007f21b5c338a8: ;   {runtime_call DeoptimizationBlob}
  0x00007f21b5c338a8: 2405 e9f1 | 79c3 fdf4 
[/MachCode]


Compiled method (c2) 2136192 91555       4       com.android.tools.r8.internal.xw0::a (11 bytes)
 total in heap  [0x00007f21b4b13690,0x00007f21b4b13be8] = 1368
 relocation     [0x00007f21b4b137e8,0x00007f21b4b13838] = 80
 main code      [0x00007f21b4b13840,0x00007f21b4b13a48] = 520
 stub code      [0x00007f21b4b13a48,0x00007f21b4b13a70] = 40
 oops           [0x00007f21b4b13a70,0x00007f21b4b13a78] = 8
 metadata       [0x00007f21b4b13a78,0x00007f21b4b13aa0] = 40
 scopes data    [0x00007f21b4b13aa0,0x00007f21b4b13b00] = 96
 scopes pcs     [0x00007f21b4b13b00,0x00007f21b4b13b90] = 144
 dependencies   [0x00007f21b4b13b90,0x00007f21b4b13b98] = 8
 handler table  [0x00007f21b4b13b98,0x00007f21b4b13bc8] = 48
 nul chk table  [0x00007f21b4b13bc8,0x00007f21b4b13be8] = 32

[Constant Pool (empty)]

[MachCode]
[Verified Entry Point]
  # {method} {0x00007f1d404fa560} 'a' '(Ljava/util/function/Function;Ljava/lang/Object;Lcom/android/tools/r8/internal/xw0;)Lcom/android/tools/r8/internal/Cr0;' in 'com/android/tools/r8/internal/xw0'
  # parm0:    rsi:rsi   = 'java/util/function/Function'
  # parm1:    rdx:rdx   = 'java/lang/Object'
  # parm2:    rcx:rcx   = 'com/android/tools/r8/internal/xw0'
  #           [sp+0x30]  (sp of caller)
  0x00007f21b4b13840: 8984 2400 | c0fe ff55 | 4883 ec20 | 4181 7f20 | 4e00 0000 | 0f85 de01 | 0000 448b 

  0x00007f21b4b1385c: ;   {metadata('com/android/tools/r8/graph/q5$$Lambda+0x00007f214de36de8')}
  0x00007f21b4b1385c: 5e08 4181 | fbe8 6de3 | 020f 85c1 | 0000 0044 | 8b56 0c44 | 8b4e 188b | 5e14 8b6e | 1044 8b42 
  0x00007f21b4b1387c: ;   {metadata('com/android/tools/r8/graph/E0')}
  0x00007f21b4b1387c: 0849 bb30 | 2b58 4c21 | 7f00 0048 | b900 0000 | 4b21 7f00 | 0049 03c8 | 4c8b 4148 | 4d3b c375 
  0x00007f21b4b1389c: 664c 8bda | 4585 d20f | 84e7 0000 | 0049 8bf2 | 488b d548 | 8bcb 4d8b | c14d 8bcb 

  0x00007f21b4b138b8: ;   {optimized virtual_call}
  0x00007f21b4b138b8: 6666 90e8 

  0x00007f21b4b138bc: ; ImmutableOopMap {}
                      ;*invokevirtual a {reexecute=0 rethrow=0 return_oop=1}
                      ; - com.android.tools.r8.graph.q5$$Lambda/0x00007f214de36de8::apply@20
                      ; - com.android.tools.r8.internal.xw0::a@2 (line 10)
  0x00007f21b4b138bc: 20e2 1101 

  0x00007f21b4b138c0: ;   {other}
  0x00007f21b4b138c0: 0f1f 8400 | 3002 0000 

  0x00007f21b4b138c8: ; implicit exception: dispatches to 0x00007f21b4b13a04
  0x00007f21b4b138c8: 448b 5008 

  0x00007f21b4b138cc: ;   {metadata('com/android/tools/r8/internal/Cr0')}
  0x00007f21b4b138cc: 49bb 7804 | 234c 217f | 0000 49b8 | 0000 004b | 217f 0000 | 4d03 c24d | 8b50 384d | 3bd3 0f85 
  0x00007f21b4b138ec: 8b00 0000 | 4883 c420 

  0x00007f21b4b138f4: ;   {poll_return}
  0x00007f21b4b138f4: 5d49 3ba7 | 5004 0000 | 0f87 2001 | 0000 c341 | 807f 4000 

  0x00007f21b4b13908: ;   {oop(a 'java/lang/ClassCastException'{0x0000000081005208})}
  0x00007f21b4b13908: 753f 49ba | 0852 0081 | 0000 0000 | 4589 6214 

  0x00007f21b4b13918: ;   {oop(a 'java/lang/ClassCastException'{0x0000000081005208})}
  0x00007f21b4b13918: 48be 0852 | 0081 0000 | 0000 4883 

  0x00007f21b4b13924: ;   {runtime_call _rethrow_Java}
  0x00007f21b4b13924: c420 5de9 | d41a ebfe | 9048 b8ff | ffff ffff 

  0x00007f21b4b13934: ;   {virtual_call}
  0x00007f21b4b13934: ffff ffe8 

  0x00007f21b4b13938: ; ImmutableOopMap {}
                      ;*invokeinterface apply {reexecute=0 rethrow=0 return_oop=1}
                      ; - com.android.tools.r8.internal.xw0::a@2 (line 10)
  0x00007f21b4b13938: 441d d5fe 

  0x00007f21b4b1393c: ;   {other}
  0x00007f21b4b1393c: 0f1f 8400 | ac02 0001 | e97f ffff 

  0x00007f21b4b13948: ;   {oop(a 'java/lang/ClassCastException'{0x0000000081005208})}
  0x00007f21b4b13948: ff49 ba08 | 5200 8100 | 0000 0045 | 8b5a 1445 | 85db 74ae | 4d8b 5728 | 498b fb4d | 85d2 7448 
  0x00007f21b4b13968: 4d8b 5f38 | 4b89 7c13 | f849 83c2 | f84d 8957 | 28eb 8fbe | deff ffff 

  0x00007f21b4b13980: ;   {runtime_call UncommonTrapBlob}
  0x00007f21b4b13980: 488b e8e8 

  0x00007f21b4b13984: ; ImmutableOopMap {rbp=Oop }
                      ;*checkcast {reexecute=0 rethrow=0 return_oop=0}
                      ; - com.android.tools.r8.internal.xw0::a@7 (line 10)
  0x00007f21b4b13984: 7875 d5fe 

  0x00007f21b4b13988: ;   {other}
  0x00007f21b4b13988: 0f1f 8400 | f802 0002 | bef6 ffff | ff89 1c24 | 4489 4c24 | 044c 895c 

  0x00007f21b4b139a0: ;   {runtime_call UncommonTrapBlob}
  0x00007f21b4b139a0: 2408 90e8 

  0x00007f21b4b139a4: ; ImmutableOopMap {rbp=NarrowOop [0]=NarrowOop [4]=NarrowOop [8]=Oop }
                      ;*invokevirtual a {reexecute=0 rethrow=0 return_oop=0}
                      ; - com.android.tools.r8.graph.q5$$Lambda/0x00007f214de36de8::apply@20
                      ; - com.android.tools.r8.internal.xw0::a@2 (line 10)
  0x00007f21b4b139a4: 5875 d5fe 

  0x00007f21b4b139a8: ;   {other}
  0x00007f21b4b139a8: 0f1f 8400 | 1803 0003 | 498b f749 | ba80 f795 | cb21 7f00 | 0041 ffd2 

  0x00007f21b4b139c0: ;   {other}
  0x00007f21b4b139c0: 0f1f 8400 | 0000 0000 | e93d ffff | ffbe f6ff | ffff 488b 

  0x00007f21b4b139d4: ;   {runtime_call UncommonTrapBlob}
  0x00007f21b4b139d4: ea66 90e8 

  0x00007f21b4b139d8: ; ImmutableOopMap {rbp=Oop }
                      ;*invokeinterface apply {reexecute=0 rethrow=0 return_oop=0}
                      ; - com.android.tools.r8.internal.xw0::a@2 (line 10)
  0x00007f21b4b139d8: 2475 d5fe 

  0x00007f21b4b139dc: ;   {other}
  0x00007f21b4b139dc: 0f1f 8400 | 4c03 0004 | bef4 ffff | ff44 8914 | 2489 5c24 | 0444 894c 

  0x00007f21b4b139f4: ;   {runtime_call UncommonTrapBlob}
  0x00007f21b4b139f4: 2408 90e8 

  0x00007f21b4b139f8: ; ImmutableOopMap {rbp=NarrowOop [0]=NarrowOop [4]=NarrowOop [8]=NarrowOop }
                      ;*checkcast {reexecute=0 rethrow=0 return_oop=0}
                      ; - com.android.tools.r8.graph.q5$$Lambda/0x00007f214de36de8::apply@17
                      ; - com.android.tools.r8.internal.xw0::a@2 (line 10)
  0x00007f21b4b139f8: 0475 d5fe 

  0x00007f21b4b139fc: ;   {other}
  0x00007f21b4b139fc: 0f1f 8400 | 6c03 0005 | bef4 ffff 

  0x00007f21b4b13a08: ;   {runtime_call UncommonTrapBlob}
  0x00007f21b4b13a08: ff66 90e8 

  0x00007f21b4b13a0c: ; ImmutableOopMap {}
                      ;*checkcast {reexecute=0 rethrow=0 return_oop=0}
                      ; - com.android.tools.r8.internal.xw0::a@7 (line 10)
  0x00007f21b4b13a0c: f074 d5fe 

  0x00007f21b4b13a10: ;   {other}
  0x00007f21b4b13a10: 0f1f 8400 | 8003 0006 | eb00 488b | f0e9 00ff 

  0x00007f21b4b13a20: ;   {internal_word}
  0x00007f21b4b13a20: ffff 49ba | f538 b1b4 | 217f 0000 | 4d89 9768 

  0x00007f21b4b13a30: ;   {runtime_call SafepointBlob}
  0x00007f21b4b13a30: 0400 00e9 | c885 d5fe 

  0x00007f21b4b13a38: ;   {runtime_call StubRoutines (final stubs)}
  0x00007f21b4b13a38: e843 7ad3 | fee9 18fe | ffff f4f4 | f4f4 f4f4 
[Stub Code]
  0x00007f21b4b13a48: ;   {no_reloc}
  0x00007f21b4b13a48: 48bb 58a5 | 3940 1d7f 

  0x00007f21b4b13a50: ;   {runtime_call I2C/C2I adapters}
  0x00007f21b4b13a50: 0000 e91c 

  0x00007f21b4b13a54: ;   {runtime_call ExceptionBlob}
  0x00007f21b4b13a54: 45d2 fee9 | 24bf e1fe 
[Deopt Handler Code]
  0x00007f21b4b13a5c: e800 0000 | 0048 832c 

  0x00007f21b4b13a64: ;   {runtime_call DeoptimizationBlob}
  0x00007f21b4b13a64: 2405 e935 | 78d5 fef4 | f4f4 f4f4 
[/MachCode]


---------------  P R O C E S S  ---------------

Threads class SMR info:
_java_thread_list=0x00007f21200c83d0, length=423, elements={
0x00007f21c401c970, 0x00007f21c42df970, 0x00007f21c42e0ef0, 0x00007f21c42e2690,
0x00007f21c42e3ce0, 0x00007f21c42e5290, 0x00007f21c42e6dc0, 0x00007f21c42e8490,
0x00007f21c4336e50, 0x00007f21c4389d00, 0x00007f21c5505030, 0x00007f21c5564460,
0x00007f21c55a84a0, 0x00007f20bc207520, 0x00007f20bc211ef0, 0x00007f20bc232400,
0x00007f20bccf3650, 0x00007f20bccf9c30, 0x00007f20bce4a0a0, 0x00007f20be12c070,
0x00007f2040078410, 0x00007f20400a4650, 0x00007f20400c12f0, 0x00007f1f1c5ce590,
0x00007f1f1c5ee170, 0x00007f1eac1aebd0, 0x00007f1e5c004740, 0x00007f1e5c0056b0,
0x00007f1eac107290, 0x00007f20080012f0, 0x00007f1e5c006840, 0x00007f1eac107b70,
0x00007f1f340060a0, 0x00007f1f34022470, 0x00007f2008003120, 0x00007f20c8015050,
0x00007f2008003b50, 0x00007f2008004cc0, 0x00007f2008005e00, 0x00007f1eac163680,
0x00007f1eac1371c0, 0x00007f1eac09d180, 0x00007f1eac1aac10, 0x00007f1eac000e40,
0x00007f1eac15ca80, 0x00007f1eac09a740, 0x00007f1eac104f40, 0x00007f1eac1b7300,
0x00007f1eac161080, 0x00007f1eac0f2560, 0x00007f1eac0f68a0, 0x00007f1eac0239f0,
0x00007f1eac218ce0, 0x00007f1eac223bd0, 0x00007f1eac035290, 0x00007f1eac298040,
0x00007f1eac216980, 0x00007f1eac1b5880, 0x00007f1eac1f36d0, 0x00007f1eac1940b0,
0x00007f1eac1947c0, 0x00007f1eac1f7c20, 0x00007f1eac1f8330, 0x00007f1eac195bb0,
0x00007f1eac1962c0, 0x00007f1eac210f50, 0x00007f1eac274690, 0x00007f1eac274da0,
0x00007f1eac1f5350, 0x00007f1eac1f5a60, 0x00007f1eac1f6170, 0x00007f1eac095ae0,
0x00007f1eac096d60, 0x00007f1eac211c30, 0x00007f1eac212340, 0x00007f1eac213750,
0x00007f1eac214b70, 0x00007f1eac215f90, 0x00007f1eac1b0a60, 0x00007f1eac1b1170,
0x00007f1eac1b1880, 0x00007f1eac1b1f90, 0x00007f1eac1b26a0, 0x00007f1eac1b3b60,
0x00007f1eac201130, 0x00007f1eac201840, 0x00007f1eac202d20, 0x00007f1eac2041c0,
0x00007f1eac2056b0, 0x00007f1eac205dc0, 0x00007f1eac206e70, 0x00007f1eac208370,
0x00007f1eac1dda90, 0x00007f1eac1def80, 0x00007f1eac1e04a0, 0x00007f1eac1e1590,
0x00007f1eac1e2690, 0x00007f1eac1e3770, 0x00007f1eac1e4860, 0x00007f1eac1e59f0,
0x00007f1eac1e6f80, 0x00007f1eac089a80, 0x00007f1eac08afe0, 0x00007f1eac08c540,
0x00007f1eac08d590, 0x00007f1eac08eb00, 0x00007f1eac090040, 0x00007f1eac091210,
0x00007f1eac0927e0, 0x00007f1e8017f990, 0x00007f1eac1f2a50, 0x00007f203c014d00,
0x00007f1eac2ce080, 0x00007f1fd4001070, 0x00007f1fd4001fd0, 0x00007f1fd4002d80,
0x00007f1fd4004c30, 0x00007f1fd4005cb0, 0x00007f1fd4006ef0, 0x00007f1fd4008130,
0x00007f1fd4009380, 0x00007f1fd400a5d0, 0x00007f1fd400b830, 0x00007f1fd400ca90,
0x00007f1fd400d8e0, 0x00007f1fd400e730, 0x00007f1fd400f590, 0x00007f1fd40103f0,
0x00007f1fcc0554b0, 0x00007f1fd4010df0, 0x00007f1fd4011c50, 0x00007f1fd4012ef0,
0x00007f1fd4014140, 0x00007f1fd4015390, 0x00007f1fd40165d0, 0x00007f1fd4017810,
0x00007f1fd4018a60, 0x00007f1fd4019cb0, 0x00007f1fd401aef0, 0x00007f1fd401c130,
0x00007f1fd401d380, 0x00007f1fd401e5d0, 0x00007f1fd401f810, 0x00007f1fd4020a50,
0x00007f1fd4021ca0, 0x00007f1f00009e30, 0x00007f1f0000adf0, 0x00007f1f00000d60,
0x00007f1f00001960, 0x00007f1f00002710, 0x00007f1f00003510, 0x00007f1f00004360,
0x00007f1f000051b0, 0x00007f1f00006000, 0x00007f1f00021c90, 0x00007f1f0002aa30,
0x00007f1f00033c60, 0x00007f1f0003ce90, 0x00007f1f000460d0, 0x00007f1f00047320,
0x00007f1f00050550, 0x00007f1f00059780, 0x00007f1f0005a5e0, 0x00007f1f0005b440,
0x00007f1f0005c290, 0x00007f1f0005d0e0, 0x00007f1f0005e330, 0x00007f1f0005f580,
0x00007f1f000607c0, 0x00007f1f00061a00, 0x00007f1f00062ed0, 0x00007f1f00064120,
0x00007f1f00065360, 0x00007f1f000665a0, 0x00007f1f000677f0, 0x00007f1f00068a40,
0x00007f1fb4012600, 0x00007f1fb4013570, 0x00007f1fb40147d0, 0x00007f1fb4015670,
0x00007f1fb4016520, 0x00007f1fb4017220, 0x00007f1fb40180e0, 0x00007f1fb4018fa0,
0x00007f1fb4019e70, 0x00007f1fb401ab90, 0x00007f1fb401ba70, 0x00007f1fb401c950,
0x00007f1fb401d690, 0x00007f1fb401e580, 0x00007f1fb401f480, 0x00007f1fb40201d0,
0x00007f1fb40210e0, 0x00007f1fb4021ff0, 0x00007f1fb4022f10, 0x00007f1fb4023c80,
0x00007f1fb4024a00, 0x00007f1fb4025930, 0x00007f1fb40266c0, 0x00007f1fb40278b0,
0x00007f1fb4028af0, 0x00007f1fb4029d30, 0x00007f1fb402b320, 0x00007f1fcc000880,
0x00007f1fcc057140, 0x00007f1fcc025c90, 0x00007f1fcc0563e0, 0x00007f1fcc005e20,
0x00007f1fcc02bac0, 0x00007f1fcc02c8b0, 0x00007f1fcc0539f0, 0x00007f1fcc001f00,
0x00007f1fcc002d00, 0x00007f1fcc003b10, 0x00007f1fcc0455f0, 0x00007f1fcc046410,
0x00007f1fcc045d00, 0x00007f1fcc046b20, 0x00007f1fcc041c30, 0x00007f1fcc042e10,
0x00007f1fcc043fd0, 0x00007f1fcc028460, 0x00007f1fcc029630, 0x00007f1fcc02a7e0,
0x00007f1fcc01fe20, 0x00007f1fcc021000, 0x00007f1fcc050bb0, 0x00007f1fcc050430,
0x00007f1fcc022210, 0x00007f1fcc023440, 0x00007f1fcc024150, 0x00007f1fcc03c910,
0x00007f1fcc03d330, 0x00007f1fcc03e180, 0x00007f1fcc03f2b0, 0x00007f1fcc040090,
0x00007f1fcc040ed0, 0x00007f1fcc031340, 0x00007f1fcc030b80, 0x00007f1fcc031a50,
0x00007f1fcc032860, 0x00007f1fcc0336b0, 0x00007f1fcc0177a0, 0x00007f1fcc018a20,
0x00007f1fcc019bf0, 0x00007f1fcc01add0, 0x00007f1fcc01e8e0, 0x00007f1fcc058f50,
0x00007f1fcc058370, 0x00007f1fcc059aa0, 0x00007f1fcc05ab60, 0x00007f1fcc05b9b0,
0x00007f1fcc05c7f0, 0x00007f1fcc05d640, 0x00007f1fcc05e490, 0x00007f1fcc05f2f0,
0x00007f1fcc060520, 0x00007f1fcc061760, 0x00007f1fcc0629a0, 0x00007f1fcc063bf0,
0x00007f1dd0005690, 0x00007f1dd00067a0, 0x00007f1dd0005f20, 0x00007f1dd0060f60,
0x00007f1dd0061af0, 0x00007f1dd0062940, 0x00007f1dd0000f10, 0x00007f1dd0001d70,
0x00007f1dd0002bb0, 0x00007f1dd0003a00, 0x00007f1dd0085ab0, 0x00007f1dd0086910,
0x00007f1dd0087770, 0x00007f1dd00885e0, 0x00007f1dd0089360, 0x00007f1dd008a0f0,
0x00007f1dd008e2c0, 0x00007f1dd008f120, 0x00007f1dd0090310, 0x00007f1dd0091560,
0x00007f1dd0094300, 0x00007f1dd0092790, 0x00007f1dd0095790, 0x00007f1dd0096380,
0x00007f1dd0097310, 0x00007f1dd0098560, 0x00007f1dd0099790, 0x00007f1dd009a9d0,
0x00007f1dd009bc10, 0x00007f1dd009ce60, 0x00007f1dd009e0b0, 0x00007f1fb402ba30,
0x00007f1fb402d0d0, 0x00007f1fb402c740, 0x00007f1fb402def0, 0x00007f1fb402ee30,
0x00007f1fb402fbd0, 0x00007f1fb40309d0, 0x00007f1fb4031820, 0x00007f1fb4032650,
0x00007f1fb4033490, 0x00007f1fb4034d20, 0x00007f1fb4037fd0, 0x00007f1fb4036190,
0x00007f1fb4037610, 0x00007f1fb403b8b0, 0x00007f1fb403a500, 0x00007f1fb403ca80,
0x00007f1fb403d190, 0x00007f1fb403e910, 0x00007f1fb403f020, 0x00007f1fb4041ab0,
0x00007f1fb40406a0, 0x00007f1fb4042800, 0x00007f1fb4043230, 0x00007f1fb4044710,
0x00007f1fb4045bf0, 0x00007f1fb4046620, 0x00007f1fb4046d50, 0x00007f1fb4048510,
0x00007f1fb4049100, 0x00007f1fb404a610, 0x00007f1fb404bb00, 0x00007f1fb404d020,
0x00007f1fb404fa90, 0x00007f1fb4050810, 0x00007f1fb4051560, 0x00007f1fb4052440,
0x00007f1fb40532d0, 0x00007f1fb4054040, 0x00007f1fb40551b0, 0x00007f1fb4055f60,
0x00007f1fb4056e60, 0x00007f1fb40583d0, 0x00007f1fb4059940, 0x00007f1fb405ae90,
0x00007f1fb405c410, 0x00007f1fb405d9a0, 0x00007f1fb405ef00, 0x00007f1fb40604a0,
0x00007f1fb4061950, 0x00007f1fb4062f00, 0x00007f1fb40644b0, 0x00007f1fb4065a70,
0x00007f1fb4066570, 0x00007f1fb4067080, 0x00007f1fb4067b90, 0x00007f1fb4068540,
0x00007f1fb4069160, 0x00007f1fb4069eb0, 0x00007f1fb406b050, 0x00007f1fb406bea0,
0x00007f1fb406cce0, 0x00007f1f64232840, 0x00007f1f64233ee0, 0x00007f1f64233360,
0x00007f1f64234d00, 0x00007f1f64235ba0, 0x00007f1f64236a20, 0x00007f1f642377e0,
0x00007f1f64238620, 0x00007f1f6423a330, 0x00007f1f642398b0, 0x00007f1f6421b3d0,
0x00007f1f6421c210, 0x00007f1f6421cea0, 0x00007f1f6421dd50, 0x00007f1f6421eac0,
0x00007f1f6421f8c0, 0x00007f1f642206d0, 0x00007f1f642215d0, 0x00007f1f64222360,
0x00007f1f64225460, 0x00007f1f642235f0, 0x00007f1f64226630, 0x00007f1f64227250,
0x00007f1f64228000, 0x00007f1f64229190, 0x00007f1f64202d00, 0x00007f1f64203840,
0x00007f1f64204bd0, 0x00007f1f64205cd0, 0x00007f1f64206e80, 0x00007f1f64208170,
0x00007f1f64213fa0, 0x00007f1f90002980, 0x00007f1f900042d0, 0x00007f1f90003650,
0x00007f1f900050f0, 0x00007f1f90005f50, 0x00007f1f90006d90, 0x00007f1f90007be0,
0x00007f1f90008a30, 0x00007f1f90009890, 0x00007f1f9000a970, 0x00007f1f9000b7c0,
0x00007f1f9000c5e0, 0x00007f1f9000d430, 0x00007f1f9000e280, 0x00007f1f9000f0e0,
0x00007f1f9000ff70, 0x00007f1f90010df0, 0x00007f1f90011e40, 0x00007f1f90012e90,
0x00007f1f44133730, 0x00007f1f44134e00, 0x00007f1fe80e5230, 0x00007f1f44134110,
0x00007f1fa81a04d0, 0x00007f1f44135940, 0x00007f1fa04888e0, 0x00007f1f940049e0,
0x00007f203c196d80, 0x00007f212c212360, 0x00007f203c1bf9e0, 0x00007f212c61a670,
0x00007f212d424db0, 0x00007f20200a42b0, 0x00007f203c0701a0, 0x00007f202016ec90,
0x00007f2020124250, 0x00007f2060004dc0, 0x00007f21204d79d0
}

Java Threads: ( => current thread )
  0x00007f21c401c970 JavaThread "main"                              [_thread_blocked, id=675482, stack(0x00007f21cb300000,0x00007f21cb400000) (1024K)]
  0x00007f21c42df970 JavaThread "Reference Handler"          daemon [_thread_blocked, id=675497, stack(0x00007f219b1f3000,0x00007f219b2f3000) (1024K)]
  0x00007f21c42e0ef0 JavaThread "Finalizer"                  daemon [_thread_blocked, id=675498, stack(0x00007f219ab00000,0x00007f219ac00000) (1024K)]
  0x00007f21c42e2690 JavaThread "Signal Dispatcher"          daemon [_thread_blocked, id=675499, stack(0x00007f219a9ff000,0x00007f219aaff000) (1024K)]
  0x00007f21c42e3ce0 JavaThread "Service Thread"             daemon [_thread_blocked, id=675500, stack(0x00007f219a8fe000,0x00007f219a9fe000) (1024K)]
  0x00007f21c42e5290 JavaThread "Monitor Deflation Thread"   daemon [_thread_blocked, id=675501, stack(0x00007f219a7fd000,0x00007f219a8fd000) (1024K)]
  0x00007f21c42e6dc0 JavaThread "C2 CompilerThread0"         daemon [_thread_in_native, id=675502, stack(0x00007f219a6fc000,0x00007f219a7fc000) (1024K)]
  0x00007f21c42e8490 JavaThread "C1 CompilerThread0"         daemon [_thread_blocked, id=675503, stack(0x00007f219a5fb000,0x00007f219a6fb000) (1024K)]
  0x00007f21c4336e50 JavaThread "Common-Cleaner"             daemon [_thread_blocked, id=675506, stack(0x00007f219a227000,0x00007f219a327000) (1024K)]
  0x00007f21c4389d00 JavaThread "Notification Thread"        daemon [_thread_blocked, id=675507, stack(0x00007f219a126000,0x00007f219a226000) (1024K)]
  0x00007f21c5505030 JavaThread "Daemon health stats"               [_thread_blocked, id=675529, stack(0x00007f2199d22000,0x00007f2199e22000) (1024K)]
  0x00007f21c5564460 JavaThread "Incoming local TCP Connector on port 32865"        [_thread_in_native, id=675532, stack(0x00007f21989ff000,0x00007f2198aff000) (1024K)]
  0x00007f21c55a84a0 JavaThread "Daemon periodic checks"            [_thread_blocked, id=675533, stack(0x00007f21988fe000,0x00007f21989fe000) (1024K)]
  0x00007f20bc207520 JavaThread "Cache worker for journal cache (/home/iggut/.gradle/caches/journal-1)"        [_thread_blocked, id=675550, stack(0x00007f2199e23000,0x00007f2199f23000) (1024K)]
  0x00007f20bc211ef0 JavaThread "File lock request listener"        [_thread_in_native, id=675551, stack(0x00007f21980f6000,0x00007f21981f6000) (1024K)]
  0x00007f20bc232400 JavaThread "Cache worker for file hash cache (/home/iggut/.gradle/caches/8.10.2/fileHashes)"        [_thread_blocked, id=675552, stack(0x00007f2146f00000,0x00007f2147000000) (1024K)]
  0x00007f20bccf3650 JavaThread "File watcher server"        daemon [_thread_in_native, id=675573, stack(0x00007f21459eb000,0x00007f2145aeb000) (1024K)]
  0x00007f20bccf9c30 JavaThread "File watcher consumer"      daemon [_thread_blocked, id=675574, stack(0x00007f21458ea000,0x00007f21459ea000) (1024K)]
  0x00007f20bce4a0a0 JavaThread "Cache worker for file content cache (/home/iggut/.gradle/caches/8.10.2/fileContent)"        [_thread_blocked, id=675576, stack(0x00007f21456e8000,0x00007f21457e8000) (1024K)]
  0x00007f20be12c070 JavaThread "Memory manager"                    [_thread_blocked, id=675706, stack(0x00007f1eeb3f5000,0x00007f1eeb4f5000) (1024K)]
  0x00007f2040078410 JavaThread "process reaper (pid 676082)" daemon [_thread_in_native, id=676083, stack(0x00007f21c800f000,0x00007f21c8031000) (136K)]
  0x00007f20400a4650 JavaThread "RMI Scheduler(0)"           daemon [_thread_blocked, id=676111, stack(0x00007f1d49e60000,0x00007f1d49f60000) (1024K)]
  0x00007f20400c12f0 JavaThread "RMI TCP Accept-0"           daemon [_thread_in_native, id=676115, stack(0x00007f1d532f4000,0x00007f1d533f4000) (1024K)]
  0x00007f1f1c5ce590 JavaThread "Periodic tasks thread"      daemon [_thread_blocked, id=676890, stack(0x00007f1de46c8000,0x00007f1de47c8000) (1024K)]
  0x00007f1f1c5ee170 JavaThread "ApplicationImpl pooled thread 1"        [_thread_blocked, id=676891, stack(0x00007f1de45c7000,0x00007f1de46c7000) (1024K)]
  0x00007f1eac1aebd0 JavaThread "ForkJoinPool.commonPool-worker-11" daemon [_thread_blocked, id=691237, stack(0x00007f1de4bcd000,0x00007f1de4ccd000) (1024K)]
  0x00007f1e5c004740 JavaThread "ForkJoinPool.commonPool-worker-12" daemon [_thread_blocked, id=691238, stack(0x00007f1d531f3000,0x00007f1d532f3000) (1024K)]
  0x00007f1e5c0056b0 JavaThread "ForkJoinPool.commonPool-worker-14" daemon [_thread_blocked, id=691240, stack(0x00007f1feedef000,0x00007f1feeeef000) (1024K)]
  0x00007f1eac107290 JavaThread "ForkJoinPool.commonPool-worker-15" daemon [_thread_blocked, id=691241, stack(0x00007f1feecee000,0x00007f1feedee000) (1024K)]
  0x00007f20080012f0 JavaThread "ForkJoinPool.commonPool-worker-16" daemon [_thread_blocked, id=691242, stack(0x00007f1feeaec000,0x00007f1feebec000) (1024K)]
  0x00007f1e5c006840 JavaThread "ForkJoinPool.commonPool-worker-17" daemon [_thread_blocked, id=691243, stack(0x00007f1fee9eb000,0x00007f1feeaeb000) (1024K)]
  0x00007f1eac107b70 JavaThread "ForkJoinPool.commonPool-worker-18" daemon [_thread_blocked, id=691244, stack(0x00007f1fee8ea000,0x00007f1fee9ea000) (1024K)]
  0x00007f1f340060a0 JavaThread "RMI GC Daemon"              daemon [_thread_blocked, id=691381, stack(0x00007f1de58da000,0x00007f1de59da000) (1024K)]
  0x00007f1f34022470 JavaThread "RMI Reaper"                        [_thread_blocked, id=691383, stack(0x00007f1de57d9000,0x00007f1de58d9000) (1024K)]
  0x00007f2008003120 JavaThread "ForkJoinPool.commonPool-worker-19" daemon [_thread_blocked, id=691684, stack(0x00007f1fee3e5000,0x00007f1fee4e5000) (1024K)]
  0x00007f20c8015050 JavaThread "Daemon Thread 3"                   [_thread_blocked, id=695999, stack(0x00007f1feeef0000,0x00007f1feeff0000) (1024K)]
  0x00007f2008003b50 JavaThread "Handler for socket connection from /127.0.0.1:32865 to /127.0.0.1:43978"        [_thread_in_native, id=696000, stack(0x00007f1de6ff1000,0x00007f1de70f1000) (1024K)]
  0x00007f2008004cc0 JavaThread "Cancel handler"                    [_thread_blocked, id=696001, stack(0x00007f1fef3f5000,0x00007f1fef4f5000) (1024K)]
  0x00007f2008005e00 JavaThread "Daemon worker Thread 3"            [_thread_blocked, id=696002, stack(0x00007f1eeacee000,0x00007f1eeadee000) (1024K)]
  0x00007f1eac163680 JavaThread "Asynchronous log dispatcher for DefaultDaemonConnection: socket connection from /127.0.0.1:32865 to /127.0.0.1:43978"        [_thread_blocked, id=696003, stack(0x00007f1eeb1f3000,0x00007f1eeb2f3000) (1024K)]
  0x00007f1eac1371c0 JavaThread "Stdin handler"                     [_thread_blocked, id=696004, stack(0x00007f1fefbfd000,0x00007f1fefcfd000) (1024K)]
  0x00007f1eac09d180 JavaThread "Daemon client event forwarder"        [_thread_blocked, id=696005, stack(0x00007f1d4cc8e000,0x00007f1d4cd8e000) (1024K)]
  0x00007f1eac1aac10 JavaThread "Cache worker for file hash cache (/home/iggut/workspace/hourly-voice-clock/.gradle/8.10.2/fileHashes)"        [_thread_blocked, id=696006, stack(0x00007f1d4c98b000,0x00007f1d4ca8b000) (1024K)]
  0x00007f1eac000e40 JavaThread "Cache worker for Build Output Cleanup Cache (/home/iggut/workspace/hourly-voice-clock/.gradle/buildOutputCleanup)"        [_thread_blocked, id=696007, stack(0x00007f1d4ca8c000,0x00007f1d4cb8c000) (1024K)]
  0x00007f1eac15ca80 JavaThread "Cache worker for checksums cache (/home/iggut/workspace/hourly-voice-clock/.gradle/8.10.2/checksums)"        [_thread_blocked, id=696008, stack(0x00007f1d4c88a000,0x00007f1d4c98a000) (1024K)]
  0x00007f1eac09a740 JavaThread "Cache worker for cache directory md-rule (/home/iggut/.gradle/caches/8.10.2/md-rule)"        [_thread_blocked, id=696009, stack(0x00007f1fee4e6000,0x00007f1fee5e6000) (1024K)]
  0x00007f1eac104f40 JavaThread "Cache worker for cache directory md-supplier (/home/iggut/.gradle/caches/8.10.2/md-supplier)"        [_thread_blocked, id=696010, stack(0x00007f1de64e6000,0x00007f1de65e6000) (1024K)]
  0x00007f1eac1b7300 JavaThread "Unconstrained build operations"        [_thread_blocked, id=696012, stack(0x00007f1de67e9000,0x00007f1de68e9000) (1024K)]
  0x00007f1eac161080 JavaThread "Unconstrained build operations Thread 2"        [_thread_blocked, id=696013, stack(0x00007f1fee1e3000,0x00007f1fee2e3000) (1024K)]
  0x00007f1eac0f2560 JavaThread "Unconstrained build operations Thread 3"        [_thread_blocked, id=696014, stack(0x00007f1d533f5000,0x00007f1d534f5000) (1024K)]
  0x00007f1eac0f68a0 JavaThread "Unconstrained build operations Thread 4"        [_thread_blocked, id=696015, stack(0x00007f1d530f2000,0x00007f1d531f2000) (1024K)]
  0x00007f1eac0239f0 JavaThread "Unconstrained build operations Thread 5"        [_thread_blocked, id=696016, stack(0x00007f1de56d8000,0x00007f1de57d8000) (1024K)]
  0x00007f1eac218ce0 JavaThread "Unconstrained build operations Thread 6"        [_thread_blocked, id=696017, stack(0x00007f1fef6f8000,0x00007f1fef7f8000) (1024K)]
  0x00007f1eac223bd0 JavaThread "Unconstrained build operations Thread 7"        [_thread_blocked, id=696018, stack(0x00007f1fee2e4000,0x00007f1fee3e4000) (1024K)]
  0x00007f1eac035290 JavaThread "Unconstrained build operations Thread 8"        [_thread_blocked, id=696019, stack(0x00007f1de40c2000,0x00007f1de41c2000) (1024K)]
  0x00007f1eac298040 JavaThread "Unconstrained build operations Thread 9"        [_thread_blocked, id=696020, stack(0x00007f1eea3e5000,0x00007f1eea4e5000) (1024K)]
  0x00007f1eac216980 JavaThread "Unconstrained build operations Thread 10"        [_thread_blocked, id=696021, stack(0x00007f1de48ca000,0x00007f1de49ca000) (1024K)]
  0x00007f1eac1b5880 JavaThread "Unconstrained build operations Thread 11"        [_thread_blocked, id=696022, stack(0x00007f1d4b274000,0x00007f1d4b374000) (1024K)]
  0x00007f1eac1f36d0 JavaThread "Unconstrained build operations Thread 12"        [_thread_blocked, id=696023, stack(0x00007f1d4b87a000,0x00007f1d4b97a000) (1024K)]
  0x00007f1eac1940b0 JavaThread "Unconstrained build operations Thread 13"        [_thread_blocked, id=696024, stack(0x00007f1d4bf81000,0x00007f1d4c081000) (1024K)]
  0x00007f1eac1947c0 JavaThread "Unconstrained build operations Thread 14"        [_thread_blocked, id=696025, stack(0x00007f1de50d2000,0x00007f1de51d2000) (1024K)]
  0x00007f1eac1f7c20 JavaThread "Unconstrained build operations Thread 15"        [_thread_blocked, id=696026, stack(0x00007f1de52d4000,0x00007f1de53d4000) (1024K)]
  0x00007f1eac1f8330 JavaThread "Unconstrained build operations Thread 16"        [_thread_blocked, id=696027, stack(0x00007f1de43c5000,0x00007f1de44c5000) (1024K)]
  0x00007f1eac195bb0 JavaThread "Unconstrained build operations Thread 17"        [_thread_blocked, id=696028, stack(0x00007f1de51d3000,0x00007f1de52d3000) (1024K)]
  0x00007f1eac1962c0 JavaThread "Unconstrained build operations Thread 18"        [_thread_blocked, id=696029, stack(0x00007f1eeb0f2000,0x00007f1eeb1f2000) (1024K)]
  0x00007f1eac210f50 JavaThread "Unconstrained build operations Thread 19"        [_thread_blocked, id=696030, stack(0x00007f1de4dcf000,0x00007f1de4ecf000) (1024K)]
  0x00007f1eac274690 JavaThread "Unconstrained build operations Thread 20"        [_thread_blocked, id=696032, stack(0x00007f1de69eb000,0x00007f1de6aeb000) (1024K)]
  0x00007f1eac274da0 JavaThread "Unconstrained build operations Thread 21"        [_thread_blocked, id=696033, stack(0x00007f21441d3000,0x00007f21442d3000) (1024K)]
  0x00007f1eac1f5350 JavaThread "Unconstrained build operations Thread 22"        [_thread_blocked, id=696034, stack(0x00007f1d536f8000,0x00007f1d537f8000) (1024K)]
  0x00007f1eac1f5a60 JavaThread "Unconstrained build operations Thread 23"        [_thread_blocked, id=696035, stack(0x00007f1ee81c3000,0x00007f1ee82c3000) (1024K)]
  0x00007f1eac1f6170 JavaThread "Unconstrained build operations Thread 24"        [_thread_blocked, id=696036, stack(0x00007f1ee82c4000,0x00007f1ee83c4000) (1024K)]
  0x00007f1eac095ae0 JavaThread "Unconstrained build operations Thread 25"        [_thread_blocked, id=696037, stack(0x00007f1ee89cb000,0x00007f1ee8acb000) (1024K)]
  0x00007f1eac096d60 JavaThread "Unconstrained build operations Thread 26"        [_thread_blocked, id=696038, stack(0x00007f219a429000,0x00007f219a529000) (1024K)]
  0x00007f1eac211c30 JavaThread "Unconstrained build operations Thread 27"        [_thread_blocked, id=696039, stack(0x00007f219a328000,0x00007f219a428000) (1024K)]
  0x00007f1eac212340 JavaThread "Unconstrained build operations Thread 28"        [_thread_blocked, id=696040, stack(0x00007f219a025000,0x00007f219a125000) (1024K)]
  0x00007f1eac213750 JavaThread "Unconstrained build operations Thread 29"        [_thread_blocked, id=696041, stack(0x00007f2199f24000,0x00007f219a024000) (1024K)]
  0x00007f1eac214b70 JavaThread "Unconstrained build operations Thread 30"        [_thread_blocked, id=696042, stack(0x00007f2198f00000,0x00007f2199000000) (1024K)]
  0x00007f1eac215f90 JavaThread "Unconstrained build operations Thread 31"        [_thread_blocked, id=696043, stack(0x00007f2198b00000,0x00007f2198c00000) (1024K)]
  0x00007f1eac1b0a60 JavaThread "Unconstrained build operations Thread 32"        [_thread_blocked, id=696046, stack(0x00007f21987fd000,0x00007f21988fd000) (1024K)]
  0x00007f1eac1b1170 JavaThread "Unconstrained build operations Thread 33"        [_thread_blocked, id=696047, stack(0x00007f21986fc000,0x00007f21987fc000) (1024K)]
  0x00007f1eac1b1880 JavaThread "Unconstrained build operations Thread 34"        [_thread_blocked, id=696048, stack(0x00007f21985fb000,0x00007f21986fb000) (1024K)]
  0x00007f1eac1b1f90 JavaThread "Unconstrained build operations Thread 35"        [_thread_blocked, id=696049, stack(0x00007f21984fa000,0x00007f21985fa000) (1024K)]
  0x00007f1eac1b26a0 JavaThread "Unconstrained build operations Thread 36"        [_thread_blocked, id=696050, stack(0x00007f21983f9000,0x00007f21984f9000) (1024K)]
  0x00007f1eac1b3b60 JavaThread "Unconstrained build operations Thread 37"        [_thread_blocked, id=696051, stack(0x00007f21982f8000,0x00007f21983f8000) (1024K)]
  0x00007f1eac201130 JavaThread "Unconstrained build operations Thread 38"        [_thread_blocked, id=696052, stack(0x00007f21981f7000,0x00007f21982f7000) (1024K)]
  0x00007f1eac201840 JavaThread "Unconstrained build operations Thread 39"        [_thread_blocked, id=696053, stack(0x00007f2146dff000,0x00007f2146eff000) (1024K)]
  0x00007f1eac202d20 JavaThread "Unconstrained build operations Thread 40"        [_thread_blocked, id=696055, stack(0x00007f2146cfe000,0x00007f2146dfe000) (1024K)]
  0x00007f1eac2041c0 JavaThread "Unconstrained build operations Thread 41"        [_thread_blocked, id=696056, stack(0x00007f2146bfd000,0x00007f2146cfd000) (1024K)]
  0x00007f1eac2056b0 JavaThread "Unconstrained build operations Thread 42"        [_thread_blocked, id=696057, stack(0x00007f2145aec000,0x00007f2145bec000) (1024K)]
  0x00007f1eac205dc0 JavaThread "Unconstrained build operations Thread 43"        [_thread_blocked, id=696058, stack(0x00007f21457e9000,0x00007f21458e9000) (1024K)]
  0x00007f1eac206e70 JavaThread "Unconstrained build operations Thread 44"        [_thread_blocked, id=696059, stack(0x00007f21455e7000,0x00007f21456e7000) (1024K)]
  0x00007f1eac208370 JavaThread "Unconstrained build operations Thread 45"        [_thread_blocked, id=696060, stack(0x00007f21454e6000,0x00007f21455e6000) (1024K)]
  0x00007f1eac1dda90 JavaThread "Unconstrained build operations Thread 46"        [_thread_blocked, id=696061, stack(0x00007f21453e5000,0x00007f21454e5000) (1024K)]
  0x00007f1eac1def80 JavaThread "Unconstrained build operations Thread 47"        [_thread_blocked, id=696062, stack(0x00007f21452e4000,0x00007f21453e4000) (1024K)]
  0x00007f1eac1e04a0 JavaThread "Unconstrained build operations Thread 48"        [_thread_blocked, id=696063, stack(0x00007f21451e3000,0x00007f21452e3000) (1024K)]
  0x00007f1eac1e1590 JavaThread "Unconstrained build operations Thread 49"        [_thread_blocked, id=696064, stack(0x00007f21450e2000,0x00007f21451e2000) (1024K)]
  0x00007f1eac1e2690 JavaThread "Unconstrained build operations Thread 50"        [_thread_blocked, id=696065, stack(0x00007f2144fe1000,0x00007f21450e1000) (1024K)]
  0x00007f1eac1e3770 JavaThread "Unconstrained build operations Thread 51"        [_thread_blocked, id=696067, stack(0x00007f2144ee0000,0x00007f2144fe0000) (1024K)]
  0x00007f1eac1e4860 JavaThread "Unconstrained build operations Thread 52"        [_thread_blocked, id=696068, stack(0x00007f2144ddf000,0x00007f2144edf000) (1024K)]
  0x00007f1eac1e59f0 JavaThread "Unconstrained build operations Thread 53"        [_thread_blocked, id=696069, stack(0x00007f2144cde000,0x00007f2144dde000) (1024K)]
  0x00007f1eac1e6f80 JavaThread "Unconstrained build operations Thread 54"        [_thread_blocked, id=696070, stack(0x00007f2144bdd000,0x00007f2144cdd000) (1024K)]
  0x00007f1eac089a80 JavaThread "Unconstrained build operations Thread 55"        [_thread_blocked, id=696071, stack(0x00007f2144adc000,0x00007f2144bdc000) (1024K)]
  0x00007f1eac08afe0 JavaThread "Unconstrained build operations Thread 56"        [_thread_blocked, id=696072, stack(0x00007f21449db000,0x00007f2144adb000) (1024K)]
  0x00007f1eac08c540 JavaThread "Unconstrained build operations Thread 57"        [_thread_blocked, id=696073, stack(0x00007f21448da000,0x00007f21449da000) (1024K)]
  0x00007f1eac08d590 JavaThread "Unconstrained build operations Thread 58"        [_thread_blocked, id=696074, stack(0x00007f21447d9000,0x00007f21448d9000) (1024K)]
  0x00007f1eac08eb00 JavaThread "Unconstrained build operations Thread 59"        [_thread_blocked, id=696075, stack(0x00007f21446d8000,0x00007f21447d8000) (1024K)]
  0x00007f1eac090040 JavaThread "Unconstrained build operations Thread 60"        [_thread_blocked, id=696076, stack(0x00007f21445d7000,0x00007f21446d7000) (1024K)]
  0x00007f1eac091210 JavaThread "Unconstrained build operations Thread 61"        [_thread_blocked, id=696077, stack(0x00007f21444d6000,0x00007f21445d6000) (1024K)]
  0x00007f1eac0927e0 JavaThread "Unconstrained build operations Thread 62"        [_thread_blocked, id=696078, stack(0x00007f21443d5000,0x00007f21444d5000) (1024K)]
  0x00007f1e8017f990 JavaThread "C1 CompilerThread1"         daemon [_thread_blocked, id=696079, stack(0x00007f21442d4000,0x00007f21443d4000) (1024K)]
  0x00007f1eac1f2a50 JavaThread "build event listener"              [_thread_blocked, id=696080, stack(0x00007f21440d2000,0x00007f21441d2000) (1024K)]
  0x00007f203c014d00 JavaThread "C1 CompilerThread2"         daemon [_thread_blocked, id=696081, stack(0x00007f1feff00000,0x00007f1ff0000000) (1024K)]
  0x00007f1eac2ce080 JavaThread "included builds"                   [_thread_blocked, id=696086, stack(0x00007f1de5ddf000,0x00007f1de5edf000) (1024K)]
  0x00007f1fd4001070 JavaThread "Execution worker"                  [_thread_blocked, id=696087, stack(0x00007f1de5fe1000,0x00007f1de60e1000) (1024K)]
  0x00007f1fd4001fd0 JavaThread "Execution worker Thread 2"         [_thread_blocked, id=696088, stack(0x00007f1fef8fa000,0x00007f1fef9fa000) (1024K)]
  0x00007f1fd4002d80 JavaThread "Execution worker Thread 3"         [_thread_blocked, id=696089, stack(0x00007f1fef7f9000,0x00007f1fef8f9000) (1024K)]
  0x00007f1fd4004c30 JavaThread "Execution worker Thread 4"         [_thread_blocked, id=696090, stack(0x00007f1fef5f7000,0x00007f1fef6f7000) (1024K)]
  0x00007f1fd4005cb0 JavaThread "Execution worker Thread 5"         [_thread_blocked, id=696091, stack(0x00007f1fef4f6000,0x00007f1fef5f6000) (1024K)]
  0x00007f1fd4006ef0 JavaThread "Execution worker Thread 6"         [_thread_blocked, id=696092, stack(0x00007f1fef2f4000,0x00007f1fef3f4000) (1024K)]
  0x00007f1fd4008130 JavaThread "Execution worker Thread 7"         [_thread_blocked, id=696093, stack(0x00007f1fef1f3000,0x00007f1fef2f3000) (1024K)]
  0x00007f1fd4009380 JavaThread "Execution worker Thread 8"         [_thread_blocked, id=696094, stack(0x00007f1fef0f2000,0x00007f1fef1f2000) (1024K)]
  0x00007f1fd400a5d0 JavaThread "Execution worker Thread 9"         [_thread_blocked, id=696095, stack(0x00007f1feeff1000,0x00007f1fef0f1000) (1024K)]
  0x00007f1fd400b830 JavaThread "Execution worker Thread 10"        [_thread_blocked, id=696096, stack(0x00007f1feebed000,0x00007f1feeced000) (1024K)]
  0x00007f1fd400ca90 JavaThread "Execution worker Thread 11"        [_thread_blocked, id=696097, stack(0x00007f1fee7e9000,0x00007f1fee8e9000) (1024K)]
  0x00007f1fd400d8e0 JavaThread "Execution worker Thread 12"        [_thread_blocked, id=696098, stack(0x00007f1fee6e8000,0x00007f1fee7e8000) (1024K)]
  0x00007f1fd400e730 JavaThread "Execution worker Thread 13"        [_thread_blocked, id=696099, stack(0x00007f1fee5e7000,0x00007f1fee6e7000) (1024K)]
  0x00007f1fd400f590 JavaThread "Execution worker Thread 14"        [_thread_blocked, id=696100, stack(0x00007f1fee0e2000,0x00007f1fee1e2000) (1024K)]
  0x00007f1fd40103f0 JavaThread "Execution worker Thread 15"        [_thread_blocked, id=696101, stack(0x00007f1fedfe1000,0x00007f1fee0e1000) (1024K)]
  0x00007f1fcc0554b0 JavaThread "Cache worker for execution history cache (/home/iggut/workspace/hourly-voice-clock/.gradle/8.10.2/executionHistory)"        [_thread_blocked, id=696102, stack(0x00007f1fedee0000,0x00007f1fedfe0000) (1024K)]
  0x00007f1fd4010df0 JavaThread "Execution worker Thread 16"        [_thread_blocked, id=696103, stack(0x00007f1fedddf000,0x00007f1fededf000) (1024K)]
  0x00007f1fd4011c50 JavaThread "Execution worker Thread 17"        [_thread_blocked, id=696104, stack(0x00007f1fedcde000,0x00007f1feddde000) (1024K)]
  0x00007f1fd4012ef0 JavaThread "Execution worker Thread 18"        [_thread_blocked, id=696105, stack(0x00007f1fedbdd000,0x00007f1fedcdd000) (1024K)]
  0x00007f1fd4014140 JavaThread "Execution worker Thread 19"        [_thread_blocked, id=696106, stack(0x00007f1fedadc000,0x00007f1fedbdc000) (1024K)]
  0x00007f1fd4015390 JavaThread "Execution worker Thread 20"        [_thread_blocked, id=696107, stack(0x00007f1fed9db000,0x00007f1fedadb000) (1024K)]
  0x00007f1fd40165d0 JavaThread "Execution worker Thread 21"        [_thread_blocked, id=696108, stack(0x00007f1fed8da000,0x00007f1fed9da000) (1024K)]
  0x00007f1fd4017810 JavaThread "Execution worker Thread 22"        [_thread_blocked, id=696109, stack(0x00007f1fed7d9000,0x00007f1fed8d9000) (1024K)]
  0x00007f1fd4018a60 JavaThread "Execution worker Thread 23"        [_thread_blocked, id=696110, stack(0x00007f1fed6d8000,0x00007f1fed7d8000) (1024K)]
  0x00007f1fd4019cb0 JavaThread "Execution worker Thread 24"        [_thread_blocked, id=696111, stack(0x00007f1fed5d7000,0x00007f1fed6d7000) (1024K)]
  0x00007f1fd401aef0 JavaThread "Execution worker Thread 25"        [_thread_blocked, id=696112, stack(0x00007f1fed4d6000,0x00007f1fed5d6000) (1024K)]
  0x00007f1fd401c130 JavaThread "Execution worker Thread 26"        [_thread_blocked, id=696113, stack(0x00007f1fed3d5000,0x00007f1fed4d5000) (1024K)]
  0x00007f1fd401d380 JavaThread "Execution worker Thread 27"        [_thread_blocked, id=696114, stack(0x00007f1fed2d4000,0x00007f1fed3d4000) (1024K)]
  0x00007f1fd401e5d0 JavaThread "Execution worker Thread 28"        [_thread_blocked, id=696115, stack(0x00007f1fed1d3000,0x00007f1fed2d3000) (1024K)]
  0x00007f1fd401f810 JavaThread "Execution worker Thread 29"        [_thread_blocked, id=696116, stack(0x00007f1fed0d2000,0x00007f1fed1d2000) (1024K)]
  0x00007f1fd4020a50 JavaThread "Execution worker Thread 30"        [_thread_blocked, id=696117, stack(0x00007f1fecfd1000,0x00007f1fed0d1000) (1024K)]
  0x00007f1fd4021ca0 JavaThread "Execution worker Thread 31"        [_thread_blocked, id=696118, stack(0x00007f1feced0000,0x00007f1fecfd0000) (1024K)]
  0x00007f1f00009e30 JavaThread "Unconstrained build operations Thread 63"        [_thread_blocked, id=696119, stack(0x00007f1fecdcf000,0x00007f1fececf000) (1024K)]
  0x00007f1f0000adf0 JavaThread "Unconstrained build operations Thread 64"        [_thread_blocked, id=696120, stack(0x00007f1feccce000,0x00007f1fecdce000) (1024K)]
  0x00007f1f00000d60 JavaThread "Unconstrained build operations Thread 65"        [_thread_blocked, id=696121, stack(0x00007f1fecbcd000,0x00007f1fecccd000) (1024K)]
  0x00007f1f00001960 JavaThread "Unconstrained build operations Thread 66"        [_thread_blocked, id=696122, stack(0x00007f1fecacc000,0x00007f1fecbcc000) (1024K)]
  0x00007f1f00002710 JavaThread "Unconstrained build operations Thread 67"        [_thread_blocked, id=696123, stack(0x00007f1fec9cb000,0x00007f1fecacb000) (1024K)]
  0x00007f1f00003510 JavaThread "Unconstrained build operations Thread 68"        [_thread_blocked, id=696124, stack(0x00007f1fec8ca000,0x00007f1fec9ca000) (1024K)]
  0x00007f1f00004360 JavaThread "Unconstrained build operations Thread 69"        [_thread_blocked, id=696125, stack(0x00007f1fec7c9000,0x00007f1fec8c9000) (1024K)]
  0x00007f1f000051b0 JavaThread "Unconstrained build operations Thread 70"        [_thread_blocked, id=696126, stack(0x00007f1fec6c8000,0x00007f1fec7c8000) (1024K)]
  0x00007f1f00006000 JavaThread "Unconstrained build operations Thread 71"        [_thread_blocked, id=696127, stack(0x00007f1fec5c7000,0x00007f1fec6c7000) (1024K)]
  0x00007f1f00021c90 JavaThread "Unconstrained build operations Thread 72"        [_thread_blocked, id=696128, stack(0x00007f1fec4c6000,0x00007f1fec5c6000) (1024K)]
  0x00007f1f0002aa30 JavaThread "Unconstrained build operations Thread 73"        [_thread_blocked, id=696129, stack(0x00007f1fec3c5000,0x00007f1fec4c5000) (1024K)]
  0x00007f1f00033c60 JavaThread "Unconstrained build operations Thread 74"        [_thread_blocked, id=696130, stack(0x00007f1fec2c4000,0x00007f1fec3c4000) (1024K)]
  0x00007f1f0003ce90 JavaThread "Unconstrained build operations Thread 75"        [_thread_blocked, id=696131, stack(0x00007f1fec1c3000,0x00007f1fec2c3000) (1024K)]
  0x00007f1f000460d0 JavaThread "Unconstrained build operations Thread 76"        [_thread_blocked, id=696132, stack(0x00007f1fec0c2000,0x00007f1fec1c2000) (1024K)]
  0x00007f1f00047320 JavaThread "Unconstrained build operations Thread 77"        [_thread_blocked, id=696133, stack(0x00007f1eebf00000,0x00007f1eec000000) (1024K)]
  0x00007f1f00050550 JavaThread "Unconstrained build operations Thread 78"        [_thread_blocked, id=696134, stack(0x00007f1eebdff000,0x00007f1eebeff000) (1024K)]
  0x00007f1f00059780 JavaThread "Unconstrained build operations Thread 79"        [_thread_blocked, id=696135, stack(0x00007f1eebcfe000,0x00007f1eebdfe000) (1024K)]
  0x00007f1f0005a5e0 JavaThread "Unconstrained build operations Thread 80"        [_thread_blocked, id=696136, stack(0x00007f1eebbfd000,0x00007f1eebcfd000) (1024K)]
  0x00007f1f0005b440 JavaThread "Unconstrained build operations Thread 81"        [_thread_blocked, id=696137, stack(0x00007f1eebafc000,0x00007f1eebbfc000) (1024K)]
  0x00007f1f0005c290 JavaThread "Unconstrained build operations Thread 82"        [_thread_blocked, id=696138, stack(0x00007f1eeb9fb000,0x00007f1eebafb000) (1024K)]
  0x00007f1f0005d0e0 JavaThread "Unconstrained build operations Thread 83"        [_thread_blocked, id=696139, stack(0x00007f1eeb8fa000,0x00007f1eeb9fa000) (1024K)]
  0x00007f1f0005e330 JavaThread "Unconstrained build operations Thread 84"        [_thread_blocked, id=696140, stack(0x00007f1eeb7f9000,0x00007f1eeb8f9000) (1024K)]
  0x00007f1f0005f580 JavaThread "Unconstrained build operations Thread 85"        [_thread_blocked, id=696141, stack(0x00007f1eeb6f8000,0x00007f1eeb7f8000) (1024K)]
  0x00007f1f000607c0 JavaThread "Unconstrained build operations Thread 86"        [_thread_blocked, id=696142, stack(0x00007f1eeb5f7000,0x00007f1eeb6f7000) (1024K)]
  0x00007f1f00061a00 JavaThread "Unconstrained build operations Thread 87"        [_thread_blocked, id=696143, stack(0x00007f1eeb4f6000,0x00007f1eeb5f6000) (1024K)]
  0x00007f1f00062ed0 JavaThread "Unconstrained build operations Thread 88"        [_thread_blocked, id=696144, stack(0x00007f1eeb2f4000,0x00007f1eeb3f4000) (1024K)]
  0x00007f1f00064120 JavaThread "Unconstrained build operations Thread 89"        [_thread_blocked, id=696145, stack(0x00007f1eeaff1000,0x00007f1eeb0f1000) (1024K)]
  0x00007f1f00065360 JavaThread "Unconstrained build operations Thread 90"        [_thread_blocked, id=696146, stack(0x00007f1eeaef0000,0x00007f1eeaff0000) (1024K)]
  0x00007f1f000665a0 JavaThread "Unconstrained build operations Thread 91"        [_thread_blocked, id=696147, stack(0x00007f1eeadef000,0x00007f1eeaeef000) (1024K)]
  0x00007f1f000677f0 JavaThread "Unconstrained build operations Thread 92"        [_thread_blocked, id=696148, stack(0x00007f1eeabed000,0x00007f1eeaced000) (1024K)]
  0x00007f1f00068a40 JavaThread "Unconstrained build operations Thread 93"        [_thread_blocked, id=696149, stack(0x00007f1eeaaec000,0x00007f1eeabec000) (1024K)]
  0x00007f1fb4012600 JavaThread "Unconstrained build operations Thread 94"        [_thread_blocked, id=696151, stack(0x00007f1eea9eb000,0x00007f1eeaaeb000) (1024K)]
  0x00007f1fb4013570 JavaThread "Unconstrained build operations Thread 95"        [_thread_blocked, id=696152, stack(0x00007f1eea8ea000,0x00007f1eea9ea000) (1024K)]
  0x00007f1fb40147d0 JavaThread "Unconstrained build operations Thread 96"        [_thread_blocked, id=696153, stack(0x00007f1eea7e9000,0x00007f1eea8e9000) (1024K)]
  0x00007f1fb4015670 JavaThread "Unconstrained build operations Thread 97"        [_thread_blocked, id=696154, stack(0x00007f1eea6e8000,0x00007f1eea7e8000) (1024K)]
  0x00007f1fb4016520 JavaThread "Unconstrained build operations Thread 98"        [_thread_blocked, id=696155, stack(0x00007f1eea5e7000,0x00007f1eea6e7000) (1024K)]
  0x00007f1fb4017220 JavaThread "Unconstrained build operations Thread 99"        [_thread_blocked, id=696156, stack(0x00007f1eea4e6000,0x00007f1eea5e6000) (1024K)]
  0x00007f1fb40180e0 JavaThread "Unconstrained build operations Thread 100"        [_thread_blocked, id=696157, stack(0x00007f1eea2e4000,0x00007f1eea3e4000) (1024K)]
  0x00007f1fb4018fa0 JavaThread "Unconstrained build operations Thread 101"        [_thread_blocked, id=696158, stack(0x00007f1eea1e3000,0x00007f1eea2e3000) (1024K)]
  0x00007f1fb4019e70 JavaThread "Unconstrained build operations Thread 102"        [_thread_blocked, id=696159, stack(0x00007f1eea0e2000,0x00007f1eea1e2000) (1024K)]
  0x00007f1fb401ab90 JavaThread "Unconstrained build operations Thread 103"        [_thread_blocked, id=696160, stack(0x00007f1ee9fe1000,0x00007f1eea0e1000) (1024K)]
  0x00007f1fb401ba70 JavaThread "Unconstrained build operations Thread 104"        [_thread_blocked, id=696161, stack(0x00007f1ee9ee0000,0x00007f1ee9fe0000) (1024K)]
  0x00007f1fb401c950 JavaThread "Unconstrained build operations Thread 105"        [_thread_blocked, id=696162, stack(0x00007f1ee9ddf000,0x00007f1ee9edf000) (1024K)]
  0x00007f1fb401d690 JavaThread "Unconstrained build operations Thread 106"        [_thread_blocked, id=696163, stack(0x00007f1ee9cde000,0x00007f1ee9dde000) (1024K)]
  0x00007f1fb401e580 JavaThread "Unconstrained build operations Thread 107"        [_thread_blocked, id=696164, stack(0x00007f1ee9bdd000,0x00007f1ee9cdd000) (1024K)]
  0x00007f1fb401f480 JavaThread "Unconstrained build operations Thread 108"        [_thread_blocked, id=696165, stack(0x00007f1ee9adc000,0x00007f1ee9bdc000) (1024K)]
  0x00007f1fb40201d0 JavaThread "Unconstrained build operations Thread 109"        [_thread_blocked, id=696166, stack(0x00007f1ee99db000,0x00007f1ee9adb000) (1024K)]
  0x00007f1fb40210e0 JavaThread "Unconstrained build operations Thread 110"        [_thread_blocked, id=696167, stack(0x00007f1ee98da000,0x00007f1ee99da000) (1024K)]
  0x00007f1fb4021ff0 JavaThread "Unconstrained build operations Thread 111"        [_thread_blocked, id=696168, stack(0x00007f1ee97d9000,0x00007f1ee98d9000) (1024K)]
  0x00007f1fb4022f10 JavaThread "Unconstrained build operations Thread 112"        [_thread_blocked, id=696169, stack(0x00007f1ee96d8000,0x00007f1ee97d8000) (1024K)]
  0x00007f1fb4023c80 JavaThread "Unconstrained build operations Thread 113"        [_thread_blocked, id=696170, stack(0x00007f1ee95d7000,0x00007f1ee96d7000) (1024K)]
  0x00007f1fb4024a00 JavaThread "Unconstrained build operations Thread 114"        [_thread_blocked, id=696171, stack(0x00007f1ee94d6000,0x00007f1ee95d6000) (1024K)]
  0x00007f1fb4025930 JavaThread "Unconstrained build operations Thread 115"        [_thread_blocked, id=696172, stack(0x00007f1ee93d5000,0x00007f1ee94d5000) (1024K)]
  0x00007f1fb40266c0 JavaThread "Unconstrained build operations Thread 116"        [_thread_blocked, id=696173, stack(0x00007f1ee92d4000,0x00007f1ee93d4000) (1024K)]
  0x00007f1fb40278b0 JavaThread "Unconstrained build operations Thread 117"        [_thread_blocked, id=696174, stack(0x00007f1ee91d3000,0x00007f1ee92d3000) (1024K)]
  0x00007f1fb4028af0 JavaThread "Unconstrained build operations Thread 118"        [_thread_blocked, id=696175, stack(0x00007f1ee90d2000,0x00007f1ee91d2000) (1024K)]
  0x00007f1fb4029d30 JavaThread "Unconstrained build operations Thread 119"        [_thread_blocked, id=696176, stack(0x00007f1ee8fd1000,0x00007f1ee90d1000) (1024K)]
  0x00007f1fb402b320 JavaThread "Unconstrained build operations Thread 120"        [_thread_blocked, id=696178, stack(0x00007f1ee8dcf000,0x00007f1ee8ecf000) (1024K)]
  0x00007f1fcc000880 JavaThread "Unconstrained build operations Thread 121"        [_thread_blocked, id=696184, stack(0x00007f1ee8cce000,0x00007f1ee8dce000) (1024K)]
  0x00007f1fcc057140 JavaThread "Unconstrained build operations Thread 122"        [_thread_blocked, id=696185, stack(0x00007f1ee8bcd000,0x00007f1ee8ccd000) (1024K)]
  0x00007f1fcc025c90 JavaThread "Unconstrained build operations Thread 123"        [_thread_blocked, id=696186, stack(0x00007f1ee8acc000,0x00007f1ee8bcc000) (1024K)]
  0x00007f1fcc0563e0 JavaThread "Unconstrained build operations Thread 124"        [_thread_blocked, id=696187, stack(0x00007f1ee88ca000,0x00007f1ee89ca000) (1024K)]
  0x00007f1fcc005e20 JavaThread "Unconstrained build operations Thread 125"        [_thread_blocked, id=696188, stack(0x00007f1ee87c9000,0x00007f1ee88c9000) (1024K)]
  0x00007f1fcc02bac0 JavaThread "Unconstrained build operations Thread 126"        [_thread_blocked, id=696189, stack(0x00007f1ee86c8000,0x00007f1ee87c8000) (1024K)]
  0x00007f1fcc02c8b0 JavaThread "Unconstrained build operations Thread 127"        [_thread_blocked, id=696190, stack(0x00007f1ee85c7000,0x00007f1ee86c7000) (1024K)]
  0x00007f1fcc0539f0 JavaThread "Unconstrained build operations Thread 128"        [_thread_blocked, id=696191, stack(0x00007f1ee84c6000,0x00007f1ee85c6000) (1024K)]
  0x00007f1fcc001f00 JavaThread "Unconstrained build operations Thread 129"        [_thread_blocked, id=696192, stack(0x00007f1ee83c5000,0x00007f1ee84c5000) (1024K)]
  0x00007f1fcc002d00 JavaThread "Unconstrained build operations Thread 130"        [_thread_blocked, id=696193, stack(0x00007f1ee80c2000,0x00007f1ee81c2000) (1024K)]
  0x00007f1fcc003b10 JavaThread "Unconstrained build operations Thread 131"        [_thread_blocked, id=696194, stack(0x00007f1de7f00000,0x00007f1de8000000) (1024K)]
  0x00007f1fcc0455f0 JavaThread "Unconstrained build operations Thread 132"        [_thread_blocked, id=696195, stack(0x00007f1de7dff000,0x00007f1de7eff000) (1024K)]
  0x00007f1fcc046410 JavaThread "Unconstrained build operations Thread 133"        [_thread_blocked, id=696196, stack(0x00007f1de7cfe000,0x00007f1de7dfe000) (1024K)]
  0x00007f1fcc045d00 JavaThread "Unconstrained build operations Thread 134"        [_thread_blocked, id=696197, stack(0x00007f1de7bfd000,0x00007f1de7cfd000) (1024K)]
  0x00007f1fcc046b20 JavaThread "Unconstrained build operations Thread 135"        [_thread_blocked, id=696198, stack(0x00007f1de7afc000,0x00007f1de7bfc000) (1024K)]
  0x00007f1fcc041c30 JavaThread "Unconstrained build operations Thread 136"        [_thread_blocked, id=696199, stack(0x00007f1de79fb000,0x00007f1de7afb000) (1024K)]
  0x00007f1fcc042e10 JavaThread "Unconstrained build operations Thread 137"        [_thread_blocked, id=696200, stack(0x00007f1de78fa000,0x00007f1de79fa000) (1024K)]
  0x00007f1fcc043fd0 JavaThread "Unconstrained build operations Thread 138"        [_thread_blocked, id=696201, stack(0x00007f1de77f9000,0x00007f1de78f9000) (1024K)]
  0x00007f1fcc028460 JavaThread "Unconstrained build operations Thread 139"        [_thread_blocked, id=696202, stack(0x00007f1de76f8000,0x00007f1de77f8000) (1024K)]
  0x00007f1fcc029630 JavaThread "Unconstrained build operations Thread 140"        [_thread_blocked, id=696203, stack(0x00007f1de75f7000,0x00007f1de76f7000) (1024K)]
  0x00007f1fcc02a7e0 JavaThread "Unconstrained build operations Thread 141"        [_thread_blocked, id=696204, stack(0x00007f1de74f6000,0x00007f1de75f6000) (1024K)]
  0x00007f1fcc01fe20 JavaThread "Unconstrained build operations Thread 142"        [_thread_blocked, id=696205, stack(0x00007f1de73f5000,0x00007f1de74f5000) (1024K)]
  0x00007f1fcc021000 JavaThread "Unconstrained build operations Thread 143"        [_thread_blocked, id=696206, stack(0x00007f1de72f4000,0x00007f1de73f4000) (1024K)]
  0x00007f1fcc050bb0 JavaThread "Unconstrained build operations Thread 144"        [_thread_blocked, id=696207, stack(0x00007f1de71f3000,0x00007f1de72f3000) (1024K)]
  0x00007f1fcc050430 JavaThread "Unconstrained build operations Thread 145"        [_thread_blocked, id=696208, stack(0x00007f1de70f2000,0x00007f1de71f2000) (1024K)]
  0x00007f1fcc022210 JavaThread "Unconstrained build operations Thread 146"        [_thread_blocked, id=696209, stack(0x00007f1de6ef0000,0x00007f1de6ff0000) (1024K)]
  0x00007f1fcc023440 JavaThread "Unconstrained build operations Thread 147"        [_thread_blocked, id=696210, stack(0x00007f1de6def000,0x00007f1de6eef000) (1024K)]
  0x00007f1fcc024150 JavaThread "Unconstrained build operations Thread 148"        [_thread_blocked, id=696211, stack(0x00007f1de6cee000,0x00007f1de6dee000) (1024K)]
  0x00007f1fcc03c910 JavaThread "Unconstrained build operations Thread 149"        [_thread_blocked, id=696212, stack(0x00007f1de6bed000,0x00007f1de6ced000) (1024K)]
  0x00007f1fcc03d330 JavaThread "Unconstrained build operations Thread 150"        [_thread_blocked, id=696213, stack(0x00007f1de6aec000,0x00007f1de6bec000) (1024K)]
  0x00007f1fcc03e180 JavaThread "Unconstrained build operations Thread 151"        [_thread_blocked, id=696214, stack(0x00007f1de68ea000,0x00007f1de69ea000) (1024K)]
  0x00007f1fcc03f2b0 JavaThread "Unconstrained build operations Thread 152"        [_thread_blocked, id=696215, stack(0x00007f1de66e8000,0x00007f1de67e8000) (1024K)]
  0x00007f1fcc040090 JavaThread "Unconstrained build operations Thread 153"        [_thread_blocked, id=696216, stack(0x00007f1de65e7000,0x00007f1de66e7000) (1024K)]
  0x00007f1fcc040ed0 JavaThread "Unconstrained build operations Thread 154"        [_thread_blocked, id=696217, stack(0x00007f1de63e5000,0x00007f1de64e5000) (1024K)]
  0x00007f1fcc031340 JavaThread "Unconstrained build operations Thread 155"        [_thread_blocked, id=696218, stack(0x00007f1de62e4000,0x00007f1de63e4000) (1024K)]
  0x00007f1fcc030b80 JavaThread "Unconstrained build operations Thread 156"        [_thread_blocked, id=696219, stack(0x00007f1de61e3000,0x00007f1de62e3000) (1024K)]
  0x00007f1fcc031a50 JavaThread "Unconstrained build operations Thread 157"        [_thread_blocked, id=696220, stack(0x00007f1de60e2000,0x00007f1de61e2000) (1024K)]
  0x00007f1fcc032860 JavaThread "Unconstrained build operations Thread 158"        [_thread_blocked, id=696221, stack(0x00007f1de5ee0000,0x00007f1de5fe0000) (1024K)]
  0x00007f1fcc0336b0 JavaThread "Unconstrained build operations Thread 159"        [_thread_blocked, id=696222, stack(0x00007f1de5cde000,0x00007f1de5dde000) (1024K)]
  0x00007f1fcc0177a0 JavaThread "Unconstrained build operations Thread 160"        [_thread_blocked, id=696223, stack(0x00007f1de5bdd000,0x00007f1de5cdd000) (1024K)]
  0x00007f1fcc018a20 JavaThread "Unconstrained build operations Thread 161"        [_thread_blocked, id=696224, stack(0x00007f1de5adc000,0x00007f1de5bdc000) (1024K)]
  0x00007f1fcc019bf0 JavaThread "Unconstrained build operations Thread 162"        [_thread_blocked, id=696225, stack(0x00007f1de59db000,0x00007f1de5adb000) (1024K)]
  0x00007f1fcc01add0 JavaThread "Unconstrained build operations Thread 163"        [_thread_blocked, id=696226, stack(0x00007f1de55d7000,0x00007f1de56d7000) (1024K)]
  0x00007f1fcc01e8e0 JavaThread "Unconstrained build operations Thread 164"        [_thread_blocked, id=696227, stack(0x00007f1de54d6000,0x00007f1de55d6000) (1024K)]
  0x00007f1fcc058f50 JavaThread "Unconstrained build operations Thread 165"        [_thread_blocked, id=696228, stack(0x00007f1de53d5000,0x00007f1de54d5000) (1024K)]
  0x00007f1fcc058370 JavaThread "Unconstrained build operations Thread 166"        [_thread_blocked, id=696229, stack(0x00007f1de4fd1000,0x00007f1de50d1000) (1024K)]
  0x00007f1fcc059aa0 JavaThread "Unconstrained build operations Thread 167"        [_thread_blocked, id=696230, stack(0x00007f1de4ed0000,0x00007f1de4fd0000) (1024K)]
  0x00007f1fcc05ab60 JavaThread "Unconstrained build operations Thread 168"        [_thread_blocked, id=696231, stack(0x00007f1de4cce000,0x00007f1de4dce000) (1024K)]
  0x00007f1fcc05b9b0 JavaThread "Unconstrained build operations Thread 169"        [_thread_blocked, id=696232, stack(0x00007f1de4acc000,0x00007f1de4bcc000) (1024K)]
  0x00007f1fcc05c7f0 JavaThread "Unconstrained build operations Thread 170"        [_thread_blocked, id=696233, stack(0x00007f1de49cb000,0x00007f1de4acb000) (1024K)]
  0x00007f1fcc05d640 JavaThread "Unconstrained build operations Thread 171"        [_thread_blocked, id=696234, stack(0x00007f1de47c9000,0x00007f1de48c9000) (1024K)]
  0x00007f1fcc05e490 JavaThread "Unconstrained build operations Thread 172"        [_thread_blocked, id=696235, stack(0x00007f1de44c6000,0x00007f1de45c6000) (1024K)]
  0x00007f1fcc05f2f0 JavaThread "Unconstrained build operations Thread 173"        [_thread_blocked, id=696236, stack(0x00007f1de42c4000,0x00007f1de43c4000) (1024K)]
  0x00007f1fcc060520 JavaThread "Unconstrained build operations Thread 174"        [_thread_blocked, id=696237, stack(0x00007f1de41c3000,0x00007f1de42c3000) (1024K)]
  0x00007f1fcc061760 JavaThread "Unconstrained build operations Thread 175"        [_thread_blocked, id=696238, stack(0x00007f1d53f00000,0x00007f1d54000000) (1024K)]
  0x00007f1fcc0629a0 JavaThread "Unconstrained build operations Thread 176"        [_thread_blocked, id=696239, stack(0x00007f1d53dff000,0x00007f1d53eff000) (1024K)]
  0x00007f1fcc063bf0 JavaThread "Unconstrained build operations Thread 177"        [_thread_blocked, id=696240, stack(0x00007f1d53cfe000,0x00007f1d53dfe000) (1024K)]
  0x00007f1dd0005690 JavaThread "Unconstrained build operations Thread 178"        [_thread_blocked, id=696242, stack(0x00007f1d53bfd000,0x00007f1d53cfd000) (1024K)]
  0x00007f1dd00067a0 JavaThread "Unconstrained build operations Thread 179"        [_thread_blocked, id=696243, stack(0x00007f1d53afc000,0x00007f1d53bfc000) (1024K)]
  0x00007f1dd0005f20 JavaThread "Unconstrained build operations Thread 180"        [_thread_blocked, id=696244, stack(0x00007f1d539fb000,0x00007f1d53afb000) (1024K)]
  0x00007f1dd0060f60 JavaThread "Unconstrained build operations Thread 181"        [_thread_blocked, id=696245, stack(0x00007f1d538fa000,0x00007f1d539fa000) (1024K)]
  0x00007f1dd0061af0 JavaThread "Unconstrained build operations Thread 182"        [_thread_blocked, id=696246, stack(0x00007f1d537f9000,0x00007f1d538f9000) (1024K)]
  0x00007f1dd0062940 JavaThread "Unconstrained build operations Thread 183"        [_thread_blocked, id=696247, stack(0x00007f1d535f7000,0x00007f1d536f7000) (1024K)]
  0x00007f1dd0000f10 JavaThread "Unconstrained build operations Thread 184"        [_thread_blocked, id=696248, stack(0x00007f1d534f6000,0x00007f1d535f6000) (1024K)]
  0x00007f1dd0001d70 JavaThread "Unconstrained build operations Thread 185"        [_thread_blocked, id=696249, stack(0x00007f1d52ff1000,0x00007f1d530f1000) (1024K)]
  0x00007f1dd0002bb0 JavaThread "Unconstrained build operations Thread 186"        [_thread_blocked, id=696250, stack(0x00007f1d52ef0000,0x00007f1d52ff0000) (1024K)]
  0x00007f1dd0003a00 JavaThread "Unconstrained build operations Thread 187"        [_thread_blocked, id=696251, stack(0x00007f1d52def000,0x00007f1d52eef000) (1024K)]
  0x00007f1dd0085ab0 JavaThread "Unconstrained build operations Thread 188"        [_thread_blocked, id=696252, stack(0x00007f1d52cee000,0x00007f1d52dee000) (1024K)]
  0x00007f1dd0086910 JavaThread "Unconstrained build operations Thread 189"        [_thread_blocked, id=696253, stack(0x00007f1d52bed000,0x00007f1d52ced000) (1024K)]
  0x00007f1dd0087770 JavaThread "Unconstrained build operations Thread 190"        [_thread_blocked, id=696254, stack(0x00007f1d52aec000,0x00007f1d52bec000) (1024K)]
  0x00007f1dd00885e0 JavaThread "Unconstrained build operations Thread 191"        [_thread_blocked, id=696255, stack(0x00007f1d529eb000,0x00007f1d52aeb000) (1024K)]
  0x00007f1dd0089360 JavaThread "Unconstrained build operations Thread 192"        [_thread_blocked, id=696256, stack(0x00007f1d528ea000,0x00007f1d529ea000) (1024K)]
  0x00007f1dd008a0f0 JavaThread "Unconstrained build operations Thread 193"        [_thread_blocked, id=696257, stack(0x00007f1d527e9000,0x00007f1d528e9000) (1024K)]
  0x00007f1dd008e2c0 JavaThread "Unconstrained build operations Thread 194"        [_thread_blocked, id=696258, stack(0x00007f1d526e8000,0x00007f1d527e8000) (1024K)]
  0x00007f1dd008f120 JavaThread "Unconstrained build operations Thread 195"        [_thread_blocked, id=696259, stack(0x00007f1d525e7000,0x00007f1d526e7000) (1024K)]
  0x00007f1dd0090310 JavaThread "Unconstrained build operations Thread 196"        [_thread_blocked, id=696260, stack(0x00007f1d524e6000,0x00007f1d525e6000) (1024K)]
  0x00007f1dd0091560 JavaThread "Unconstrained build operations Thread 197"        [_thread_blocked, id=696261, stack(0x00007f1d523e5000,0x00007f1d524e5000) (1024K)]
  0x00007f1dd0094300 JavaThread "Unconstrained build operations Thread 198"        [_thread_blocked, id=696262, stack(0x00007f1d522e4000,0x00007f1d523e4000) (1024K)]
  0x00007f1dd0092790 JavaThread "Unconstrained build operations Thread 199"        [_thread_blocked, id=696263, stack(0x00007f1d521e3000,0x00007f1d522e3000) (1024K)]
  0x00007f1dd0095790 JavaThread "Unconstrained build operations Thread 200"        [_thread_blocked, id=696264, stack(0x00007f1d520e2000,0x00007f1d521e2000) (1024K)]
  0x00007f1dd0096380 JavaThread "Unconstrained build operations Thread 201"        [_thread_blocked, id=696265, stack(0x00007f1d51fe1000,0x00007f1d520e1000) (1024K)]
  0x00007f1dd0097310 JavaThread "Unconstrained build operations Thread 202"        [_thread_blocked, id=696266, stack(0x00007f1d51ee0000,0x00007f1d51fe0000) (1024K)]
  0x00007f1dd0098560 JavaThread "Unconstrained build operations Thread 203"        [_thread_blocked, id=696267, stack(0x00007f1d51ddf000,0x00007f1d51edf000) (1024K)]
  0x00007f1dd0099790 JavaThread "Unconstrained build operations Thread 204"        [_thread_blocked, id=696268, stack(0x00007f1d51cde000,0x00007f1d51dde000) (1024K)]
  0x00007f1dd009a9d0 JavaThread "Unconstrained build operations Thread 205"        [_thread_blocked, id=696269, stack(0x00007f1d51bdd000,0x00007f1d51cdd000) (1024K)]
  0x00007f1dd009bc10 JavaThread "Unconstrained build operations Thread 206"        [_thread_blocked, id=696270, stack(0x00007f1d51adc000,0x00007f1d51bdc000) (1024K)]
  0x00007f1dd009ce60 JavaThread "Unconstrained build operations Thread 207"        [_thread_blocked, id=696271, stack(0x00007f1d519db000,0x00007f1d51adb000) (1024K)]
  0x00007f1dd009e0b0 JavaThread "Unconstrained build operations Thread 208"        [_thread_blocked, id=696272, stack(0x00007f1d518da000,0x00007f1d519da000) (1024K)]
  0x00007f1fb402ba30 JavaThread "Unconstrained build operations Thread 209"        [_thread_blocked, id=696273, stack(0x00007f1d517d9000,0x00007f1d518d9000) (1024K)]
  0x00007f1fb402d0d0 JavaThread "Unconstrained build operations Thread 210"        [_thread_blocked, id=696274, stack(0x00007f1d516d8000,0x00007f1d517d8000) (1024K)]
  0x00007f1fb402c740 JavaThread "Unconstrained build operations Thread 211"        [_thread_blocked, id=696275, stack(0x00007f1d515d7000,0x00007f1d516d7000) (1024K)]
  0x00007f1fb402def0 JavaThread "Unconstrained build operations Thread 212"        [_thread_blocked, id=696276, stack(0x00007f1d514d6000,0x00007f1d515d6000) (1024K)]
  0x00007f1fb402ee30 JavaThread "Unconstrained build operations Thread 213"        [_thread_blocked, id=696277, stack(0x00007f1d512d4000,0x00007f1d513d4000) (1024K)]
  0x00007f1fb402fbd0 JavaThread "Unconstrained build operations Thread 214"        [_thread_blocked, id=696278, stack(0x00007f1d511d3000,0x00007f1d512d3000) (1024K)]
  0x00007f1fb40309d0 JavaThread "Unconstrained build operations Thread 215"        [_thread_blocked, id=696279, stack(0x00007f1d510d2000,0x00007f1d511d2000) (1024K)]
  0x00007f1fb4031820 JavaThread "Unconstrained build operations Thread 216"        [_thread_blocked, id=696280, stack(0x00007f1d50fd1000,0x00007f1d510d1000) (1024K)]
  0x00007f1fb4032650 JavaThread "Unconstrained build operations Thread 217"        [_thread_blocked, id=696281, stack(0x00007f1d50dcf000,0x00007f1d50ecf000) (1024K)]
  0x00007f1fb4033490 JavaThread "Unconstrained build operations Thread 218"        [_thread_blocked, id=696282, stack(0x00007f1d50cce000,0x00007f1d50dce000) (1024K)]
  0x00007f1fb4034d20 JavaThread "Unconstrained build operations Thread 219"        [_thread_blocked, id=696283, stack(0x00007f1d50bcd000,0x00007f1d50ccd000) (1024K)]
  0x00007f1fb4037fd0 JavaThread "Unconstrained build operations Thread 220"        [_thread_blocked, id=696284, stack(0x00007f1d50acc000,0x00007f1d50bcc000) (1024K)]
  0x00007f1fb4036190 JavaThread "Unconstrained build operations Thread 221"        [_thread_blocked, id=696285, stack(0x00007f1d509cb000,0x00007f1d50acb000) (1024K)]
  0x00007f1fb4037610 JavaThread "Unconstrained build operations Thread 222"        [_thread_blocked, id=696286, stack(0x00007f1d508ca000,0x00007f1d509ca000) (1024K)]
  0x00007f1fb403b8b0 JavaThread "Unconstrained build operations Thread 223"        [_thread_blocked, id=696287, stack(0x00007f1d507c9000,0x00007f1d508c9000) (1024K)]
  0x00007f1fb403a500 JavaThread "Unconstrained build operations Thread 224"        [_thread_blocked, id=696288, stack(0x00007f1d506c8000,0x00007f1d507c8000) (1024K)]
  0x00007f1fb403ca80 JavaThread "Unconstrained build operations Thread 225"        [_thread_blocked, id=696289, stack(0x00007f1d505c7000,0x00007f1d506c7000) (1024K)]
  0x00007f1fb403d190 JavaThread "Unconstrained build operations Thread 226"        [_thread_blocked, id=696290, stack(0x00007f1d504c6000,0x00007f1d505c6000) (1024K)]
  0x00007f1fb403e910 JavaThread "Unconstrained build operations Thread 227"        [_thread_blocked, id=696291, stack(0x00007f1d503c5000,0x00007f1d504c5000) (1024K)]
  0x00007f1fb403f020 JavaThread "Unconstrained build operations Thread 228"        [_thread_blocked, id=696292, stack(0x00007f1d502c4000,0x00007f1d503c4000) (1024K)]
  0x00007f1fb4041ab0 JavaThread "Unconstrained build operations Thread 229"        [_thread_blocked, id=696293, stack(0x00007f1d501c3000,0x00007f1d502c3000) (1024K)]
  0x00007f1fb40406a0 JavaThread "Unconstrained build operations Thread 230"        [_thread_blocked, id=696294, stack(0x00007f1d500c2000,0x00007f1d501c2000) (1024K)]
  0x00007f1fb4042800 JavaThread "Unconstrained build operations Thread 231"        [_thread_blocked, id=696295, stack(0x00007f1d4ffc1000,0x00007f1d500c1000) (1024K)]
  0x00007f1fb4043230 JavaThread "Unconstrained build operations Thread 232"        [_thread_blocked, id=696296, stack(0x00007f1d4fec0000,0x00007f1d4ffc0000) (1024K)]
  0x00007f1fb4044710 JavaThread "Unconstrained build operations Thread 233"        [_thread_blocked, id=696297, stack(0x00007f1d4fdbf000,0x00007f1d4febf000) (1024K)]
  0x00007f1fb4045bf0 JavaThread "Unconstrained build operations Thread 234"        [_thread_blocked, id=696298, stack(0x00007f1d4fcbe000,0x00007f1d4fdbe000) (1024K)]
  0x00007f1fb4046620 JavaThread "Unconstrained build operations Thread 235"        [_thread_blocked, id=696299, stack(0x00007f1d4fbbd000,0x00007f1d4fcbd000) (1024K)]
  0x00007f1fb4046d50 JavaThread "Unconstrained build operations Thread 236"        [_thread_blocked, id=696300, stack(0x00007f1d4fabc000,0x00007f1d4fbbc000) (1024K)]
  0x00007f1fb4048510 JavaThread "Unconstrained build operations Thread 237"        [_thread_blocked, id=696301, stack(0x00007f1d4f9bb000,0x00007f1d4fabb000) (1024K)]
  0x00007f1fb4049100 JavaThread "Unconstrained build operations Thread 238"        [_thread_blocked, id=696302, stack(0x00007f1d4f8ba000,0x00007f1d4f9ba000) (1024K)]
  0x00007f1fb404a610 JavaThread "Unconstrained build operations Thread 239"        [_thread_blocked, id=696303, stack(0x00007f1d4f7b9000,0x00007f1d4f8b9000) (1024K)]
  0x00007f1fb404bb00 JavaThread "Unconstrained build operations Thread 240"        [_thread_blocked, id=696304, stack(0x00007f1d4f6b8000,0x00007f1d4f7b8000) (1024K)]
  0x00007f1fb404d020 JavaThread "Unconstrained build operations Thread 241"        [_thread_blocked, id=696305, stack(0x00007f1d4f5b7000,0x00007f1d4f6b7000) (1024K)]
  0x00007f1fb404fa90 JavaThread "Unconstrained build operations Thread 242"        [_thread_blocked, id=696306, stack(0x00007f1d4f4b6000,0x00007f1d4f5b6000) (1024K)]
  0x00007f1fb4050810 JavaThread "Unconstrained build operations Thread 243"        [_thread_blocked, id=696307, stack(0x00007f1d4f3b5000,0x00007f1d4f4b5000) (1024K)]
  0x00007f1fb4051560 JavaThread "Unconstrained build operations Thread 244"        [_thread_blocked, id=696308, stack(0x00007f1d4f2b4000,0x00007f1d4f3b4000) (1024K)]
  0x00007f1fb4052440 JavaThread "Unconstrained build operations Thread 245"        [_thread_blocked, id=696309, stack(0x00007f1d4f1b3000,0x00007f1d4f2b3000) (1024K)]
  0x00007f1fb40532d0 JavaThread "Unconstrained build operations Thread 246"        [_thread_blocked, id=696310, stack(0x00007f1d4f0b2000,0x00007f1d4f1b2000) (1024K)]
  0x00007f1fb4054040 JavaThread "Unconstrained build operations Thread 247"        [_thread_blocked, id=696311, stack(0x00007f1d4efb1000,0x00007f1d4f0b1000) (1024K)]
  0x00007f1fb40551b0 JavaThread "Unconstrained build operations Thread 248"        [_thread_blocked, id=696312, stack(0x00007f1d4eeb0000,0x00007f1d4efb0000) (1024K)]
  0x00007f1fb4055f60 JavaThread "Unconstrained build operations Thread 249"        [_thread_blocked, id=696313, stack(0x00007f1d4edaf000,0x00007f1d4eeaf000) (1024K)]
  0x00007f1fb4056e60 JavaThread "Unconstrained build operations Thread 250"        [_thread_blocked, id=696314, stack(0x00007f1d4ecae000,0x00007f1d4edae000) (1024K)]
  0x00007f1fb40583d0 JavaThread "Unconstrained build operations Thread 251"        [_thread_blocked, id=696315, stack(0x00007f1d4ebad000,0x00007f1d4ecad000) (1024K)]
  0x00007f1fb4059940 JavaThread "Unconstrained build operations Thread 252"        [_thread_blocked, id=696316, stack(0x00007f1d4eaac000,0x00007f1d4ebac000) (1024K)]
  0x00007f1fb405ae90 JavaThread "Unconstrained build operations Thread 253"        [_thread_blocked, id=696317, stack(0x00007f1d4e9ab000,0x00007f1d4eaab000) (1024K)]
  0x00007f1fb405c410 JavaThread "Unconstrained build operations Thread 254"        [_thread_blocked, id=696318, stack(0x00007f1d4e8aa000,0x00007f1d4e9aa000) (1024K)]
  0x00007f1fb405d9a0 JavaThread "Unconstrained build operations Thread 255"        [_thread_blocked, id=696319, stack(0x00007f1d4e7a9000,0x00007f1d4e8a9000) (1024K)]
  0x00007f1fb405ef00 JavaThread "Unconstrained build operations Thread 256"        [_thread_blocked, id=696320, stack(0x00007f1d4e6a8000,0x00007f1d4e7a8000) (1024K)]
  0x00007f1fb40604a0 JavaThread "Unconstrained build operations Thread 257"        [_thread_blocked, id=696321, stack(0x00007f1d4e5a7000,0x00007f1d4e6a7000) (1024K)]
  0x00007f1fb4061950 JavaThread "Unconstrained build operations Thread 258"        [_thread_blocked, id=696322, stack(0x00007f1d4e4a6000,0x00007f1d4e5a6000) (1024K)]
  0x00007f1fb4062f00 JavaThread "Unconstrained build operations Thread 259"        [_thread_blocked, id=696323, stack(0x00007f1d4e3a5000,0x00007f1d4e4a5000) (1024K)]
  0x00007f1fb40644b0 JavaThread "Unconstrained build operations Thread 260"        [_thread_blocked, id=696324, stack(0x00007f1d4e2a4000,0x00007f1d4e3a4000) (1024K)]
  0x00007f1fb4065a70 JavaThread "Unconstrained build operations Thread 261"        [_thread_blocked, id=696325, stack(0x00007f1d4e1a3000,0x00007f1d4e2a3000) (1024K)]
  0x00007f1fb4066570 JavaThread "Unconstrained build operations Thread 262"        [_thread_blocked, id=696326, stack(0x00007f1d4e0a2000,0x00007f1d4e1a2000) (1024K)]
  0x00007f1fb4067080 JavaThread "Unconstrained build operations Thread 263"        [_thread_blocked, id=696327, stack(0x00007f1d4dfa1000,0x00007f1d4e0a1000) (1024K)]
  0x00007f1fb4067b90 JavaThread "Unconstrained build operations Thread 264"        [_thread_blocked, id=696328, stack(0x00007f1d4dea0000,0x00007f1d4dfa0000) (1024K)]
  0x00007f1fb4068540 JavaThread "Unconstrained build operations Thread 265"        [_thread_blocked, id=696329, stack(0x00007f1d4dd9f000,0x00007f1d4de9f000) (1024K)]
  0x00007f1fb4069160 JavaThread "Unconstrained build operations Thread 266"        [_thread_blocked, id=696330, stack(0x00007f1d4dc9e000,0x00007f1d4dd9e000) (1024K)]
  0x00007f1fb4069eb0 JavaThread "Unconstrained build operations Thread 267"        [_thread_blocked, id=696331, stack(0x00007f1d4db9d000,0x00007f1d4dc9d000) (1024K)]
  0x00007f1fb406b050 JavaThread "Unconstrained build operations Thread 268"        [_thread_blocked, id=696332, stack(0x00007f1d4da9c000,0x00007f1d4db9c000) (1024K)]
  0x00007f1fb406bea0 JavaThread "Unconstrained build operations Thread 269"        [_thread_blocked, id=696333, stack(0x00007f1d4d99b000,0x00007f1d4da9b000) (1024K)]
  0x00007f1fb406cce0 JavaThread "Unconstrained build operations Thread 270"        [_thread_blocked, id=696334, stack(0x00007f1d4d89a000,0x00007f1d4d99a000) (1024K)]
  0x00007f1f64232840 JavaThread "Unconstrained build operations Thread 271"        [_thread_blocked, id=696335, stack(0x00007f1d4d799000,0x00007f1d4d899000) (1024K)]
  0x00007f1f64233ee0 JavaThread "Unconstrained build operations Thread 272"        [_thread_blocked, id=696336, stack(0x00007f1d4d698000,0x00007f1d4d798000) (1024K)]
  0x00007f1f64233360 JavaThread "Unconstrained build operations Thread 273"        [_thread_blocked, id=696337, stack(0x00007f1d4d597000,0x00007f1d4d697000) (1024K)]
  0x00007f1f64234d00 JavaThread "Unconstrained build operations Thread 274"        [_thread_blocked, id=696338, stack(0x00007f1d4d496000,0x00007f1d4d596000) (1024K)]
  0x00007f1f64235ba0 JavaThread "Unconstrained build operations Thread 275"        [_thread_blocked, id=696339, stack(0x00007f1d4d395000,0x00007f1d4d495000) (1024K)]
  0x00007f1f64236a20 JavaThread "Unconstrained build operations Thread 276"        [_thread_blocked, id=696340, stack(0x00007f1d4d294000,0x00007f1d4d394000) (1024K)]
  0x00007f1f642377e0 JavaThread "Unconstrained build operations Thread 277"        [_thread_blocked, id=696341, stack(0x00007f1d4d193000,0x00007f1d4d293000) (1024K)]
  0x00007f1f64238620 JavaThread "Unconstrained build operations Thread 278"        [_thread_blocked, id=696342, stack(0x00007f1d4d092000,0x00007f1d4d192000) (1024K)]
  0x00007f1f6423a330 JavaThread "Unconstrained build operations Thread 279"        [_thread_blocked, id=696343, stack(0x00007f1d4cf91000,0x00007f1d4d091000) (1024K)]
  0x00007f1f642398b0 JavaThread "Unconstrained build operations Thread 280"        [_thread_blocked, id=696344, stack(0x00007f1d4ce90000,0x00007f1d4cf90000) (1024K)]
  0x00007f1f6421b3d0 JavaThread "Unconstrained build operations Thread 281"        [_thread_blocked, id=696345, stack(0x00007f1d4cd8f000,0x00007f1d4ce8f000) (1024K)]
  0x00007f1f6421c210 JavaThread "Unconstrained build operations Thread 282"        [_thread_blocked, id=696346, stack(0x00007f1d4cb8d000,0x00007f1d4cc8d000) (1024K)]
  0x00007f1f6421cea0 JavaThread "Unconstrained build operations Thread 283"        [_thread_blocked, id=696347, stack(0x00007f1d4c688000,0x00007f1d4c788000) (1024K)]
  0x00007f1f6421dd50 JavaThread "Unconstrained build operations Thread 284"        [_thread_blocked, id=696348, stack(0x00007f1d4c587000,0x00007f1d4c687000) (1024K)]
  0x00007f1f6421eac0 JavaThread "Unconstrained build operations Thread 285"        [_thread_blocked, id=696349, stack(0x00007f1d4c486000,0x00007f1d4c586000) (1024K)]
  0x00007f1f6421f8c0 JavaThread "Unconstrained build operations Thread 286"        [_thread_blocked, id=696350, stack(0x00007f1d4c385000,0x00007f1d4c485000) (1024K)]
  0x00007f1f642206d0 JavaThread "Unconstrained build operations Thread 287"        [_thread_blocked, id=696351, stack(0x00007f1d4c284000,0x00007f1d4c384000) (1024K)]
  0x00007f1f642215d0 JavaThread "Unconstrained build operations Thread 288"        [_thread_blocked, id=696352, stack(0x00007f1d4c183000,0x00007f1d4c283000) (1024K)]
  0x00007f1f64222360 JavaThread "Unconstrained build operations Thread 289"        [_thread_blocked, id=696353, stack(0x00007f1d4c082000,0x00007f1d4c182000) (1024K)]
  0x00007f1f64225460 JavaThread "Unconstrained build operations Thread 290"        [_thread_blocked, id=696354, stack(0x00007f1d4be80000,0x00007f1d4bf80000) (1024K)]
  0x00007f1f642235f0 JavaThread "Unconstrained build operations Thread 291"        [_thread_blocked, id=696355, stack(0x00007f1d4bd7f000,0x00007f1d4be7f000) (1024K)]
  0x00007f1f64226630 JavaThread "Unconstrained build operations Thread 292"        [_thread_blocked, id=696356, stack(0x00007f1d4bc7e000,0x00007f1d4bd7e000) (1024K)]
  0x00007f1f64227250 JavaThread "Unconstrained build operations Thread 293"        [_thread_blocked, id=696357, stack(0x00007f1d4bb7d000,0x00007f1d4bc7d000) (1024K)]
  0x00007f1f64228000 JavaThread "Unconstrained build operations Thread 294"        [_thread_blocked, id=696358, stack(0x00007f1d4ba7c000,0x00007f1d4bb7c000) (1024K)]
  0x00007f1f64229190 JavaThread "Unconstrained build operations Thread 295"        [_thread_blocked, id=696359, stack(0x00007f1d4b97b000,0x00007f1d4ba7b000) (1024K)]
  0x00007f1f64202d00 JavaThread "Unconstrained build operations Thread 296"        [_thread_blocked, id=696360, stack(0x00007f1d4b779000,0x00007f1d4b879000) (1024K)]
  0x00007f1f64203840 JavaThread "Unconstrained build operations Thread 297"        [_thread_blocked, id=696361, stack(0x00007f1d4b678000,0x00007f1d4b778000) (1024K)]
  0x00007f1f64204bd0 JavaThread "Unconstrained build operations Thread 298"        [_thread_blocked, id=696362, stack(0x00007f1d4b577000,0x00007f1d4b677000) (1024K)]
  0x00007f1f64205cd0 JavaThread "Unconstrained build operations Thread 299"        [_thread_blocked, id=696363, stack(0x00007f1d4b476000,0x00007f1d4b576000) (1024K)]
  0x00007f1f64206e80 JavaThread "Unconstrained build operations Thread 300"        [_thread_blocked, id=696364, stack(0x00007f1d4b375000,0x00007f1d4b475000) (1024K)]
  0x00007f1f64208170 JavaThread "Unconstrained build operations Thread 301"        [_thread_blocked, id=696365, stack(0x00007f1d4b173000,0x00007f1d4b273000) (1024K)]
=>0x00007f1f64213fa0 JavaThread "WorkerExecutor Queue"              [_thread_in_Java, id=696366, stack(0x00007f1d4b072000,0x00007f1d4b172000) (1024K)]
  0x00007f1f90002980 JavaThread "Unconstrained build operations Thread 302"        [_thread_blocked, id=696367, stack(0x00007f1d4af71000,0x00007f1d4b071000) (1024K)]
  0x00007f1f900042d0 JavaThread "Unconstrained build operations Thread 303"        [_thread_blocked, id=696368, stack(0x00007f1d4ae70000,0x00007f1d4af70000) (1024K)]
  0x00007f1f90003650 JavaThread "Unconstrained build operations Thread 304"        [_thread_blocked, id=696369, stack(0x00007f1d4ad6f000,0x00007f1d4ae6f000) (1024K)]
  0x00007f1f900050f0 JavaThread "Unconstrained build operations Thread 305"        [_thread_blocked, id=696370, stack(0x00007f1d4ac6e000,0x00007f1d4ad6e000) (1024K)]
  0x00007f1f90005f50 JavaThread "Unconstrained build operations Thread 306"        [_thread_blocked, id=696371, stack(0x00007f1d4ab6d000,0x00007f1d4ac6d000) (1024K)]
  0x00007f1f90006d90 JavaThread "Unconstrained build operations Thread 307"        [_thread_blocked, id=696372, stack(0x00007f1d4aa6c000,0x00007f1d4ab6c000) (1024K)]
  0x00007f1f90007be0 JavaThread "Unconstrained build operations Thread 308"        [_thread_blocked, id=696373, stack(0x00007f1d4a96b000,0x00007f1d4aa6b000) (1024K)]
  0x00007f1f90008a30 JavaThread "Unconstrained build operations Thread 309"        [_thread_blocked, id=696374, stack(0x00007f1d4a86a000,0x00007f1d4a96a000) (1024K)]
  0x00007f1f90009890 JavaThread "Unconstrained build operations Thread 310"        [_thread_blocked, id=696375, stack(0x00007f1d4a769000,0x00007f1d4a869000) (1024K)]
  0x00007f1f9000a970 JavaThread "Unconstrained build operations Thread 311"        [_thread_blocked, id=696376, stack(0x00007f1d4a668000,0x00007f1d4a768000) (1024K)]
  0x00007f1f9000b7c0 JavaThread "Unconstrained build operations Thread 312"        [_thread_blocked, id=696377, stack(0x00007f1d4a567000,0x00007f1d4a667000) (1024K)]
  0x00007f1f9000c5e0 JavaThread "Unconstrained build operations Thread 313"        [_thread_blocked, id=696378, stack(0x00007f1d4a466000,0x00007f1d4a566000) (1024K)]
  0x00007f1f9000d430 JavaThread "Unconstrained build operations Thread 314"        [_thread_blocked, id=696379, stack(0x00007f1d4a365000,0x00007f1d4a465000) (1024K)]
  0x00007f1f9000e280 JavaThread "Unconstrained build operations Thread 315"        [_thread_blocked, id=696380, stack(0x00007f1d4a264000,0x00007f1d4a364000) (1024K)]
  0x00007f1f9000f0e0 JavaThread "Unconstrained build operations Thread 316"        [_thread_blocked, id=696381, stack(0x00007f1d4a163000,0x00007f1d4a263000) (1024K)]
  0x00007f1f9000ff70 JavaThread "Unconstrained build operations Thread 317"        [_thread_blocked, id=696382, stack(0x00007f1d4a062000,0x00007f1d4a162000) (1024K)]
  0x00007f1f90010df0 JavaThread "Unconstrained build operations Thread 318"        [_thread_blocked, id=696383, stack(0x00007f1d49f61000,0x00007f1d4a061000) (1024K)]
  0x00007f1f90011e40 JavaThread "Unconstrained build operations Thread 319"        [_thread_blocked, id=696384, stack(0x00007f1d49d5f000,0x00007f1d49e5f000) (1024K)]
  0x00007f1f90012e90 JavaThread "Unconstrained build operations Thread 320"        [_thread_blocked, id=696385, stack(0x00007f1d49c5e000,0x00007f1d49d5e000) (1024K)]
  0x00007f1f44133730 JavaThread "ForkJoinPool-1-worker-1"    daemon [_thread_blocked, id=696393, stack(0x00007f1ee8ed0000,0x00007f1ee8fd0000) (1024K)]
  0x00007f1f44134e00 JavaThread "ForkJoinPool-1-worker-2"    daemon [_thread_blocked, id=696394, stack(0x00007f1d4c789000,0x00007f1d4c889000) (1024K)]
  0x00007f1fe80e5230 JavaThread "ForkJoinPool-1-worker-3"    daemon [_thread_blocked, id=696395, stack(0x00007f1fefdff000,0x00007f1fefeff000) (1024K)]
  0x00007f1f44134110 JavaThread "ForkJoinPool-1-worker-4"    daemon [_thread_blocked, id=696396, stack(0x00007f1fefafc000,0x00007f1fefbfc000) (1024K)]
  0x00007f1fa81a04d0 JavaThread "ForkJoinPool-1-worker-5"    daemon [_thread_blocked, id=696397, stack(0x00007f1fef9fb000,0x00007f1fefafb000) (1024K)]
  0x00007f1f44135940 JavaThread "ForkJoinPool-1-worker-8"    daemon [_thread_blocked, id=696398, stack(0x00007f1d49b5d000,0x00007f1d49c5d000) (1024K)]
  0x00007f1fa04888e0 JavaThread "ForkJoinPool-1-worker-7"    daemon [_thread_blocked, id=696399, stack(0x00007f1d49a5c000,0x00007f1d49b5c000) (1024K)]
  0x00007f1f940049e0 JavaThread "ForkJoinPool-1-worker-6"    daemon [_thread_blocked, id=696400, stack(0x00007f1d4995b000,0x00007f1d49a5b000) (1024K)]
  0x00007f203c196d80 JavaThread "C2 CompilerThread1"         daemon [_thread_in_native, id=696430, stack(0x00007f1d50ed0000,0x00007f1d50fd0000) (1024K)]
  0x00007f212c212360 JavaThread "C2 CompilerThread2"         daemon [_thread_blocked, id=696552, stack(0x00007f1fefcfe000,0x00007f1fefdfe000) (1024K)]
  0x00007f203c1bf9e0 JavaThread "C2 CompilerThread3"         daemon [_thread_in_native, id=696553, stack(0x00007f1d4985a000,0x00007f1d4995a000) (1024K)]
  0x00007f212c61a670 JavaThread "C2 CompilerThread4"         daemon [_thread_in_native, id=696554, stack(0x00007f1d49759000,0x00007f1d49859000) (1024K)]
  0x00007f212d424db0 JavaThread "C2 CompilerThread5"         daemon [_thread_in_native, id=696555, stack(0x00007f1d49658000,0x00007f1d49758000) (1024K)]
  0x00007f20200a42b0 JavaThread "C2 CompilerThread6"         daemon [_thread_in_native, id=696556, stack(0x00007f1d49557000,0x00007f1d49657000) (1024K)]
  0x00007f203c0701a0 JavaThread "C2 CompilerThread7"         daemon [_thread_in_native, id=696557, stack(0x00007f1d49456000,0x00007f1d49556000) (1024K)]
  0x00007f202016ec90 JavaThread "C2 CompilerThread8"         daemon [_thread_blocked, id=696558, stack(0x00007f1d49052000,0x00007f1d49152000) (1024K)]
  0x00007f2020124250 JavaThread "C2 CompilerThread9"         daemon [_thread_in_native, id=696559, stack(0x00007f1d49355000,0x00007f1d49455000) (1024K)]
  0x00007f2060004dc0 JavaThread "C1 CompilerThread3"         daemon [_thread_blocked, id=696560, stack(0x00007f1d49254000,0x00007f1d49354000) (1024K)]
  0x00007f21204d79d0 JavaThread "C1 CompilerThread4"         daemon [_thread_blocked, id=696561, stack(0x00007f1d49153000,0x00007f1d49253000) (1024K)]
Total: 423

Other Threads:
  0x00007f21c42d66c0 VMThread "VM Thread"                           [id=675496, stack(0x00007f219b2f4000,0x00007f219b3f4000) (1024K)]
  0x00007f21c42c3da0 WatcherThread "VM Periodic Task Thread"        [id=675493, stack(0x00007f219b3f5000,0x00007f219b4f5000) (1024K)]
  0x00007f21c4078da0 WorkerThread "GC Thread#0"                     [id=675484, stack(0x00007f21c9617000,0x00007f21c9717000) (1024K)]
  0x00007f214000aff0 WorkerThread "GC Thread#1"                     [id=675512, stack(0x00007f2199c21000,0x00007f2199d21000) (1024K)]
  0x00007f214000bb30 WorkerThread "GC Thread#2"                     [id=675513, stack(0x00007f2199b20000,0x00007f2199c20000) (1024K)]
  0x00007f214000c670 WorkerThread "GC Thread#3"                     [id=675514, stack(0x00007f2199a1f000,0x00007f2199b1f000) (1024K)]
  0x00007f214000d1b0 WorkerThread "GC Thread#4"                     [id=675515, stack(0x00007f219991e000,0x00007f2199a1e000) (1024K)]
  0x00007f214000dcf0 WorkerThread "GC Thread#5"                     [id=675516, stack(0x00007f219981d000,0x00007f219991d000) (1024K)]
  0x00007f214000e830 WorkerThread "GC Thread#6"                     [id=675517, stack(0x00007f219971c000,0x00007f219981c000) (1024K)]
  0x00007f214000f370 WorkerThread "GC Thread#7"                     [id=675518, stack(0x00007f219961b000,0x00007f219971b000) (1024K)]
  0x00007f214000feb0 WorkerThread "GC Thread#8"                     [id=675519, stack(0x00007f219951a000,0x00007f219961a000) (1024K)]
  0x00007f21400109f0 WorkerThread "GC Thread#9"                     [id=675520, stack(0x00007f2199419000,0x00007f2199519000) (1024K)]
  0x00007f2140011530 WorkerThread "GC Thread#10"                    [id=675521, stack(0x00007f2199318000,0x00007f2199418000) (1024K)]
  0x00007f2140012070 WorkerThread "GC Thread#11"                    [id=675522, stack(0x00007f2199217000,0x00007f2199317000) (1024K)]
  0x00007f2140014290 WorkerThread "GC Thread#12"                    [id=675556, stack(0x00007f2146afc000,0x00007f2146bfc000) (1024K)]
  0x00007f2140014c10 WorkerThread "GC Thread#13"                    [id=675557, stack(0x00007f21469fb000,0x00007f2146afb000) (1024K)]
  0x00007f2140015710 WorkerThread "GC Thread#14"                    [id=675558, stack(0x00007f21468fa000,0x00007f21469fa000) (1024K)]
  0x00007f21400163c0 WorkerThread "GC Thread#15"                    [id=675559, stack(0x00007f21467f9000,0x00007f21468f9000) (1024K)]
  0x00007f2140016ec0 WorkerThread "GC Thread#16"                    [id=675560, stack(0x00007f21466f8000,0x00007f21467f8000) (1024K)]
  0x00007f21400179c0 WorkerThread "GC Thread#17"                    [id=675561, stack(0x00007f21465f7000,0x00007f21466f7000) (1024K)]
  0x00007f2140018ce0 WorkerThread "GC Thread#18"                    [id=675562, stack(0x00007f21464f6000,0x00007f21465f6000) (1024K)]
  0x00007f2140019bd0 WorkerThread "GC Thread#19"                    [id=675563, stack(0x00007f21463f5000,0x00007f21464f5000) (1024K)]
  0x00007f214001aac0 WorkerThread "GC Thread#20"                    [id=675564, stack(0x00007f21462f4000,0x00007f21463f4000) (1024K)]
  0x00007f214001c8c0 WorkerThread "GC Thread#21"                    [id=675565, stack(0x00007f21461f3000,0x00007f21462f3000) (1024K)]
  0x00007f214001d7b0 WorkerThread "GC Thread#22"                    [id=675566, stack(0x00007f21460f2000,0x00007f21461f2000) (1024K)]
  0x00007f21c408a370 ConcurrentGCThread "G1 Main Marker"            [id=675485, stack(0x00007f21c8bbb000,0x00007f21c8cbb000) (1024K)]
  0x00007f21c408b290 WorkerThread "G1 Conc#0"                       [id=675486, stack(0x00007f21c8aba000,0x00007f21c8bba000) (1024K)]
  0x00007f219c000cf0 WorkerThread "G1 Conc#1"                       [id=675567, stack(0x00007f2145ff1000,0x00007f21460f1000) (1024K)]
  0x00007f219c001830 WorkerThread "G1 Conc#2"                       [id=675568, stack(0x00007f2145ef0000,0x00007f2145ff0000) (1024K)]
  0x00007f219c002370 WorkerThread "G1 Conc#3"                       [id=675569, stack(0x00007f2145def000,0x00007f2145eef000) (1024K)]
  0x00007f219c0032d0 WorkerThread "G1 Conc#4"                       [id=675570, stack(0x00007f2145cee000,0x00007f2145dee000) (1024K)]
  0x00007f219c004230 WorkerThread "G1 Conc#5"                       [id=675571, stack(0x00007f2145bed000,0x00007f2145ced000) (1024K)]
  0x00007f21c42b0280 ConcurrentGCThread "G1 Refine#0"               [id=675489, stack(0x00007f219b5f7000,0x00007f219b6f7000) (1024K)]
  0x00007f21c42b1180 ConcurrentGCThread "G1 Service"                [id=675490, stack(0x00007f219b4f6000,0x00007f219b5f6000) (1024K)]
Total: 34

Threads with active compile tasks:
C2 CompilerThread0  2136197 91956       4       org.gradle.internal.watch.vfs.impl.WatchingVirtualFileSystem$$Lambda/0x00007f214c5a69d8::get (12 bytes)
C2 CompilerThread1  2136197 91794       4       net.rubygrapefruit.platform.internal.jni.AbstractFileEventFunctions$ChangeEvent::handleEvent (15 bytes)
C2 CompilerThread3  2136197 91957       4       org.gradle.internal.watch.vfs.impl.WatchingVirtualFileSystem$$Lambda/0x00007f214c5a67b0::run (16 bytes)
C2 CompilerThread4  2136197 91801       4       org.gradle.internal.watch.vfs.impl.WatchingVirtualFileSystem$FilterChangesToOutputsChangesHandler::handleChange (28 bytes)
C2 CompilerThread5  2136197 91964       4       org.gradle.internal.watch.registry.impl.SnapshotCollectingDiffListener::publishSnapshotDiff (39 bytes)
C2 CompilerThread6  2136197 91795       4       org.gradle.internal.watch.registry.impl.DefaultFileWatcherRegistry$1::handleChangeEvent (45 bytes)
C2 CompilerThread7  2136197 91958       4       org.gradle.internal.watch.vfs.impl.WatchingVirtualFileSystem::updateNotifyingListeners (47 bytes)
C2 CompilerThread9  2136197 91753       4       org.gradle.internal.watch.vfs.impl.WatchingVirtualFileSystem$InvalidateVfsChangeHandler::lambda$handleChange$1 (16 bytes)
Total: 8

VM state: not at safepoint (normal execution)

VM Mutex/Monitor currently owned by a thread: None

Heap address: 0x0000000080000000, size: 2048 MB, Compressed Oops mode: 32-bit

CDS archive(s) mapped at: [0x00007f214b000000-0x00007f214bc9b000-0x00007f214bc9b000), size 13217792, SharedBaseAddress: 0x00007f214b000000, ArchiveRelocationMode: 1.
Compressed class space mapped at: 0x00007f214c000000-0x00007f218c000000, reserved size: 1073741824
Narrow klass base: 0x00007f214b000000, Narrow klass shift: 0, Narrow klass range: 0x100000000

GC Precious Log:
 CardTable entry size: 512
 Card Set container configuration: InlinePtr #cards 5 size 8 Array Of Cards #cards 12 size 40 Howl #buckets 4 coarsen threshold 1843 Howl Bitmap #cards 512 size 80 coarsen threshold 460 Card regions per heap region 1 cards per card region 2048
 CPUs: 32 total, 32 available
 Memory: 31781M
 Large Page Support: Disabled
 NUMA Support: Disabled
 Compressed Oops: Enabled (32-bit)
 Heap Region Size: 1M
 Heap Min Capacity: 8M
 Heap Initial Capacity: 498M
 Heap Max Capacity: 2G
 Pre-touch: Disabled
 Parallel Workers: 23
 Concurrent Workers: 6
 Concurrent Refinement Workers: 23
 Periodic GC: Disabled

Heap:
 garbage-first heap   total 1565696K, used 730923K [0x0000000080000000, 0x0000000100000000)
  region size 1024K, 245 young (250880K), 54 survivors (55296K)
 Metaspace       used 271972K, committed 273792K, reserved 1310720K
  class space    used 33523K, committed 34432K, reserved 1048576K

Heap Regions: E=young(eden), S=young(survivor), O=old, HS=humongous(starts), HC=humongous(continues), CS=collection set, F=free, TAMS=top-at-mark-start, PB=parsable bottom
|   0|0x0000000080000000, 0x0000000080100000, 0x0000000080100000|100%|HS|  |TAMS 0x0000000080000000| PB 0x0000000080000000| Complete 
|   1|0x0000000080100000, 0x0000000080200000, 0x0000000080200000|100%|HC|  |TAMS 0x0000000080100000| PB 0x0000000080100000| Complete 
|   2|0x0000000080200000, 0x0000000080300000, 0x0000000080300000|100%|HC|  |TAMS 0x0000000080200000| PB 0x0000000080200000| Complete 
|   3|0x0000000080300000, 0x0000000080400000, 0x0000000080400000|100%|HC|  |TAMS 0x0000000080300000| PB 0x0000000080300000| Complete 
|   4|0x0000000080400000, 0x0000000080500000, 0x0000000080500000|100%| O|  |TAMS 0x0000000080400000| PB 0x0000000080400000| Untracked 
|   5|0x0000000080500000, 0x0000000080600000, 0x0000000080600000|100%| O|  |TAMS 0x0000000080500000| PB 0x0000000080500000| Untracked 
|   6|0x0000000080600000, 0x00000000806e8968, 0x0000000080700000| 90%| O|  |TAMS 0x0000000080600000| PB 0x0000000080600000| Untracked 
|   7|0x0000000080700000, 0x0000000080800000, 0x0000000080800000|100%|HS|  |TAMS 0x0000000080700000| PB 0x0000000080700000| Complete 
|   8|0x0000000080800000, 0x0000000080900000, 0x0000000080900000|100%| O|  |TAMS 0x0000000080800000| PB 0x0000000080800000| Untracked 
|   9|0x0000000080900000, 0x0000000080a00000, 0x0000000080a00000|100%| O|  |TAMS 0x0000000080900000| PB 0x0000000080900000| Untracked 
|  10|0x0000000080a00000, 0x0000000080b00000, 0x0000000080b00000|100%| O|  |TAMS 0x0000000080a00000| PB 0x0000000080a00000| Untracked 
|  11|0x0000000080b00000, 0x0000000080c00000, 0x0000000080c00000|100%| O|  |TAMS 0x0000000080b00000| PB 0x0000000080b00000| Untracked 
|  12|0x0000000080c00000, 0x0000000080d00000, 0x0000000080d00000|100%| O|  |TAMS 0x0000000080c00000| PB 0x0000000080c00000| Untracked 
|  13|0x0000000080d00000, 0x0000000080e00000, 0x0000000080e00000|100%| O|  |TAMS 0x0000000080d00000| PB 0x0000000080d00000| Untracked 
|  14|0x0000000080e00000, 0x0000000080f00000, 0x0000000080f00000|100%| O|  |TAMS 0x0000000080e00000| PB 0x0000000080e00000| Untracked 
|  15|0x0000000080f00000, 0x0000000081000000, 0x0000000081000000|100%|HS|  |TAMS 0x0000000080f00000| PB 0x0000000080f00000| Complete 
|  16|0x0000000081000000, 0x0000000081100000, 0x0000000081100000|100%| O|  |TAMS 0x0000000081000000| PB 0x0000000081000000| Untracked 
|  17|0x0000000081100000, 0x0000000081200000, 0x0000000081200000|100%| O|  |TAMS 0x0000000081100000| PB 0x0000000081100000| Untracked 
|  18|0x0000000081200000, 0x0000000081300000, 0x0000000081300000|100%| O|Cm|TAMS 0x0000000081200000| PB 0x0000000081200000| Complete 
|  19|0x0000000081300000, 0x0000000081400000, 0x0000000081400000|100%| O|  |TAMS 0x0000000081300000| PB 0x0000000081300000| Untracked 
|  20|0x0000000081400000, 0x0000000081500000, 0x0000000081500000|100%| O|  |TAMS 0x0000000081400000| PB 0x0000000081400000| Untracked 
|  21|0x0000000081500000, 0x0000000081600000, 0x0000000081600000|100%| O|  |TAMS 0x0000000081500000| PB 0x0000000081500000| Untracked 
|  22|0x0000000081600000, 0x0000000081700000, 0x0000000081700000|100%| O|  |TAMS 0x0000000081600000| PB 0x0000000081600000| Untracked 
|  23|0x0000000081700000, 0x0000000081800000, 0x0000000081800000|100%| O|  |TAMS 0x0000000081700000| PB 0x0000000081700000| Untracked 
|  24|0x0000000081800000, 0x0000000081900000, 0x0000000081900000|100%| O|  |TAMS 0x0000000081800000| PB 0x0000000081800000| Untracked 
|  25|0x0000000081900000, 0x0000000081a00000, 0x0000000081a00000|100%|HS|  |TAMS 0x0000000081900000| PB 0x0000000081900000| Complete 
|  26|0x0000000081a00000, 0x0000000081b00000, 0x0000000081b00000|100%| O|  |TAMS 0x0000000081a00000| PB 0x0000000081a00000| Untracked 
|  27|0x0000000081b00000, 0x0000000081c00000, 0x0000000081c00000|100%| O|  |TAMS 0x0000000081b00000| PB 0x0000000081b00000| Untracked 
|  28|0x0000000081c00000, 0x0000000081d00000, 0x0000000081d00000|100%|HS|  |TAMS 0x0000000081c00000| PB 0x0000000081c00000| Complete 
|  29|0x0000000081d00000, 0x0000000081e00000, 0x0000000081e00000|100%|HS|  |TAMS 0x0000000081d00000| PB 0x0000000081d00000| Complete 
|  30|0x0000000081e00000, 0x0000000081f00000, 0x0000000081f00000|100%| O|  |TAMS 0x0000000081e00000| PB 0x0000000081e00000| Untracked 
|  31|0x0000000081f00000, 0x0000000082000000, 0x0000000082000000|100%| O|Cm|TAMS 0x0000000081f00000| PB 0x0000000081f00000| Complete 
|  32|0x0000000082000000, 0x0000000082100000, 0x0000000082100000|100%| O|  |TAMS 0x0000000082000000| PB 0x0000000082000000| Untracked 
|  33|0x0000000082100000, 0x0000000082200000, 0x0000000082200000|100%|HS|  |TAMS 0x0000000082100000| PB 0x0000000082100000| Complete 
|  34|0x0000000082200000, 0x0000000082300000, 0x0000000082300000|100%|HC|  |TAMS 0x0000000082200000| PB 0x0000000082200000| Complete 
|  35|0x0000000082300000, 0x0000000082400000, 0x0000000082400000|100%| O|  |TAMS 0x0000000082300000| PB 0x0000000082300000| Untracked 
|  36|0x0000000082400000, 0x0000000082500000, 0x0000000082500000|100%| O|  |TAMS 0x0000000082400000| PB 0x0000000082400000| Untracked 
|  37|0x0000000082500000, 0x0000000082600000, 0x0000000082600000|100%|HS|  |TAMS 0x0000000082500000| PB 0x0000000082500000| Complete 
|  38|0x0000000082600000, 0x0000000082700000, 0x0000000082700000|100%|HC|  |TAMS 0x0000000082600000| PB 0x0000000082600000| Complete 
|  39|0x0000000082700000, 0x0000000082800000, 0x0000000082800000|100%|HS|  |TAMS 0x0000000082700000| PB 0x0000000082700000| Complete 
|  40|0x0000000082800000, 0x0000000082900000, 0x0000000082900000|100%| O|  |TAMS 0x0000000082800000| PB 0x0000000082800000| Untracked 
|  41|0x0000000082900000, 0x0000000082a00000, 0x0000000082a00000|100%|HS|  |TAMS 0x0000000082900000| PB 0x0000000082900000| Complete 
|  42|0x0000000082a00000, 0x0000000082b00000, 0x0000000082b00000|100%|HS|  |TAMS 0x0000000082a00000| PB 0x0000000082a00000| Complete 
|  43|0x0000000082b00000, 0x0000000082c00000, 0x0000000082c00000|100%| O|  |TAMS 0x0000000082b00000| PB 0x0000000082b00000| Untracked 
|  44|0x0000000082c00000, 0x0000000082d00000, 0x0000000082d00000|100%| O|  |TAMS 0x0000000082c00000| PB 0x0000000082c00000| Untracked 
|  45|0x0000000082d00000, 0x0000000082e00000, 0x0000000082e00000|100%| O|  |TAMS 0x0000000082d00000| PB 0x0000000082d00000| Untracked 
|  46|0x0000000082e00000, 0x0000000082f00000, 0x0000000082f00000|100%| O|  |TAMS 0x0000000082e00000| PB 0x0000000082e00000| Untracked 
|  47|0x0000000082f00000, 0x0000000083000000, 0x0000000083000000|100%|HS|  |TAMS 0x0000000082f00000| PB 0x0000000082f00000| Complete 
|  48|0x0000000083000000, 0x0000000083100000, 0x0000000083100000|100%| O|  |TAMS 0x0000000083000000| PB 0x0000000083000000| Untracked 
|  49|0x0000000083100000, 0x0000000083200000, 0x0000000083200000|100%| O|  |TAMS 0x0000000083100000| PB 0x0000000083100000| Untracked 
|  50|0x0000000083200000, 0x0000000083300000, 0x0000000083300000|100%| O|  |TAMS 0x0000000083200000| PB 0x0000000083200000| Untracked 
|  51|0x0000000083300000, 0x0000000083400000, 0x0000000083400000|100%| O|  |TAMS 0x0000000083300000| PB 0x0000000083300000| Untracked 
|  52|0x0000000083400000, 0x0000000083500000, 0x0000000083500000|100%| O|  |TAMS 0x0000000083400000| PB 0x0000000083400000| Untracked 
|  53|0x0000000083500000, 0x0000000083600000, 0x0000000083600000|100%| O|  |TAMS 0x0000000083500000| PB 0x0000000083500000| Untracked 
|  54|0x0000000083600000, 0x0000000083700000, 0x0000000083700000|100%| O|  |TAMS 0x0000000083600000| PB 0x0000000083600000| Untracked 
|  55|0x0000000083700000, 0x0000000083800000, 0x0000000083800000|100%| O|  |TAMS 0x0000000083700000| PB 0x0000000083700000| Untracked 
|  56|0x0000000083800000, 0x0000000083900000, 0x0000000083900000|100%| O|  |TAMS 0x0000000083800000| PB 0x0000000083800000| Untracked 
|  57|0x0000000083900000, 0x0000000083a00000, 0x0000000083a00000|100%| O|  |TAMS 0x0000000083900000| PB 0x0000000083900000| Untracked 
|  58|0x0000000083a00000, 0x0000000083b00000, 0x0000000083b00000|100%| O|  |TAMS 0x0000000083a00000| PB 0x0000000083a00000| Untracked 
|  59|0x0000000083b00000, 0x0000000083c00000, 0x0000000083c00000|100%| O|Cm|TAMS 0x0000000083b00000| PB 0x0000000083b00000| Complete 
|  60|0x0000000083c00000, 0x0000000083d00000, 0x0000000083d00000|100%| O|  |TAMS 0x0000000083c00000| PB 0x0000000083c00000| Untracked 
|  61|0x0000000083d00000, 0x0000000083e00000, 0x0000000083e00000|100%| O|  |TAMS 0x0000000083d00000| PB 0x0000000083d00000| Untracked 
|  62|0x0000000083e00000, 0x0000000083f00000, 0x0000000083f00000|100%| O|  |TAMS 0x0000000083e00000| PB 0x0000000083e00000| Untracked 
|  63|0x0000000083f00000, 0x0000000084000000, 0x0000000084000000|100%| O|  |TAMS 0x0000000083f00000| PB 0x0000000083f00000| Untracked 
|  64|0x0000000084000000, 0x0000000084100000, 0x0000000084100000|100%| O|  |TAMS 0x0000000084000000| PB 0x0000000084000000| Untracked 
|  65|0x0000000084100000, 0x0000000084200000, 0x0000000084200000|100%| O|  |TAMS 0x0000000084100000| PB 0x0000000084100000| Untracked 
|  66|0x0000000084200000, 0x0000000084300000, 0x0000000084300000|100%| O|  |TAMS 0x0000000084200000| PB 0x0000000084200000| Untracked 
|  67|0x0000000084300000, 0x0000000084400000, 0x0000000084400000|100%| O|  |TAMS 0x0000000084300000| PB 0x0000000084300000| Untracked 
|  68|0x0000000084400000, 0x0000000084500000, 0x0000000084500000|100%| O|  |TAMS 0x0000000084400000| PB 0x0000000084400000| Untracked 
|  69|0x0000000084500000, 0x0000000084600000, 0x0000000084600000|100%| O|  |TAMS 0x0000000084500000| PB 0x0000000084500000| Untracked 
|  70|0x0000000084600000, 0x0000000084700000, 0x0000000084700000|100%| O|  |TAMS 0x0000000084600000| PB 0x0000000084600000| Untracked 
|  71|0x0000000084700000, 0x0000000084800000, 0x0000000084800000|100%| O|  |TAMS 0x0000000084700000| PB 0x0000000084700000| Untracked 
|  72|0x0000000084800000, 0x0000000084900000, 0x0000000084900000|100%|HS|  |TAMS 0x0000000084800000| PB 0x0000000084800000| Complete 
|  73|0x0000000084900000, 0x0000000084a00000, 0x0000000084a00000|100%|HC|  |TAMS 0x0000000084900000| PB 0x0000000084900000| Complete 
|  74|0x0000000084a00000, 0x0000000084b00000, 0x0000000084b00000|100%|HC|  |TAMS 0x0000000084a00000| PB 0x0000000084a00000| Complete 
|  75|0x0000000084b00000, 0x0000000084c00000, 0x0000000084c00000|100%|HC|  |TAMS 0x0000000084b00000| PB 0x0000000084b00000| Complete 
|  76|0x0000000084c00000, 0x0000000084d00000, 0x0000000084d00000|100%| O|  |TAMS 0x0000000084c00000| PB 0x0000000084c00000| Untracked 
|  77|0x0000000084d00000, 0x0000000084e00000, 0x0000000084e00000|100%| O|  |TAMS 0x0000000084d00000| PB 0x0000000084d00000| Untracked 
|  78|0x0000000084e00000, 0x0000000084f00000, 0x0000000084f00000|100%| O|Cm|TAMS 0x0000000084e00000| PB 0x0000000084e00000| Complete 
|  79|0x0000000084f00000, 0x0000000085000000, 0x0000000085000000|100%| O|  |TAMS 0x0000000084f00000| PB 0x0000000084f00000| Untracked 
|  80|0x0000000085000000, 0x0000000085100000, 0x0000000085100000|100%| O|  |TAMS 0x0000000085000000| PB 0x0000000085000000| Untracked 
|  81|0x0000000085100000, 0x0000000085200000, 0x0000000085200000|100%| O|  |TAMS 0x0000000085100000| PB 0x0000000085100000| Untracked 
|  82|0x0000000085200000, 0x0000000085300000, 0x0000000085300000|100%| O|Cm|TAMS 0x0000000085200000| PB 0x0000000085200000| Complete 
|  83|0x0000000085300000, 0x0000000085400000, 0x0000000085400000|100%| O|  |TAMS 0x0000000085300000| PB 0x0000000085300000| Untracked 
|  84|0x0000000085400000, 0x0000000085500000, 0x0000000085500000|100%| O|  |TAMS 0x0000000085400000| PB 0x0000000085400000| Untracked 
|  85|0x0000000085500000, 0x0000000085600000, 0x0000000085600000|100%| O|  |TAMS 0x0000000085500000| PB 0x0000000085500000| Untracked 
|  86|0x0000000085600000, 0x0000000085700000, 0x0000000085700000|100%| O|  |TAMS 0x0000000085600000| PB 0x0000000085600000| Untracked 
|  87|0x0000000085700000, 0x0000000085800000, 0x0000000085800000|100%| O|  |TAMS 0x0000000085700000| PB 0x0000000085700000| Untracked 
|  88|0x0000000085800000, 0x0000000085900000, 0x0000000085900000|100%| O|  |TAMS 0x0000000085800000| PB 0x0000000085800000| Untracked 
|  89|0x0000000085900000, 0x0000000085a00000, 0x0000000085a00000|100%| O|  |TAMS 0x0000000085900000| PB 0x0000000085900000| Untracked 
|  90|0x0000000085a00000, 0x0000000085b00000, 0x0000000085b00000|100%| O|  |TAMS 0x0000000085a00000| PB 0x0000000085a00000| Untracked 
|  91|0x0000000085b00000, 0x0000000085c00000, 0x0000000085c00000|100%| O|  |TAMS 0x0000000085b00000| PB 0x0000000085b00000| Untracked 
|  92|0x0000000085c00000, 0x0000000085d00000, 0x0000000085d00000|100%| O|  |TAMS 0x0000000085c00000| PB 0x0000000085c00000| Untracked 
|  93|0x0000000085d00000, 0x0000000085e00000, 0x0000000085e00000|100%| O|  |TAMS 0x0000000085d00000| PB 0x0000000085d00000| Untracked 
|  94|0x0000000085e00000, 0x0000000085f00000, 0x0000000085f00000|100%| O|  |TAMS 0x0000000085e00000| PB 0x0000000085e00000| Untracked 
|  95|0x0000000085f00000, 0x0000000086000000, 0x0000000086000000|100%| O|  |TAMS 0x0000000085f00000| PB 0x0000000085f00000| Untracked 
|  96|0x0000000086000000, 0x0000000086100000, 0x0000000086100000|100%| O|  |TAMS 0x0000000086000000| PB 0x0000000086000000| Untracked 
|  97|0x0000000086100000, 0x0000000086200000, 0x0000000086200000|100%| O|Cm|TAMS 0x0000000086100000| PB 0x0000000086100000| Complete 
|  98|0x0000000086200000, 0x0000000086300000, 0x0000000086300000|100%| O|  |TAMS 0x0000000086200000| PB 0x0000000086200000| Untracked 
|  99|0x0000000086300000, 0x0000000086400000, 0x0000000086400000|100%| O|  |TAMS 0x0000000086300000| PB 0x0000000086300000| Untracked 
| 100|0x0000000086400000, 0x0000000086500000, 0x0000000086500000|100%| O|  |TAMS 0x0000000086400000| PB 0x0000000086400000| Untracked 
| 101|0x0000000086500000, 0x0000000086600000, 0x0000000086600000|100%|HS|  |TAMS 0x0000000086500000| PB 0x0000000086500000| Complete 
| 102|0x0000000086600000, 0x0000000086700000, 0x0000000086700000|100%|HC|  |TAMS 0x0000000086600000| PB 0x0000000086600000| Complete 
| 103|0x0000000086700000, 0x0000000086800000, 0x0000000086800000|100%|HC|  |TAMS 0x0000000086700000| PB 0x0000000086700000| Complete 
| 104|0x0000000086800000, 0x0000000086900000, 0x0000000086900000|100%|HS|  |TAMS 0x0000000086800000| PB 0x0000000086800000| Complete 
| 105|0x0000000086900000, 0x0000000086a00000, 0x0000000086a00000|100%|HC|  |TAMS 0x0000000086900000| PB 0x0000000086900000| Complete 
| 106|0x0000000086a00000, 0x0000000086b00000, 0x0000000086b00000|100%|HC|  |TAMS 0x0000000086a00000| PB 0x0000000086a00000| Complete 
| 107|0x0000000086b00000, 0x0000000086c00000, 0x0000000086c00000|100%| O|  |TAMS 0x0000000086b00000| PB 0x0000000086b00000| Untracked 
| 108|0x0000000086c00000, 0x0000000086d00000, 0x0000000086d00000|100%| O|Cm|TAMS 0x0000000086c00000| PB 0x0000000086c00000| Complete 
| 109|0x0000000086d00000, 0x0000000086e00000, 0x0000000086e00000|100%| O|  |TAMS 0x0000000086d00000| PB 0x0000000086d00000| Untracked 
| 110|0x0000000086e00000, 0x0000000086f00000, 0x0000000086f00000|100%| O|  |TAMS 0x0000000086e00000| PB 0x0000000086e00000| Untracked 
| 111|0x0000000086f00000, 0x0000000087000000, 0x0000000087000000|100%| O|  |TAMS 0x0000000086f00000| PB 0x0000000086f00000| Untracked 
| 112|0x0000000087000000, 0x0000000087100000, 0x0000000087100000|100%| O|  |TAMS 0x0000000087000000| PB 0x0000000087000000| Untracked 
| 113|0x0000000087100000, 0x0000000087200000, 0x0000000087200000|100%| O|  |TAMS 0x0000000087100000| PB 0x0000000087100000| Untracked 
| 114|0x0000000087200000, 0x0000000087300000, 0x0000000087300000|100%| O|  |TAMS 0x0000000087200000| PB 0x0000000087200000| Untracked 
| 115|0x0000000087300000, 0x0000000087400000, 0x0000000087400000|100%| O|  |TAMS 0x0000000087300000| PB 0x0000000087300000| Untracked 
| 116|0x0000000087400000, 0x0000000087500000, 0x0000000087500000|100%| O|  |TAMS 0x0000000087400000| PB 0x0000000087400000| Untracked 
| 117|0x0000000087500000, 0x0000000087600000, 0x0000000087600000|100%| O|  |TAMS 0x0000000087500000| PB 0x0000000087500000| Untracked 
| 118|0x0000000087600000, 0x0000000087700000, 0x0000000087700000|100%| O|  |TAMS 0x0000000087600000| PB 0x0000000087600000| Untracked 
| 119|0x0000000087700000, 0x0000000087800000, 0x0000000087800000|100%| O|  |TAMS 0x0000000087700000| PB 0x0000000087700000| Untracked 
| 120|0x0000000087800000, 0x0000000087900000, 0x0000000087900000|100%| O|  |TAMS 0x0000000087800000| PB 0x0000000087800000| Untracked 
| 121|0x0000000087900000, 0x0000000087a00000, 0x0000000087a00000|100%|HS|  |TAMS 0x0000000087900000| PB 0x0000000087900000| Complete 
| 122|0x0000000087a00000, 0x0000000087b00000, 0x0000000087b00000|100%|HC|  |TAMS 0x0000000087a00000| PB 0x0000000087a00000| Complete 
| 123|0x0000000087b00000, 0x0000000087c00000, 0x0000000087c00000|100%|HS|  |TAMS 0x0000000087b00000| PB 0x0000000087b00000| Complete 
| 124|0x0000000087c00000, 0x0000000087d00000, 0x0000000087d00000|100%| O|  |TAMS 0x0000000087c00000| PB 0x0000000087c00000| Untracked 
| 125|0x0000000087d00000, 0x0000000087e00000, 0x0000000087e00000|100%| O|  |TAMS 0x0000000087d00000| PB 0x0000000087d00000| Untracked 
| 126|0x0000000087e00000, 0x0000000087f00000, 0x0000000087f00000|100%| O|  |TAMS 0x0000000087e00000| PB 0x0000000087e00000| Untracked 
| 127|0x0000000087f00000, 0x0000000088000000, 0x0000000088000000|100%| O|  |TAMS 0x0000000087f00000| PB 0x0000000087f00000| Untracked 
| 128|0x0000000088000000, 0x0000000088100000, 0x0000000088100000|100%| O|  |TAMS 0x0000000088000000| PB 0x0000000088000000| Untracked 
| 129|0x0000000088100000, 0x0000000088200000, 0x0000000088200000|100%| O|  |TAMS 0x0000000088100000| PB 0x0000000088100000| Untracked 
| 130|0x0000000088200000, 0x0000000088300000, 0x0000000088300000|100%| O|  |TAMS 0x0000000088200000| PB 0x0000000088200000| Untracked 
| 131|0x0000000088300000, 0x0000000088400000, 0x0000000088400000|100%| O|  |TAMS 0x0000000088300000| PB 0x0000000088300000| Untracked 
| 132|0x0000000088400000, 0x0000000088500000, 0x0000000088500000|100%| O|Cm|TAMS 0x0000000088400000| PB 0x0000000088400000| Complete 
| 133|0x0000000088500000, 0x0000000088600000, 0x0000000088600000|100%| O|  |TAMS 0x0000000088500000| PB 0x0000000088500000| Untracked 
| 134|0x0000000088600000, 0x0000000088700000, 0x0000000088700000|100%| O|  |TAMS 0x0000000088600000| PB 0x0000000088600000| Untracked 
| 135|0x0000000088700000, 0x0000000088788350, 0x0000000088800000| 53%| O|  |TAMS 0x0000000088700000| PB 0x0000000088700000| Untracked 
| 136|0x0000000088800000, 0x0000000088900000, 0x0000000088900000|100%| O|  |TAMS 0x0000000088800000| PB 0x0000000088800000| Untracked 
| 137|0x0000000088900000, 0x0000000088a00000, 0x0000000088a00000|100%| O|  |TAMS 0x0000000088900000| PB 0x0000000088900000| Untracked 
| 138|0x0000000088a00000, 0x0000000088b00000, 0x0000000088b00000|100%| O|  |TAMS 0x0000000088a00000| PB 0x0000000088a00000| Untracked 
| 139|0x0000000088b00000, 0x0000000088c00000, 0x0000000088c00000|100%| O|Cm|TAMS 0x0000000088b00000| PB 0x0000000088b00000| Complete 
| 140|0x0000000088c00000, 0x0000000088d00000, 0x0000000088d00000|100%| O|  |TAMS 0x0000000088c00000| PB 0x0000000088c00000| Untracked 
| 141|0x0000000088d00000, 0x0000000088e00000, 0x0000000088e00000|100%| O|Cm|TAMS 0x0000000088d00000| PB 0x0000000088d00000| Complete 
| 142|0x0000000088e00000, 0x0000000088f00000, 0x0000000088f00000|100%|HS|  |TAMS 0x0000000088e00000| PB 0x0000000088e00000| Complete 
| 143|0x0000000088f00000, 0x0000000089000000, 0x0000000089000000|100%| O|  |TAMS 0x0000000088f00000| PB 0x0000000088f00000| Untracked 
| 144|0x0000000089000000, 0x0000000089100000, 0x0000000089100000|100%|HS|  |TAMS 0x0000000089000000| PB 0x0000000089000000| Complete 
| 145|0x0000000089100000, 0x0000000089200000, 0x0000000089200000|100%| O|Cm|TAMS 0x0000000089100000| PB 0x0000000089100000| Complete 
| 146|0x0000000089200000, 0x0000000089300000, 0x0000000089300000|100%| O|  |TAMS 0x0000000089200000| PB 0x0000000089200000| Untracked 
| 147|0x0000000089300000, 0x0000000089400000, 0x0000000089400000|100%| O|  |TAMS 0x0000000089300000| PB 0x0000000089300000| Untracked 
| 148|0x0000000089400000, 0x0000000089500000, 0x0000000089500000|100%| O|  |TAMS 0x0000000089400000| PB 0x0000000089400000| Untracked 
| 149|0x0000000089500000, 0x0000000089600000, 0x0000000089600000|100%| O|  |TAMS 0x0000000089500000| PB 0x0000000089500000| Untracked 
| 150|0x0000000089600000, 0x0000000089700000, 0x0000000089700000|100%| O|  |TAMS 0x0000000089600000| PB 0x0000000089600000| Untracked 
| 151|0x0000000089700000, 0x0000000089800000, 0x0000000089800000|100%| O|  |TAMS 0x0000000089700000| PB 0x0000000089700000| Untracked 
| 152|0x0000000089800000, 0x0000000089900000, 0x0000000089900000|100%| O|  |TAMS 0x0000000089800000| PB 0x0000000089800000| Untracked 
| 153|0x0000000089900000, 0x0000000089a00000, 0x0000000089a00000|100%| O|  |TAMS 0x0000000089900000| PB 0x0000000089900000| Untracked 
| 154|0x0000000089a00000, 0x0000000089b00000, 0x0000000089b00000|100%| O|  |TAMS 0x0000000089a00000| PB 0x0000000089a00000| Untracked 
| 155|0x0000000089b00000, 0x0000000089b00000, 0x0000000089c00000|  0%| F|  |TAMS 0x0000000089b00000| PB 0x0000000089b00000| Untracked 
| 156|0x0000000089c00000, 0x0000000089d00000, 0x0000000089d00000|100%| O|  |TAMS 0x0000000089c00000| PB 0x0000000089c00000| Untracked 
| 157|0x0000000089d00000, 0x0000000089e00000, 0x0000000089e00000|100%| O|  |TAMS 0x0000000089d00000| PB 0x0000000089d00000| Untracked 
| 158|0x0000000089e00000, 0x0000000089e00000, 0x0000000089f00000|  0%| F|  |TAMS 0x0000000089e00000| PB 0x0000000089e00000| Untracked 
| 159|0x0000000089f00000, 0x000000008a000000, 0x000000008a000000|100%| O|  |TAMS 0x0000000089f00000| PB 0x0000000089f00000| Untracked 
| 160|0x000000008a000000, 0x000000008a100000, 0x000000008a100000|100%| O|  |TAMS 0x000000008a000000| PB 0x000000008a000000| Untracked 
| 161|0x000000008a100000, 0x000000008a200000, 0x000000008a200000|100%| O|  |TAMS 0x000000008a100000| PB 0x000000008a100000| Untracked 
| 162|0x000000008a200000, 0x000000008a300000, 0x000000008a300000|100%| O|  |TAMS 0x000000008a200000| PB 0x000000008a200000| Untracked 
| 163|0x000000008a300000, 0x000000008a400000, 0x000000008a400000|100%| O|  |TAMS 0x000000008a300000| PB 0x000000008a300000| Untracked 
| 164|0x000000008a400000, 0x000000008a500000, 0x000000008a500000|100%| O|  |TAMS 0x000000008a400000| PB 0x000000008a400000| Untracked 
| 165|0x000000008a500000, 0x000000008a600000, 0x000000008a600000|100%| O|  |TAMS 0x000000008a500000| PB 0x000000008a500000| Untracked 
| 166|0x000000008a600000, 0x000000008a700000, 0x000000008a700000|100%| O|  |TAMS 0x000000008a600000| PB 0x000000008a600000| Untracked 
| 167|0x000000008a700000, 0x000000008a800000, 0x000000008a800000|100%| O|  |TAMS 0x000000008a700000| PB 0x000000008a700000| Untracked 
| 168|0x000000008a800000, 0x000000008a900000, 0x000000008a900000|100%| O|  |TAMS 0x000000008a800000| PB 0x000000008a800000| Untracked 
| 169|0x000000008a900000, 0x000000008aa00000, 0x000000008aa00000|100%| O|  |TAMS 0x000000008a900000| PB 0x000000008a900000| Untracked 
| 170|0x000000008aa00000, 0x000000008ab00000, 0x000000008ab00000|100%| O|  |TAMS 0x000000008aa00000| PB 0x000000008aa00000| Untracked 
| 171|0x000000008ab00000, 0x000000008ac00000, 0x000000008ac00000|100%| O|  |TAMS 0x000000008ab00000| PB 0x000000008ab00000| Untracked 
| 172|0x000000008ac00000, 0x000000008ad00000, 0x000000008ad00000|100%| O|  |TAMS 0x000000008ac00000| PB 0x000000008ac00000| Untracked 
| 173|0x000000008ad00000, 0x000000008ae00000, 0x000000008ae00000|100%| O|  |TAMS 0x000000008ad00000| PB 0x000000008ad00000| Untracked 
| 174|0x000000008ae00000, 0x000000008af00000, 0x000000008af00000|100%| O|  |TAMS 0x000000008ae00000| PB 0x000000008ae00000| Untracked 
| 175|0x000000008af00000, 0x000000008b000000, 0x000000008b000000|100%| O|  |TAMS 0x000000008af00000| PB 0x000000008af00000| Untracked 
| 176|0x000000008b000000, 0x000000008b100000, 0x000000008b100000|100%| O|  |TAMS 0x000000008b000000| PB 0x000000008b000000| Untracked 
| 177|0x000000008b100000, 0x000000008b200000, 0x000000008b200000|100%| O|  |TAMS 0x000000008b100000| PB 0x000000008b100000| Untracked 
| 178|0x000000008b200000, 0x000000008b300000, 0x000000008b300000|100%| O|Cm|TAMS 0x000000008b200000| PB 0x000000008b200000| Complete 
| 179|0x000000008b300000, 0x000000008b400000, 0x000000008b400000|100%| O|  |TAMS 0x000000008b300000| PB 0x000000008b300000| Untracked 
| 180|0x000000008b400000, 0x000000008b500000, 0x000000008b500000|100%| O|  |TAMS 0x000000008b400000| PB 0x000000008b400000| Untracked 
| 181|0x000000008b500000, 0x000000008b600000, 0x000000008b600000|100%| O|Cm|TAMS 0x000000008b500000| PB 0x000000008b500000| Complete 
| 182|0x000000008b600000, 0x000000008b700000, 0x000000008b700000|100%| O|  |TAMS 0x000000008b600000| PB 0x000000008b600000| Untracked 
| 183|0x000000008b700000, 0x000000008b800000, 0x000000008b800000|100%| O|Cm|TAMS 0x000000008b700000| PB 0x000000008b700000| Complete 
| 184|0x000000008b800000, 0x000000008b900000, 0x000000008b900000|100%| O|  |TAMS 0x000000008b800000| PB 0x000000008b800000| Untracked 
| 185|0x000000008b900000, 0x000000008ba00000, 0x000000008ba00000|100%| O|  |TAMS 0x000000008b900000| PB 0x000000008b900000| Untracked 
| 186|0x000000008ba00000, 0x000000008bb00000, 0x000000008bb00000|100%| O|  |TAMS 0x000000008ba00000| PB 0x000000008ba00000| Untracked 
| 187|0x000000008bb00000, 0x000000008bc00000, 0x000000008bc00000|100%| O|  |TAMS 0x000000008bb00000| PB 0x000000008bb00000| Untracked 
| 188|0x000000008bc00000, 0x000000008bd00000, 0x000000008bd00000|100%| O|  |TAMS 0x000000008bc00000| PB 0x000000008bc00000| Untracked 
| 189|0x000000008bd00000, 0x000000008be00000, 0x000000008be00000|100%| O|  |TAMS 0x000000008bd00000| PB 0x000000008bd00000| Untracked 
| 190|0x000000008be00000, 0x000000008be00000, 0x000000008bf00000|  0%| F|  |TAMS 0x000000008be00000| PB 0x000000008be00000| Untracked 
| 191|0x000000008bf00000, 0x000000008bf00000, 0x000000008c000000|  0%| F|  |TAMS 0x000000008bf00000| PB 0x000000008bf00000| Untracked 
| 192|0x000000008c000000, 0x000000008c100000, 0x000000008c100000|100%| O|  |TAMS 0x000000008c000000| PB 0x000000008c000000| Untracked 
| 193|0x000000008c100000, 0x000000008c200000, 0x000000008c200000|100%| O|  |TAMS 0x000000008c100000| PB 0x000000008c100000| Untracked 
| 194|0x000000008c200000, 0x000000008c300000, 0x000000008c300000|100%| O|  |TAMS 0x000000008c200000| PB 0x000000008c200000| Untracked 
| 195|0x000000008c300000, 0x000000008c400000, 0x000000008c400000|100%| O|  |TAMS 0x000000008c300000| PB 0x000000008c300000| Untracked 
| 196|0x000000008c400000, 0x000000008c500000, 0x000000008c500000|100%| O|Cm|TAMS 0x000000008c400000| PB 0x000000008c400000| Complete 
| 197|0x000000008c500000, 0x000000008c600000, 0x000000008c600000|100%| O|  |TAMS 0x000000008c500000| PB 0x000000008c500000| Untracked 
| 198|0x000000008c600000, 0x000000008c700000, 0x000000008c700000|100%| O|  |TAMS 0x000000008c600000| PB 0x000000008c600000| Untracked 
| 199|0x000000008c700000, 0x000000008c800000, 0x000000008c800000|100%| O|  |TAMS 0x000000008c700000| PB 0x000000008c700000| Untracked 
| 200|0x000000008c800000, 0x000000008c900000, 0x000000008c900000|100%| O|  |TAMS 0x000000008c800000| PB 0x000000008c800000| Untracked 
| 201|0x000000008c900000, 0x000000008ca00000, 0x000000008ca00000|100%| O|  |TAMS 0x000000008c900000| PB 0x000000008c900000| Untracked 
| 202|0x000000008ca00000, 0x000000008cb00000, 0x000000008cb00000|100%| O|  |TAMS 0x000000008ca00000| PB 0x000000008ca00000| Untracked 
| 203|0x000000008cb00000, 0x000000008cc00000, 0x000000008cc00000|100%| O|  |TAMS 0x000000008cb00000| PB 0x000000008cb00000| Untracked 
| 204|0x000000008cc00000, 0x000000008cd00000, 0x000000008cd00000|100%| O|  |TAMS 0x000000008cc00000| PB 0x000000008cc00000| Untracked 
| 205|0x000000008cd00000, 0x000000008ce00000, 0x000000008ce00000|100%| O|  |TAMS 0x000000008cd00000| PB 0x000000008cd00000| Untracked 
| 206|0x000000008ce00000, 0x000000008cf00000, 0x000000008cf00000|100%| O|  |TAMS 0x000000008ce00000| PB 0x000000008ce00000| Untracked 
| 207|0x000000008cf00000, 0x000000008d000000, 0x000000008d000000|100%| O|  |TAMS 0x000000008cf00000| PB 0x000000008cf00000| Untracked 
| 208|0x000000008d000000, 0x000000008d100000, 0x000000008d100000|100%| O|  |TAMS 0x000000008d000000| PB 0x000000008d000000| Untracked 
| 209|0x000000008d100000, 0x000000008d200000, 0x000000008d200000|100%| O|  |TAMS 0x000000008d100000| PB 0x000000008d100000| Untracked 
| 210|0x000000008d200000, 0x000000008d300000, 0x000000008d300000|100%| O|  |TAMS 0x000000008d200000| PB 0x000000008d200000| Untracked 
| 211|0x000000008d300000, 0x000000008d400000, 0x000000008d400000|100%| O|  |TAMS 0x000000008d300000| PB 0x000000008d300000| Untracked 
| 212|0x000000008d400000, 0x000000008d500000, 0x000000008d500000|100%| O|  |TAMS 0x000000008d400000| PB 0x000000008d400000| Untracked 
| 213|0x000000008d500000, 0x000000008d600000, 0x000000008d600000|100%| O|Cm|TAMS 0x000000008d500000| PB 0x000000008d500000| Complete 
| 214|0x000000008d600000, 0x000000008d600000, 0x000000008d700000|  0%| F|  |TAMS 0x000000008d600000| PB 0x000000008d600000| Untracked 
| 215|0x000000008d700000, 0x000000008d800000, 0x000000008d800000|100%| O|  |TAMS 0x000000008d700000| PB 0x000000008d700000| Untracked 
| 216|0x000000008d800000, 0x000000008d900000, 0x000000008d900000|100%| O|Cm|TAMS 0x000000008d800000| PB 0x000000008d800000| Complete 
| 217|0x000000008d900000, 0x000000008da00000, 0x000000008da00000|100%| O|  |TAMS 0x000000008d900000| PB 0x000000008d900000| Untracked 
| 218|0x000000008da00000, 0x000000008da00000, 0x000000008db00000|  0%| F|  |TAMS 0x000000008da00000| PB 0x000000008da00000| Untracked 
| 219|0x000000008db00000, 0x000000008db00000, 0x000000008dc00000|  0%| F|  |TAMS 0x000000008db00000| PB 0x000000008db00000| Untracked 
| 220|0x000000008dc00000, 0x000000008dd00000, 0x000000008dd00000|100%| O|  |TAMS 0x000000008dc00000| PB 0x000000008dc00000| Untracked 
| 221|0x000000008dd00000, 0x000000008de00000, 0x000000008de00000|100%| O|  |TAMS 0x000000008dd00000| PB 0x000000008dd00000| Untracked 
| 222|0x000000008de00000, 0x000000008df00000, 0x000000008df00000|100%| O|  |TAMS 0x000000008de00000| PB 0x000000008de00000| Untracked 
| 223|0x000000008df00000, 0x000000008e000000, 0x000000008e000000|100%| O|  |TAMS 0x000000008df00000| PB 0x000000008df00000| Untracked 
| 224|0x000000008e000000, 0x000000008e100000, 0x000000008e100000|100%| O|  |TAMS 0x000000008e000000| PB 0x000000008e000000| Untracked 
| 225|0x000000008e100000, 0x000000008e200000, 0x000000008e200000|100%| O|  |TAMS 0x000000008e100000| PB 0x000000008e100000| Untracked 
| 226|0x000000008e200000, 0x000000008e300000, 0x000000008e300000|100%| O|  |TAMS 0x000000008e200000| PB 0x000000008e200000| Untracked 
| 227|0x000000008e300000, 0x000000008e400000, 0x000000008e400000|100%| O|  |TAMS 0x000000008e300000| PB 0x000000008e300000| Untracked 
| 228|0x000000008e400000, 0x000000008e500000, 0x000000008e500000|100%| O|  |TAMS 0x000000008e400000| PB 0x000000008e400000| Untracked 
| 229|0x000000008e500000, 0x000000008e600000, 0x000000008e600000|100%| O|  |TAMS 0x000000008e500000| PB 0x000000008e500000| Untracked 
| 230|0x000000008e600000, 0x000000008e700000, 0x000000008e700000|100%| O|  |TAMS 0x000000008e600000| PB 0x000000008e600000| Untracked 
| 231|0x000000008e700000, 0x000000008e800000, 0x000000008e800000|100%| O|  |TAMS 0x000000008e700000| PB 0x000000008e700000| Untracked 
| 232|0x000000008e800000, 0x000000008e900000, 0x000000008e900000|100%| O|  |TAMS 0x000000008e800000| PB 0x000000008e800000| Untracked 
| 233|0x000000008e900000, 0x000000008ea00000, 0x000000008ea00000|100%| O|  |TAMS 0x000000008e900000| PB 0x000000008e900000| Untracked 
| 234|0x000000008ea00000, 0x000000008eb00000, 0x000000008eb00000|100%| O|  |TAMS 0x000000008ea00000| PB 0x000000008ea00000| Untracked 
| 235|0x000000008eb00000, 0x000000008ec00000, 0x000000008ec00000|100%| O|  |TAMS 0x000000008eb00000| PB 0x000000008eb00000| Untracked 
| 236|0x000000008ec00000, 0x000000008ed00000, 0x000000008ed00000|100%| O|  |TAMS 0x000000008ec00000| PB 0x000000008ec00000| Untracked 
| 237|0x000000008ed00000, 0x000000008ee00000, 0x000000008ee00000|100%| O|  |TAMS 0x000000008ed00000| PB 0x000000008ed00000| Untracked 
| 238|0x000000008ee00000, 0x000000008ee00000, 0x000000008ef00000|  0%| F|  |TAMS 0x000000008ee00000| PB 0x000000008ee00000| Untracked 
| 239|0x000000008ef00000, 0x000000008f000000, 0x000000008f000000|100%| O|  |TAMS 0x000000008ef00000| PB 0x000000008ef00000| Untracked 
| 240|0x000000008f000000, 0x000000008f100000, 0x000000008f100000|100%| O|  |TAMS 0x000000008f000000| PB 0x000000008f000000| Untracked 
| 241|0x000000008f100000, 0x000000008f200000, 0x000000008f200000|100%| O|  |TAMS 0x000000008f100000| PB 0x000000008f100000| Untracked 
| 242|0x000000008f200000, 0x000000008f300000, 0x000000008f300000|100%| O|  |TAMS 0x000000008f200000| PB 0x000000008f200000| Untracked 
| 243|0x000000008f300000, 0x000000008f400000, 0x000000008f400000|100%| O|  |TAMS 0x000000008f300000| PB 0x000000008f300000| Untracked 
| 244|0x000000008f400000, 0x000000008f400000, 0x000000008f500000|  0%| F|  |TAMS 0x000000008f400000| PB 0x000000008f400000| Untracked 
| 245|0x000000008f500000, 0x000000008f600000, 0x000000008f600000|100%| O|  |TAMS 0x000000008f500000| PB 0x000000008f500000| Untracked 
| 246|0x000000008f600000, 0x000000008f600000, 0x000000008f700000|  0%| F|  |TAMS 0x000000008f600000| PB 0x000000008f600000| Untracked 
| 247|0x000000008f700000, 0x000000008f800000, 0x000000008f800000|100%| O|  |TAMS 0x000000008f700000| PB 0x000000008f700000| Untracked 
| 248|0x000000008f800000, 0x000000008f900000, 0x000000008f900000|100%| O|  |TAMS 0x000000008f800000| PB 0x000000008f800000| Untracked 
| 249|0x000000008f900000, 0x000000008fa00000, 0x000000008fa00000|100%| O|  |TAMS 0x000000008f900000| PB 0x000000008f900000| Untracked 
| 250|0x000000008fa00000, 0x000000008fa00000, 0x000000008fb00000|  0%| F|  |TAMS 0x000000008fa00000| PB 0x000000008fa00000| Untracked 
| 251|0x000000008fb00000, 0x000000008fc00000, 0x000000008fc00000|100%| O|  |TAMS 0x000000008fb00000| PB 0x000000008fb00000| Untracked 
| 252|0x000000008fc00000, 0x000000008fc00000, 0x000000008fd00000|  0%| F|  |TAMS 0x000000008fc00000| PB 0x000000008fc00000| Untracked 
| 253|0x000000008fd00000, 0x000000008fd00000, 0x000000008fe00000|  0%| F|  |TAMS 0x000000008fd00000| PB 0x000000008fd00000| Untracked 
| 254|0x000000008fe00000, 0x000000008ff00000, 0x000000008ff00000|100%| O|Cm|TAMS 0x000000008fe00000| PB 0x000000008fe00000| Complete 
| 255|0x000000008ff00000, 0x000000008ff00000, 0x0000000090000000|  0%| F|  |TAMS 0x000000008ff00000| PB 0x000000008ff00000| Untracked 
| 256|0x0000000090000000, 0x0000000090100000, 0x0000000090100000|100%| O|Cm|TAMS 0x0000000090000000| PB 0x0000000090000000| Complete 
| 257|0x0000000090100000, 0x0000000090100000, 0x0000000090200000|  0%| F|  |TAMS 0x0000000090100000| PB 0x0000000090100000| Untracked 
| 258|0x0000000090200000, 0x0000000090200000, 0x0000000090300000|  0%| F|  |TAMS 0x0000000090200000| PB 0x0000000090200000| Untracked 
| 259|0x0000000090300000, 0x0000000090400000, 0x0000000090400000|100%| O|Cm|TAMS 0x0000000090300000| PB 0x0000000090300000| Complete 
| 260|0x0000000090400000, 0x0000000090500000, 0x0000000090500000|100%| O|  |TAMS 0x0000000090400000| PB 0x0000000090400000| Untracked 
| 261|0x0000000090500000, 0x0000000090500000, 0x0000000090600000|  0%| F|  |TAMS 0x0000000090500000| PB 0x0000000090500000| Untracked 
| 262|0x0000000090600000, 0x0000000090700000, 0x0000000090700000|100%| O|  |TAMS 0x0000000090600000| PB 0x0000000090600000| Untracked 
| 263|0x0000000090700000, 0x0000000090700000, 0x0000000090800000|  0%| F|  |TAMS 0x0000000090700000| PB 0x0000000090700000| Untracked 
| 264|0x0000000090800000, 0x0000000090900000, 0x0000000090900000|100%| O|  |TAMS 0x0000000090800000| PB 0x0000000090800000| Untracked 
| 265|0x0000000090900000, 0x0000000090900000, 0x0000000090a00000|  0%| F|  |TAMS 0x0000000090900000| PB 0x0000000090900000| Untracked 
| 266|0x0000000090a00000, 0x0000000090b00000, 0x0000000090b00000|100%| O|  |TAMS 0x0000000090a00000| PB 0x0000000090a00000| Untracked 
| 267|0x0000000090b00000, 0x0000000090c00000, 0x0000000090c00000|100%| O|  |TAMS 0x0000000090b00000| PB 0x0000000090b00000| Untracked 
| 268|0x0000000090c00000, 0x0000000090c00000, 0x0000000090d00000|  0%| F|  |TAMS 0x0000000090c00000| PB 0x0000000090c00000| Untracked 
| 269|0x0000000090d00000, 0x0000000090d00000, 0x0000000090e00000|  0%| F|  |TAMS 0x0000000090d00000| PB 0x0000000090d00000| Untracked 
| 270|0x0000000090e00000, 0x0000000090e00000, 0x0000000090f00000|  0%| F|  |TAMS 0x0000000090e00000| PB 0x0000000090e00000| Untracked 
| 271|0x0000000090f00000, 0x0000000090f00000, 0x0000000091000000|  0%| F|  |TAMS 0x0000000090f00000| PB 0x0000000090f00000| Untracked 
| 272|0x0000000091000000, 0x0000000091100000, 0x0000000091100000|100%| O|  |TAMS 0x0000000091000000| PB 0x0000000091000000| Untracked 
| 273|0x0000000091100000, 0x0000000091100000, 0x0000000091200000|  0%| F|  |TAMS 0x0000000091100000| PB 0x0000000091100000| Untracked 
| 274|0x0000000091200000, 0x0000000091300000, 0x0000000091300000|100%| O|  |TAMS 0x0000000091200000| PB 0x0000000091200000| Untracked 
| 275|0x0000000091300000, 0x0000000091300000, 0x0000000091400000|  0%| F|  |TAMS 0x0000000091300000| PB 0x0000000091300000| Untracked 
| 276|0x0000000091400000, 0x0000000091500000, 0x0000000091500000|100%| O|  |TAMS 0x0000000091400000| PB 0x0000000091400000| Untracked 
| 277|0x0000000091500000, 0x0000000091500000, 0x0000000091600000|  0%| F|  |TAMS 0x0000000091500000| PB 0x0000000091500000| Untracked 
| 278|0x0000000091600000, 0x0000000091700000, 0x0000000091700000|100%|HS|  |TAMS 0x0000000091600000| PB 0x0000000091600000| Complete 
| 279|0x0000000091700000, 0x0000000091800000, 0x0000000091800000|100%|HC|  |TAMS 0x0000000091700000| PB 0x0000000091700000| Complete 
| 280|0x0000000091800000, 0x0000000091800000, 0x0000000091900000|  0%| F|  |TAMS 0x0000000091800000| PB 0x0000000091800000| Untracked 
| 281|0x0000000091900000, 0x0000000091900000, 0x0000000091a00000|  0%| F|  |TAMS 0x0000000091900000| PB 0x0000000091900000| Untracked 
| 282|0x0000000091a00000, 0x0000000091b00000, 0x0000000091b00000|100%|HS|  |TAMS 0x0000000091a00000| PB 0x0000000091a00000| Complete 
| 283|0x0000000091b00000, 0x0000000091c00000, 0x0000000091c00000|100%|HC|  |TAMS 0x0000000091b00000| PB 0x0000000091b00000| Complete 
| 284|0x0000000091c00000, 0x0000000091c00000, 0x0000000091d00000|  0%| F|  |TAMS 0x0000000091c00000| PB 0x0000000091c00000| Untracked 
| 285|0x0000000091d00000, 0x0000000091e00000, 0x0000000091e00000|100%| O|  |TAMS 0x0000000091d00000| PB 0x0000000091d00000| Untracked 
| 286|0x0000000091e00000, 0x0000000091f00000, 0x0000000091f00000|100%| O|  |TAMS 0x0000000091e00000| PB 0x0000000091e00000| Untracked 
| 287|0x0000000091f00000, 0x0000000092000000, 0x0000000092000000|100%| O|  |TAMS 0x0000000091f00000| PB 0x0000000091f00000| Untracked 
| 288|0x0000000092000000, 0x0000000092000000, 0x0000000092100000|  0%| F|  |TAMS 0x0000000092000000| PB 0x0000000092000000| Untracked 
| 289|0x0000000092100000, 0x0000000092100000, 0x0000000092200000|  0%| F|  |TAMS 0x0000000092100000| PB 0x0000000092100000| Untracked 
| 290|0x0000000092200000, 0x0000000092300000, 0x0000000092300000|100%| O|  |TAMS 0x0000000092200000| PB 0x0000000092200000| Untracked 
| 291|0x0000000092300000, 0x0000000092400000, 0x0000000092400000|100%| O|  |TAMS 0x0000000092300000| PB 0x0000000092300000| Untracked 
| 292|0x0000000092400000, 0x0000000092500000, 0x0000000092500000|100%| O|  |TAMS 0x0000000092400000| PB 0x0000000092400000| Untracked 
| 293|0x0000000092500000, 0x0000000092600000, 0x0000000092600000|100%| O|  |TAMS 0x0000000092500000| PB 0x0000000092500000| Untracked 
| 294|0x0000000092600000, 0x0000000092700000, 0x0000000092700000|100%| O|  |TAMS 0x0000000092600000| PB 0x0000000092600000| Untracked 
| 295|0x0000000092700000, 0x0000000092800000, 0x0000000092800000|100%| O|  |TAMS 0x0000000092700000| PB 0x0000000092700000| Untracked 
| 296|0x0000000092800000, 0x0000000092800000, 0x0000000092900000|  0%| F|  |TAMS 0x0000000092800000| PB 0x0000000092800000| Untracked 
| 297|0x0000000092900000, 0x0000000092a00000, 0x0000000092a00000|100%| O|  |TAMS 0x0000000092900000| PB 0x0000000092900000| Untracked 
| 298|0x0000000092a00000, 0x0000000092b00000, 0x0000000092b00000|100%| O|  |TAMS 0x0000000092a00000| PB 0x0000000092a00000| Untracked 
| 299|0x0000000092b00000, 0x0000000092c00000, 0x0000000092c00000|100%| O|  |TAMS 0x0000000092b00000| PB 0x0000000092b00000| Untracked 
| 300|0x0000000092c00000, 0x0000000092d00000, 0x0000000092d00000|100%| O|  |TAMS 0x0000000092c00000| PB 0x0000000092c00000| Untracked 
| 301|0x0000000092d00000, 0x0000000092e00000, 0x0000000092e00000|100%| O|  |TAMS 0x0000000092d00000| PB 0x0000000092d00000| Untracked 
| 302|0x0000000092e00000, 0x0000000092f00000, 0x0000000092f00000|100%| O|  |TAMS 0x0000000092e00000| PB 0x0000000092e00000| Untracked 
| 303|0x0000000092f00000, 0x0000000093000000, 0x0000000093000000|100%| O|  |TAMS 0x0000000092f00000| PB 0x0000000092f00000| Untracked 
| 304|0x0000000093000000, 0x0000000093100000, 0x0000000093100000|100%| O|  |TAMS 0x0000000093000000| PB 0x0000000093000000| Untracked 
| 305|0x0000000093100000, 0x0000000093100000, 0x0000000093200000|  0%| F|  |TAMS 0x0000000093100000| PB 0x0000000093100000| Untracked 
| 306|0x0000000093200000, 0x0000000093300000, 0x0000000093300000|100%| O|  |TAMS 0x0000000093200000| PB 0x0000000093200000| Untracked 
| 307|0x0000000093300000, 0x0000000093300000, 0x0000000093400000|  0%| F|  |TAMS 0x0000000093300000| PB 0x0000000093300000| Untracked 
| 308|0x0000000093400000, 0x0000000093500000, 0x0000000093500000|100%| O|  |TAMS 0x0000000093400000| PB 0x0000000093400000| Untracked 
| 309|0x0000000093500000, 0x0000000093600000, 0x0000000093600000|100%| O|  |TAMS 0x0000000093500000| PB 0x0000000093500000| Untracked 
| 310|0x0000000093600000, 0x0000000093700000, 0x0000000093700000|100%| O|  |TAMS 0x0000000093600000| PB 0x0000000093600000| Untracked 
| 311|0x0000000093700000, 0x0000000093800000, 0x0000000093800000|100%| O|  |TAMS 0x0000000093700000| PB 0x0000000093700000| Untracked 
| 312|0x0000000093800000, 0x0000000093800000, 0x0000000093900000|  0%| F|  |TAMS 0x0000000093800000| PB 0x0000000093800000| Untracked 
| 313|0x0000000093900000, 0x0000000093a00000, 0x0000000093a00000|100%| O|  |TAMS 0x0000000093900000| PB 0x0000000093900000| Untracked 
| 314|0x0000000093a00000, 0x0000000093a00000, 0x0000000093b00000|  0%| F|  |TAMS 0x0000000093a00000| PB 0x0000000093a00000| Untracked 
| 315|0x0000000093b00000, 0x0000000093c00000, 0x0000000093c00000|100%| O|  |TAMS 0x0000000093b00000| PB 0x0000000093b00000| Untracked 
| 316|0x0000000093c00000, 0x0000000093c00000, 0x0000000093d00000|  0%| F|  |TAMS 0x0000000093c00000| PB 0x0000000093c00000| Untracked 
| 317|0x0000000093d00000, 0x0000000093d00000, 0x0000000093e00000|  0%| F|  |TAMS 0x0000000093d00000| PB 0x0000000093d00000| Untracked 
| 318|0x0000000093e00000, 0x0000000093f00000, 0x0000000093f00000|100%| O|  |TAMS 0x0000000093e00000| PB 0x0000000093e00000| Untracked 
| 319|0x0000000093f00000, 0x0000000094000000, 0x0000000094000000|100%| O|  |TAMS 0x0000000093f00000| PB 0x0000000093f00000| Untracked 
| 320|0x0000000094000000, 0x0000000094100000, 0x0000000094100000|100%| O|  |TAMS 0x0000000094000000| PB 0x0000000094000000| Untracked 
| 321|0x0000000094100000, 0x0000000094200000, 0x0000000094200000|100%| O|Cm|TAMS 0x0000000094100000| PB 0x0000000094100000| Complete 
| 322|0x0000000094200000, 0x0000000094300000, 0x0000000094300000|100%| O|  |TAMS 0x0000000094200000| PB 0x0000000094200000| Untracked 
| 323|0x0000000094300000, 0x0000000094400000, 0x0000000094400000|100%| O|  |TAMS 0x0000000094300000| PB 0x0000000094300000| Untracked 
| 324|0x0000000094400000, 0x0000000094500000, 0x0000000094500000|100%| O|  |TAMS 0x0000000094400000| PB 0x0000000094400000| Untracked 
| 325|0x0000000094500000, 0x0000000094600000, 0x0000000094600000|100%| O|  |TAMS 0x0000000094500000| PB 0x0000000094500000| Untracked 
| 326|0x0000000094600000, 0x0000000094700000, 0x0000000094700000|100%| O|Cm|TAMS 0x0000000094600000| PB 0x0000000094600000| Complete 
| 327|0x0000000094700000, 0x0000000094700000, 0x0000000094800000|  0%| F|  |TAMS 0x0000000094700000| PB 0x0000000094700000| Untracked 
| 328|0x0000000094800000, 0x0000000094900000, 0x0000000094900000|100%| O|  |TAMS 0x0000000094800000| PB 0x0000000094800000| Untracked 
| 329|0x0000000094900000, 0x0000000094900000, 0x0000000094a00000|  0%| F|  |TAMS 0x0000000094900000| PB 0x0000000094900000| Untracked 
| 330|0x0000000094a00000, 0x0000000094a00000, 0x0000000094b00000|  0%| F|  |TAMS 0x0000000094a00000| PB 0x0000000094a00000| Untracked 
| 331|0x0000000094b00000, 0x0000000094b00000, 0x0000000094c00000|  0%| F|  |TAMS 0x0000000094b00000| PB 0x0000000094b00000| Untracked 
| 332|0x0000000094c00000, 0x0000000094c00000, 0x0000000094d00000|  0%| F|  |TAMS 0x0000000094c00000| PB 0x0000000094c00000| Untracked 
| 333|0x0000000094d00000, 0x0000000094d00000, 0x0000000094e00000|  0%| F|  |TAMS 0x0000000094d00000| PB 0x0000000094d00000| Untracked 
| 334|0x0000000094e00000, 0x0000000094e00000, 0x0000000094f00000|  0%| F|  |TAMS 0x0000000094e00000| PB 0x0000000094e00000| Untracked 
| 335|0x0000000094f00000, 0x0000000095000000, 0x0000000095000000|100%| O|  |TAMS 0x0000000094f00000| PB 0x0000000094f00000| Untracked 
| 336|0x0000000095000000, 0x0000000095000000, 0x0000000095100000|  0%| F|  |TAMS 0x0000000095000000| PB 0x0000000095000000| Untracked 
| 337|0x0000000095100000, 0x0000000095100000, 0x0000000095200000|  0%| F|  |TAMS 0x0000000095100000| PB 0x0000000095100000| Untracked 
| 338|0x0000000095200000, 0x0000000095200000, 0x0000000095300000|  0%| F|  |TAMS 0x0000000095200000| PB 0x0000000095200000| Untracked 
| 339|0x0000000095300000, 0x0000000095400000, 0x0000000095400000|100%| O|Cm|TAMS 0x0000000095300000| PB 0x0000000095300000| Complete 
| 340|0x0000000095400000, 0x0000000095500000, 0x0000000095500000|100%| O|  |TAMS 0x0000000095400000| PB 0x0000000095400000| Untracked 
| 341|0x0000000095500000, 0x0000000095600000, 0x0000000095600000|100%| O|  |TAMS 0x0000000095500000| PB 0x0000000095500000| Untracked 
| 342|0x0000000095600000, 0x0000000095700000, 0x0000000095700000|100%| O|Cm|TAMS 0x0000000095600000| PB 0x0000000095600000| Complete 
| 343|0x0000000095700000, 0x0000000095800000, 0x0000000095800000|100%| O|  |TAMS 0x0000000095700000| PB 0x0000000095700000| Untracked 
| 344|0x0000000095800000, 0x0000000095900000, 0x0000000095900000|100%| O|  |TAMS 0x0000000095800000| PB 0x0000000095800000| Untracked 
| 345|0x0000000095900000, 0x0000000095a00000, 0x0000000095a00000|100%| O|  |TAMS 0x0000000095900000| PB 0x0000000095900000| Untracked 
| 346|0x0000000095a00000, 0x0000000095b00000, 0x0000000095b00000|100%| O|  |TAMS 0x0000000095a00000| PB 0x0000000095a00000| Untracked 
| 347|0x0000000095b00000, 0x0000000095c00000, 0x0000000095c00000|100%| O|  |TAMS 0x0000000095b00000| PB 0x0000000095b00000| Untracked 
| 348|0x0000000095c00000, 0x0000000095d00000, 0x0000000095d00000|100%| O|  |TAMS 0x0000000095c00000| PB 0x0000000095c00000| Untracked 
| 349|0x0000000095d00000, 0x0000000095e00000, 0x0000000095e00000|100%| O|  |TAMS 0x0000000095d00000| PB 0x0000000095d00000| Untracked 
| 350|0x0000000095e00000, 0x0000000095f00000, 0x0000000095f00000|100%| O|  |TAMS 0x0000000095e00000| PB 0x0000000095e00000| Untracked 
| 351|0x0000000095f00000, 0x0000000095f00000, 0x0000000096000000|  0%| F|  |TAMS 0x0000000095f00000| PB 0x0000000095f00000| Untracked 
| 352|0x0000000096000000, 0x0000000096100000, 0x0000000096100000|100%| O|  |TAMS 0x0000000096000000| PB 0x0000000096000000| Untracked 
| 353|0x0000000096100000, 0x0000000096100000, 0x0000000096200000|  0%| F|  |TAMS 0x0000000096100000| PB 0x0000000096100000| Untracked 
| 354|0x0000000096200000, 0x0000000096200000, 0x0000000096300000|  0%| F|  |TAMS 0x0000000096200000| PB 0x0000000096200000| Untracked 
| 355|0x0000000096300000, 0x0000000096400000, 0x0000000096400000|100%| O|  |TAMS 0x0000000096300000| PB 0x0000000096300000| Untracked 
| 356|0x0000000096400000, 0x0000000096500000, 0x0000000096500000|100%| O|  |TAMS 0x0000000096400000| PB 0x0000000096400000| Untracked 
| 357|0x0000000096500000, 0x0000000096500000, 0x0000000096600000|  0%| F|  |TAMS 0x0000000096500000| PB 0x0000000096500000| Untracked 
| 358|0x0000000096600000, 0x0000000096700000, 0x0000000096700000|100%| O|  |TAMS 0x0000000096600000| PB 0x0000000096600000| Untracked 
| 359|0x0000000096700000, 0x0000000096800000, 0x0000000096800000|100%| O|  |TAMS 0x0000000096700000| PB 0x0000000096700000| Untracked 
| 360|0x0000000096800000, 0x0000000096800000, 0x0000000096900000|  0%| F|  |TAMS 0x0000000096800000| PB 0x0000000096800000| Untracked 
| 361|0x0000000096900000, 0x0000000096a00000, 0x0000000096a00000|100%| O|  |TAMS 0x0000000096900000| PB 0x0000000096900000| Untracked 
| 362|0x0000000096a00000, 0x0000000096a00000, 0x0000000096b00000|  0%| F|  |TAMS 0x0000000096a00000| PB 0x0000000096a00000| Untracked 
| 363|0x0000000096b00000, 0x0000000096c00000, 0x0000000096c00000|100%| O|  |TAMS 0x0000000096b00000| PB 0x0000000096b00000| Untracked 
| 364|0x0000000096c00000, 0x0000000096d00000, 0x0000000096d00000|100%| O|  |TAMS 0x0000000096c00000| PB 0x0000000096c00000| Untracked 
| 365|0x0000000096d00000, 0x0000000096e00000, 0x0000000096e00000|100%| O|  |TAMS 0x0000000096d00000| PB 0x0000000096d00000| Untracked 
| 366|0x0000000096e00000, 0x0000000096f00000, 0x0000000096f00000|100%| O|  |TAMS 0x0000000096e00000| PB 0x0000000096e00000| Untracked 
| 367|0x0000000096f00000, 0x0000000097000000, 0x0000000097000000|100%| O|  |TAMS 0x0000000096f00000| PB 0x0000000096f00000| Untracked 
| 368|0x0000000097000000, 0x0000000097100000, 0x0000000097100000|100%| O|  |TAMS 0x0000000097000000| PB 0x0000000097000000| Untracked 
| 369|0x0000000097100000, 0x0000000097200000, 0x0000000097200000|100%| O|  |TAMS 0x0000000097100000| PB 0x0000000097100000| Untracked 
| 370|0x0000000097200000, 0x0000000097300000, 0x0000000097300000|100%| O|  |TAMS 0x0000000097200000| PB 0x0000000097200000| Untracked 
| 371|0x0000000097300000, 0x0000000097400000, 0x0000000097400000|100%| O|  |TAMS 0x0000000097300000| PB 0x0000000097300000| Untracked 
| 372|0x0000000097400000, 0x0000000097400000, 0x0000000097500000|  0%| F|  |TAMS 0x0000000097400000| PB 0x0000000097400000| Untracked 
| 373|0x0000000097500000, 0x0000000097600000, 0x0000000097600000|100%| O|  |TAMS 0x0000000097500000| PB 0x0000000097500000| Untracked 
| 374|0x0000000097600000, 0x0000000097700000, 0x0000000097700000|100%| O|  |TAMS 0x0000000097600000| PB 0x0000000097600000| Untracked 
| 375|0x0000000097700000, 0x0000000097800000, 0x0000000097800000|100%| O|  |TAMS 0x0000000097700000| PB 0x0000000097700000| Untracked 
| 376|0x0000000097800000, 0x0000000097800000, 0x0000000097900000|  0%| F|  |TAMS 0x0000000097800000| PB 0x0000000097800000| Untracked 
| 377|0x0000000097900000, 0x0000000097900000, 0x0000000097a00000|  0%| F|  |TAMS 0x0000000097900000| PB 0x0000000097900000| Untracked 
| 378|0x0000000097a00000, 0x0000000097a00000, 0x0000000097b00000|  0%| F|  |TAMS 0x0000000097a00000| PB 0x0000000097a00000| Untracked 
| 379|0x0000000097b00000, 0x0000000097c00000, 0x0000000097c00000|100%| O|  |TAMS 0x0000000097b00000| PB 0x0000000097b00000| Untracked 
| 380|0x0000000097c00000, 0x0000000097d00000, 0x0000000097d00000|100%| O|  |TAMS 0x0000000097c00000| PB 0x0000000097c00000| Untracked 
| 381|0x0000000097d00000, 0x0000000097e00000, 0x0000000097e00000|100%| O|  |TAMS 0x0000000097d00000| PB 0x0000000097d00000| Untracked 
| 382|0x0000000097e00000, 0x0000000097f00000, 0x0000000097f00000|100%| O|  |TAMS 0x0000000097e00000| PB 0x0000000097e00000| Untracked 
| 383|0x0000000097f00000, 0x0000000097f00000, 0x0000000098000000|  0%| F|  |TAMS 0x0000000097f00000| PB 0x0000000097f00000| Untracked 
| 384|0x0000000098000000, 0x0000000098000000, 0x0000000098100000|  0%| F|  |TAMS 0x0000000098000000| PB 0x0000000098000000| Untracked 
| 385|0x0000000098100000, 0x0000000098100000, 0x0000000098200000|  0%| F|  |TAMS 0x0000000098100000| PB 0x0000000098100000| Untracked 
| 386|0x0000000098200000, 0x0000000098300000, 0x0000000098300000|100%| O|  |TAMS 0x0000000098200000| PB 0x0000000098200000| Untracked 
| 387|0x0000000098300000, 0x0000000098400000, 0x0000000098400000|100%| O|  |TAMS 0x0000000098300000| PB 0x0000000098300000| Untracked 
| 388|0x0000000098400000, 0x0000000098500000, 0x0000000098500000|100%| O|  |TAMS 0x0000000098400000| PB 0x0000000098400000| Untracked 
| 389|0x0000000098500000, 0x0000000098500000, 0x0000000098600000|  0%| F|  |TAMS 0x0000000098500000| PB 0x0000000098500000| Untracked 
| 390|0x0000000098600000, 0x0000000098700000, 0x0000000098700000|100%| O|  |TAMS 0x0000000098600000| PB 0x0000000098600000| Untracked 
| 391|0x0000000098700000, 0x0000000098700000, 0x0000000098800000|  0%| F|  |TAMS 0x0000000098700000| PB 0x0000000098700000| Untracked 
| 392|0x0000000098800000, 0x0000000098800000, 0x0000000098900000|  0%| F|  |TAMS 0x0000000098800000| PB 0x0000000098800000| Untracked 
| 393|0x0000000098900000, 0x0000000098900000, 0x0000000098a00000|  0%| F|  |TAMS 0x0000000098900000| PB 0x0000000098900000| Untracked 
| 394|0x0000000098a00000, 0x0000000098a00000, 0x0000000098b00000|  0%| F|  |TAMS 0x0000000098a00000| PB 0x0000000098a00000| Untracked 
| 395|0x0000000098b00000, 0x0000000098b00000, 0x0000000098c00000|  0%| F|  |TAMS 0x0000000098b00000| PB 0x0000000098b00000| Untracked 
| 396|0x0000000098c00000, 0x0000000098c00000, 0x0000000098d00000|  0%| F|  |TAMS 0x0000000098c00000| PB 0x0000000098c00000| Untracked 
| 397|0x0000000098d00000, 0x0000000098d00000, 0x0000000098e00000|  0%| F|  |TAMS 0x0000000098d00000| PB 0x0000000098d00000| Untracked 
| 398|0x0000000098e00000, 0x0000000098e00000, 0x0000000098f00000|  0%| F|  |TAMS 0x0000000098e00000| PB 0x0000000098e00000| Untracked 
| 399|0x0000000098f00000, 0x0000000098f00000, 0x0000000099000000|  0%| F|  |TAMS 0x0000000098f00000| PB 0x0000000098f00000| Untracked 
| 400|0x0000000099000000, 0x0000000099000000, 0x0000000099100000|  0%| F|  |TAMS 0x0000000099000000| PB 0x0000000099000000| Untracked 
| 401|0x0000000099100000, 0x0000000099100000, 0x0000000099200000|  0%| F|  |TAMS 0x0000000099100000| PB 0x0000000099100000| Untracked 
| 402|0x0000000099200000, 0x0000000099200000, 0x0000000099300000|  0%| F|  |TAMS 0x0000000099200000| PB 0x0000000099200000| Untracked 
| 403|0x0000000099300000, 0x0000000099300000, 0x0000000099400000|  0%| F|  |TAMS 0x0000000099300000| PB 0x0000000099300000| Untracked 
| 404|0x0000000099400000, 0x0000000099400000, 0x0000000099500000|  0%| F|  |TAMS 0x0000000099400000| PB 0x0000000099400000| Untracked 
| 405|0x0000000099500000, 0x0000000099500000, 0x0000000099600000|  0%| F|  |TAMS 0x0000000099500000| PB 0x0000000099500000| Untracked 
| 406|0x0000000099600000, 0x0000000099700000, 0x0000000099700000|100%| O|  |TAMS 0x0000000099600000| PB 0x0000000099600000| Untracked 
| 407|0x0000000099700000, 0x0000000099800000, 0x0000000099800000|100%| O|  |TAMS 0x0000000099700000| PB 0x0000000099700000| Untracked 
| 408|0x0000000099800000, 0x0000000099900000, 0x0000000099900000|100%| O|  |TAMS 0x0000000099800000| PB 0x0000000099800000| Untracked 
| 409|0x0000000099900000, 0x0000000099a00000, 0x0000000099a00000|100%| O|  |TAMS 0x0000000099900000| PB 0x0000000099900000| Untracked 
| 410|0x0000000099a00000, 0x0000000099b00000, 0x0000000099b00000|100%| O|  |TAMS 0x0000000099a00000| PB 0x0000000099a00000| Untracked 
| 411|0x0000000099b00000, 0x0000000099b00000, 0x0000000099c00000|  0%| F|  |TAMS 0x0000000099b00000| PB 0x0000000099b00000| Untracked 
| 412|0x0000000099c00000, 0x0000000099d00000, 0x0000000099d00000|100%| O|  |TAMS 0x0000000099c00000| PB 0x0000000099c00000| Untracked 
| 413|0x0000000099d00000, 0x0000000099e00000, 0x0000000099e00000|100%| O|  |TAMS 0x0000000099d00000| PB 0x0000000099d00000| Untracked 
| 414|0x0000000099e00000, 0x0000000099e00000, 0x0000000099f00000|  0%| F|  |TAMS 0x0000000099e00000| PB 0x0000000099e00000| Untracked 
| 415|0x0000000099f00000, 0x0000000099f00000, 0x000000009a000000|  0%| F|  |TAMS 0x0000000099f00000| PB 0x0000000099f00000| Untracked 
| 416|0x000000009a000000, 0x000000009a100000, 0x000000009a100000|100%| O|  |TAMS 0x000000009a000000| PB 0x000000009a000000| Untracked 
| 417|0x000000009a100000, 0x000000009a100000, 0x000000009a200000|  0%| F|  |TAMS 0x000000009a100000| PB 0x000000009a100000| Untracked 
| 418|0x000000009a200000, 0x000000009a200000, 0x000000009a300000|  0%| F|  |TAMS 0x000000009a200000| PB 0x000000009a200000| Untracked 
| 419|0x000000009a300000, 0x000000009a300000, 0x000000009a400000|  0%| F|  |TAMS 0x000000009a300000| PB 0x000000009a300000| Untracked 
| 420|0x000000009a400000, 0x000000009a400000, 0x000000009a500000|  0%| F|  |TAMS 0x000000009a400000| PB 0x000000009a400000| Untracked 
| 421|0x000000009a500000, 0x000000009a500000, 0x000000009a600000|  0%| F|  |TAMS 0x000000009a500000| PB 0x000000009a500000| Untracked 
| 422|0x000000009a600000, 0x000000009a700000, 0x000000009a700000|100%| O|  |TAMS 0x000000009a600000| PB 0x000000009a600000| Untracked 
| 423|0x000000009a700000, 0x000000009a700000, 0x000000009a800000|  0%| F|  |TAMS 0x000000009a700000| PB 0x000000009a700000| Untracked 
| 424|0x000000009a800000, 0x000000009a800000, 0x000000009a900000|  0%| F|  |TAMS 0x000000009a800000| PB 0x000000009a800000| Untracked 
| 425|0x000000009a900000, 0x000000009aa00000, 0x000000009aa00000|100%| O|  |TAMS 0x000000009a900000| PB 0x000000009a900000| Untracked 
| 426|0x000000009aa00000, 0x000000009aa00000, 0x000000009ab00000|  0%| F|  |TAMS 0x000000009aa00000| PB 0x000000009aa00000| Untracked 
| 427|0x000000009ab00000, 0x000000009ac00000, 0x000000009ac00000|100%| O|  |TAMS 0x000000009ab00000| PB 0x000000009ab00000| Untracked 
| 428|0x000000009ac00000, 0x000000009ad00000, 0x000000009ad00000|100%| O|  |TAMS 0x000000009ac00000| PB 0x000000009ac00000| Untracked 
| 429|0x000000009ad00000, 0x000000009ae00000, 0x000000009ae00000|100%| O|  |TAMS 0x000000009ad00000| PB 0x000000009ad00000| Untracked 
| 430|0x000000009ae00000, 0x000000009af00000, 0x000000009af00000|100%| O|  |TAMS 0x000000009ae00000| PB 0x000000009ae00000| Untracked 
| 431|0x000000009af00000, 0x000000009af00000, 0x000000009b000000|  0%| F|  |TAMS 0x000000009af00000| PB 0x000000009af00000| Untracked 
| 432|0x000000009b000000, 0x000000009b000000, 0x000000009b100000|  0%| F|  |TAMS 0x000000009b000000| PB 0x000000009b000000| Untracked 
| 433|0x000000009b100000, 0x000000009b100000, 0x000000009b200000|  0%| F|  |TAMS 0x000000009b100000| PB 0x000000009b100000| Untracked 
| 434|0x000000009b200000, 0x000000009b200000, 0x000000009b300000|  0%| F|  |TAMS 0x000000009b200000| PB 0x000000009b200000| Untracked 
| 435|0x000000009b300000, 0x000000009b300000, 0x000000009b400000|  0%| F|  |TAMS 0x000000009b300000| PB 0x000000009b300000| Untracked 
| 436|0x000000009b400000, 0x000000009b500000, 0x000000009b500000|100%| O|  |TAMS 0x000000009b400000| PB 0x000000009b400000| Untracked 
| 437|0x000000009b500000, 0x000000009b600000, 0x000000009b600000|100%| O|  |TAMS 0x000000009b500000| PB 0x000000009b500000| Untracked 
| 438|0x000000009b600000, 0x000000009b600000, 0x000000009b700000|  0%| F|  |TAMS 0x000000009b600000| PB 0x000000009b600000| Untracked 
| 439|0x000000009b700000, 0x000000009b800000, 0x000000009b800000|100%| O|  |TAMS 0x000000009b700000| PB 0x000000009b700000| Untracked 
| 440|0x000000009b800000, 0x000000009b900000, 0x000000009b900000|100%| O|  |TAMS 0x000000009b800000| PB 0x000000009b800000| Untracked 
| 441|0x000000009b900000, 0x000000009ba00000, 0x000000009ba00000|100%| O|  |TAMS 0x000000009b900000| PB 0x000000009b900000| Untracked 
| 442|0x000000009ba00000, 0x000000009bb00000, 0x000000009bb00000|100%| O|  |TAMS 0x000000009ba00000| PB 0x000000009ba00000| Untracked 
| 443|0x000000009bb00000, 0x000000009bc00000, 0x000000009bc00000|100%| O|  |TAMS 0x000000009bb00000| PB 0x000000009bb00000| Untracked 
| 444|0x000000009bc00000, 0x000000009bd00000, 0x000000009bd00000|100%| O|  |TAMS 0x000000009bc00000| PB 0x000000009bc00000| Untracked 
| 445|0x000000009bd00000, 0x000000009be00000, 0x000000009be00000|100%| O|  |TAMS 0x000000009bd00000| PB 0x000000009bd00000| Untracked 
| 446|0x000000009be00000, 0x000000009bf00000, 0x000000009bf00000|100%| O|  |TAMS 0x000000009be00000| PB 0x000000009be00000| Untracked 
| 447|0x000000009bf00000, 0x000000009c000000, 0x000000009c000000|100%| O|  |TAMS 0x000000009bf00000| PB 0x000000009bf00000| Untracked 
| 448|0x000000009c000000, 0x000000009c000000, 0x000000009c100000|  0%| F|  |TAMS 0x000000009c000000| PB 0x000000009c000000| Untracked 
| 449|0x000000009c100000, 0x000000009c100000, 0x000000009c200000|  0%| F|  |TAMS 0x000000009c100000| PB 0x000000009c100000| Untracked 
| 450|0x000000009c200000, 0x000000009c200000, 0x000000009c300000|  0%| F|  |TAMS 0x000000009c200000| PB 0x000000009c200000| Untracked 
| 451|0x000000009c300000, 0x000000009c400000, 0x000000009c400000|100%| O|  |TAMS 0x000000009c300000| PB 0x000000009c300000| Untracked 
| 452|0x000000009c400000, 0x000000009c500000, 0x000000009c500000|100%| O|  |TAMS 0x000000009c400000| PB 0x000000009c400000| Untracked 
| 453|0x000000009c500000, 0x000000009c600000, 0x000000009c600000|100%| O|  |TAMS 0x000000009c500000| PB 0x000000009c500000| Untracked 
| 454|0x000000009c600000, 0x000000009c600000, 0x000000009c700000|  0%| F|  |TAMS 0x000000009c600000| PB 0x000000009c600000| Untracked 
| 455|0x000000009c700000, 0x000000009c700000, 0x000000009c800000|  0%| F|  |TAMS 0x000000009c700000| PB 0x000000009c700000| Untracked 
| 456|0x000000009c800000, 0x000000009c800000, 0x000000009c900000|  0%| F|  |TAMS 0x000000009c800000| PB 0x000000009c800000| Untracked 
| 457|0x000000009c900000, 0x000000009c900000, 0x000000009ca00000|  0%| F|  |TAMS 0x000000009c900000| PB 0x000000009c900000| Untracked 
| 458|0x000000009ca00000, 0x000000009ca00000, 0x000000009cb00000|  0%| F|  |TAMS 0x000000009ca00000| PB 0x000000009ca00000| Untracked 
| 459|0x000000009cb00000, 0x000000009cb00000, 0x000000009cc00000|  0%| F|  |TAMS 0x000000009cb00000| PB 0x000000009cb00000| Untracked 
| 460|0x000000009cc00000, 0x000000009cc00000, 0x000000009cd00000|  0%| F|  |TAMS 0x000000009cc00000| PB 0x000000009cc00000| Untracked 
| 461|0x000000009cd00000, 0x000000009cd00000, 0x000000009ce00000|  0%| F|  |TAMS 0x000000009cd00000| PB 0x000000009cd00000| Untracked 
| 462|0x000000009ce00000, 0x000000009ce00000, 0x000000009cf00000|  0%| F|  |TAMS 0x000000009ce00000| PB 0x000000009ce00000| Untracked 
| 463|0x000000009cf00000, 0x000000009cf00000, 0x000000009d000000|  0%| F|  |TAMS 0x000000009cf00000| PB 0x000000009cf00000| Untracked 
| 464|0x000000009d000000, 0x000000009d100000, 0x000000009d100000|100%| O|Cm|TAMS 0x000000009d000000| PB 0x000000009d000000| Complete 
| 465|0x000000009d100000, 0x000000009d100000, 0x000000009d200000|  0%| F|  |TAMS 0x000000009d100000| PB 0x000000009d100000| Untracked 
| 466|0x000000009d200000, 0x000000009d200000, 0x000000009d300000|  0%| F|  |TAMS 0x000000009d200000| PB 0x000000009d200000| Untracked 
| 467|0x000000009d300000, 0x000000009d300000, 0x000000009d400000|  0%| F|  |TAMS 0x000000009d300000| PB 0x000000009d300000| Untracked 
| 468|0x000000009d400000, 0x000000009d400000, 0x000000009d500000|  0%| F|  |TAMS 0x000000009d400000| PB 0x000000009d400000| Untracked 
| 469|0x000000009d500000, 0x000000009d500000, 0x000000009d600000|  0%| F|  |TAMS 0x000000009d500000| PB 0x000000009d500000| Untracked 
| 470|0x000000009d600000, 0x000000009d600000, 0x000000009d700000|  0%| F|  |TAMS 0x000000009d600000| PB 0x000000009d600000| Untracked 
| 471|0x000000009d700000, 0x000000009d800000, 0x000000009d800000|100%| O|  |TAMS 0x000000009d700000| PB 0x000000009d700000| Untracked 
| 472|0x000000009d800000, 0x000000009d800000, 0x000000009d900000|  0%| F|  |TAMS 0x000000009d800000| PB 0x000000009d800000| Untracked 
| 473|0x000000009d900000, 0x000000009d900000, 0x000000009da00000|  0%| F|  |TAMS 0x000000009d900000| PB 0x000000009d900000| Untracked 
| 474|0x000000009da00000, 0x000000009da00000, 0x000000009db00000|  0%| F|  |TAMS 0x000000009da00000| PB 0x000000009da00000| Untracked 
| 475|0x000000009db00000, 0x000000009dc00000, 0x000000009dc00000|100%| O|  |TAMS 0x000000009db00000| PB 0x000000009db00000| Untracked 
| 476|0x000000009dc00000, 0x000000009dc00000, 0x000000009dd00000|  0%| F|  |TAMS 0x000000009dc00000| PB 0x000000009dc00000| Untracked 
| 477|0x000000009dd00000, 0x000000009dd00000, 0x000000009de00000|  0%| F|  |TAMS 0x000000009dd00000| PB 0x000000009dd00000| Untracked 
| 478|0x000000009de00000, 0x000000009de00000, 0x000000009df00000|  0%| F|  |TAMS 0x000000009de00000| PB 0x000000009de00000| Untracked 
| 479|0x000000009df00000, 0x000000009df00000, 0x000000009e000000|  0%| F|  |TAMS 0x000000009df00000| PB 0x000000009df00000| Untracked 
| 480|0x000000009e000000, 0x000000009e000000, 0x000000009e100000|  0%| F|  |TAMS 0x000000009e000000| PB 0x000000009e000000| Untracked 
| 481|0x000000009e100000, 0x000000009e100000, 0x000000009e200000|  0%| F|  |TAMS 0x000000009e100000| PB 0x000000009e100000| Untracked 
| 482|0x000000009e200000, 0x000000009e200000, 0x000000009e300000|  0%| F|  |TAMS 0x000000009e200000| PB 0x000000009e200000| Untracked 
| 483|0x000000009e300000, 0x000000009e400000, 0x000000009e400000|100%|HS|  |TAMS 0x000000009e300000| PB 0x000000009e300000| Complete 
| 484|0x000000009e400000, 0x000000009e500000, 0x000000009e500000|100%|HC|  |TAMS 0x000000009e400000| PB 0x000000009e400000| Complete 
| 485|0x000000009e500000, 0x000000009e600000, 0x000000009e600000|100%|HC|  |TAMS 0x000000009e500000| PB 0x000000009e500000| Complete 
| 486|0x000000009e600000, 0x000000009e700000, 0x000000009e700000|100%|HC|  |TAMS 0x000000009e600000| PB 0x000000009e600000| Complete 
| 487|0x000000009e700000, 0x000000009e800000, 0x000000009e800000|100%|HC|  |TAMS 0x000000009e700000| PB 0x000000009e700000| Complete 
| 488|0x000000009e800000, 0x000000009e900000, 0x000000009e900000|100%|HC|  |TAMS 0x000000009e800000| PB 0x000000009e800000| Complete 
| 489|0x000000009e900000, 0x000000009ea00000, 0x000000009ea00000|100%|HC|  |TAMS 0x000000009e900000| PB 0x000000009e900000| Complete 
| 490|0x000000009ea00000, 0x000000009ea00000, 0x000000009eb00000|  0%| F|  |TAMS 0x000000009ea00000| PB 0x000000009ea00000| Untracked 
| 491|0x000000009eb00000, 0x000000009eb00000, 0x000000009ec00000|  0%| F|  |TAMS 0x000000009eb00000| PB 0x000000009eb00000| Untracked 
| 492|0x000000009ec00000, 0x000000009ec00000, 0x000000009ed00000|  0%| F|  |TAMS 0x000000009ec00000| PB 0x000000009ec00000| Untracked 
| 493|0x000000009ed00000, 0x000000009ed00000, 0x000000009ee00000|  0%| F|  |TAMS 0x000000009ed00000| PB 0x000000009ed00000| Untracked 
| 494|0x000000009ee00000, 0x000000009ee00000, 0x000000009ef00000|  0%| F|  |TAMS 0x000000009ee00000| PB 0x000000009ee00000| Untracked 
| 495|0x000000009ef00000, 0x000000009ef00000, 0x000000009f000000|  0%| F|  |TAMS 0x000000009ef00000| PB 0x000000009ef00000| Untracked 
| 496|0x000000009f000000, 0x000000009f000000, 0x000000009f100000|  0%| F|  |TAMS 0x000000009f000000| PB 0x000000009f000000| Untracked 
| 497|0x000000009f100000, 0x000000009f100000, 0x000000009f200000|  0%| F|  |TAMS 0x000000009f100000| PB 0x000000009f100000| Untracked 
| 498|0x000000009f200000, 0x000000009f200000, 0x000000009f300000|  0%| F|  |TAMS 0x000000009f200000| PB 0x000000009f200000| Untracked 
| 499|0x000000009f300000, 0x000000009f400000, 0x000000009f400000|100%| O|  |TAMS 0x000000009f300000| PB 0x000000009f300000| Untracked 
| 500|0x000000009f400000, 0x000000009f400000, 0x000000009f500000|  0%| F|  |TAMS 0x000000009f400000| PB 0x000000009f400000| Untracked 
| 501|0x000000009f500000, 0x000000009f500000, 0x000000009f600000|  0%| F|  |TAMS 0x000000009f500000| PB 0x000000009f500000| Untracked 
| 502|0x000000009f600000, 0x000000009f700000, 0x000000009f700000|100%| O|  |TAMS 0x000000009f600000| PB 0x000000009f600000| Untracked 
| 503|0x000000009f700000, 0x000000009f700000, 0x000000009f800000|  0%| F|  |TAMS 0x000000009f700000| PB 0x000000009f700000| Untracked 
| 504|0x000000009f800000, 0x000000009f800000, 0x000000009f900000|  0%| F|  |TAMS 0x000000009f800000| PB 0x000000009f800000| Untracked 
| 505|0x000000009f900000, 0x000000009f900000, 0x000000009fa00000|  0%| F|  |TAMS 0x000000009f900000| PB 0x000000009f900000| Untracked 
| 506|0x000000009fa00000, 0x000000009fa00000, 0x000000009fb00000|  0%| F|  |TAMS 0x000000009fa00000| PB 0x000000009fa00000| Untracked 
| 507|0x000000009fb00000, 0x000000009fb00000, 0x000000009fc00000|  0%| F|  |TAMS 0x000000009fb00000| PB 0x000000009fb00000| Untracked 
| 508|0x000000009fc00000, 0x000000009fc00000, 0x000000009fd00000|  0%| F|  |TAMS 0x000000009fc00000| PB 0x000000009fc00000| Untracked 
| 509|0x000000009fd00000, 0x000000009fd00000, 0x000000009fe00000|  0%| F|  |TAMS 0x000000009fd00000| PB 0x000000009fd00000| Untracked 
| 510|0x000000009fe00000, 0x000000009fe00000, 0x000000009ff00000|  0%| F|  |TAMS 0x000000009fe00000| PB 0x000000009fe00000| Untracked 
| 511|0x000000009ff00000, 0x000000009ff00000, 0x00000000a0000000|  0%| F|  |TAMS 0x000000009ff00000| PB 0x000000009ff00000| Untracked 
| 512|0x00000000a0000000, 0x00000000a0000000, 0x00000000a0100000|  0%| F|  |TAMS 0x00000000a0000000| PB 0x00000000a0000000| Untracked 
| 513|0x00000000a0100000, 0x00000000a0100000, 0x00000000a0200000|  0%| F|  |TAMS 0x00000000a0100000| PB 0x00000000a0100000| Untracked 
| 514|0x00000000a0200000, 0x00000000a0200000, 0x00000000a0300000|  0%| F|  |TAMS 0x00000000a0200000| PB 0x00000000a0200000| Untracked 
| 515|0x00000000a0300000, 0x00000000a0300000, 0x00000000a0400000|  0%| F|  |TAMS 0x00000000a0300000| PB 0x00000000a0300000| Untracked 
| 516|0x00000000a0400000, 0x00000000a0400000, 0x00000000a0500000|  0%| F|  |TAMS 0x00000000a0400000| PB 0x00000000a0400000| Untracked 
| 517|0x00000000a0500000, 0x00000000a0500000, 0x00000000a0600000|  0%| F|  |TAMS 0x00000000a0500000| PB 0x00000000a0500000| Untracked 
| 518|0x00000000a0600000, 0x00000000a0600000, 0x00000000a0700000|  0%| F|  |TAMS 0x00000000a0600000| PB 0x00000000a0600000| Untracked 
| 519|0x00000000a0700000, 0x00000000a0700000, 0x00000000a0800000|  0%| F|  |TAMS 0x00000000a0700000| PB 0x00000000a0700000| Untracked 
| 520|0x00000000a0800000, 0x00000000a0800000, 0x00000000a0900000|  0%| F|  |TAMS 0x00000000a0800000| PB 0x00000000a0800000| Untracked 
| 521|0x00000000a0900000, 0x00000000a0900000, 0x00000000a0a00000|  0%| F|  |TAMS 0x00000000a0900000| PB 0x00000000a0900000| Untracked 
| 522|0x00000000a0a00000, 0x00000000a0a00000, 0x00000000a0b00000|  0%| F|  |TAMS 0x00000000a0a00000| PB 0x00000000a0a00000| Untracked 
| 523|0x00000000a0b00000, 0x00000000a0b00000, 0x00000000a0c00000|  0%| F|  |TAMS 0x00000000a0b00000| PB 0x00000000a0b00000| Untracked 
| 524|0x00000000a0c00000, 0x00000000a0c00000, 0x00000000a0d00000|  0%| F|  |TAMS 0x00000000a0c00000| PB 0x00000000a0c00000| Untracked 
| 525|0x00000000a0d00000, 0x00000000a0d00000, 0x00000000a0e00000|  0%| F|  |TAMS 0x00000000a0d00000| PB 0x00000000a0d00000| Untracked 
| 526|0x00000000a0e00000, 0x00000000a0e00000, 0x00000000a0f00000|  0%| F|  |TAMS 0x00000000a0e00000| PB 0x00000000a0e00000| Untracked 
| 527|0x00000000a0f00000, 0x00000000a0f00000, 0x00000000a1000000|  0%| F|  |TAMS 0x00000000a0f00000| PB 0x00000000a0f00000| Untracked 
| 528|0x00000000a1000000, 0x00000000a1000000, 0x00000000a1100000|  0%| F|  |TAMS 0x00000000a1000000| PB 0x00000000a1000000| Untracked 
| 529|0x00000000a1100000, 0x00000000a1100000, 0x00000000a1200000|  0%| F|  |TAMS 0x00000000a1100000| PB 0x00000000a1100000| Untracked 
| 530|0x00000000a1200000, 0x00000000a1200000, 0x00000000a1300000|  0%| F|  |TAMS 0x00000000a1200000| PB 0x00000000a1200000| Untracked 
| 531|0x00000000a1300000, 0x00000000a1300000, 0x00000000a1400000|  0%| F|  |TAMS 0x00000000a1300000| PB 0x00000000a1300000| Untracked 
| 532|0x00000000a1400000, 0x00000000a1400000, 0x00000000a1500000|  0%| F|  |TAMS 0x00000000a1400000| PB 0x00000000a1400000| Untracked 
| 533|0x00000000a1500000, 0x00000000a1500000, 0x00000000a1600000|  0%| F|  |TAMS 0x00000000a1500000| PB 0x00000000a1500000| Untracked 
| 534|0x00000000a1600000, 0x00000000a1600000, 0x00000000a1700000|  0%| F|  |TAMS 0x00000000a1600000| PB 0x00000000a1600000| Untracked 
| 535|0x00000000a1700000, 0x00000000a1700000, 0x00000000a1800000|  0%| F|  |TAMS 0x00000000a1700000| PB 0x00000000a1700000| Untracked 
| 536|0x00000000a1800000, 0x00000000a1800000, 0x00000000a1900000|  0%| F|  |TAMS 0x00000000a1800000| PB 0x00000000a1800000| Untracked 
| 537|0x00000000a1900000, 0x00000000a1900000, 0x00000000a1a00000|  0%| F|  |TAMS 0x00000000a1900000| PB 0x00000000a1900000| Untracked 
| 538|0x00000000a1a00000, 0x00000000a1a00000, 0x00000000a1b00000|  0%| F|  |TAMS 0x00000000a1a00000| PB 0x00000000a1a00000| Untracked 
| 539|0x00000000a1b00000, 0x00000000a1b00000, 0x00000000a1c00000|  0%| F|  |TAMS 0x00000000a1b00000| PB 0x00000000a1b00000| Untracked 
| 540|0x00000000a1c00000, 0x00000000a1c00000, 0x00000000a1d00000|  0%| F|  |TAMS 0x00000000a1c00000| PB 0x00000000a1c00000| Untracked 
| 541|0x00000000a1d00000, 0x00000000a1d00000, 0x00000000a1e00000|  0%| F|  |TAMS 0x00000000a1d00000| PB 0x00000000a1d00000| Untracked 
| 542|0x00000000a1e00000, 0x00000000a1e00000, 0x00000000a1f00000|  0%| F|  |TAMS 0x00000000a1e00000| PB 0x00000000a1e00000| Untracked 
| 543|0x00000000a1f00000, 0x00000000a1f00000, 0x00000000a2000000|  0%| F|  |TAMS 0x00000000a1f00000| PB 0x00000000a1f00000| Untracked 
| 544|0x00000000a2000000, 0x00000000a2000000, 0x00000000a2100000|  0%| F|  |TAMS 0x00000000a2000000| PB 0x00000000a2000000| Untracked 
| 545|0x00000000a2100000, 0x00000000a2100000, 0x00000000a2200000|  0%| F|  |TAMS 0x00000000a2100000| PB 0x00000000a2100000| Untracked 
| 546|0x00000000a2200000, 0x00000000a2200000, 0x00000000a2300000|  0%| F|  |TAMS 0x00000000a2200000| PB 0x00000000a2200000| Untracked 
| 547|0x00000000a2300000, 0x00000000a2300000, 0x00000000a2400000|  0%| F|  |TAMS 0x00000000a2300000| PB 0x00000000a2300000| Untracked 
| 548|0x00000000a2400000, 0x00000000a2400000, 0x00000000a2500000|  0%| F|  |TAMS 0x00000000a2400000| PB 0x00000000a2400000| Untracked 
| 549|0x00000000a2500000, 0x00000000a2500000, 0x00000000a2600000|  0%| F|  |TAMS 0x00000000a2500000| PB 0x00000000a2500000| Untracked 
| 550|0x00000000a2600000, 0x00000000a2600000, 0x00000000a2700000|  0%| F|  |TAMS 0x00000000a2600000| PB 0x00000000a2600000| Untracked 
| 551|0x00000000a2700000, 0x00000000a2700000, 0x00000000a2800000|  0%| F|  |TAMS 0x00000000a2700000| PB 0x00000000a2700000| Untracked 
| 552|0x00000000a2800000, 0x00000000a2800000, 0x00000000a2900000|  0%| F|  |TAMS 0x00000000a2800000| PB 0x00000000a2800000| Untracked 
| 553|0x00000000a2900000, 0x00000000a2900000, 0x00000000a2a00000|  0%| F|  |TAMS 0x00000000a2900000| PB 0x00000000a2900000| Untracked 
| 554|0x00000000a2a00000, 0x00000000a2a00000, 0x00000000a2b00000|  0%| F|  |TAMS 0x00000000a2a00000| PB 0x00000000a2a00000| Untracked 
| 555|0x00000000a2b00000, 0x00000000a2b00000, 0x00000000a2c00000|  0%| F|  |TAMS 0x00000000a2b00000| PB 0x00000000a2b00000| Untracked 
| 556|0x00000000a2c00000, 0x00000000a2c00000, 0x00000000a2d00000|  0%| F|  |TAMS 0x00000000a2c00000| PB 0x00000000a2c00000| Untracked 
| 557|0x00000000a2d00000, 0x00000000a2d00000, 0x00000000a2e00000|  0%| F|  |TAMS 0x00000000a2d00000| PB 0x00000000a2d00000| Untracked 
| 558|0x00000000a2e00000, 0x00000000a2e00000, 0x00000000a2f00000|  0%| F|  |TAMS 0x00000000a2e00000| PB 0x00000000a2e00000| Untracked 
| 559|0x00000000a2f00000, 0x00000000a2f00000, 0x00000000a3000000|  0%| F|  |TAMS 0x00000000a2f00000| PB 0x00000000a2f00000| Untracked 
| 560|0x00000000a3000000, 0x00000000a3000000, 0x00000000a3100000|  0%| F|  |TAMS 0x00000000a3000000| PB 0x00000000a3000000| Untracked 
| 561|0x00000000a3100000, 0x00000000a3100000, 0x00000000a3200000|  0%| F|  |TAMS 0x00000000a3100000| PB 0x00000000a3100000| Untracked 
| 562|0x00000000a3200000, 0x00000000a3200000, 0x00000000a3300000|  0%| F|  |TAMS 0x00000000a3200000| PB 0x00000000a3200000| Untracked 
| 563|0x00000000a3300000, 0x00000000a3300000, 0x00000000a3400000|  0%| F|  |TAMS 0x00000000a3300000| PB 0x00000000a3300000| Untracked 
| 564|0x00000000a3400000, 0x00000000a3400000, 0x00000000a3500000|  0%| F|  |TAMS 0x00000000a3400000| PB 0x00000000a3400000| Untracked 
| 565|0x00000000a3500000, 0x00000000a3500000, 0x00000000a3600000|  0%| F|  |TAMS 0x00000000a3500000| PB 0x00000000a3500000| Untracked 
| 566|0x00000000a3600000, 0x00000000a3600000, 0x00000000a3700000|  0%| F|  |TAMS 0x00000000a3600000| PB 0x00000000a3600000| Untracked 
| 567|0x00000000a3700000, 0x00000000a3700000, 0x00000000a3800000|  0%| F|  |TAMS 0x00000000a3700000| PB 0x00000000a3700000| Untracked 
| 568|0x00000000a3800000, 0x00000000a3800000, 0x00000000a3900000|  0%| F|  |TAMS 0x00000000a3800000| PB 0x00000000a3800000| Untracked 
| 569|0x00000000a3900000, 0x00000000a3900000, 0x00000000a3a00000|  0%| F|  |TAMS 0x00000000a3900000| PB 0x00000000a3900000| Untracked 
| 570|0x00000000a3a00000, 0x00000000a3a00000, 0x00000000a3b00000|  0%| F|  |TAMS 0x00000000a3a00000| PB 0x00000000a3a00000| Untracked 
| 571|0x00000000a3b00000, 0x00000000a3b00000, 0x00000000a3c00000|  0%| F|  |TAMS 0x00000000a3b00000| PB 0x00000000a3b00000| Untracked 
| 572|0x00000000a3c00000, 0x00000000a3d00000, 0x00000000a3d00000|100%| O|  |TAMS 0x00000000a3c00000| PB 0x00000000a3c00000| Untracked 
| 573|0x00000000a3d00000, 0x00000000a3d00000, 0x00000000a3e00000|  0%| F|  |TAMS 0x00000000a3d00000| PB 0x00000000a3d00000| Untracked 
| 574|0x00000000a3e00000, 0x00000000a3e00000, 0x00000000a3f00000|  0%| F|  |TAMS 0x00000000a3e00000| PB 0x00000000a3e00000| Untracked 
| 575|0x00000000a3f00000, 0x00000000a3f00000, 0x00000000a4000000|  0%| F|  |TAMS 0x00000000a3f00000| PB 0x00000000a3f00000| Untracked 
| 576|0x00000000a4000000, 0x00000000a4000000, 0x00000000a4100000|  0%| F|  |TAMS 0x00000000a4000000| PB 0x00000000a4000000| Untracked 
| 577|0x00000000a4100000, 0x00000000a4100000, 0x00000000a4200000|  0%| F|  |TAMS 0x00000000a4100000| PB 0x00000000a4100000| Untracked 
| 578|0x00000000a4200000, 0x00000000a4200000, 0x00000000a4300000|  0%| F|  |TAMS 0x00000000a4200000| PB 0x00000000a4200000| Untracked 
| 579|0x00000000a4300000, 0x00000000a4400000, 0x00000000a4400000|100%| O|  |TAMS 0x00000000a4300000| PB 0x00000000a4300000| Untracked 
| 580|0x00000000a4400000, 0x00000000a4400000, 0x00000000a4500000|  0%| F|  |TAMS 0x00000000a4400000| PB 0x00000000a4400000| Untracked 
| 581|0x00000000a4500000, 0x00000000a4500000, 0x00000000a4600000|  0%| F|  |TAMS 0x00000000a4500000| PB 0x00000000a4500000| Untracked 
| 582|0x00000000a4600000, 0x00000000a4700000, 0x00000000a4700000|100%| O|  |TAMS 0x00000000a4600000| PB 0x00000000a4600000| Untracked 
| 583|0x00000000a4700000, 0x00000000a4700000, 0x00000000a4800000|  0%| F|  |TAMS 0x00000000a4700000| PB 0x00000000a4700000| Untracked 
| 584|0x00000000a4800000, 0x00000000a4800000, 0x00000000a4900000|  0%| F|  |TAMS 0x00000000a4800000| PB 0x00000000a4800000| Untracked 
| 585|0x00000000a4900000, 0x00000000a4900000, 0x00000000a4a00000|  0%| F|  |TAMS 0x00000000a4900000| PB 0x00000000a4900000| Untracked 
| 586|0x00000000a4a00000, 0x00000000a4a00000, 0x00000000a4b00000|  0%| F|  |TAMS 0x00000000a4a00000| PB 0x00000000a4a00000| Untracked 
| 587|0x00000000a4b00000, 0x00000000a4b00000, 0x00000000a4c00000|  0%| F|  |TAMS 0x00000000a4b00000| PB 0x00000000a4b00000| Untracked 
| 588|0x00000000a4c00000, 0x00000000a4c00000, 0x00000000a4d00000|  0%| F|  |TAMS 0x00000000a4c00000| PB 0x00000000a4c00000| Untracked 
| 589|0x00000000a4d00000, 0x00000000a4d00000, 0x00000000a4e00000|  0%| F|  |TAMS 0x00000000a4d00000| PB 0x00000000a4d00000| Untracked 
| 590|0x00000000a4e00000, 0x00000000a4e00000, 0x00000000a4f00000|  0%| F|  |TAMS 0x00000000a4e00000| PB 0x00000000a4e00000| Untracked 
| 591|0x00000000a4f00000, 0x00000000a4f00000, 0x00000000a5000000|  0%| F|  |TAMS 0x00000000a4f00000| PB 0x00000000a4f00000| Untracked 
| 592|0x00000000a5000000, 0x00000000a5000000, 0x00000000a5100000|  0%| F|  |TAMS 0x00000000a5000000| PB 0x00000000a5000000| Untracked 
| 593|0x00000000a5100000, 0x00000000a5100000, 0x00000000a5200000|  0%| F|  |TAMS 0x00000000a5100000| PB 0x00000000a5100000| Untracked 
| 594|0x00000000a5200000, 0x00000000a5200000, 0x00000000a5300000|  0%| F|  |TAMS 0x00000000a5200000| PB 0x00000000a5200000| Untracked 
| 595|0x00000000a5300000, 0x00000000a5300000, 0x00000000a5400000|  0%| F|  |TAMS 0x00000000a5300000| PB 0x00000000a5300000| Untracked 
| 596|0x00000000a5400000, 0x00000000a5400000, 0x00000000a5500000|  0%| F|  |TAMS 0x00000000a5400000| PB 0x00000000a5400000| Untracked 
| 597|0x00000000a5500000, 0x00000000a5500000, 0x00000000a5600000|  0%| F|  |TAMS 0x00000000a5500000| PB 0x00000000a5500000| Untracked 
| 598|0x00000000a5600000, 0x00000000a5600000, 0x00000000a5700000|  0%| F|  |TAMS 0x00000000a5600000| PB 0x00000000a5600000| Untracked 
| 599|0x00000000a5700000, 0x00000000a5700000, 0x00000000a5800000|  0%| F|  |TAMS 0x00000000a5700000| PB 0x00000000a5700000| Untracked 
| 600|0x00000000a5800000, 0x00000000a5800000, 0x00000000a5900000|  0%| F|  |TAMS 0x00000000a5800000| PB 0x00000000a5800000| Untracked 
| 601|0x00000000a5900000, 0x00000000a5900000, 0x00000000a5a00000|  0%| F|  |TAMS 0x00000000a5900000| PB 0x00000000a5900000| Untracked 
| 602|0x00000000a5a00000, 0x00000000a5a00000, 0x00000000a5b00000|  0%| F|  |TAMS 0x00000000a5a00000| PB 0x00000000a5a00000| Untracked 
| 603|0x00000000a5b00000, 0x00000000a5b00000, 0x00000000a5c00000|  0%| F|  |TAMS 0x00000000a5b00000| PB 0x00000000a5b00000| Untracked 
| 604|0x00000000a5c00000, 0x00000000a5c00000, 0x00000000a5d00000|  0%| F|  |TAMS 0x00000000a5c00000| PB 0x00000000a5c00000| Untracked 
| 605|0x00000000a5d00000, 0x00000000a5d00000, 0x00000000a5e00000|  0%| F|  |TAMS 0x00000000a5d00000| PB 0x00000000a5d00000| Untracked 
| 606|0x00000000a5e00000, 0x00000000a5e00000, 0x00000000a5f00000|  0%| F|  |TAMS 0x00000000a5e00000| PB 0x00000000a5e00000| Untracked 
| 607|0x00000000a5f00000, 0x00000000a5f00000, 0x00000000a6000000|  0%| F|  |TAMS 0x00000000a5f00000| PB 0x00000000a5f00000| Untracked 
| 608|0x00000000a6000000, 0x00000000a6000000, 0x00000000a6100000|  0%| F|  |TAMS 0x00000000a6000000| PB 0x00000000a6000000| Untracked 
| 609|0x00000000a6100000, 0x00000000a6100000, 0x00000000a6200000|  0%| F|  |TAMS 0x00000000a6100000| PB 0x00000000a6100000| Untracked 
| 610|0x00000000a6200000, 0x00000000a6200000, 0x00000000a6300000|  0%| F|  |TAMS 0x00000000a6200000| PB 0x00000000a6200000| Untracked 
| 611|0x00000000a6300000, 0x00000000a6300000, 0x00000000a6400000|  0%| F|  |TAMS 0x00000000a6300000| PB 0x00000000a6300000| Untracked 
| 612|0x00000000a6400000, 0x00000000a6400000, 0x00000000a6500000|  0%| F|  |TAMS 0x00000000a6400000| PB 0x00000000a6400000| Untracked 
| 613|0x00000000a6500000, 0x00000000a6500000, 0x00000000a6600000|  0%| F|  |TAMS 0x00000000a6500000| PB 0x00000000a6500000| Untracked 
| 614|0x00000000a6600000, 0x00000000a6600000, 0x00000000a6700000|  0%| F|  |TAMS 0x00000000a6600000| PB 0x00000000a6600000| Untracked 
| 615|0x00000000a6700000, 0x00000000a6700000, 0x00000000a6800000|  0%| F|  |TAMS 0x00000000a6700000| PB 0x00000000a6700000| Untracked 
| 616|0x00000000a6800000, 0x00000000a6800000, 0x00000000a6900000|  0%| F|  |TAMS 0x00000000a6800000| PB 0x00000000a6800000| Untracked 
| 617|0x00000000a6900000, 0x00000000a6900000, 0x00000000a6a00000|  0%| F|  |TAMS 0x00000000a6900000| PB 0x00000000a6900000| Untracked 
| 618|0x00000000a6a00000, 0x00000000a6a00000, 0x00000000a6b00000|  0%| F|  |TAMS 0x00000000a6a00000| PB 0x00000000a6a00000| Untracked 
| 619|0x00000000a6b00000, 0x00000000a6b00000, 0x00000000a6c00000|  0%| F|  |TAMS 0x00000000a6b00000| PB 0x00000000a6b00000| Untracked 
| 620|0x00000000a6c00000, 0x00000000a6c00000, 0x00000000a6d00000|  0%| F|  |TAMS 0x00000000a6c00000| PB 0x00000000a6c00000| Untracked 
| 621|0x00000000a6d00000, 0x00000000a6d00000, 0x00000000a6e00000|  0%| F|  |TAMS 0x00000000a6d00000| PB 0x00000000a6d00000| Untracked 
| 622|0x00000000a6e00000, 0x00000000a6e00000, 0x00000000a6f00000|  0%| F|  |TAMS 0x00000000a6e00000| PB 0x00000000a6e00000| Untracked 
| 623|0x00000000a6f00000, 0x00000000a6f00000, 0x00000000a7000000|  0%| F|  |TAMS 0x00000000a6f00000| PB 0x00000000a6f00000| Untracked 
| 624|0x00000000a7000000, 0x00000000a7000000, 0x00000000a7100000|  0%| F|  |TAMS 0x00000000a7000000| PB 0x00000000a7000000| Untracked 
| 625|0x00000000a7100000, 0x00000000a7100000, 0x00000000a7200000|  0%| F|  |TAMS 0x00000000a7100000| PB 0x00000000a7100000| Untracked 
| 626|0x00000000a7200000, 0x00000000a7200000, 0x00000000a7300000|  0%| F|  |TAMS 0x00000000a7200000| PB 0x00000000a7200000| Untracked 
| 627|0x00000000a7300000, 0x00000000a7300000, 0x00000000a7400000|  0%| F|  |TAMS 0x00000000a7300000| PB 0x00000000a7300000| Untracked 
| 628|0x00000000a7400000, 0x00000000a7400000, 0x00000000a7500000|  0%| F|  |TAMS 0x00000000a7400000| PB 0x00000000a7400000| Untracked 
| 629|0x00000000a7500000, 0x00000000a7500000, 0x00000000a7600000|  0%| F|  |TAMS 0x00000000a7500000| PB 0x00000000a7500000| Untracked 
| 630|0x00000000a7600000, 0x00000000a7600000, 0x00000000a7700000|  0%| F|  |TAMS 0x00000000a7600000| PB 0x00000000a7600000| Untracked 
| 631|0x00000000a7700000, 0x00000000a7700000, 0x00000000a7800000|  0%| F|  |TAMS 0x00000000a7700000| PB 0x00000000a7700000| Untracked 
| 632|0x00000000a7800000, 0x00000000a7800000, 0x00000000a7900000|  0%| F|  |TAMS 0x00000000a7800000| PB 0x00000000a7800000| Untracked 
| 633|0x00000000a7900000, 0x00000000a7900000, 0x00000000a7a00000|  0%| F|  |TAMS 0x00000000a7900000| PB 0x00000000a7900000| Untracked 
| 634|0x00000000a7a00000, 0x00000000a7a00000, 0x00000000a7b00000|  0%| F|  |TAMS 0x00000000a7a00000| PB 0x00000000a7a00000| Untracked 
| 635|0x00000000a7b00000, 0x00000000a7b00000, 0x00000000a7c00000|  0%| F|  |TAMS 0x00000000a7b00000| PB 0x00000000a7b00000| Untracked 
| 636|0x00000000a7c00000, 0x00000000a7c00000, 0x00000000a7d00000|  0%| F|  |TAMS 0x00000000a7c00000| PB 0x00000000a7c00000| Untracked 
| 637|0x00000000a7d00000, 0x00000000a7d00000, 0x00000000a7e00000|  0%| F|  |TAMS 0x00000000a7d00000| PB 0x00000000a7d00000| Untracked 
| 638|0x00000000a7e00000, 0x00000000a7e00000, 0x00000000a7f00000|  0%| F|  |TAMS 0x00000000a7e00000| PB 0x00000000a7e00000| Untracked 
| 639|0x00000000a7f00000, 0x00000000a7f00000, 0x00000000a8000000|  0%| F|  |TAMS 0x00000000a7f00000| PB 0x00000000a7f00000| Untracked 
| 640|0x00000000a8000000, 0x00000000a8000000, 0x00000000a8100000|  0%| F|  |TAMS 0x00000000a8000000| PB 0x00000000a8000000| Untracked 
| 641|0x00000000a8100000, 0x00000000a8100000, 0x00000000a8200000|  0%| F|  |TAMS 0x00000000a8100000| PB 0x00000000a8100000| Untracked 
| 642|0x00000000a8200000, 0x00000000a8200000, 0x00000000a8300000|  0%| F|  |TAMS 0x00000000a8200000| PB 0x00000000a8200000| Untracked 
| 643|0x00000000a8300000, 0x00000000a8300000, 0x00000000a8400000|  0%| F|  |TAMS 0x00000000a8300000| PB 0x00000000a8300000| Untracked 
| 644|0x00000000a8400000, 0x00000000a8400000, 0x00000000a8500000|  0%| F|  |TAMS 0x00000000a8400000| PB 0x00000000a8400000| Untracked 
| 645|0x00000000a8500000, 0x00000000a8500000, 0x00000000a8600000|  0%| F|  |TAMS 0x00000000a8500000| PB 0x00000000a8500000| Untracked 
| 646|0x00000000a8600000, 0x00000000a8600000, 0x00000000a8700000|  0%| F|  |TAMS 0x00000000a8600000| PB 0x00000000a8600000| Untracked 
| 647|0x00000000a8700000, 0x00000000a8700000, 0x00000000a8800000|  0%| F|  |TAMS 0x00000000a8700000| PB 0x00000000a8700000| Untracked 
| 648|0x00000000a8800000, 0x00000000a8800000, 0x00000000a8900000|  0%| F|  |TAMS 0x00000000a8800000| PB 0x00000000a8800000| Untracked 
| 649|0x00000000a8900000, 0x00000000a8900000, 0x00000000a8a00000|  0%| F|  |TAMS 0x00000000a8900000| PB 0x00000000a8900000| Untracked 
| 650|0x00000000a8a00000, 0x00000000a8a00000, 0x00000000a8b00000|  0%| F|  |TAMS 0x00000000a8a00000| PB 0x00000000a8a00000| Untracked 
| 651|0x00000000a8b00000, 0x00000000a8b00000, 0x00000000a8c00000|  0%| F|  |TAMS 0x00000000a8b00000| PB 0x00000000a8b00000| Untracked 
| 652|0x00000000a8c00000, 0x00000000a8c00000, 0x00000000a8d00000|  0%| F|  |TAMS 0x00000000a8c00000| PB 0x00000000a8c00000| Untracked 
| 653|0x00000000a8d00000, 0x00000000a8d00000, 0x00000000a8e00000|  0%| F|  |TAMS 0x00000000a8d00000| PB 0x00000000a8d00000| Untracked 
| 654|0x00000000a8e00000, 0x00000000a8e00000, 0x00000000a8f00000|  0%| F|  |TAMS 0x00000000a8e00000| PB 0x00000000a8e00000| Untracked 
| 655|0x00000000a8f00000, 0x00000000a8f00000, 0x00000000a9000000|  0%| F|  |TAMS 0x00000000a8f00000| PB 0x00000000a8f00000| Untracked 
| 656|0x00000000a9000000, 0x00000000a9000000, 0x00000000a9100000|  0%| F|  |TAMS 0x00000000a9000000| PB 0x00000000a9000000| Untracked 
| 657|0x00000000a9100000, 0x00000000a9100000, 0x00000000a9200000|  0%| F|  |TAMS 0x00000000a9100000| PB 0x00000000a9100000| Untracked 
| 658|0x00000000a9200000, 0x00000000a9200000, 0x00000000a9300000|  0%| F|  |TAMS 0x00000000a9200000| PB 0x00000000a9200000| Untracked 
| 659|0x00000000a9300000, 0x00000000a9300000, 0x00000000a9400000|  0%| F|  |TAMS 0x00000000a9300000| PB 0x00000000a9300000| Untracked 
| 660|0x00000000a9400000, 0x00000000a9400000, 0x00000000a9500000|  0%| F|  |TAMS 0x00000000a9400000| PB 0x00000000a9400000| Untracked 
| 661|0x00000000a9500000, 0x00000000a9500000, 0x00000000a9600000|  0%| F|  |TAMS 0x00000000a9500000| PB 0x00000000a9500000| Untracked 
| 662|0x00000000a9600000, 0x00000000a9600000, 0x00000000a9700000|  0%| F|  |TAMS 0x00000000a9600000| PB 0x00000000a9600000| Untracked 
| 663|0x00000000a9700000, 0x00000000a9700000, 0x00000000a9800000|  0%| F|  |TAMS 0x00000000a9700000| PB 0x00000000a9700000| Untracked 
| 664|0x00000000a9800000, 0x00000000a9800000, 0x00000000a9900000|  0%| F|  |TAMS 0x00000000a9800000| PB 0x00000000a9800000| Untracked 
| 665|0x00000000a9900000, 0x00000000a9900000, 0x00000000a9a00000|  0%| F|  |TAMS 0x00000000a9900000| PB 0x00000000a9900000| Untracked 
| 666|0x00000000a9a00000, 0x00000000a9a00000, 0x00000000a9b00000|  0%| F|  |TAMS 0x00000000a9a00000| PB 0x00000000a9a00000| Untracked 
| 667|0x00000000a9b00000, 0x00000000a9b00000, 0x00000000a9c00000|  0%| F|  |TAMS 0x00000000a9b00000| PB 0x00000000a9b00000| Untracked 
| 668|0x00000000a9c00000, 0x00000000a9c00000, 0x00000000a9d00000|  0%| F|  |TAMS 0x00000000a9c00000| PB 0x00000000a9c00000| Untracked 
| 669|0x00000000a9d00000, 0x00000000a9d00000, 0x00000000a9e00000|  0%| F|  |TAMS 0x00000000a9d00000| PB 0x00000000a9d00000| Untracked 
| 670|0x00000000a9e00000, 0x00000000a9e00000, 0x00000000a9f00000|  0%| F|  |TAMS 0x00000000a9e00000| PB 0x00000000a9e00000| Untracked 
| 671|0x00000000a9f00000, 0x00000000a9f00000, 0x00000000aa000000|  0%| F|  |TAMS 0x00000000a9f00000| PB 0x00000000a9f00000| Untracked 
| 672|0x00000000aa000000, 0x00000000aa000000, 0x00000000aa100000|  0%| F|  |TAMS 0x00000000aa000000| PB 0x00000000aa000000| Untracked 
| 673|0x00000000aa100000, 0x00000000aa100000, 0x00000000aa200000|  0%| F|  |TAMS 0x00000000aa100000| PB 0x00000000aa100000| Untracked 
| 674|0x00000000aa200000, 0x00000000aa200000, 0x00000000aa300000|  0%| F|  |TAMS 0x00000000aa200000| PB 0x00000000aa200000| Untracked 
| 675|0x00000000aa300000, 0x00000000aa300000, 0x00000000aa400000|  0%| F|  |TAMS 0x00000000aa300000| PB 0x00000000aa300000| Untracked 
| 676|0x00000000aa400000, 0x00000000aa400000, 0x00000000aa500000|  0%| F|  |TAMS 0x00000000aa400000| PB 0x00000000aa400000| Untracked 
| 677|0x00000000aa500000, 0x00000000aa600000, 0x00000000aa600000|100%| O|  |TAMS 0x00000000aa500000| PB 0x00000000aa500000| Untracked 
| 678|0x00000000aa600000, 0x00000000aa600000, 0x00000000aa700000|  0%| F|  |TAMS 0x00000000aa600000| PB 0x00000000aa600000| Untracked 
| 679|0x00000000aa700000, 0x00000000aa700000, 0x00000000aa800000|  0%| F|  |TAMS 0x00000000aa700000| PB 0x00000000aa700000| Untracked 
| 680|0x00000000aa800000, 0x00000000aa800000, 0x00000000aa900000|  0%| F|  |TAMS 0x00000000aa800000| PB 0x00000000aa800000| Untracked 
| 681|0x00000000aa900000, 0x00000000aa900000, 0x00000000aaa00000|  0%| F|  |TAMS 0x00000000aa900000| PB 0x00000000aa900000| Untracked 
| 682|0x00000000aaa00000, 0x00000000aaa00000, 0x00000000aab00000|  0%| F|  |TAMS 0x00000000aaa00000| PB 0x00000000aaa00000| Untracked 
| 683|0x00000000aab00000, 0x00000000aab00000, 0x00000000aac00000|  0%| F|  |TAMS 0x00000000aab00000| PB 0x00000000aab00000| Untracked 
| 684|0x00000000aac00000, 0x00000000aac00000, 0x00000000aad00000|  0%| F|  |TAMS 0x00000000aac00000| PB 0x00000000aac00000| Untracked 
| 685|0x00000000aad00000, 0x00000000aad00000, 0x00000000aae00000|  0%| F|  |TAMS 0x00000000aad00000| PB 0x00000000aad00000| Untracked 
| 686|0x00000000aae00000, 0x00000000aae00000, 0x00000000aaf00000|  0%| F|  |TAMS 0x00000000aae00000| PB 0x00000000aae00000| Untracked 
| 687|0x00000000aaf00000, 0x00000000aaf00000, 0x00000000ab000000|  0%| F|  |TAMS 0x00000000aaf00000| PB 0x00000000aaf00000| Untracked 
| 688|0x00000000ab000000, 0x00000000ab000000, 0x00000000ab100000|  0%| F|  |TAMS 0x00000000ab000000| PB 0x00000000ab000000| Untracked 
| 689|0x00000000ab100000, 0x00000000ab100000, 0x00000000ab200000|  0%| F|  |TAMS 0x00000000ab100000| PB 0x00000000ab100000| Untracked 
| 690|0x00000000ab200000, 0x00000000ab200000, 0x00000000ab300000|  0%| F|  |TAMS 0x00000000ab200000| PB 0x00000000ab200000| Untracked 
| 691|0x00000000ab300000, 0x00000000ab300000, 0x00000000ab400000|  0%| F|  |TAMS 0x00000000ab300000| PB 0x00000000ab300000| Untracked 
| 692|0x00000000ab400000, 0x00000000ab400000, 0x00000000ab500000|  0%| F|  |TAMS 0x00000000ab400000| PB 0x00000000ab400000| Untracked 
| 693|0x00000000ab500000, 0x00000000ab500000, 0x00000000ab600000|  0%| F|  |TAMS 0x00000000ab500000| PB 0x00000000ab500000| Untracked 
| 694|0x00000000ab600000, 0x00000000ab600000, 0x00000000ab700000|  0%| F|  |TAMS 0x00000000ab600000| PB 0x00000000ab600000| Untracked 
| 695|0x00000000ab700000, 0x00000000ab700000, 0x00000000ab800000|  0%| F|  |TAMS 0x00000000ab700000| PB 0x00000000ab700000| Untracked 
| 696|0x00000000ab800000, 0x00000000ab800000, 0x00000000ab900000|  0%| F|  |TAMS 0x00000000ab800000| PB 0x00000000ab800000| Untracked 
| 697|0x00000000ab900000, 0x00000000ab900000, 0x00000000aba00000|  0%| F|  |TAMS 0x00000000ab900000| PB 0x00000000ab900000| Untracked 
| 698|0x00000000aba00000, 0x00000000aba00000, 0x00000000abb00000|  0%| F|  |TAMS 0x00000000aba00000| PB 0x00000000aba00000| Untracked 
| 699|0x00000000abb00000, 0x00000000abb00000, 0x00000000abc00000|  0%| F|  |TAMS 0x00000000abb00000| PB 0x00000000abb00000| Untracked 
| 700|0x00000000abc00000, 0x00000000abc00000, 0x00000000abd00000|  0%| F|  |TAMS 0x00000000abc00000| PB 0x00000000abc00000| Untracked 
| 701|0x00000000abd00000, 0x00000000abd00000, 0x00000000abe00000|  0%| F|  |TAMS 0x00000000abd00000| PB 0x00000000abd00000| Untracked 
| 702|0x00000000abe00000, 0x00000000abe00000, 0x00000000abf00000|  0%| F|  |TAMS 0x00000000abe00000| PB 0x00000000abe00000| Untracked 
| 703|0x00000000abf00000, 0x00000000abf00000, 0x00000000ac000000|  0%| F|  |TAMS 0x00000000abf00000| PB 0x00000000abf00000| Untracked 
| 704|0x00000000ac000000, 0x00000000ac000000, 0x00000000ac100000|  0%| F|  |TAMS 0x00000000ac000000| PB 0x00000000ac000000| Untracked 
| 705|0x00000000ac100000, 0x00000000ac100000, 0x00000000ac200000|  0%| F|  |TAMS 0x00000000ac100000| PB 0x00000000ac100000| Untracked 
| 706|0x00000000ac200000, 0x00000000ac200000, 0x00000000ac300000|  0%| F|  |TAMS 0x00000000ac200000| PB 0x00000000ac200000| Untracked 
| 707|0x00000000ac300000, 0x00000000ac300000, 0x00000000ac400000|  0%| F|  |TAMS 0x00000000ac300000| PB 0x00000000ac300000| Untracked 
| 708|0x00000000ac400000, 0x00000000ac400000, 0x00000000ac500000|  0%| F|  |TAMS 0x00000000ac400000| PB 0x00000000ac400000| Untracked 
| 709|0x00000000ac500000, 0x00000000ac500000, 0x00000000ac600000|  0%| F|  |TAMS 0x00000000ac500000| PB 0x00000000ac500000| Untracked 
| 710|0x00000000ac600000, 0x00000000ac600000, 0x00000000ac700000|  0%| F|  |TAMS 0x00000000ac600000| PB 0x00000000ac600000| Untracked 
| 711|0x00000000ac700000, 0x00000000ac700000, 0x00000000ac800000|  0%| F|  |TAMS 0x00000000ac700000| PB 0x00000000ac700000| Untracked 
| 712|0x00000000ac800000, 0x00000000ac800000, 0x00000000ac900000|  0%| F|  |TAMS 0x00000000ac800000| PB 0x00000000ac800000| Untracked 
| 713|0x00000000ac900000, 0x00000000ac900000, 0x00000000aca00000|  0%| F|  |TAMS 0x00000000ac900000| PB 0x00000000ac900000| Untracked 
| 714|0x00000000aca00000, 0x00000000aca00000, 0x00000000acb00000|  0%| F|  |TAMS 0x00000000aca00000| PB 0x00000000aca00000| Untracked 
| 715|0x00000000acb00000, 0x00000000acb00000, 0x00000000acc00000|  0%| F|  |TAMS 0x00000000acb00000| PB 0x00000000acb00000| Untracked 
| 716|0x00000000acc00000, 0x00000000acc00000, 0x00000000acd00000|  0%| F|  |TAMS 0x00000000acc00000| PB 0x00000000acc00000| Untracked 
| 717|0x00000000acd00000, 0x00000000acd00000, 0x00000000ace00000|  0%| F|  |TAMS 0x00000000acd00000| PB 0x00000000acd00000| Untracked 
| 718|0x00000000ace00000, 0x00000000ace00000, 0x00000000acf00000|  0%| F|  |TAMS 0x00000000ace00000| PB 0x00000000ace00000| Untracked 
| 719|0x00000000acf00000, 0x00000000acf00000, 0x00000000ad000000|  0%| F|  |TAMS 0x00000000acf00000| PB 0x00000000acf00000| Untracked 
| 720|0x00000000ad000000, 0x00000000ad000000, 0x00000000ad100000|  0%| F|  |TAMS 0x00000000ad000000| PB 0x00000000ad000000| Untracked 
| 721|0x00000000ad100000, 0x00000000ad100000, 0x00000000ad200000|  0%| F|  |TAMS 0x00000000ad100000| PB 0x00000000ad100000| Untracked 
| 722|0x00000000ad200000, 0x00000000ad200000, 0x00000000ad300000|  0%| F|  |TAMS 0x00000000ad200000| PB 0x00000000ad200000| Untracked 
| 723|0x00000000ad300000, 0x00000000ad300000, 0x00000000ad400000|  0%| F|  |TAMS 0x00000000ad300000| PB 0x00000000ad300000| Untracked 
| 724|0x00000000ad400000, 0x00000000ad400000, 0x00000000ad500000|  0%| F|  |TAMS 0x00000000ad400000| PB 0x00000000ad400000| Untracked 
| 725|0x00000000ad500000, 0x00000000ad500000, 0x00000000ad600000|  0%| F|  |TAMS 0x00000000ad500000| PB 0x00000000ad500000| Untracked 
| 726|0x00000000ad600000, 0x00000000ad600000, 0x00000000ad700000|  0%| F|  |TAMS 0x00000000ad600000| PB 0x00000000ad600000| Untracked 
| 727|0x00000000ad700000, 0x00000000ad700000, 0x00000000ad800000|  0%| F|  |TAMS 0x00000000ad700000| PB 0x00000000ad700000| Untracked 
| 728|0x00000000ad800000, 0x00000000ad800000, 0x00000000ad900000|  0%| F|  |TAMS 0x00000000ad800000| PB 0x00000000ad800000| Untracked 
| 729|0x00000000ad900000, 0x00000000ad900000, 0x00000000ada00000|  0%| F|  |TAMS 0x00000000ad900000| PB 0x00000000ad900000| Untracked 
| 730|0x00000000ada00000, 0x00000000ada00000, 0x00000000adb00000|  0%| F|  |TAMS 0x00000000ada00000| PB 0x00000000ada00000| Untracked 
| 731|0x00000000adb00000, 0x00000000adb00000, 0x00000000adc00000|  0%| F|  |TAMS 0x00000000adb00000| PB 0x00000000adb00000| Untracked 
| 732|0x00000000adc00000, 0x00000000adc00000, 0x00000000add00000|  0%| F|  |TAMS 0x00000000adc00000| PB 0x00000000adc00000| Untracked 
| 733|0x00000000add00000, 0x00000000add00000, 0x00000000ade00000|  0%| F|  |TAMS 0x00000000add00000| PB 0x00000000add00000| Untracked 
| 734|0x00000000ade00000, 0x00000000ade00000, 0x00000000adf00000|  0%| F|  |TAMS 0x00000000ade00000| PB 0x00000000ade00000| Untracked 
| 735|0x00000000adf00000, 0x00000000adf00000, 0x00000000ae000000|  0%| F|  |TAMS 0x00000000adf00000| PB 0x00000000adf00000| Untracked 
| 736|0x00000000ae000000, 0x00000000ae000000, 0x00000000ae100000|  0%| F|  |TAMS 0x00000000ae000000| PB 0x00000000ae000000| Untracked 
| 737|0x00000000ae100000, 0x00000000ae100000, 0x00000000ae200000|  0%| F|  |TAMS 0x00000000ae100000| PB 0x00000000ae100000| Untracked 
| 738|0x00000000ae200000, 0x00000000ae200000, 0x00000000ae300000|  0%| F|  |TAMS 0x00000000ae200000| PB 0x00000000ae200000| Untracked 
| 739|0x00000000ae300000, 0x00000000ae300000, 0x00000000ae400000|  0%| F|  |TAMS 0x00000000ae300000| PB 0x00000000ae300000| Untracked 
| 740|0x00000000ae400000, 0x00000000ae400000, 0x00000000ae500000|  0%| F|  |TAMS 0x00000000ae400000| PB 0x00000000ae400000| Untracked 
| 741|0x00000000ae500000, 0x00000000ae500000, 0x00000000ae600000|  0%| F|  |TAMS 0x00000000ae500000| PB 0x00000000ae500000| Untracked 
| 742|0x00000000ae600000, 0x00000000ae600000, 0x00000000ae700000|  0%| F|  |TAMS 0x00000000ae600000| PB 0x00000000ae600000| Untracked 
| 743|0x00000000ae700000, 0x00000000ae700000, 0x00000000ae800000|  0%| F|  |TAMS 0x00000000ae700000| PB 0x00000000ae700000| Untracked 
| 744|0x00000000ae800000, 0x00000000ae800000, 0x00000000ae900000|  0%| F|  |TAMS 0x00000000ae800000| PB 0x00000000ae800000| Untracked 
| 745|0x00000000ae900000, 0x00000000ae900000, 0x00000000aea00000|  0%| F|  |TAMS 0x00000000ae900000| PB 0x00000000ae900000| Untracked 
| 746|0x00000000aea00000, 0x00000000aea00000, 0x00000000aeb00000|  0%| F|  |TAMS 0x00000000aea00000| PB 0x00000000aea00000| Untracked 
| 747|0x00000000aeb00000, 0x00000000aeb00000, 0x00000000aec00000|  0%| F|  |TAMS 0x00000000aeb00000| PB 0x00000000aeb00000| Untracked 
| 748|0x00000000aec00000, 0x00000000aec00000, 0x00000000aed00000|  0%| F|  |TAMS 0x00000000aec00000| PB 0x00000000aec00000| Untracked 
| 749|0x00000000aed00000, 0x00000000aed00000, 0x00000000aee00000|  0%| F|  |TAMS 0x00000000aed00000| PB 0x00000000aed00000| Untracked 
| 750|0x00000000aee00000, 0x00000000aee00000, 0x00000000aef00000|  0%| F|  |TAMS 0x00000000aee00000| PB 0x00000000aee00000| Untracked 
| 751|0x00000000aef00000, 0x00000000aef00000, 0x00000000af000000|  0%| F|  |TAMS 0x00000000aef00000| PB 0x00000000aef00000| Untracked 
| 752|0x00000000af000000, 0x00000000af000000, 0x00000000af100000|  0%| F|  |TAMS 0x00000000af000000| PB 0x00000000af000000| Untracked 
| 753|0x00000000af100000, 0x00000000af100000, 0x00000000af200000|  0%| F|  |TAMS 0x00000000af100000| PB 0x00000000af100000| Untracked 
| 754|0x00000000af200000, 0x00000000af200000, 0x00000000af300000|  0%| F|  |TAMS 0x00000000af200000| PB 0x00000000af200000| Untracked 
| 755|0x00000000af300000, 0x00000000af300000, 0x00000000af400000|  0%| F|  |TAMS 0x00000000af300000| PB 0x00000000af300000| Untracked 
| 756|0x00000000af400000, 0x00000000af400000, 0x00000000af500000|  0%| F|  |TAMS 0x00000000af400000| PB 0x00000000af400000| Untracked 
| 757|0x00000000af500000, 0x00000000af500000, 0x00000000af600000|  0%| F|  |TAMS 0x00000000af500000| PB 0x00000000af500000| Untracked 
| 758|0x00000000af600000, 0x00000000af600000, 0x00000000af700000|  0%| F|  |TAMS 0x00000000af600000| PB 0x00000000af600000| Untracked 
| 759|0x00000000af700000, 0x00000000af700000, 0x00000000af800000|  0%| F|  |TAMS 0x00000000af700000| PB 0x00000000af700000| Untracked 
| 760|0x00000000af800000, 0x00000000af800000, 0x00000000af900000|  0%| F|  |TAMS 0x00000000af800000| PB 0x00000000af800000| Untracked 
| 761|0x00000000af900000, 0x00000000af900000, 0x00000000afa00000|  0%| F|  |TAMS 0x00000000af900000| PB 0x00000000af900000| Untracked 
| 762|0x00000000afa00000, 0x00000000afa00000, 0x00000000afb00000|  0%| F|  |TAMS 0x00000000afa00000| PB 0x00000000afa00000| Untracked 
| 763|0x00000000afb00000, 0x00000000afb00000, 0x00000000afc00000|  0%| F|  |TAMS 0x00000000afb00000| PB 0x00000000afb00000| Untracked 
| 764|0x00000000afc00000, 0x00000000afc00000, 0x00000000afd00000|  0%| F|  |TAMS 0x00000000afc00000| PB 0x00000000afc00000| Untracked 
| 765|0x00000000afd00000, 0x00000000afd00000, 0x00000000afe00000|  0%| F|  |TAMS 0x00000000afd00000| PB 0x00000000afd00000| Untracked 
| 766|0x00000000afe00000, 0x00000000afe00000, 0x00000000aff00000|  0%| F|  |TAMS 0x00000000afe00000| PB 0x00000000afe00000| Untracked 
| 767|0x00000000aff00000, 0x00000000aff00000, 0x00000000b0000000|  0%| F|  |TAMS 0x00000000aff00000| PB 0x00000000aff00000| Untracked 
| 768|0x00000000b0000000, 0x00000000b0000000, 0x00000000b0100000|  0%| F|  |TAMS 0x00000000b0000000| PB 0x00000000b0000000| Untracked 
| 769|0x00000000b0100000, 0x00000000b0100000, 0x00000000b0200000|  0%| F|  |TAMS 0x00000000b0100000| PB 0x00000000b0100000| Untracked 
| 770|0x00000000b0200000, 0x00000000b0200000, 0x00000000b0300000|  0%| F|  |TAMS 0x00000000b0200000| PB 0x00000000b0200000| Untracked 
| 771|0x00000000b0300000, 0x00000000b0300000, 0x00000000b0400000|  0%| F|  |TAMS 0x00000000b0300000| PB 0x00000000b0300000| Untracked 
| 772|0x00000000b0400000, 0x00000000b0400000, 0x00000000b0500000|  0%| F|  |TAMS 0x00000000b0400000| PB 0x00000000b0400000| Untracked 
| 773|0x00000000b0500000, 0x00000000b0500000, 0x00000000b0600000|  0%| F|  |TAMS 0x00000000b0500000| PB 0x00000000b0500000| Untracked 
| 774|0x00000000b0600000, 0x00000000b0600000, 0x00000000b0700000|  0%| F|  |TAMS 0x00000000b0600000| PB 0x00000000b0600000| Untracked 
| 775|0x00000000b0700000, 0x00000000b0700000, 0x00000000b0800000|  0%| F|  |TAMS 0x00000000b0700000| PB 0x00000000b0700000| Untracked 
| 776|0x00000000b0800000, 0x00000000b0800000, 0x00000000b0900000|  0%| F|  |TAMS 0x00000000b0800000| PB 0x00000000b0800000| Untracked 
| 777|0x00000000b0900000, 0x00000000b0900000, 0x00000000b0a00000|  0%| F|  |TAMS 0x00000000b0900000| PB 0x00000000b0900000| Untracked 
| 778|0x00000000b0a00000, 0x00000000b0a00000, 0x00000000b0b00000|  0%| F|  |TAMS 0x00000000b0a00000| PB 0x00000000b0a00000| Untracked 
| 779|0x00000000b0b00000, 0x00000000b0b00000, 0x00000000b0c00000|  0%| F|  |TAMS 0x00000000b0b00000| PB 0x00000000b0b00000| Untracked 
| 780|0x00000000b0c00000, 0x00000000b0c00000, 0x00000000b0d00000|  0%| F|  |TAMS 0x00000000b0c00000| PB 0x00000000b0c00000| Untracked 
| 781|0x00000000b0d00000, 0x00000000b0d00000, 0x00000000b0e00000|  0%| F|  |TAMS 0x00000000b0d00000| PB 0x00000000b0d00000| Untracked 
| 782|0x00000000b0e00000, 0x00000000b0e00000, 0x00000000b0f00000|  0%| F|  |TAMS 0x00000000b0e00000| PB 0x00000000b0e00000| Untracked 
| 783|0x00000000b0f00000, 0x00000000b0f00000, 0x00000000b1000000|  0%| F|  |TAMS 0x00000000b0f00000| PB 0x00000000b0f00000| Untracked 
| 784|0x00000000b1000000, 0x00000000b1000000, 0x00000000b1100000|  0%| F|  |TAMS 0x00000000b1000000| PB 0x00000000b1000000| Untracked 
| 785|0x00000000b1100000, 0x00000000b1100000, 0x00000000b1200000|  0%| F|  |TAMS 0x00000000b1100000| PB 0x00000000b1100000| Untracked 
| 786|0x00000000b1200000, 0x00000000b1200000, 0x00000000b1300000|  0%| F|  |TAMS 0x00000000b1200000| PB 0x00000000b1200000| Untracked 
| 787|0x00000000b1300000, 0x00000000b1300000, 0x00000000b1400000|  0%| F|  |TAMS 0x00000000b1300000| PB 0x00000000b1300000| Untracked 
| 788|0x00000000b1400000, 0x00000000b1400000, 0x00000000b1500000|  0%| F|  |TAMS 0x00000000b1400000| PB 0x00000000b1400000| Untracked 
| 789|0x00000000b1500000, 0x00000000b1500000, 0x00000000b1600000|  0%| F|  |TAMS 0x00000000b1500000| PB 0x00000000b1500000| Untracked 
| 790|0x00000000b1600000, 0x00000000b1600000, 0x00000000b1700000|  0%| F|  |TAMS 0x00000000b1600000| PB 0x00000000b1600000| Untracked 
| 791|0x00000000b1700000, 0x00000000b1700000, 0x00000000b1800000|  0%| F|  |TAMS 0x00000000b1700000| PB 0x00000000b1700000| Untracked 
| 792|0x00000000b1800000, 0x00000000b1800000, 0x00000000b1900000|  0%| F|  |TAMS 0x00000000b1800000| PB 0x00000000b1800000| Untracked 
| 793|0x00000000b1900000, 0x00000000b1900000, 0x00000000b1a00000|  0%| F|  |TAMS 0x00000000b1900000| PB 0x00000000b1900000| Untracked 
| 794|0x00000000b1a00000, 0x00000000b1a00000, 0x00000000b1b00000|  0%| F|  |TAMS 0x00000000b1a00000| PB 0x00000000b1a00000| Untracked 
| 795|0x00000000b1b00000, 0x00000000b1b00000, 0x00000000b1c00000|  0%| F|  |TAMS 0x00000000b1b00000| PB 0x00000000b1b00000| Untracked 
| 796|0x00000000b1c00000, 0x00000000b1c00000, 0x00000000b1d00000|  0%| F|  |TAMS 0x00000000b1c00000| PB 0x00000000b1c00000| Untracked 
| 797|0x00000000b1d00000, 0x00000000b1d00000, 0x00000000b1e00000|  0%| F|  |TAMS 0x00000000b1d00000| PB 0x00000000b1d00000| Untracked 
| 798|0x00000000b1e00000, 0x00000000b1e00000, 0x00000000b1f00000|  0%| F|  |TAMS 0x00000000b1e00000| PB 0x00000000b1e00000| Untracked 
| 799|0x00000000b1f00000, 0x00000000b1f00000, 0x00000000b2000000|  0%| F|  |TAMS 0x00000000b1f00000| PB 0x00000000b1f00000| Untracked 
| 800|0x00000000b2000000, 0x00000000b2000000, 0x00000000b2100000|  0%| F|  |TAMS 0x00000000b2000000| PB 0x00000000b2000000| Untracked 
| 801|0x00000000b2100000, 0x00000000b2100000, 0x00000000b2200000|  0%| F|  |TAMS 0x00000000b2100000| PB 0x00000000b2100000| Untracked 
| 802|0x00000000b2200000, 0x00000000b2200000, 0x00000000b2300000|  0%| F|  |TAMS 0x00000000b2200000| PB 0x00000000b2200000| Untracked 
| 803|0x00000000b2300000, 0x00000000b2300000, 0x00000000b2400000|  0%| F|  |TAMS 0x00000000b2300000| PB 0x00000000b2300000| Untracked 
| 804|0x00000000b2400000, 0x00000000b2400000, 0x00000000b2500000|  0%| F|  |TAMS 0x00000000b2400000| PB 0x00000000b2400000| Untracked 
| 805|0x00000000b2500000, 0x00000000b2500000, 0x00000000b2600000|  0%| F|  |TAMS 0x00000000b2500000| PB 0x00000000b2500000| Untracked 
| 806|0x00000000b2600000, 0x00000000b2600000, 0x00000000b2700000|  0%| F|  |TAMS 0x00000000b2600000| PB 0x00000000b2600000| Untracked 
| 807|0x00000000b2700000, 0x00000000b2700000, 0x00000000b2800000|  0%| F|  |TAMS 0x00000000b2700000| PB 0x00000000b2700000| Untracked 
| 808|0x00000000b2800000, 0x00000000b2800000, 0x00000000b2900000|  0%| F|  |TAMS 0x00000000b2800000| PB 0x00000000b2800000| Untracked 
| 809|0x00000000b2900000, 0x00000000b2900000, 0x00000000b2a00000|  0%| F|  |TAMS 0x00000000b2900000| PB 0x00000000b2900000| Untracked 
| 810|0x00000000b2a00000, 0x00000000b2a00000, 0x00000000b2b00000|  0%| F|  |TAMS 0x00000000b2a00000| PB 0x00000000b2a00000| Untracked 
| 811|0x00000000b2b00000, 0x00000000b2b00000, 0x00000000b2c00000|  0%| F|  |TAMS 0x00000000b2b00000| PB 0x00000000b2b00000| Untracked 
| 812|0x00000000b2c00000, 0x00000000b2c00000, 0x00000000b2d00000|  0%| F|  |TAMS 0x00000000b2c00000| PB 0x00000000b2c00000| Untracked 
| 813|0x00000000b2d00000, 0x00000000b2d00000, 0x00000000b2e00000|  0%| F|  |TAMS 0x00000000b2d00000| PB 0x00000000b2d00000| Untracked 
| 814|0x00000000b2e00000, 0x00000000b2e00000, 0x00000000b2f00000|  0%| F|  |TAMS 0x00000000b2e00000| PB 0x00000000b2e00000| Untracked 
| 815|0x00000000b2f00000, 0x00000000b2f00000, 0x00000000b3000000|  0%| F|  |TAMS 0x00000000b2f00000| PB 0x00000000b2f00000| Untracked 
| 816|0x00000000b3000000, 0x00000000b3000000, 0x00000000b3100000|  0%| F|  |TAMS 0x00000000b3000000| PB 0x00000000b3000000| Untracked 
| 817|0x00000000b3100000, 0x00000000b3100000, 0x00000000b3200000|  0%| F|  |TAMS 0x00000000b3100000| PB 0x00000000b3100000| Untracked 
| 818|0x00000000b3200000, 0x00000000b3200000, 0x00000000b3300000|  0%| F|  |TAMS 0x00000000b3200000| PB 0x00000000b3200000| Untracked 
| 819|0x00000000b3300000, 0x00000000b3300000, 0x00000000b3400000|  0%| F|  |TAMS 0x00000000b3300000| PB 0x00000000b3300000| Untracked 
| 820|0x00000000b3400000, 0x00000000b3400000, 0x00000000b3500000|  0%| F|  |TAMS 0x00000000b3400000| PB 0x00000000b3400000| Untracked 
| 821|0x00000000b3500000, 0x00000000b3500000, 0x00000000b3600000|  0%| F|  |TAMS 0x00000000b3500000| PB 0x00000000b3500000| Untracked 
| 822|0x00000000b3600000, 0x00000000b3600000, 0x00000000b3700000|  0%| F|  |TAMS 0x00000000b3600000| PB 0x00000000b3600000| Untracked 
| 823|0x00000000b3700000, 0x00000000b3700000, 0x00000000b3800000|  0%| F|  |TAMS 0x00000000b3700000| PB 0x00000000b3700000| Untracked 
| 824|0x00000000b3800000, 0x00000000b3800000, 0x00000000b3900000|  0%| F|  |TAMS 0x00000000b3800000| PB 0x00000000b3800000| Untracked 
| 825|0x00000000b3900000, 0x00000000b3900000, 0x00000000b3a00000|  0%| F|  |TAMS 0x00000000b3900000| PB 0x00000000b3900000| Untracked 
| 826|0x00000000b3a00000, 0x00000000b3a00000, 0x00000000b3b00000|  0%| F|  |TAMS 0x00000000b3a00000| PB 0x00000000b3a00000| Untracked 
| 827|0x00000000b3b00000, 0x00000000b3b00000, 0x00000000b3c00000|  0%| F|  |TAMS 0x00000000b3b00000| PB 0x00000000b3b00000| Untracked 
| 828|0x00000000b3c00000, 0x00000000b3c00000, 0x00000000b3d00000|  0%| F|  |TAMS 0x00000000b3c00000| PB 0x00000000b3c00000| Untracked 
| 829|0x00000000b3d00000, 0x00000000b3d00000, 0x00000000b3e00000|  0%| F|  |TAMS 0x00000000b3d00000| PB 0x00000000b3d00000| Untracked 
| 830|0x00000000b3e00000, 0x00000000b3e00000, 0x00000000b3f00000|  0%| F|  |TAMS 0x00000000b3e00000| PB 0x00000000b3e00000| Untracked 
| 831|0x00000000b3f00000, 0x00000000b3f00000, 0x00000000b4000000|  0%| F|  |TAMS 0x00000000b3f00000| PB 0x00000000b3f00000| Untracked 
| 832|0x00000000b4000000, 0x00000000b4000000, 0x00000000b4100000|  0%| F|  |TAMS 0x00000000b4000000| PB 0x00000000b4000000| Untracked 
| 833|0x00000000b4100000, 0x00000000b4100000, 0x00000000b4200000|  0%| F|  |TAMS 0x00000000b4100000| PB 0x00000000b4100000| Untracked 
| 834|0x00000000b4200000, 0x00000000b4200000, 0x00000000b4300000|  0%| F|  |TAMS 0x00000000b4200000| PB 0x00000000b4200000| Untracked 
| 835|0x00000000b4300000, 0x00000000b4300000, 0x00000000b4400000|  0%| F|  |TAMS 0x00000000b4300000| PB 0x00000000b4300000| Untracked 
| 836|0x00000000b4400000, 0x00000000b4400000, 0x00000000b4500000|  0%| F|  |TAMS 0x00000000b4400000| PB 0x00000000b4400000| Untracked 
| 837|0x00000000b4500000, 0x00000000b4500000, 0x00000000b4600000|  0%| F|  |TAMS 0x00000000b4500000| PB 0x00000000b4500000| Untracked 
| 838|0x00000000b4600000, 0x00000000b4600000, 0x00000000b4700000|  0%| F|  |TAMS 0x00000000b4600000| PB 0x00000000b4600000| Untracked 
| 839|0x00000000b4700000, 0x00000000b4700000, 0x00000000b4800000|  0%| F|  |TAMS 0x00000000b4700000| PB 0x00000000b4700000| Untracked 
| 840|0x00000000b4800000, 0x00000000b4800000, 0x00000000b4900000|  0%| F|  |TAMS 0x00000000b4800000| PB 0x00000000b4800000| Untracked 
| 841|0x00000000b4900000, 0x00000000b4900000, 0x00000000b4a00000|  0%| F|  |TAMS 0x00000000b4900000| PB 0x00000000b4900000| Untracked 
| 842|0x00000000b4a00000, 0x00000000b4a00000, 0x00000000b4b00000|  0%| F|  |TAMS 0x00000000b4a00000| PB 0x00000000b4a00000| Untracked 
| 843|0x00000000b4b00000, 0x00000000b4b00000, 0x00000000b4c00000|  0%| F|  |TAMS 0x00000000b4b00000| PB 0x00000000b4b00000| Untracked 
| 844|0x00000000b4c00000, 0x00000000b4c00000, 0x00000000b4d00000|  0%| F|  |TAMS 0x00000000b4c00000| PB 0x00000000b4c00000| Untracked 
| 845|0x00000000b4d00000, 0x00000000b4d00000, 0x00000000b4e00000|  0%| F|  |TAMS 0x00000000b4d00000| PB 0x00000000b4d00000| Untracked 
| 846|0x00000000b4e00000, 0x00000000b4e00000, 0x00000000b4f00000|  0%| F|  |TAMS 0x00000000b4e00000| PB 0x00000000b4e00000| Untracked 
| 847|0x00000000b4f00000, 0x00000000b4f00000, 0x00000000b5000000|  0%| F|  |TAMS 0x00000000b4f00000| PB 0x00000000b4f00000| Untracked 
| 848|0x00000000b5000000, 0x00000000b5000000, 0x00000000b5100000|  0%| F|  |TAMS 0x00000000b5000000| PB 0x00000000b5000000| Untracked 
| 849|0x00000000b5100000, 0x00000000b5100000, 0x00000000b5200000|  0%| F|  |TAMS 0x00000000b5100000| PB 0x00000000b5100000| Untracked 
| 850|0x00000000b5200000, 0x00000000b5200000, 0x00000000b5300000|  0%| F|  |TAMS 0x00000000b5200000| PB 0x00000000b5200000| Untracked 
| 851|0x00000000b5300000, 0x00000000b5300000, 0x00000000b5400000|  0%| F|  |TAMS 0x00000000b5300000| PB 0x00000000b5300000| Untracked 
| 852|0x00000000b5400000, 0x00000000b5400000, 0x00000000b5500000|  0%| F|  |TAMS 0x00000000b5400000| PB 0x00000000b5400000| Untracked 
| 853|0x00000000b5500000, 0x00000000b5500000, 0x00000000b5600000|  0%| F|  |TAMS 0x00000000b5500000| PB 0x00000000b5500000| Untracked 
| 854|0x00000000b5600000, 0x00000000b5600000, 0x00000000b5700000|  0%| F|  |TAMS 0x00000000b5600000| PB 0x00000000b5600000| Untracked 
| 855|0x00000000b5700000, 0x00000000b5700000, 0x00000000b5800000|  0%| F|  |TAMS 0x00000000b5700000| PB 0x00000000b5700000| Untracked 
| 856|0x00000000b5800000, 0x00000000b5800000, 0x00000000b5900000|  0%| F|  |TAMS 0x00000000b5800000| PB 0x00000000b5800000| Untracked 
| 857|0x00000000b5900000, 0x00000000b5900000, 0x00000000b5a00000|  0%| F|  |TAMS 0x00000000b5900000| PB 0x00000000b5900000| Untracked 
| 858|0x00000000b5a00000, 0x00000000b5a00000, 0x00000000b5b00000|  0%| F|  |TAMS 0x00000000b5a00000| PB 0x00000000b5a00000| Untracked 
| 859|0x00000000b5b00000, 0x00000000b5b00000, 0x00000000b5c00000|  0%| F|  |TAMS 0x00000000b5b00000| PB 0x00000000b5b00000| Untracked 
| 860|0x00000000b5c00000, 0x00000000b5c00000, 0x00000000b5d00000|  0%| F|  |TAMS 0x00000000b5c00000| PB 0x00000000b5c00000| Untracked 
| 861|0x00000000b5d00000, 0x00000000b5d00000, 0x00000000b5e00000|  0%| F|  |TAMS 0x00000000b5d00000| PB 0x00000000b5d00000| Untracked 
| 862|0x00000000b5e00000, 0x00000000b5e00000, 0x00000000b5f00000|  0%| F|  |TAMS 0x00000000b5e00000| PB 0x00000000b5e00000| Untracked 
| 863|0x00000000b5f00000, 0x00000000b5f00000, 0x00000000b6000000|  0%| F|  |TAMS 0x00000000b5f00000| PB 0x00000000b5f00000| Untracked 
| 864|0x00000000b6000000, 0x00000000b6000000, 0x00000000b6100000|  0%| F|  |TAMS 0x00000000b6000000| PB 0x00000000b6000000| Untracked 
| 865|0x00000000b6100000, 0x00000000b6100000, 0x00000000b6200000|  0%| F|  |TAMS 0x00000000b6100000| PB 0x00000000b6100000| Untracked 
| 866|0x00000000b6200000, 0x00000000b6200000, 0x00000000b6300000|  0%| F|  |TAMS 0x00000000b6200000| PB 0x00000000b6200000| Untracked 
| 867|0x00000000b6300000, 0x00000000b6300000, 0x00000000b6400000|  0%| F|  |TAMS 0x00000000b6300000| PB 0x00000000b6300000| Untracked 
| 868|0x00000000b6400000, 0x00000000b6400000, 0x00000000b6500000|  0%| F|  |TAMS 0x00000000b6400000| PB 0x00000000b6400000| Untracked 
| 869|0x00000000b6500000, 0x00000000b6500000, 0x00000000b6600000|  0%| F|  |TAMS 0x00000000b6500000| PB 0x00000000b6500000| Untracked 
| 870|0x00000000b6600000, 0x00000000b6600000, 0x00000000b6700000|  0%| F|  |TAMS 0x00000000b6600000| PB 0x00000000b6600000| Untracked 
| 871|0x00000000b6700000, 0x00000000b6700000, 0x00000000b6800000|  0%| F|  |TAMS 0x00000000b6700000| PB 0x00000000b6700000| Untracked 
| 872|0x00000000b6800000, 0x00000000b6800000, 0x00000000b6900000|  0%| F|  |TAMS 0x00000000b6800000| PB 0x00000000b6800000| Untracked 
| 873|0x00000000b6900000, 0x00000000b6900000, 0x00000000b6a00000|  0%| F|  |TAMS 0x00000000b6900000| PB 0x00000000b6900000| Untracked 
| 874|0x00000000b6a00000, 0x00000000b6a00000, 0x00000000b6b00000|  0%| F|  |TAMS 0x00000000b6a00000| PB 0x00000000b6a00000| Untracked 
| 875|0x00000000b6b00000, 0x00000000b6b00000, 0x00000000b6c00000|  0%| F|  |TAMS 0x00000000b6b00000| PB 0x00000000b6b00000| Untracked 
| 876|0x00000000b6c00000, 0x00000000b6c00000, 0x00000000b6d00000|  0%| F|  |TAMS 0x00000000b6c00000| PB 0x00000000b6c00000| Untracked 
| 877|0x00000000b6d00000, 0x00000000b6d00000, 0x00000000b6e00000|  0%| F|  |TAMS 0x00000000b6d00000| PB 0x00000000b6d00000| Untracked 
| 878|0x00000000b6e00000, 0x00000000b6e00000, 0x00000000b6f00000|  0%| F|  |TAMS 0x00000000b6e00000| PB 0x00000000b6e00000| Untracked 
| 879|0x00000000b6f00000, 0x00000000b6f00000, 0x00000000b7000000|  0%| F|  |TAMS 0x00000000b6f00000| PB 0x00000000b6f00000| Untracked 
| 880|0x00000000b7000000, 0x00000000b7000000, 0x00000000b7100000|  0%| F|  |TAMS 0x00000000b7000000| PB 0x00000000b7000000| Untracked 
| 881|0x00000000b7100000, 0x00000000b7100000, 0x00000000b7200000|  0%| F|  |TAMS 0x00000000b7100000| PB 0x00000000b7100000| Untracked 
| 882|0x00000000b7200000, 0x00000000b7200000, 0x00000000b7300000|  0%| F|  |TAMS 0x00000000b7200000| PB 0x00000000b7200000| Untracked 
| 883|0x00000000b7300000, 0x00000000b7300000, 0x00000000b7400000|  0%| F|  |TAMS 0x00000000b7300000| PB 0x00000000b7300000| Untracked 
| 884|0x00000000b7400000, 0x00000000b7400000, 0x00000000b7500000|  0%| F|  |TAMS 0x00000000b7400000| PB 0x00000000b7400000| Untracked 
| 885|0x00000000b7500000, 0x00000000b7500000, 0x00000000b7600000|  0%| F|  |TAMS 0x00000000b7500000| PB 0x00000000b7500000| Untracked 
| 886|0x00000000b7600000, 0x00000000b7600000, 0x00000000b7700000|  0%| F|  |TAMS 0x00000000b7600000| PB 0x00000000b7600000| Untracked 
| 887|0x00000000b7700000, 0x00000000b7700000, 0x00000000b7800000|  0%| F|  |TAMS 0x00000000b7700000| PB 0x00000000b7700000| Untracked 
| 888|0x00000000b7800000, 0x00000000b7800000, 0x00000000b7900000|  0%| F|  |TAMS 0x00000000b7800000| PB 0x00000000b7800000| Untracked 
| 889|0x00000000b7900000, 0x00000000b7900000, 0x00000000b7a00000|  0%| F|  |TAMS 0x00000000b7900000| PB 0x00000000b7900000| Untracked 
| 890|0x00000000b7a00000, 0x00000000b7a00000, 0x00000000b7b00000|  0%| F|  |TAMS 0x00000000b7a00000| PB 0x00000000b7a00000| Untracked 
| 891|0x00000000b7b00000, 0x00000000b7b00000, 0x00000000b7c00000|  0%| F|  |TAMS 0x00000000b7b00000| PB 0x00000000b7b00000| Untracked 
| 892|0x00000000b7c00000, 0x00000000b7c00000, 0x00000000b7d00000|  0%| F|  |TAMS 0x00000000b7c00000| PB 0x00000000b7c00000| Untracked 
| 893|0x00000000b7d00000, 0x00000000b7d00000, 0x00000000b7e00000|  0%| F|  |TAMS 0x00000000b7d00000| PB 0x00000000b7d00000| Untracked 
| 894|0x00000000b7e00000, 0x00000000b7e00000, 0x00000000b7f00000|  0%| F|  |TAMS 0x00000000b7e00000| PB 0x00000000b7e00000| Untracked 
| 895|0x00000000b7f00000, 0x00000000b7f00000, 0x00000000b8000000|  0%| F|  |TAMS 0x00000000b7f00000| PB 0x00000000b7f00000| Untracked 
| 896|0x00000000b8000000, 0x00000000b8000000, 0x00000000b8100000|  0%| F|  |TAMS 0x00000000b8000000| PB 0x00000000b8000000| Untracked 
| 897|0x00000000b8100000, 0x00000000b8100000, 0x00000000b8200000|  0%| F|  |TAMS 0x00000000b8100000| PB 0x00000000b8100000| Untracked 
| 898|0x00000000b8200000, 0x00000000b8200000, 0x00000000b8300000|  0%| F|  |TAMS 0x00000000b8200000| PB 0x00000000b8200000| Untracked 
| 899|0x00000000b8300000, 0x00000000b8300000, 0x00000000b8400000|  0%| F|  |TAMS 0x00000000b8300000| PB 0x00000000b8300000| Untracked 
| 900|0x00000000b8400000, 0x00000000b8400000, 0x00000000b8500000|  0%| F|  |TAMS 0x00000000b8400000| PB 0x00000000b8400000| Untracked 
| 901|0x00000000b8500000, 0x00000000b8500000, 0x00000000b8600000|  0%| F|  |TAMS 0x00000000b8500000| PB 0x00000000b8500000| Untracked 
| 902|0x00000000b8600000, 0x00000000b8600000, 0x00000000b8700000|  0%| F|  |TAMS 0x00000000b8600000| PB 0x00000000b8600000| Untracked 
| 903|0x00000000b8700000, 0x00000000b8700000, 0x00000000b8800000|  0%| F|  |TAMS 0x00000000b8700000| PB 0x00000000b8700000| Untracked 
| 904|0x00000000b8800000, 0x00000000b8800000, 0x00000000b8900000|  0%| F|  |TAMS 0x00000000b8800000| PB 0x00000000b8800000| Untracked 
| 905|0x00000000b8900000, 0x00000000b8900000, 0x00000000b8a00000|  0%| F|  |TAMS 0x00000000b8900000| PB 0x00000000b8900000| Untracked 
| 906|0x00000000b8a00000, 0x00000000b8a00000, 0x00000000b8b00000|  0%| F|  |TAMS 0x00000000b8a00000| PB 0x00000000b8a00000| Untracked 
| 907|0x00000000b8b00000, 0x00000000b8b00000, 0x00000000b8c00000|  0%| F|  |TAMS 0x00000000b8b00000| PB 0x00000000b8b00000| Untracked 
| 908|0x00000000b8c00000, 0x00000000b8c00000, 0x00000000b8d00000|  0%| F|  |TAMS 0x00000000b8c00000| PB 0x00000000b8c00000| Untracked 
| 909|0x00000000b8d00000, 0x00000000b8d00000, 0x00000000b8e00000|  0%| F|  |TAMS 0x00000000b8d00000| PB 0x00000000b8d00000| Untracked 
| 910|0x00000000b8e00000, 0x00000000b8e00000, 0x00000000b8f00000|  0%| F|  |TAMS 0x00000000b8e00000| PB 0x00000000b8e00000| Untracked 
| 911|0x00000000b8f00000, 0x00000000b8f00000, 0x00000000b9000000|  0%| F|  |TAMS 0x00000000b8f00000| PB 0x00000000b8f00000| Untracked 
| 912|0x00000000b9000000, 0x00000000b9000000, 0x00000000b9100000|  0%| F|  |TAMS 0x00000000b9000000| PB 0x00000000b9000000| Untracked 
| 913|0x00000000b9100000, 0x00000000b9100000, 0x00000000b9200000|  0%| F|  |TAMS 0x00000000b9100000| PB 0x00000000b9100000| Untracked 
| 914|0x00000000b9200000, 0x00000000b9200000, 0x00000000b9300000|  0%| F|  |TAMS 0x00000000b9200000| PB 0x00000000b9200000| Untracked 
| 915|0x00000000b9300000, 0x00000000b9300000, 0x00000000b9400000|  0%| F|  |TAMS 0x00000000b9300000| PB 0x00000000b9300000| Untracked 
| 916|0x00000000b9400000, 0x00000000b9400000, 0x00000000b9500000|  0%| F|  |TAMS 0x00000000b9400000| PB 0x00000000b9400000| Untracked 
| 917|0x00000000b9500000, 0x00000000b9500000, 0x00000000b9600000|  0%| F|  |TAMS 0x00000000b9500000| PB 0x00000000b9500000| Untracked 
| 918|0x00000000b9600000, 0x00000000b9600000, 0x00000000b9700000|  0%| F|  |TAMS 0x00000000b9600000| PB 0x00000000b9600000| Untracked 
| 919|0x00000000b9700000, 0x00000000b9700000, 0x00000000b9800000|  0%| F|  |TAMS 0x00000000b9700000| PB 0x00000000b9700000| Untracked 
| 920|0x00000000b9800000, 0x00000000b9800000, 0x00000000b9900000|  0%| F|  |TAMS 0x00000000b9800000| PB 0x00000000b9800000| Untracked 
| 921|0x00000000b9900000, 0x00000000b9900000, 0x00000000b9a00000|  0%| F|  |TAMS 0x00000000b9900000| PB 0x00000000b9900000| Untracked 
| 922|0x00000000b9a00000, 0x00000000b9a00000, 0x00000000b9b00000|  0%| F|  |TAMS 0x00000000b9a00000| PB 0x00000000b9a00000| Untracked 
| 923|0x00000000b9b00000, 0x00000000b9b00000, 0x00000000b9c00000|  0%| F|  |TAMS 0x00000000b9b00000| PB 0x00000000b9b00000| Untracked 
| 924|0x00000000b9c00000, 0x00000000b9c00000, 0x00000000b9d00000|  0%| F|  |TAMS 0x00000000b9c00000| PB 0x00000000b9c00000| Untracked 
| 925|0x00000000b9d00000, 0x00000000b9d00000, 0x00000000b9e00000|  0%| F|  |TAMS 0x00000000b9d00000| PB 0x00000000b9d00000| Untracked 
| 926|0x00000000b9e00000, 0x00000000b9e00000, 0x00000000b9f00000|  0%| F|  |TAMS 0x00000000b9e00000| PB 0x00000000b9e00000| Untracked 
| 927|0x00000000b9f00000, 0x00000000b9f00000, 0x00000000ba000000|  0%| F|  |TAMS 0x00000000b9f00000| PB 0x00000000b9f00000| Untracked 
| 928|0x00000000ba000000, 0x00000000ba000000, 0x00000000ba100000|  0%| F|  |TAMS 0x00000000ba000000| PB 0x00000000ba000000| Untracked 
| 929|0x00000000ba100000, 0x00000000ba100000, 0x00000000ba200000|  0%| F|  |TAMS 0x00000000ba100000| PB 0x00000000ba100000| Untracked 
| 930|0x00000000ba200000, 0x00000000ba200000, 0x00000000ba300000|  0%| F|  |TAMS 0x00000000ba200000| PB 0x00000000ba200000| Untracked 
| 931|0x00000000ba300000, 0x00000000ba300000, 0x00000000ba400000|  0%| F|  |TAMS 0x00000000ba300000| PB 0x00000000ba300000| Untracked 
| 932|0x00000000ba400000, 0x00000000ba400000, 0x00000000ba500000|  0%| F|  |TAMS 0x00000000ba400000| PB 0x00000000ba400000| Untracked 
| 933|0x00000000ba500000, 0x00000000ba500000, 0x00000000ba600000|  0%| F|  |TAMS 0x00000000ba500000| PB 0x00000000ba500000| Untracked 
| 934|0x00000000ba600000, 0x00000000ba600000, 0x00000000ba700000|  0%| F|  |TAMS 0x00000000ba600000| PB 0x00000000ba600000| Untracked 
| 935|0x00000000ba700000, 0x00000000ba700000, 0x00000000ba800000|  0%| F|  |TAMS 0x00000000ba700000| PB 0x00000000ba700000| Untracked 
| 936|0x00000000ba800000, 0x00000000ba800000, 0x00000000ba900000|  0%| F|  |TAMS 0x00000000ba800000| PB 0x00000000ba800000| Untracked 
| 937|0x00000000ba900000, 0x00000000ba900000, 0x00000000baa00000|  0%| F|  |TAMS 0x00000000ba900000| PB 0x00000000ba900000| Untracked 
| 938|0x00000000baa00000, 0x00000000baa00000, 0x00000000bab00000|  0%| F|  |TAMS 0x00000000baa00000| PB 0x00000000baa00000| Untracked 
| 939|0x00000000bab00000, 0x00000000bab00000, 0x00000000bac00000|  0%| F|  |TAMS 0x00000000bab00000| PB 0x00000000bab00000| Untracked 
| 940|0x00000000bac00000, 0x00000000bac00000, 0x00000000bad00000|  0%| F|  |TAMS 0x00000000bac00000| PB 0x00000000bac00000| Untracked 
| 941|0x00000000bad00000, 0x00000000bad00000, 0x00000000bae00000|  0%| F|  |TAMS 0x00000000bad00000| PB 0x00000000bad00000| Untracked 
| 942|0x00000000bae00000, 0x00000000bae00000, 0x00000000baf00000|  0%| F|  |TAMS 0x00000000bae00000| PB 0x00000000bae00000| Untracked 
| 943|0x00000000baf00000, 0x00000000baf00000, 0x00000000bb000000|  0%| F|  |TAMS 0x00000000baf00000| PB 0x00000000baf00000| Untracked 
| 944|0x00000000bb000000, 0x00000000bb000000, 0x00000000bb100000|  0%| F|  |TAMS 0x00000000bb000000| PB 0x00000000bb000000| Untracked 
| 945|0x00000000bb100000, 0x00000000bb100000, 0x00000000bb200000|  0%| F|  |TAMS 0x00000000bb100000| PB 0x00000000bb100000| Untracked 
| 946|0x00000000bb200000, 0x00000000bb200000, 0x00000000bb300000|  0%| F|  |TAMS 0x00000000bb200000| PB 0x00000000bb200000| Untracked 
| 947|0x00000000bb300000, 0x00000000bb300000, 0x00000000bb400000|  0%| F|  |TAMS 0x00000000bb300000| PB 0x00000000bb300000| Untracked 
| 948|0x00000000bb400000, 0x00000000bb400000, 0x00000000bb500000|  0%| F|  |TAMS 0x00000000bb400000| PB 0x00000000bb400000| Untracked 
| 949|0x00000000bb500000, 0x00000000bb500000, 0x00000000bb600000|  0%| F|  |TAMS 0x00000000bb500000| PB 0x00000000bb500000| Untracked 
| 950|0x00000000bb600000, 0x00000000bb600000, 0x00000000bb700000|  0%| F|  |TAMS 0x00000000bb600000| PB 0x00000000bb600000| Untracked 
| 951|0x00000000bb700000, 0x00000000bb700000, 0x00000000bb800000|  0%| F|  |TAMS 0x00000000bb700000| PB 0x00000000bb700000| Untracked 
| 952|0x00000000bb800000, 0x00000000bb800000, 0x00000000bb900000|  0%| F|  |TAMS 0x00000000bb800000| PB 0x00000000bb800000| Untracked 
| 953|0x00000000bb900000, 0x00000000bb900000, 0x00000000bba00000|  0%| F|  |TAMS 0x00000000bb900000| PB 0x00000000bb900000| Untracked 
| 954|0x00000000bba00000, 0x00000000bba00000, 0x00000000bbb00000|  0%| F|  |TAMS 0x00000000bba00000| PB 0x00000000bba00000| Untracked 
| 955|0x00000000bbb00000, 0x00000000bbb00000, 0x00000000bbc00000|  0%| F|  |TAMS 0x00000000bbb00000| PB 0x00000000bbb00000| Untracked 
| 956|0x00000000bbc00000, 0x00000000bbc00000, 0x00000000bbd00000|  0%| F|  |TAMS 0x00000000bbc00000| PB 0x00000000bbc00000| Untracked 
| 957|0x00000000bbd00000, 0x00000000bbd00000, 0x00000000bbe00000|  0%| F|  |TAMS 0x00000000bbd00000| PB 0x00000000bbd00000| Untracked 
| 958|0x00000000bbe00000, 0x00000000bbe00000, 0x00000000bbf00000|  0%| F|  |TAMS 0x00000000bbe00000| PB 0x00000000bbe00000| Untracked 
| 959|0x00000000bbf00000, 0x00000000bbf00000, 0x00000000bc000000|  0%| F|  |TAMS 0x00000000bbf00000| PB 0x00000000bbf00000| Untracked 
| 960|0x00000000bc000000, 0x00000000bc000000, 0x00000000bc100000|  0%| F|  |TAMS 0x00000000bc000000| PB 0x00000000bc000000| Untracked 
| 961|0x00000000bc100000, 0x00000000bc100000, 0x00000000bc200000|  0%| F|  |TAMS 0x00000000bc100000| PB 0x00000000bc100000| Untracked 
| 962|0x00000000bc200000, 0x00000000bc200000, 0x00000000bc300000|  0%| F|  |TAMS 0x00000000bc200000| PB 0x00000000bc200000| Untracked 
| 963|0x00000000bc300000, 0x00000000bc300000, 0x00000000bc400000|  0%| F|  |TAMS 0x00000000bc300000| PB 0x00000000bc300000| Untracked 
| 964|0x00000000bc400000, 0x00000000bc400000, 0x00000000bc500000|  0%| F|  |TAMS 0x00000000bc400000| PB 0x00000000bc400000| Untracked 
| 965|0x00000000bc500000, 0x00000000bc500000, 0x00000000bc600000|  0%| F|  |TAMS 0x00000000bc500000| PB 0x00000000bc500000| Untracked 
| 966|0x00000000bc600000, 0x00000000bc600000, 0x00000000bc700000|  0%| F|  |TAMS 0x00000000bc600000| PB 0x00000000bc600000| Untracked 
| 967|0x00000000bc700000, 0x00000000bc700000, 0x00000000bc800000|  0%| F|  |TAMS 0x00000000bc700000| PB 0x00000000bc700000| Untracked 
| 968|0x00000000bc800000, 0x00000000bc800000, 0x00000000bc900000|  0%| F|  |TAMS 0x00000000bc800000| PB 0x00000000bc800000| Untracked 
| 969|0x00000000bc900000, 0x00000000bc900000, 0x00000000bca00000|  0%| F|  |TAMS 0x00000000bc900000| PB 0x00000000bc900000| Untracked 
| 970|0x00000000bca00000, 0x00000000bca00000, 0x00000000bcb00000|  0%| F|  |TAMS 0x00000000bca00000| PB 0x00000000bca00000| Untracked 
| 971|0x00000000bcb00000, 0x00000000bcb00000, 0x00000000bcc00000|  0%| F|  |TAMS 0x00000000bcb00000| PB 0x00000000bcb00000| Untracked 
| 972|0x00000000bcc00000, 0x00000000bcc00000, 0x00000000bcd00000|  0%| F|  |TAMS 0x00000000bcc00000| PB 0x00000000bcc00000| Untracked 
| 973|0x00000000bcd00000, 0x00000000bcd00000, 0x00000000bce00000|  0%| F|  |TAMS 0x00000000bcd00000| PB 0x00000000bcd00000| Untracked 
| 974|0x00000000bce00000, 0x00000000bce00000, 0x00000000bcf00000|  0%| F|  |TAMS 0x00000000bce00000| PB 0x00000000bce00000| Untracked 
| 975|0x00000000bcf00000, 0x00000000bcf00000, 0x00000000bd000000|  0%| F|  |TAMS 0x00000000bcf00000| PB 0x00000000bcf00000| Untracked 
| 976|0x00000000bd000000, 0x00000000bd000000, 0x00000000bd100000|  0%| F|  |TAMS 0x00000000bd000000| PB 0x00000000bd000000| Untracked 
| 977|0x00000000bd100000, 0x00000000bd100000, 0x00000000bd200000|  0%| F|  |TAMS 0x00000000bd100000| PB 0x00000000bd100000| Untracked 
| 978|0x00000000bd200000, 0x00000000bd200000, 0x00000000bd300000|  0%| F|  |TAMS 0x00000000bd200000| PB 0x00000000bd200000| Untracked 
| 979|0x00000000bd300000, 0x00000000bd300000, 0x00000000bd400000|  0%| F|  |TAMS 0x00000000bd300000| PB 0x00000000bd300000| Untracked 
| 980|0x00000000bd400000, 0x00000000bd400000, 0x00000000bd500000|  0%| F|  |TAMS 0x00000000bd400000| PB 0x00000000bd400000| Untracked 
| 981|0x00000000bd500000, 0x00000000bd500000, 0x00000000bd600000|  0%| F|  |TAMS 0x00000000bd500000| PB 0x00000000bd500000| Untracked 
| 982|0x00000000bd600000, 0x00000000bd600000, 0x00000000bd700000|  0%| F|  |TAMS 0x00000000bd600000| PB 0x00000000bd600000| Untracked 
| 983|0x00000000bd700000, 0x00000000bd700000, 0x00000000bd800000|  0%| F|  |TAMS 0x00000000bd700000| PB 0x00000000bd700000| Untracked 
| 984|0x00000000bd800000, 0x00000000bd800000, 0x00000000bd900000|  0%| F|  |TAMS 0x00000000bd800000| PB 0x00000000bd800000| Untracked 
| 985|0x00000000bd900000, 0x00000000bd900000, 0x00000000bda00000|  0%| F|  |TAMS 0x00000000bd900000| PB 0x00000000bd900000| Untracked 
| 986|0x00000000bda00000, 0x00000000bda00000, 0x00000000bdb00000|  0%| F|  |TAMS 0x00000000bda00000| PB 0x00000000bda00000| Untracked 
| 987|0x00000000bdb00000, 0x00000000bdb00000, 0x00000000bdc00000|  0%| F|  |TAMS 0x00000000bdb00000| PB 0x00000000bdb00000| Untracked 
| 988|0x00000000bdc00000, 0x00000000bdc00000, 0x00000000bdd00000|  0%| F|  |TAMS 0x00000000bdc00000| PB 0x00000000bdc00000| Untracked 
| 989|0x00000000bdd00000, 0x00000000bdd00000, 0x00000000bde00000|  0%| F|  |TAMS 0x00000000bdd00000| PB 0x00000000bdd00000| Untracked 
| 990|0x00000000bde00000, 0x00000000bde00000, 0x00000000bdf00000|  0%| F|  |TAMS 0x00000000bde00000| PB 0x00000000bde00000| Untracked 
| 991|0x00000000bdf00000, 0x00000000bdf00000, 0x00000000be000000|  0%| F|  |TAMS 0x00000000bdf00000| PB 0x00000000bdf00000| Untracked 
| 992|0x00000000be000000, 0x00000000be000000, 0x00000000be100000|  0%| F|  |TAMS 0x00000000be000000| PB 0x00000000be000000| Untracked 
| 993|0x00000000be100000, 0x00000000be100000, 0x00000000be200000|  0%| F|  |TAMS 0x00000000be100000| PB 0x00000000be100000| Untracked 
| 994|0x00000000be200000, 0x00000000be200000, 0x00000000be300000|  0%| F|  |TAMS 0x00000000be200000| PB 0x00000000be200000| Untracked 
| 995|0x00000000be300000, 0x00000000be300000, 0x00000000be400000|  0%| F|  |TAMS 0x00000000be300000| PB 0x00000000be300000| Untracked 
| 996|0x00000000be400000, 0x00000000be400000, 0x00000000be500000|  0%| F|  |TAMS 0x00000000be400000| PB 0x00000000be400000| Untracked 
| 997|0x00000000be500000, 0x00000000be500000, 0x00000000be600000|  0%| F|  |TAMS 0x00000000be500000| PB 0x00000000be500000| Untracked 
| 998|0x00000000be600000, 0x00000000be600000, 0x00000000be700000|  0%| F|  |TAMS 0x00000000be600000| PB 0x00000000be600000| Untracked 
| 999|0x00000000be700000, 0x00000000be700000, 0x00000000be800000|  0%| F|  |TAMS 0x00000000be700000| PB 0x00000000be700000| Untracked 
|1000|0x00000000be800000, 0x00000000be800000, 0x00000000be900000|  0%| F|  |TAMS 0x00000000be800000| PB 0x00000000be800000| Untracked 
|1001|0x00000000be900000, 0x00000000be900000, 0x00000000bea00000|  0%| F|  |TAMS 0x00000000be900000| PB 0x00000000be900000| Untracked 
|1002|0x00000000bea00000, 0x00000000bea00000, 0x00000000beb00000|  0%| F|  |TAMS 0x00000000bea00000| PB 0x00000000bea00000| Untracked 
|1003|0x00000000beb00000, 0x00000000beb00000, 0x00000000bec00000|  0%| F|  |TAMS 0x00000000beb00000| PB 0x00000000beb00000| Untracked 
|1004|0x00000000bec00000, 0x00000000bec00000, 0x00000000bed00000|  0%| F|  |TAMS 0x00000000bec00000| PB 0x00000000bec00000| Untracked 
|1005|0x00000000bed00000, 0x00000000bed00000, 0x00000000bee00000|  0%| F|  |TAMS 0x00000000bed00000| PB 0x00000000bed00000| Untracked 
|1006|0x00000000bee00000, 0x00000000bee00000, 0x00000000bef00000|  0%| F|  |TAMS 0x00000000bee00000| PB 0x00000000bee00000| Untracked 
|1007|0x00000000bef00000, 0x00000000bef00000, 0x00000000bf000000|  0%| F|  |TAMS 0x00000000bef00000| PB 0x00000000bef00000| Untracked 
|1008|0x00000000bf000000, 0x00000000bf000000, 0x00000000bf100000|  0%| F|  |TAMS 0x00000000bf000000| PB 0x00000000bf000000| Untracked 
|1009|0x00000000bf100000, 0x00000000bf100000, 0x00000000bf200000|  0%| F|  |TAMS 0x00000000bf100000| PB 0x00000000bf100000| Untracked 
|1010|0x00000000bf200000, 0x00000000bf200000, 0x00000000bf300000|  0%| F|  |TAMS 0x00000000bf200000| PB 0x00000000bf200000| Untracked 
|1011|0x00000000bf300000, 0x00000000bf300000, 0x00000000bf400000|  0%| F|  |TAMS 0x00000000bf300000| PB 0x00000000bf300000| Untracked 
|1012|0x00000000bf400000, 0x00000000bf400000, 0x00000000bf500000|  0%| F|  |TAMS 0x00000000bf400000| PB 0x00000000bf400000| Untracked 
|1013|0x00000000bf500000, 0x00000000bf500000, 0x00000000bf600000|  0%| F|  |TAMS 0x00000000bf500000| PB 0x00000000bf500000| Untracked 
|1014|0x00000000bf600000, 0x00000000bf600000, 0x00000000bf700000|  0%| F|  |TAMS 0x00000000bf600000| PB 0x00000000bf600000| Untracked 
|1015|0x00000000bf700000, 0x00000000bf700000, 0x00000000bf800000|  0%| F|  |TAMS 0x00000000bf700000| PB 0x00000000bf700000| Untracked 
|1016|0x00000000bf800000, 0x00000000bf800000, 0x00000000bf900000|  0%| F|  |TAMS 0x00000000bf800000| PB 0x00000000bf800000| Untracked 
|1017|0x00000000bf900000, 0x00000000bf900000, 0x00000000bfa00000|  0%| F|  |TAMS 0x00000000bf900000| PB 0x00000000bf900000| Untracked 
|1018|0x00000000bfa00000, 0x00000000bfa00000, 0x00000000bfb00000|  0%| F|  |TAMS 0x00000000bfa00000| PB 0x00000000bfa00000| Untracked 
|1019|0x00000000bfb00000, 0x00000000bfb00000, 0x00000000bfc00000|  0%| F|  |TAMS 0x00000000bfb00000| PB 0x00000000bfb00000| Untracked 
|1020|0x00000000bfc00000, 0x00000000bfc00000, 0x00000000bfd00000|  0%| F|  |TAMS 0x00000000bfc00000| PB 0x00000000bfc00000| Untracked 
|1021|0x00000000bfd00000, 0x00000000bfd00000, 0x00000000bfe00000|  0%| F|  |TAMS 0x00000000bfd00000| PB 0x00000000bfd00000| Untracked 
|1022|0x00000000bfe00000, 0x00000000bfe00000, 0x00000000bff00000|  0%| F|  |TAMS 0x00000000bfe00000| PB 0x00000000bfe00000| Untracked 
|1023|0x00000000bff00000, 0x00000000bff00000, 0x00000000c0000000|  0%| F|  |TAMS 0x00000000bff00000| PB 0x00000000bff00000| Untracked 
|1024|0x00000000c0000000, 0x00000000c0000000, 0x00000000c0100000|  0%| F|  |TAMS 0x00000000c0000000| PB 0x00000000c0000000| Untracked 
|1025|0x00000000c0100000, 0x00000000c0100000, 0x00000000c0200000|  0%| F|  |TAMS 0x00000000c0100000| PB 0x00000000c0100000| Untracked 
|1026|0x00000000c0200000, 0x00000000c0200000, 0x00000000c0300000|  0%| F|  |TAMS 0x00000000c0200000| PB 0x00000000c0200000| Untracked 
|1027|0x00000000c0300000, 0x00000000c0300000, 0x00000000c0400000|  0%| F|  |TAMS 0x00000000c0300000| PB 0x00000000c0300000| Untracked 
|1028|0x00000000c0400000, 0x00000000c0400000, 0x00000000c0500000|  0%| F|  |TAMS 0x00000000c0400000| PB 0x00000000c0400000| Untracked 
|1029|0x00000000c0500000, 0x00000000c0500000, 0x00000000c0600000|  0%| F|  |TAMS 0x00000000c0500000| PB 0x00000000c0500000| Untracked 
|1030|0x00000000c0600000, 0x00000000c0600000, 0x00000000c0700000|  0%| F|  |TAMS 0x00000000c0600000| PB 0x00000000c0600000| Untracked 
|1031|0x00000000c0700000, 0x00000000c0700000, 0x00000000c0800000|  0%| F|  |TAMS 0x00000000c0700000| PB 0x00000000c0700000| Untracked 
|1032|0x00000000c0800000, 0x00000000c0800000, 0x00000000c0900000|  0%| F|  |TAMS 0x00000000c0800000| PB 0x00000000c0800000| Untracked 
|1033|0x00000000c0900000, 0x00000000c0900000, 0x00000000c0a00000|  0%| F|  |TAMS 0x00000000c0900000| PB 0x00000000c0900000| Untracked 
|1034|0x00000000c0a00000, 0x00000000c0a00000, 0x00000000c0b00000|  0%| F|  |TAMS 0x00000000c0a00000| PB 0x00000000c0a00000| Untracked 
|1035|0x00000000c0b00000, 0x00000000c0b00000, 0x00000000c0c00000|  0%| F|  |TAMS 0x00000000c0b00000| PB 0x00000000c0b00000| Untracked 
|1036|0x00000000c0c00000, 0x00000000c0c00000, 0x00000000c0d00000|  0%| F|  |TAMS 0x00000000c0c00000| PB 0x00000000c0c00000| Untracked 
|1037|0x00000000c0d00000, 0x00000000c0d00000, 0x00000000c0e00000|  0%| F|  |TAMS 0x00000000c0d00000| PB 0x00000000c0d00000| Untracked 
|1038|0x00000000c0e00000, 0x00000000c0e00000, 0x00000000c0f00000|  0%| F|  |TAMS 0x00000000c0e00000| PB 0x00000000c0e00000| Untracked 
|1039|0x00000000c0f00000, 0x00000000c0f00000, 0x00000000c1000000|  0%| F|  |TAMS 0x00000000c0f00000| PB 0x00000000c0f00000| Untracked 
|1040|0x00000000c1000000, 0x00000000c1000000, 0x00000000c1100000|  0%| F|  |TAMS 0x00000000c1000000| PB 0x00000000c1000000| Untracked 
|1041|0x00000000c1100000, 0x00000000c1100000, 0x00000000c1200000|  0%| F|  |TAMS 0x00000000c1100000| PB 0x00000000c1100000| Untracked 
|1042|0x00000000c1200000, 0x00000000c1200000, 0x00000000c1300000|  0%| F|  |TAMS 0x00000000c1200000| PB 0x00000000c1200000| Untracked 
|1043|0x00000000c1300000, 0x00000000c1300000, 0x00000000c1400000|  0%| F|  |TAMS 0x00000000c1300000| PB 0x00000000c1300000| Untracked 
|1044|0x00000000c1400000, 0x00000000c1400000, 0x00000000c1500000|  0%| F|  |TAMS 0x00000000c1400000| PB 0x00000000c1400000| Untracked 
|1045|0x00000000c1500000, 0x00000000c1500000, 0x00000000c1600000|  0%| F|  |TAMS 0x00000000c1500000| PB 0x00000000c1500000| Untracked 
|1046|0x00000000c1600000, 0x00000000c1600000, 0x00000000c1700000|  0%| F|  |TAMS 0x00000000c1600000| PB 0x00000000c1600000| Untracked 
|1047|0x00000000c1700000, 0x00000000c1700000, 0x00000000c1800000|  0%| F|  |TAMS 0x00000000c1700000| PB 0x00000000c1700000| Untracked 
|1048|0x00000000c1800000, 0x00000000c1800000, 0x00000000c1900000|  0%| F|  |TAMS 0x00000000c1800000| PB 0x00000000c1800000| Untracked 
|1049|0x00000000c1900000, 0x00000000c1900000, 0x00000000c1a00000|  0%| F|  |TAMS 0x00000000c1900000| PB 0x00000000c1900000| Untracked 
|1050|0x00000000c1a00000, 0x00000000c1a00000, 0x00000000c1b00000|  0%| F|  |TAMS 0x00000000c1a00000| PB 0x00000000c1a00000| Untracked 
|1051|0x00000000c1b00000, 0x00000000c1b00000, 0x00000000c1c00000|  0%| F|  |TAMS 0x00000000c1b00000| PB 0x00000000c1b00000| Untracked 
|1052|0x00000000c1c00000, 0x00000000c1c00000, 0x00000000c1d00000|  0%| F|  |TAMS 0x00000000c1c00000| PB 0x00000000c1c00000| Untracked 
|1053|0x00000000c1d00000, 0x00000000c1d00000, 0x00000000c1e00000|  0%| F|  |TAMS 0x00000000c1d00000| PB 0x00000000c1d00000| Untracked 
|1054|0x00000000c1e00000, 0x00000000c1e00000, 0x00000000c1f00000|  0%| F|  |TAMS 0x00000000c1e00000| PB 0x00000000c1e00000| Untracked 
|1055|0x00000000c1f00000, 0x00000000c1f00000, 0x00000000c2000000|  0%| F|  |TAMS 0x00000000c1f00000| PB 0x00000000c1f00000| Untracked 
|1056|0x00000000c2000000, 0x00000000c2000000, 0x00000000c2100000|  0%| F|  |TAMS 0x00000000c2000000| PB 0x00000000c2000000| Untracked 
|1057|0x00000000c2100000, 0x00000000c2100000, 0x00000000c2200000|  0%| F|  |TAMS 0x00000000c2100000| PB 0x00000000c2100000| Untracked 
|1058|0x00000000c2200000, 0x00000000c2200000, 0x00000000c2300000|  0%| F|  |TAMS 0x00000000c2200000| PB 0x00000000c2200000| Untracked 
|1059|0x00000000c2300000, 0x00000000c2300000, 0x00000000c2400000|  0%| F|  |TAMS 0x00000000c2300000| PB 0x00000000c2300000| Untracked 
|1060|0x00000000c2400000, 0x00000000c2400000, 0x00000000c2500000|  0%| F|  |TAMS 0x00000000c2400000| PB 0x00000000c2400000| Untracked 
|1061|0x00000000c2500000, 0x00000000c2500000, 0x00000000c2600000|  0%| F|  |TAMS 0x00000000c2500000| PB 0x00000000c2500000| Untracked 
|1062|0x00000000c2600000, 0x00000000c2600000, 0x00000000c2700000|  0%| F|  |TAMS 0x00000000c2600000| PB 0x00000000c2600000| Untracked 
|1063|0x00000000c2700000, 0x00000000c2700000, 0x00000000c2800000|  0%| F|  |TAMS 0x00000000c2700000| PB 0x00000000c2700000| Untracked 
|1064|0x00000000c2800000, 0x00000000c2800000, 0x00000000c2900000|  0%| F|  |TAMS 0x00000000c2800000| PB 0x00000000c2800000| Untracked 
|1065|0x00000000c2900000, 0x00000000c2900000, 0x00000000c2a00000|  0%| F|  |TAMS 0x00000000c2900000| PB 0x00000000c2900000| Untracked 
|1066|0x00000000c2a00000, 0x00000000c2a00000, 0x00000000c2b00000|  0%| F|  |TAMS 0x00000000c2a00000| PB 0x00000000c2a00000| Untracked 
|1067|0x00000000c2b00000, 0x00000000c2b00000, 0x00000000c2c00000|  0%| F|  |TAMS 0x00000000c2b00000| PB 0x00000000c2b00000| Untracked 
|1068|0x00000000c2c00000, 0x00000000c2c00000, 0x00000000c2d00000|  0%| F|  |TAMS 0x00000000c2c00000| PB 0x00000000c2c00000| Untracked 
|1069|0x00000000c2d00000, 0x00000000c2d00000, 0x00000000c2e00000|  0%| F|  |TAMS 0x00000000c2d00000| PB 0x00000000c2d00000| Untracked 
|1070|0x00000000c2e00000, 0x00000000c2e00000, 0x00000000c2f00000|  0%| F|  |TAMS 0x00000000c2e00000| PB 0x00000000c2e00000| Untracked 
|1071|0x00000000c2f00000, 0x00000000c2f00000, 0x00000000c3000000|  0%| F|  |TAMS 0x00000000c2f00000| PB 0x00000000c2f00000| Untracked 
|1072|0x00000000c3000000, 0x00000000c3000000, 0x00000000c3100000|  0%| F|  |TAMS 0x00000000c3000000| PB 0x00000000c3000000| Untracked 
|1073|0x00000000c3100000, 0x00000000c3100000, 0x00000000c3200000|  0%| F|  |TAMS 0x00000000c3100000| PB 0x00000000c3100000| Untracked 
|1074|0x00000000c3200000, 0x00000000c3200000, 0x00000000c3300000|  0%| F|  |TAMS 0x00000000c3200000| PB 0x00000000c3200000| Untracked 
|1075|0x00000000c3300000, 0x00000000c3300000, 0x00000000c3400000|  0%| F|  |TAMS 0x00000000c3300000| PB 0x00000000c3300000| Untracked 
|1076|0x00000000c3400000, 0x00000000c3400000, 0x00000000c3500000|  0%| F|  |TAMS 0x00000000c3400000| PB 0x00000000c3400000| Untracked 
|1077|0x00000000c3500000, 0x00000000c3500000, 0x00000000c3600000|  0%| F|  |TAMS 0x00000000c3500000| PB 0x00000000c3500000| Untracked 
|1078|0x00000000c3600000, 0x00000000c3600000, 0x00000000c3700000|  0%| F|  |TAMS 0x00000000c3600000| PB 0x00000000c3600000| Untracked 
|1079|0x00000000c3700000, 0x00000000c3700000, 0x00000000c3800000|  0%| F|  |TAMS 0x00000000c3700000| PB 0x00000000c3700000| Untracked 
|1080|0x00000000c3800000, 0x00000000c3800000, 0x00000000c3900000|  0%| F|  |TAMS 0x00000000c3800000| PB 0x00000000c3800000| Untracked 
|1081|0x00000000c3900000, 0x00000000c3900000, 0x00000000c3a00000|  0%| F|  |TAMS 0x00000000c3900000| PB 0x00000000c3900000| Untracked 
|1082|0x00000000c3a00000, 0x00000000c3a00000, 0x00000000c3b00000|  0%| F|  |TAMS 0x00000000c3a00000| PB 0x00000000c3a00000| Untracked 
|1083|0x00000000c3b00000, 0x00000000c3b00000, 0x00000000c3c00000|  0%| F|  |TAMS 0x00000000c3b00000| PB 0x00000000c3b00000| Untracked 
|1084|0x00000000c3c00000, 0x00000000c3c00000, 0x00000000c3d00000|  0%| F|  |TAMS 0x00000000c3c00000| PB 0x00000000c3c00000| Untracked 
|1085|0x00000000c3d00000, 0x00000000c3d00000, 0x00000000c3e00000|  0%| F|  |TAMS 0x00000000c3d00000| PB 0x00000000c3d00000| Untracked 
|1086|0x00000000c3e00000, 0x00000000c3e00000, 0x00000000c3f00000|  0%| F|  |TAMS 0x00000000c3e00000| PB 0x00000000c3e00000| Untracked 
|1087|0x00000000c3f00000, 0x00000000c3f00000, 0x00000000c4000000|  0%| F|  |TAMS 0x00000000c3f00000| PB 0x00000000c3f00000| Untracked 
|1088|0x00000000c4000000, 0x00000000c4000000, 0x00000000c4100000|  0%| F|  |TAMS 0x00000000c4000000| PB 0x00000000c4000000| Untracked 
|1089|0x00000000c4100000, 0x00000000c4100000, 0x00000000c4200000|  0%| F|  |TAMS 0x00000000c4100000| PB 0x00000000c4100000| Untracked 
|1090|0x00000000c4200000, 0x00000000c4200000, 0x00000000c4300000|  0%| F|  |TAMS 0x00000000c4200000| PB 0x00000000c4200000| Untracked 
|1091|0x00000000c4300000, 0x00000000c4300000, 0x00000000c4400000|  0%| F|  |TAMS 0x00000000c4300000| PB 0x00000000c4300000| Untracked 
|1092|0x00000000c4400000, 0x00000000c4400000, 0x00000000c4500000|  0%| F|  |TAMS 0x00000000c4400000| PB 0x00000000c4400000| Untracked 
|1093|0x00000000c4500000, 0x00000000c4500000, 0x00000000c4600000|  0%| F|  |TAMS 0x00000000c4500000| PB 0x00000000c4500000| Untracked 
|1094|0x00000000c4600000, 0x00000000c4600000, 0x00000000c4700000|  0%| F|  |TAMS 0x00000000c4600000| PB 0x00000000c4600000| Untracked 
|1095|0x00000000c4700000, 0x00000000c4700000, 0x00000000c4800000|  0%| F|  |TAMS 0x00000000c4700000| PB 0x00000000c4700000| Untracked 
|1096|0x00000000c4800000, 0x00000000c4800000, 0x00000000c4900000|  0%| F|  |TAMS 0x00000000c4800000| PB 0x00000000c4800000| Untracked 
|1097|0x00000000c4900000, 0x00000000c4900000, 0x00000000c4a00000|  0%| F|  |TAMS 0x00000000c4900000| PB 0x00000000c4900000| Untracked 
|1098|0x00000000c4a00000, 0x00000000c4a00000, 0x00000000c4b00000|  0%| F|  |TAMS 0x00000000c4a00000| PB 0x00000000c4a00000| Untracked 
|1099|0x00000000c4b00000, 0x00000000c4b00000, 0x00000000c4c00000|  0%| F|  |TAMS 0x00000000c4b00000| PB 0x00000000c4b00000| Untracked 
|1100|0x00000000c4c00000, 0x00000000c4c00000, 0x00000000c4d00000|  0%| F|  |TAMS 0x00000000c4c00000| PB 0x00000000c4c00000| Untracked 
|1101|0x00000000c4d00000, 0x00000000c4d00000, 0x00000000c4e00000|  0%| F|  |TAMS 0x00000000c4d00000| PB 0x00000000c4d00000| Untracked 
|1102|0x00000000c4e00000, 0x00000000c4e00000, 0x00000000c4f00000|  0%| F|  |TAMS 0x00000000c4e00000| PB 0x00000000c4e00000| Untracked 
|1103|0x00000000c4f00000, 0x00000000c4f00000, 0x00000000c5000000|  0%| F|  |TAMS 0x00000000c4f00000| PB 0x00000000c4f00000| Untracked 
|1104|0x00000000c5000000, 0x00000000c5000000, 0x00000000c5100000|  0%| F|  |TAMS 0x00000000c5000000| PB 0x00000000c5000000| Untracked 
|1105|0x00000000c5100000, 0x00000000c5100000, 0x00000000c5200000|  0%| F|  |TAMS 0x00000000c5100000| PB 0x00000000c5100000| Untracked 
|1106|0x00000000c5200000, 0x00000000c5200000, 0x00000000c5300000|  0%| F|  |TAMS 0x00000000c5200000| PB 0x00000000c5200000| Untracked 
|1107|0x00000000c5300000, 0x00000000c5300000, 0x00000000c5400000|  0%| F|  |TAMS 0x00000000c5300000| PB 0x00000000c5300000| Untracked 
|1108|0x00000000c5400000, 0x00000000c5400000, 0x00000000c5500000|  0%| F|  |TAMS 0x00000000c5400000| PB 0x00000000c5400000| Untracked 
|1109|0x00000000c5500000, 0x00000000c5500000, 0x00000000c5600000|  0%| F|  |TAMS 0x00000000c5500000| PB 0x00000000c5500000| Untracked 
|1110|0x00000000c5600000, 0x00000000c5600000, 0x00000000c5700000|  0%| F|  |TAMS 0x00000000c5600000| PB 0x00000000c5600000| Untracked 
|1111|0x00000000c5700000, 0x00000000c5700000, 0x00000000c5800000|  0%| F|  |TAMS 0x00000000c5700000| PB 0x00000000c5700000| Untracked 
|1112|0x00000000c5800000, 0x00000000c5800000, 0x00000000c5900000|  0%| F|  |TAMS 0x00000000c5800000| PB 0x00000000c5800000| Untracked 
|1113|0x00000000c5900000, 0x00000000c5900000, 0x00000000c5a00000|  0%| F|  |TAMS 0x00000000c5900000| PB 0x00000000c5900000| Untracked 
|1114|0x00000000c5a00000, 0x00000000c5a00000, 0x00000000c5b00000|  0%| F|  |TAMS 0x00000000c5a00000| PB 0x00000000c5a00000| Untracked 
|1115|0x00000000c5b00000, 0x00000000c5b00000, 0x00000000c5c00000|  0%| F|  |TAMS 0x00000000c5b00000| PB 0x00000000c5b00000| Untracked 
|1116|0x00000000c5c00000, 0x00000000c5c00000, 0x00000000c5d00000|  0%| F|  |TAMS 0x00000000c5c00000| PB 0x00000000c5c00000| Untracked 
|1117|0x00000000c5d00000, 0x00000000c5d00000, 0x00000000c5e00000|  0%| F|  |TAMS 0x00000000c5d00000| PB 0x00000000c5d00000| Untracked 
|1118|0x00000000c5e00000, 0x00000000c5e00000, 0x00000000c5f00000|  0%| F|  |TAMS 0x00000000c5e00000| PB 0x00000000c5e00000| Untracked 
|1119|0x00000000c5f00000, 0x00000000c5f00000, 0x00000000c6000000|  0%| F|  |TAMS 0x00000000c5f00000| PB 0x00000000c5f00000| Untracked 
|1120|0x00000000c6000000, 0x00000000c6000000, 0x00000000c6100000|  0%| F|  |TAMS 0x00000000c6000000| PB 0x00000000c6000000| Untracked 
|1121|0x00000000c6100000, 0x00000000c6100000, 0x00000000c6200000|  0%| F|  |TAMS 0x00000000c6100000| PB 0x00000000c6100000| Untracked 
|1122|0x00000000c6200000, 0x00000000c6200000, 0x00000000c6300000|  0%| F|  |TAMS 0x00000000c6200000| PB 0x00000000c6200000| Untracked 
|1123|0x00000000c6300000, 0x00000000c6300000, 0x00000000c6400000|  0%| F|  |TAMS 0x00000000c6300000| PB 0x00000000c6300000| Untracked 
|1124|0x00000000c6400000, 0x00000000c6400000, 0x00000000c6500000|  0%| F|  |TAMS 0x00000000c6400000| PB 0x00000000c6400000| Untracked 
|1125|0x00000000c6500000, 0x00000000c6500000, 0x00000000c6600000|  0%| F|  |TAMS 0x00000000c6500000| PB 0x00000000c6500000| Untracked 
|1126|0x00000000c6600000, 0x00000000c6600000, 0x00000000c6700000|  0%| F|  |TAMS 0x00000000c6600000| PB 0x00000000c6600000| Untracked 
|1127|0x00000000c6700000, 0x00000000c6700000, 0x00000000c6800000|  0%| F|  |TAMS 0x00000000c6700000| PB 0x00000000c6700000| Untracked 
|1128|0x00000000c6800000, 0x00000000c6800000, 0x00000000c6900000|  0%| F|  |TAMS 0x00000000c6800000| PB 0x00000000c6800000| Untracked 
|1129|0x00000000c6900000, 0x00000000c6900000, 0x00000000c6a00000|  0%| F|  |TAMS 0x00000000c6900000| PB 0x00000000c6900000| Untracked 
|1130|0x00000000c6a00000, 0x00000000c6a00000, 0x00000000c6b00000|  0%| F|  |TAMS 0x00000000c6a00000| PB 0x00000000c6a00000| Untracked 
|1131|0x00000000c6b00000, 0x00000000c6b00000, 0x00000000c6c00000|  0%| F|  |TAMS 0x00000000c6b00000| PB 0x00000000c6b00000| Untracked 
|1132|0x00000000c6c00000, 0x00000000c6c00000, 0x00000000c6d00000|  0%| F|  |TAMS 0x00000000c6c00000| PB 0x00000000c6c00000| Untracked 
|1133|0x00000000c6d00000, 0x00000000c6d00000, 0x00000000c6e00000|  0%| F|  |TAMS 0x00000000c6d00000| PB 0x00000000c6d00000| Untracked 
|1134|0x00000000c6e00000, 0x00000000c6e00000, 0x00000000c6f00000|  0%| F|  |TAMS 0x00000000c6e00000| PB 0x00000000c6e00000| Untracked 
|1135|0x00000000c6f00000, 0x00000000c6f00000, 0x00000000c7000000|  0%| F|  |TAMS 0x00000000c6f00000| PB 0x00000000c6f00000| Untracked 
|1136|0x00000000c7000000, 0x00000000c7000000, 0x00000000c7100000|  0%| F|  |TAMS 0x00000000c7000000| PB 0x00000000c7000000| Untracked 
|1137|0x00000000c7100000, 0x00000000c7100000, 0x00000000c7200000|  0%| F|  |TAMS 0x00000000c7100000| PB 0x00000000c7100000| Untracked 
|1138|0x00000000c7200000, 0x00000000c7200000, 0x00000000c7300000|  0%| F|  |TAMS 0x00000000c7200000| PB 0x00000000c7200000| Untracked 
|1139|0x00000000c7300000, 0x00000000c7300000, 0x00000000c7400000|  0%| F|  |TAMS 0x00000000c7300000| PB 0x00000000c7300000| Untracked 
|1140|0x00000000c7400000, 0x00000000c7400000, 0x00000000c7500000|  0%| F|  |TAMS 0x00000000c7400000| PB 0x00000000c7400000| Untracked 
|1141|0x00000000c7500000, 0x00000000c7500000, 0x00000000c7600000|  0%| F|  |TAMS 0x00000000c7500000| PB 0x00000000c7500000| Untracked 
|1142|0x00000000c7600000, 0x00000000c7600000, 0x00000000c7700000|  0%| F|  |TAMS 0x00000000c7600000| PB 0x00000000c7600000| Untracked 
|1143|0x00000000c7700000, 0x00000000c7700000, 0x00000000c7800000|  0%| F|  |TAMS 0x00000000c7700000| PB 0x00000000c7700000| Untracked 
|1144|0x00000000c7800000, 0x00000000c7800000, 0x00000000c7900000|  0%| F|  |TAMS 0x00000000c7800000| PB 0x00000000c7800000| Untracked 
|1145|0x00000000c7900000, 0x00000000c7900000, 0x00000000c7a00000|  0%| F|  |TAMS 0x00000000c7900000| PB 0x00000000c7900000| Untracked 
|1146|0x00000000c7a00000, 0x00000000c7a00000, 0x00000000c7b00000|  0%| F|  |TAMS 0x00000000c7a00000| PB 0x00000000c7a00000| Untracked 
|1147|0x00000000c7b00000, 0x00000000c7b00000, 0x00000000c7c00000|  0%| F|  |TAMS 0x00000000c7b00000| PB 0x00000000c7b00000| Untracked 
|1148|0x00000000c7c00000, 0x00000000c7c00000, 0x00000000c7d00000|  0%| F|  |TAMS 0x00000000c7c00000| PB 0x00000000c7c00000| Untracked 
|1149|0x00000000c7d00000, 0x00000000c7d00000, 0x00000000c7e00000|  0%| F|  |TAMS 0x00000000c7d00000| PB 0x00000000c7d00000| Untracked 
|1150|0x00000000c7e00000, 0x00000000c7e00000, 0x00000000c7f00000|  0%| F|  |TAMS 0x00000000c7e00000| PB 0x00000000c7e00000| Untracked 
|1151|0x00000000c7f00000, 0x00000000c7f00000, 0x00000000c8000000|  0%| F|  |TAMS 0x00000000c7f00000| PB 0x00000000c7f00000| Untracked 
|1152|0x00000000c8000000, 0x00000000c8000000, 0x00000000c8100000|  0%| F|  |TAMS 0x00000000c8000000| PB 0x00000000c8000000| Untracked 
|1153|0x00000000c8100000, 0x00000000c8100000, 0x00000000c8200000|  0%| F|  |TAMS 0x00000000c8100000| PB 0x00000000c8100000| Untracked 
|1154|0x00000000c8200000, 0x00000000c8200000, 0x00000000c8300000|  0%| F|  |TAMS 0x00000000c8200000| PB 0x00000000c8200000| Untracked 
|1155|0x00000000c8300000, 0x00000000c8300000, 0x00000000c8400000|  0%| F|  |TAMS 0x00000000c8300000| PB 0x00000000c8300000| Untracked 
|1156|0x00000000c8400000, 0x00000000c8400000, 0x00000000c8500000|  0%| F|  |TAMS 0x00000000c8400000| PB 0x00000000c8400000| Untracked 
|1157|0x00000000c8500000, 0x00000000c8500000, 0x00000000c8600000|  0%| F|  |TAMS 0x00000000c8500000| PB 0x00000000c8500000| Untracked 
|1158|0x00000000c8600000, 0x00000000c8600000, 0x00000000c8700000|  0%| F|  |TAMS 0x00000000c8600000| PB 0x00000000c8600000| Untracked 
|1159|0x00000000c8700000, 0x00000000c8700000, 0x00000000c8800000|  0%| F|  |TAMS 0x00000000c8700000| PB 0x00000000c8700000| Untracked 
|1160|0x00000000c8800000, 0x00000000c8800000, 0x00000000c8900000|  0%| F|  |TAMS 0x00000000c8800000| PB 0x00000000c8800000| Untracked 
|1161|0x00000000c8900000, 0x00000000c8900000, 0x00000000c8a00000|  0%| F|  |TAMS 0x00000000c8900000| PB 0x00000000c8900000| Untracked 
|1162|0x00000000c8a00000, 0x00000000c8a00000, 0x00000000c8b00000|  0%| F|  |TAMS 0x00000000c8a00000| PB 0x00000000c8a00000| Untracked 
|1163|0x00000000c8b00000, 0x00000000c8b00000, 0x00000000c8c00000|  0%| F|  |TAMS 0x00000000c8b00000| PB 0x00000000c8b00000| Untracked 
|1164|0x00000000c8c00000, 0x00000000c8c00000, 0x00000000c8d00000|  0%| F|  |TAMS 0x00000000c8c00000| PB 0x00000000c8c00000| Untracked 
|1165|0x00000000c8d00000, 0x00000000c8d00000, 0x00000000c8e00000|  0%| F|  |TAMS 0x00000000c8d00000| PB 0x00000000c8d00000| Untracked 
|1166|0x00000000c8e00000, 0x00000000c8e00000, 0x00000000c8f00000|  0%| F|  |TAMS 0x00000000c8e00000| PB 0x00000000c8e00000| Untracked 
|1167|0x00000000c8f00000, 0x00000000c8f00000, 0x00000000c9000000|  0%| F|  |TAMS 0x00000000c8f00000| PB 0x00000000c8f00000| Untracked 
|1168|0x00000000c9000000, 0x00000000c9000000, 0x00000000c9100000|  0%| F|  |TAMS 0x00000000c9000000| PB 0x00000000c9000000| Untracked 
|1169|0x00000000c9100000, 0x00000000c9100000, 0x00000000c9200000|  0%| F|  |TAMS 0x00000000c9100000| PB 0x00000000c9100000| Untracked 
|1170|0x00000000c9200000, 0x00000000c9200000, 0x00000000c9300000|  0%| F|  |TAMS 0x00000000c9200000| PB 0x00000000c9200000| Untracked 
|1171|0x00000000c9300000, 0x00000000c9300000, 0x00000000c9400000|  0%| F|  |TAMS 0x00000000c9300000| PB 0x00000000c9300000| Untracked 
|1172|0x00000000c9400000, 0x00000000c9400000, 0x00000000c9500000|  0%| F|  |TAMS 0x00000000c9400000| PB 0x00000000c9400000| Untracked 
|1173|0x00000000c9500000, 0x00000000c9500000, 0x00000000c9600000|  0%| F|  |TAMS 0x00000000c9500000| PB 0x00000000c9500000| Untracked 
|1174|0x00000000c9600000, 0x00000000c9600000, 0x00000000c9700000|  0%| F|  |TAMS 0x00000000c9600000| PB 0x00000000c9600000| Untracked 
|1175|0x00000000c9700000, 0x00000000c9700000, 0x00000000c9800000|  0%| F|  |TAMS 0x00000000c9700000| PB 0x00000000c9700000| Untracked 
|1176|0x00000000c9800000, 0x00000000c9800000, 0x00000000c9900000|  0%| F|  |TAMS 0x00000000c9800000| PB 0x00000000c9800000| Untracked 
|1177|0x00000000c9900000, 0x00000000c9900000, 0x00000000c9a00000|  0%| F|  |TAMS 0x00000000c9900000| PB 0x00000000c9900000| Untracked 
|1178|0x00000000c9a00000, 0x00000000c9a00000, 0x00000000c9b00000|  0%| F|  |TAMS 0x00000000c9a00000| PB 0x00000000c9a00000| Untracked 
|1179|0x00000000c9b00000, 0x00000000c9b00000, 0x00000000c9c00000|  0%| F|  |TAMS 0x00000000c9b00000| PB 0x00000000c9b00000| Untracked 
|1180|0x00000000c9c00000, 0x00000000c9c00000, 0x00000000c9d00000|  0%| F|  |TAMS 0x00000000c9c00000| PB 0x00000000c9c00000| Untracked 
|1181|0x00000000c9d00000, 0x00000000c9d00000, 0x00000000c9e00000|  0%| F|  |TAMS 0x00000000c9d00000| PB 0x00000000c9d00000| Untracked 
|1182|0x00000000c9e00000, 0x00000000c9e00000, 0x00000000c9f00000|  0%| F|  |TAMS 0x00000000c9e00000| PB 0x00000000c9e00000| Untracked 
|1183|0x00000000c9f00000, 0x00000000c9f5a098, 0x00000000ca000000| 35%| S|CS|TAMS 0x00000000c9f00000| PB 0x00000000c9f00000| Complete 
|1184|0x00000000ca000000, 0x00000000ca100000, 0x00000000ca100000|100%| S|CS|TAMS 0x00000000ca000000| PB 0x00000000ca000000| Complete 
|1185|0x00000000ca100000, 0x00000000ca200000, 0x00000000ca200000|100%| S|CS|TAMS 0x00000000ca100000| PB 0x00000000ca100000| Complete 
|1186|0x00000000ca200000, 0x00000000ca300000, 0x00000000ca300000|100%| S|CS|TAMS 0x00000000ca200000| PB 0x00000000ca200000| Complete 
|1187|0x00000000ca300000, 0x00000000ca400000, 0x00000000ca400000|100%| S|CS|TAMS 0x00000000ca300000| PB 0x00000000ca300000| Complete 
|1188|0x00000000ca400000, 0x00000000ca500000, 0x00000000ca500000|100%| S|CS|TAMS 0x00000000ca400000| PB 0x00000000ca400000| Complete 
|1189|0x00000000ca500000, 0x00000000ca600000, 0x00000000ca600000|100%| S|CS|TAMS 0x00000000ca500000| PB 0x00000000ca500000| Complete 
|1190|0x00000000ca600000, 0x00000000ca700000, 0x00000000ca700000|100%| S|CS|TAMS 0x00000000ca600000| PB 0x00000000ca600000| Complete 
|1191|0x00000000ca700000, 0x00000000ca800000, 0x00000000ca800000|100%| S|CS|TAMS 0x00000000ca700000| PB 0x00000000ca700000| Complete 
|1192|0x00000000ca800000, 0x00000000ca900000, 0x00000000ca900000|100%| S|CS|TAMS 0x00000000ca800000| PB 0x00000000ca800000| Complete 
|1193|0x00000000ca900000, 0x00000000caa00000, 0x00000000caa00000|100%| S|CS|TAMS 0x00000000ca900000| PB 0x00000000ca900000| Complete 
|1194|0x00000000caa00000, 0x00000000cab00000, 0x00000000cab00000|100%| S|CS|TAMS 0x00000000caa00000| PB 0x00000000caa00000| Complete 
|1195|0x00000000cab00000, 0x00000000cac00000, 0x00000000cac00000|100%| S|CS|TAMS 0x00000000cab00000| PB 0x00000000cab00000| Complete 
|1196|0x00000000cac00000, 0x00000000cad00000, 0x00000000cad00000|100%| S|CS|TAMS 0x00000000cac00000| PB 0x00000000cac00000| Complete 
|1197|0x00000000cad00000, 0x00000000cae00000, 0x00000000cae00000|100%| S|CS|TAMS 0x00000000cad00000| PB 0x00000000cad00000| Complete 
|1198|0x00000000cae00000, 0x00000000caf00000, 0x00000000caf00000|100%| S|CS|TAMS 0x00000000cae00000| PB 0x00000000cae00000| Complete 
|1199|0x00000000caf00000, 0x00000000cb000000, 0x00000000cb000000|100%| S|CS|TAMS 0x00000000caf00000| PB 0x00000000caf00000| Complete 
|1200|0x00000000cb000000, 0x00000000cb100000, 0x00000000cb100000|100%| S|CS|TAMS 0x00000000cb000000| PB 0x00000000cb000000| Complete 
|1201|0x00000000cb100000, 0x00000000cb200000, 0x00000000cb200000|100%| S|CS|TAMS 0x00000000cb100000| PB 0x00000000cb100000| Complete 
|1202|0x00000000cb200000, 0x00000000cb300000, 0x00000000cb300000|100%| S|CS|TAMS 0x00000000cb200000| PB 0x00000000cb200000| Complete 
|1203|0x00000000cb300000, 0x00000000cb400000, 0x00000000cb400000|100%| S|CS|TAMS 0x00000000cb300000| PB 0x00000000cb300000| Complete 
|1204|0x00000000cb400000, 0x00000000cb500000, 0x00000000cb500000|100%| S|CS|TAMS 0x00000000cb400000| PB 0x00000000cb400000| Complete 
|1205|0x00000000cb500000, 0x00000000cb600000, 0x00000000cb600000|100%| S|CS|TAMS 0x00000000cb500000| PB 0x00000000cb500000| Complete 
|1206|0x00000000cb600000, 0x00000000cb700000, 0x00000000cb700000|100%| S|CS|TAMS 0x00000000cb600000| PB 0x00000000cb600000| Complete 
|1207|0x00000000cb700000, 0x00000000cb800000, 0x00000000cb800000|100%| S|CS|TAMS 0x00000000cb700000| PB 0x00000000cb700000| Complete 
|1208|0x00000000cb800000, 0x00000000cb900000, 0x00000000cb900000|100%| S|CS|TAMS 0x00000000cb800000| PB 0x00000000cb800000| Complete 
|1209|0x00000000cb900000, 0x00000000cba00000, 0x00000000cba00000|100%| S|CS|TAMS 0x00000000cb900000| PB 0x00000000cb900000| Complete 
|1210|0x00000000cba00000, 0x00000000cbb00000, 0x00000000cbb00000|100%| S|CS|TAMS 0x00000000cba00000| PB 0x00000000cba00000| Complete 
|1211|0x00000000cbb00000, 0x00000000cbc00000, 0x00000000cbc00000|100%| S|CS|TAMS 0x00000000cbb00000| PB 0x00000000cbb00000| Complete 
|1212|0x00000000cbc00000, 0x00000000cbd00000, 0x00000000cbd00000|100%| S|CS|TAMS 0x00000000cbc00000| PB 0x00000000cbc00000| Complete 
|1213|0x00000000cbd00000, 0x00000000cbe00000, 0x00000000cbe00000|100%| S|CS|TAMS 0x00000000cbd00000| PB 0x00000000cbd00000| Complete 
|1214|0x00000000cbe00000, 0x00000000cbf00000, 0x00000000cbf00000|100%| S|CS|TAMS 0x00000000cbe00000| PB 0x00000000cbe00000| Complete 
|1215|0x00000000cbf00000, 0x00000000cc000000, 0x00000000cc000000|100%| S|CS|TAMS 0x00000000cbf00000| PB 0x00000000cbf00000| Complete 
|1216|0x00000000cc000000, 0x00000000cc100000, 0x00000000cc100000|100%| S|CS|TAMS 0x00000000cc000000| PB 0x00000000cc000000| Complete 
|1217|0x00000000cc100000, 0x00000000cc200000, 0x00000000cc200000|100%| S|CS|TAMS 0x00000000cc100000| PB 0x00000000cc100000| Complete 
|1218|0x00000000cc200000, 0x00000000cc300000, 0x00000000cc300000|100%| S|CS|TAMS 0x00000000cc200000| PB 0x00000000cc200000| Complete 
|1219|0x00000000cc300000, 0x00000000cc400000, 0x00000000cc400000|100%| S|CS|TAMS 0x00000000cc300000| PB 0x00000000cc300000| Complete 
|1220|0x00000000cc400000, 0x00000000cc500000, 0x00000000cc500000|100%| S|CS|TAMS 0x00000000cc400000| PB 0x00000000cc400000| Complete 
|1221|0x00000000cc500000, 0x00000000cc600000, 0x00000000cc600000|100%| S|CS|TAMS 0x00000000cc500000| PB 0x00000000cc500000| Complete 
|1222|0x00000000cc600000, 0x00000000cc700000, 0x00000000cc700000|100%| S|CS|TAMS 0x00000000cc600000| PB 0x00000000cc600000| Complete 
|1223|0x00000000cc700000, 0x00000000cc800000, 0x00000000cc800000|100%| S|CS|TAMS 0x00000000cc700000| PB 0x00000000cc700000| Complete 
|1224|0x00000000cc800000, 0x00000000cc900000, 0x00000000cc900000|100%| S|CS|TAMS 0x00000000cc800000| PB 0x00000000cc800000| Complete 
|1225|0x00000000cc900000, 0x00000000cca00000, 0x00000000cca00000|100%| S|CS|TAMS 0x00000000cc900000| PB 0x00000000cc900000| Complete 
|1226|0x00000000cca00000, 0x00000000ccb00000, 0x00000000ccb00000|100%| S|CS|TAMS 0x00000000cca00000| PB 0x00000000cca00000| Complete 
|1227|0x00000000ccb00000, 0x00000000ccc00000, 0x00000000ccc00000|100%| S|CS|TAMS 0x00000000ccb00000| PB 0x00000000ccb00000| Complete 
|1228|0x00000000ccc00000, 0x00000000ccd00000, 0x00000000ccd00000|100%| S|CS|TAMS 0x00000000ccc00000| PB 0x00000000ccc00000| Complete 
|1229|0x00000000ccd00000, 0x00000000cce00000, 0x00000000cce00000|100%| S|CS|TAMS 0x00000000ccd00000| PB 0x00000000ccd00000| Complete 
|1230|0x00000000cce00000, 0x00000000ccf00000, 0x00000000ccf00000|100%| S|CS|TAMS 0x00000000cce00000| PB 0x00000000cce00000| Complete 
|1231|0x00000000ccf00000, 0x00000000cd000000, 0x00000000cd000000|100%| S|CS|TAMS 0x00000000ccf00000| PB 0x00000000ccf00000| Complete 
|1232|0x00000000cd000000, 0x00000000cd100000, 0x00000000cd100000|100%| S|CS|TAMS 0x00000000cd000000| PB 0x00000000cd000000| Complete 
|1233|0x00000000cd100000, 0x00000000cd200000, 0x00000000cd200000|100%| S|CS|TAMS 0x00000000cd100000| PB 0x00000000cd100000| Complete 
|1234|0x00000000cd200000, 0x00000000cd300000, 0x00000000cd300000|100%| S|CS|TAMS 0x00000000cd200000| PB 0x00000000cd200000| Complete 
|1235|0x00000000cd300000, 0x00000000cd400000, 0x00000000cd400000|100%| S|CS|TAMS 0x00000000cd300000| PB 0x00000000cd300000| Complete 
|1236|0x00000000cd400000, 0x00000000cd500000, 0x00000000cd500000|100%| S|CS|TAMS 0x00000000cd400000| PB 0x00000000cd400000| Complete 
|1237|0x00000000cd500000, 0x00000000cd500000, 0x00000000cd600000|  0%| F|  |TAMS 0x00000000cd500000| PB 0x00000000cd500000| Untracked 
|1238|0x00000000cd600000, 0x00000000cd600000, 0x00000000cd700000|  0%| F|  |TAMS 0x00000000cd600000| PB 0x00000000cd600000| Untracked 
|1239|0x00000000cd700000, 0x00000000cd700000, 0x00000000cd800000|  0%| F|  |TAMS 0x00000000cd700000| PB 0x00000000cd700000| Untracked 
|1240|0x00000000cd800000, 0x00000000cd8834d8, 0x00000000cd900000| 51%| E|  |TAMS 0x00000000cd800000| PB 0x00000000cd800000| Complete 
|1241|0x00000000cd900000, 0x00000000cda00000, 0x00000000cda00000|100%| E|CS|TAMS 0x00000000cd900000| PB 0x00000000cd900000| Complete 
|1242|0x00000000cda00000, 0x00000000cdb00000, 0x00000000cdb00000|100%| E|CS|TAMS 0x00000000cda00000| PB 0x00000000cda00000| Complete 
|1243|0x00000000cdb00000, 0x00000000cdc00000, 0x00000000cdc00000|100%| E|CS|TAMS 0x00000000cdb00000| PB 0x00000000cdb00000| Complete 
|1244|0x00000000cdc00000, 0x00000000cdd00000, 0x00000000cdd00000|100%| E|CS|TAMS 0x00000000cdc00000| PB 0x00000000cdc00000| Complete 
|1245|0x00000000cdd00000, 0x00000000cde00000, 0x00000000cde00000|100%| E|CS|TAMS 0x00000000cdd00000| PB 0x00000000cdd00000| Complete 
|1246|0x00000000cde00000, 0x00000000cdf00000, 0x00000000cdf00000|100%| E|CS|TAMS 0x00000000cde00000| PB 0x00000000cde00000| Complete 
|1247|0x00000000cdf00000, 0x00000000ce000000, 0x00000000ce000000|100%| E|CS|TAMS 0x00000000cdf00000| PB 0x00000000cdf00000| Complete 
|1248|0x00000000ce000000, 0x00000000ce100000, 0x00000000ce100000|100%| E|CS|TAMS 0x00000000ce000000| PB 0x00000000ce000000| Complete 
|1249|0x00000000ce100000, 0x00000000ce200000, 0x00000000ce200000|100%| E|CS|TAMS 0x00000000ce100000| PB 0x00000000ce100000| Complete 
|1250|0x00000000ce200000, 0x00000000ce300000, 0x00000000ce300000|100%| E|CS|TAMS 0x00000000ce200000| PB 0x00000000ce200000| Complete 
|1251|0x00000000ce300000, 0x00000000ce400000, 0x00000000ce400000|100%| E|CS|TAMS 0x00000000ce300000| PB 0x00000000ce300000| Complete 
|1252|0x00000000ce400000, 0x00000000ce500000, 0x00000000ce500000|100%| E|CS|TAMS 0x00000000ce400000| PB 0x00000000ce400000| Complete 
|1253|0x00000000ce500000, 0x00000000ce600000, 0x00000000ce600000|100%| E|CS|TAMS 0x00000000ce500000| PB 0x00000000ce500000| Complete 
|1254|0x00000000ce600000, 0x00000000ce700000, 0x00000000ce700000|100%| E|CS|TAMS 0x00000000ce600000| PB 0x00000000ce600000| Complete 
|1255|0x00000000ce700000, 0x00000000ce800000, 0x00000000ce800000|100%| E|CS|TAMS 0x00000000ce700000| PB 0x00000000ce700000| Complete 
|1256|0x00000000ce800000, 0x00000000ce900000, 0x00000000ce900000|100%| E|CS|TAMS 0x00000000ce800000| PB 0x00000000ce800000| Complete 
|1257|0x00000000ce900000, 0x00000000cea00000, 0x00000000cea00000|100%| E|CS|TAMS 0x00000000ce900000| PB 0x00000000ce900000| Complete 
|1258|0x00000000cea00000, 0x00000000ceb00000, 0x00000000ceb00000|100%| E|CS|TAMS 0x00000000cea00000| PB 0x00000000cea00000| Complete 
|1259|0x00000000ceb00000, 0x00000000cec00000, 0x00000000cec00000|100%| E|CS|TAMS 0x00000000ceb00000| PB 0x00000000ceb00000| Complete 
|1260|0x00000000cec00000, 0x00000000ced00000, 0x00000000ced00000|100%| E|CS|TAMS 0x00000000cec00000| PB 0x00000000cec00000| Complete 
|1261|0x00000000ced00000, 0x00000000cee00000, 0x00000000cee00000|100%| E|CS|TAMS 0x00000000ced00000| PB 0x00000000ced00000| Complete 
|1262|0x00000000cee00000, 0x00000000cef00000, 0x00000000cef00000|100%| E|CS|TAMS 0x00000000cee00000| PB 0x00000000cee00000| Complete 
|1263|0x00000000cef00000, 0x00000000cf000000, 0x00000000cf000000|100%| E|CS|TAMS 0x00000000cef00000| PB 0x00000000cef00000| Complete 
|1264|0x00000000cf000000, 0x00000000cf100000, 0x00000000cf100000|100%| E|CS|TAMS 0x00000000cf000000| PB 0x00000000cf000000| Complete 
|1265|0x00000000cf100000, 0x00000000cf200000, 0x00000000cf200000|100%| E|CS|TAMS 0x00000000cf100000| PB 0x00000000cf100000| Complete 
|1266|0x00000000cf200000, 0x00000000cf300000, 0x00000000cf300000|100%| E|CS|TAMS 0x00000000cf200000| PB 0x00000000cf200000| Complete 
|1267|0x00000000cf300000, 0x00000000cf400000, 0x00000000cf400000|100%| E|CS|TAMS 0x00000000cf300000| PB 0x00000000cf300000| Complete 
|1268|0x00000000cf400000, 0x00000000cf500000, 0x00000000cf500000|100%| E|CS|TAMS 0x00000000cf400000| PB 0x00000000cf400000| Complete 
|1269|0x00000000cf500000, 0x00000000cf600000, 0x00000000cf600000|100%| E|CS|TAMS 0x00000000cf500000| PB 0x00000000cf500000| Complete 
|1270|0x00000000cf600000, 0x00000000cf700000, 0x00000000cf700000|100%| E|CS|TAMS 0x00000000cf600000| PB 0x00000000cf600000| Complete 
|1271|0x00000000cf700000, 0x00000000cf800000, 0x00000000cf800000|100%| E|CS|TAMS 0x00000000cf700000| PB 0x00000000cf700000| Complete 
|1272|0x00000000cf800000, 0x00000000cf900000, 0x00000000cf900000|100%| E|CS|TAMS 0x00000000cf800000| PB 0x00000000cf800000| Complete 
|1273|0x00000000cf900000, 0x00000000cfa00000, 0x00000000cfa00000|100%| E|CS|TAMS 0x00000000cf900000| PB 0x00000000cf900000| Complete 
|1274|0x00000000cfa00000, 0x00000000cfb00000, 0x00000000cfb00000|100%| E|CS|TAMS 0x00000000cfa00000| PB 0x00000000cfa00000| Complete 
|1275|0x00000000cfb00000, 0x00000000cfc00000, 0x00000000cfc00000|100%| E|CS|TAMS 0x00000000cfb00000| PB 0x00000000cfb00000| Complete 
|1276|0x00000000cfc00000, 0x00000000cfd00000, 0x00000000cfd00000|100%| E|CS|TAMS 0x00000000cfc00000| PB 0x00000000cfc00000| Complete 
|1277|0x00000000cfd00000, 0x00000000cfe00000, 0x00000000cfe00000|100%| E|CS|TAMS 0x00000000cfd00000| PB 0x00000000cfd00000| Complete 
|1278|0x00000000cfe00000, 0x00000000cff00000, 0x00000000cff00000|100%| E|CS|TAMS 0x00000000cfe00000| PB 0x00000000cfe00000| Complete 
|1279|0x00000000cff00000, 0x00000000d0000000, 0x00000000d0000000|100%| E|CS|TAMS 0x00000000cff00000| PB 0x00000000cff00000| Complete 
|1280|0x00000000d0000000, 0x00000000d0100000, 0x00000000d0100000|100%| E|CS|TAMS 0x00000000d0000000| PB 0x00000000d0000000| Complete 
|1281|0x00000000d0100000, 0x00000000d0200000, 0x00000000d0200000|100%| E|CS|TAMS 0x00000000d0100000| PB 0x00000000d0100000| Complete 
|1282|0x00000000d0200000, 0x00000000d0300000, 0x00000000d0300000|100%| E|CS|TAMS 0x00000000d0200000| PB 0x00000000d0200000| Complete 
|1283|0x00000000d0300000, 0x00000000d0400000, 0x00000000d0400000|100%| E|CS|TAMS 0x00000000d0300000| PB 0x00000000d0300000| Complete 
|1284|0x00000000d0400000, 0x00000000d0500000, 0x00000000d0500000|100%| E|CS|TAMS 0x00000000d0400000| PB 0x00000000d0400000| Complete 
|1285|0x00000000d0500000, 0x00000000d0600000, 0x00000000d0600000|100%| E|CS|TAMS 0x00000000d0500000| PB 0x00000000d0500000| Complete 
|1286|0x00000000d0600000, 0x00000000d0700000, 0x00000000d0700000|100%| E|CS|TAMS 0x00000000d0600000| PB 0x00000000d0600000| Complete 
|1287|0x00000000d0700000, 0x00000000d0800000, 0x00000000d0800000|100%| E|CS|TAMS 0x00000000d0700000| PB 0x00000000d0700000| Complete 
|1288|0x00000000d0800000, 0x00000000d0900000, 0x00000000d0900000|100%| E|CS|TAMS 0x00000000d0800000| PB 0x00000000d0800000| Complete 
|1289|0x00000000d0900000, 0x00000000d0a00000, 0x00000000d0a00000|100%| E|CS|TAMS 0x00000000d0900000| PB 0x00000000d0900000| Complete 
|1290|0x00000000d0a00000, 0x00000000d0b00000, 0x00000000d0b00000|100%| E|CS|TAMS 0x00000000d0a00000| PB 0x00000000d0a00000| Complete 
|1291|0x00000000d0b00000, 0x00000000d0c00000, 0x00000000d0c00000|100%| E|CS|TAMS 0x00000000d0b00000| PB 0x00000000d0b00000| Complete 
|1292|0x00000000d0c00000, 0x00000000d0d00000, 0x00000000d0d00000|100%| E|CS|TAMS 0x00000000d0c00000| PB 0x00000000d0c00000| Complete 
|1293|0x00000000d0d00000, 0x00000000d0e00000, 0x00000000d0e00000|100%| E|CS|TAMS 0x00000000d0d00000| PB 0x00000000d0d00000| Complete 
|1294|0x00000000d0e00000, 0x00000000d0f00000, 0x00000000d0f00000|100%| E|CS|TAMS 0x00000000d0e00000| PB 0x00000000d0e00000| Complete 
|1295|0x00000000d0f00000, 0x00000000d1000000, 0x00000000d1000000|100%| E|CS|TAMS 0x00000000d0f00000| PB 0x00000000d0f00000| Complete 
|1296|0x00000000d1000000, 0x00000000d1100000, 0x00000000d1100000|100%| E|CS|TAMS 0x00000000d1000000| PB 0x00000000d1000000| Complete 
|1297|0x00000000d1100000, 0x00000000d1200000, 0x00000000d1200000|100%| E|CS|TAMS 0x00000000d1100000| PB 0x00000000d1100000| Complete 
|1298|0x00000000d1200000, 0x00000000d1300000, 0x00000000d1300000|100%| E|CS|TAMS 0x00000000d1200000| PB 0x00000000d1200000| Complete 
|1299|0x00000000d1300000, 0x00000000d1400000, 0x00000000d1400000|100%| E|CS|TAMS 0x00000000d1300000| PB 0x00000000d1300000| Complete 
|1300|0x00000000d1400000, 0x00000000d1500000, 0x00000000d1500000|100%| E|CS|TAMS 0x00000000d1400000| PB 0x00000000d1400000| Complete 
|1301|0x00000000d1500000, 0x00000000d1600000, 0x00000000d1600000|100%| E|CS|TAMS 0x00000000d1500000| PB 0x00000000d1500000| Complete 
|1302|0x00000000d1600000, 0x00000000d1700000, 0x00000000d1700000|100%| E|CS|TAMS 0x00000000d1600000| PB 0x00000000d1600000| Complete 
|1303|0x00000000d1700000, 0x00000000d1800000, 0x00000000d1800000|100%| E|CS|TAMS 0x00000000d1700000| PB 0x00000000d1700000| Complete 
|1304|0x00000000d1800000, 0x00000000d1900000, 0x00000000d1900000|100%| E|CS|TAMS 0x00000000d1800000| PB 0x00000000d1800000| Complete 
|1305|0x00000000d1900000, 0x00000000d1a00000, 0x00000000d1a00000|100%| E|CS|TAMS 0x00000000d1900000| PB 0x00000000d1900000| Complete 
|1306|0x00000000d1a00000, 0x00000000d1b00000, 0x00000000d1b00000|100%| E|CS|TAMS 0x00000000d1a00000| PB 0x00000000d1a00000| Complete 
|1307|0x00000000d1b00000, 0x00000000d1c00000, 0x00000000d1c00000|100%| E|CS|TAMS 0x00000000d1b00000| PB 0x00000000d1b00000| Complete 
|1308|0x00000000d1c00000, 0x00000000d1d00000, 0x00000000d1d00000|100%| E|CS|TAMS 0x00000000d1c00000| PB 0x00000000d1c00000| Complete 
|1309|0x00000000d1d00000, 0x00000000d1e00000, 0x00000000d1e00000|100%| E|CS|TAMS 0x00000000d1d00000| PB 0x00000000d1d00000| Complete 
|1310|0x00000000d1e00000, 0x00000000d1f00000, 0x00000000d1f00000|100%| E|CS|TAMS 0x00000000d1e00000| PB 0x00000000d1e00000| Complete 
|1311|0x00000000d1f00000, 0x00000000d2000000, 0x00000000d2000000|100%| E|CS|TAMS 0x00000000d1f00000| PB 0x00000000d1f00000| Complete 
|1312|0x00000000d2000000, 0x00000000d2100000, 0x00000000d2100000|100%| E|CS|TAMS 0x00000000d2000000| PB 0x00000000d2000000| Complete 
|1313|0x00000000d2100000, 0x00000000d2200000, 0x00000000d2200000|100%| E|CS|TAMS 0x00000000d2100000| PB 0x00000000d2100000| Complete 
|1314|0x00000000d2200000, 0x00000000d2300000, 0x00000000d2300000|100%| E|CS|TAMS 0x00000000d2200000| PB 0x00000000d2200000| Complete 
|1315|0x00000000d2300000, 0x00000000d2400000, 0x00000000d2400000|100%| E|CS|TAMS 0x00000000d2300000| PB 0x00000000d2300000| Complete 
|1316|0x00000000d2400000, 0x00000000d2500000, 0x00000000d2500000|100%| E|CS|TAMS 0x00000000d2400000| PB 0x00000000d2400000| Complete 
|1317|0x00000000d2500000, 0x00000000d2600000, 0x00000000d2600000|100%| E|CS|TAMS 0x00000000d2500000| PB 0x00000000d2500000| Complete 
|1318|0x00000000d2600000, 0x00000000d2700000, 0x00000000d2700000|100%| E|CS|TAMS 0x00000000d2600000| PB 0x00000000d2600000| Complete 
|1319|0x00000000d2700000, 0x00000000d2800000, 0x00000000d2800000|100%| E|CS|TAMS 0x00000000d2700000| PB 0x00000000d2700000| Complete 
|1320|0x00000000d2800000, 0x00000000d2900000, 0x00000000d2900000|100%| E|CS|TAMS 0x00000000d2800000| PB 0x00000000d2800000| Complete 
|1321|0x00000000d2900000, 0x00000000d2a00000, 0x00000000d2a00000|100%| E|CS|TAMS 0x00000000d2900000| PB 0x00000000d2900000| Complete 
|1322|0x00000000d2a00000, 0x00000000d2b00000, 0x00000000d2b00000|100%| E|CS|TAMS 0x00000000d2a00000| PB 0x00000000d2a00000| Complete 
|1323|0x00000000d2b00000, 0x00000000d2c00000, 0x00000000d2c00000|100%| E|CS|TAMS 0x00000000d2b00000| PB 0x00000000d2b00000| Complete 
|1324|0x00000000d2c00000, 0x00000000d2d00000, 0x00000000d2d00000|100%| E|CS|TAMS 0x00000000d2c00000| PB 0x00000000d2c00000| Complete 
|1325|0x00000000d2d00000, 0x00000000d2e00000, 0x00000000d2e00000|100%| E|CS|TAMS 0x00000000d2d00000| PB 0x00000000d2d00000| Complete 
|1326|0x00000000d2e00000, 0x00000000d2f00000, 0x00000000d2f00000|100%| E|CS|TAMS 0x00000000d2e00000| PB 0x00000000d2e00000| Complete 
|1327|0x00000000d2f00000, 0x00000000d3000000, 0x00000000d3000000|100%| E|CS|TAMS 0x00000000d2f00000| PB 0x00000000d2f00000| Complete 
|1328|0x00000000d3000000, 0x00000000d3100000, 0x00000000d3100000|100%| E|CS|TAMS 0x00000000d3000000| PB 0x00000000d3000000| Complete 
|1329|0x00000000d3100000, 0x00000000d3200000, 0x00000000d3200000|100%| E|CS|TAMS 0x00000000d3100000| PB 0x00000000d3100000| Complete 
|1330|0x00000000d3200000, 0x00000000d3300000, 0x00000000d3300000|100%| E|CS|TAMS 0x00000000d3200000| PB 0x00000000d3200000| Complete 
|1331|0x00000000d3300000, 0x00000000d3400000, 0x00000000d3400000|100%| E|CS|TAMS 0x00000000d3300000| PB 0x00000000d3300000| Complete 
|1332|0x00000000d3400000, 0x00000000d3500000, 0x00000000d3500000|100%| E|CS|TAMS 0x00000000d3400000| PB 0x00000000d3400000| Complete 
|1333|0x00000000d3500000, 0x00000000d3600000, 0x00000000d3600000|100%| E|CS|TAMS 0x00000000d3500000| PB 0x00000000d3500000| Complete 
|1334|0x00000000d3600000, 0x00000000d3700000, 0x00000000d3700000|100%| E|CS|TAMS 0x00000000d3600000| PB 0x00000000d3600000| Complete 
|1335|0x00000000d3700000, 0x00000000d3800000, 0x00000000d3800000|100%| E|CS|TAMS 0x00000000d3700000| PB 0x00000000d3700000| Complete 
|1336|0x00000000d3800000, 0x00000000d3900000, 0x00000000d3900000|100%| E|CS|TAMS 0x00000000d3800000| PB 0x00000000d3800000| Complete 
|1337|0x00000000d3900000, 0x00000000d3a00000, 0x00000000d3a00000|100%| E|CS|TAMS 0x00000000d3900000| PB 0x00000000d3900000| Complete 
|1338|0x00000000d3a00000, 0x00000000d3b00000, 0x00000000d3b00000|100%| E|CS|TAMS 0x00000000d3a00000| PB 0x00000000d3a00000| Complete 
|1339|0x00000000d3b00000, 0x00000000d3c00000, 0x00000000d3c00000|100%| E|CS|TAMS 0x00000000d3b00000| PB 0x00000000d3b00000| Complete 
|1340|0x00000000d3c00000, 0x00000000d3d00000, 0x00000000d3d00000|100%| E|CS|TAMS 0x00000000d3c00000| PB 0x00000000d3c00000| Complete 
|1341|0x00000000d3d00000, 0x00000000d3e00000, 0x00000000d3e00000|100%| E|CS|TAMS 0x00000000d3d00000| PB 0x00000000d3d00000| Complete 
|1342|0x00000000d3e00000, 0x00000000d3f00000, 0x00000000d3f00000|100%| E|CS|TAMS 0x00000000d3e00000| PB 0x00000000d3e00000| Complete 
|1343|0x00000000d3f00000, 0x00000000d4000000, 0x00000000d4000000|100%| E|CS|TAMS 0x00000000d3f00000| PB 0x00000000d3f00000| Complete 
|1344|0x00000000d4000000, 0x00000000d4100000, 0x00000000d4100000|100%| E|CS|TAMS 0x00000000d4000000| PB 0x00000000d4000000| Complete 
|1345|0x00000000d4100000, 0x00000000d4200000, 0x00000000d4200000|100%| E|CS|TAMS 0x00000000d4100000| PB 0x00000000d4100000| Complete 
|1346|0x00000000d4200000, 0x00000000d4300000, 0x00000000d4300000|100%| E|CS|TAMS 0x00000000d4200000| PB 0x00000000d4200000| Complete 
|1347|0x00000000d4300000, 0x00000000d4400000, 0x00000000d4400000|100%| E|CS|TAMS 0x00000000d4300000| PB 0x00000000d4300000| Complete 
|1348|0x00000000d4400000, 0x00000000d4500000, 0x00000000d4500000|100%| E|CS|TAMS 0x00000000d4400000| PB 0x00000000d4400000| Complete 
|1349|0x00000000d4500000, 0x00000000d4600000, 0x00000000d4600000|100%| E|CS|TAMS 0x00000000d4500000| PB 0x00000000d4500000| Complete 
|1350|0x00000000d4600000, 0x00000000d4700000, 0x00000000d4700000|100%| E|CS|TAMS 0x00000000d4600000| PB 0x00000000d4600000| Complete 
|1351|0x00000000d4700000, 0x00000000d4800000, 0x00000000d4800000|100%| E|CS|TAMS 0x00000000d4700000| PB 0x00000000d4700000| Complete 
|1352|0x00000000d4800000, 0x00000000d4900000, 0x00000000d4900000|100%| E|CS|TAMS 0x00000000d4800000| PB 0x00000000d4800000| Complete 
|1353|0x00000000d4900000, 0x00000000d4a00000, 0x00000000d4a00000|100%| E|CS|TAMS 0x00000000d4900000| PB 0x00000000d4900000| Complete 
|1354|0x00000000d4a00000, 0x00000000d4b00000, 0x00000000d4b00000|100%| E|CS|TAMS 0x00000000d4a00000| PB 0x00000000d4a00000| Complete 
|1355|0x00000000d4b00000, 0x00000000d4c00000, 0x00000000d4c00000|100%| E|CS|TAMS 0x00000000d4b00000| PB 0x00000000d4b00000| Complete 
|1356|0x00000000d4c00000, 0x00000000d4d00000, 0x00000000d4d00000|100%| E|CS|TAMS 0x00000000d4c00000| PB 0x00000000d4c00000| Complete 
|1357|0x00000000d4d00000, 0x00000000d4e00000, 0x00000000d4e00000|100%| E|CS|TAMS 0x00000000d4d00000| PB 0x00000000d4d00000| Complete 
|1358|0x00000000d4e00000, 0x00000000d4f00000, 0x00000000d4f00000|100%| E|CS|TAMS 0x00000000d4e00000| PB 0x00000000d4e00000| Complete 
|1359|0x00000000d4f00000, 0x00000000d5000000, 0x00000000d5000000|100%| E|CS|TAMS 0x00000000d4f00000| PB 0x00000000d4f00000| Complete 
|1879|0x00000000f5700000, 0x00000000f5800000, 0x00000000f5800000|100%| O|  |TAMS 0x00000000f5700000| PB 0x00000000f5700000| Untracked 
|1880|0x00000000f5800000, 0x00000000f5900000, 0x00000000f5900000|100%| O|  |TAMS 0x00000000f5800000| PB 0x00000000f5800000| Untracked 
|1881|0x00000000f5900000, 0x00000000f5a00000, 0x00000000f5a00000|100%| E|CS|TAMS 0x00000000f5900000| PB 0x00000000f5900000| Complete 
|1882|0x00000000f5a00000, 0x00000000f5b00000, 0x00000000f5b00000|100%| E|CS|TAMS 0x00000000f5a00000| PB 0x00000000f5a00000| Complete 
|1883|0x00000000f5b00000, 0x00000000f5c00000, 0x00000000f5c00000|100%| E|CS|TAMS 0x00000000f5b00000| PB 0x00000000f5b00000| Complete 
|1884|0x00000000f5c00000, 0x00000000f5d00000, 0x00000000f5d00000|100%| E|CS|TAMS 0x00000000f5c00000| PB 0x00000000f5c00000| Complete 
|1885|0x00000000f5d00000, 0x00000000f5e00000, 0x00000000f5e00000|100%| E|CS|TAMS 0x00000000f5d00000| PB 0x00000000f5d00000| Complete 
|1886|0x00000000f5e00000, 0x00000000f5f00000, 0x00000000f5f00000|100%| E|CS|TAMS 0x00000000f5e00000| PB 0x00000000f5e00000| Complete 
|1887|0x00000000f5f00000, 0x00000000f6000000, 0x00000000f6000000|100%| O|  |TAMS 0x00000000f5f00000| PB 0x00000000f5f00000| Untracked 
|1888|0x00000000f6000000, 0x00000000f6100000, 0x00000000f6100000|100%| E|CS|TAMS 0x00000000f6000000| PB 0x00000000f6000000| Complete 
|1889|0x00000000f6100000, 0x00000000f6200000, 0x00000000f6200000|100%| O|  |TAMS 0x00000000f6100000| PB 0x00000000f6100000| Untracked 
|1890|0x00000000f6200000, 0x00000000f6300000, 0x00000000f6300000|100%| O|  |TAMS 0x00000000f6200000| PB 0x00000000f6200000| Untracked 
|1891|0x00000000f6300000, 0x00000000f6400000, 0x00000000f6400000|100%| O|  |TAMS 0x00000000f6300000| PB 0x00000000f6300000| Untracked 
|1892|0x00000000f6400000, 0x00000000f6500000, 0x00000000f6500000|100%| O|  |TAMS 0x00000000f6400000| PB 0x00000000f6400000| Untracked 
|1893|0x00000000f6500000, 0x00000000f6600000, 0x00000000f6600000|100%| O|  |TAMS 0x00000000f6500000| PB 0x00000000f6500000| Untracked 
|1894|0x00000000f6600000, 0x00000000f6700000, 0x00000000f6700000|100%| O|  |TAMS 0x00000000f6600000| PB 0x00000000f6600000| Untracked 
|1895|0x00000000f6700000, 0x00000000f6800000, 0x00000000f6800000|100%| O|  |TAMS 0x00000000f6700000| PB 0x00000000f6700000| Untracked 
|1896|0x00000000f6800000, 0x00000000f6900000, 0x00000000f6900000|100%| O|  |TAMS 0x00000000f6800000| PB 0x00000000f6800000| Untracked 
|1897|0x00000000f6900000, 0x00000000f6a00000, 0x00000000f6a00000|100%| O|  |TAMS 0x00000000f6900000| PB 0x00000000f6900000| Untracked 
|1898|0x00000000f6a00000, 0x00000000f6b00000, 0x00000000f6b00000|100%| O|  |TAMS 0x00000000f6a00000| PB 0x00000000f6a00000| Untracked 
|1899|0x00000000f6b00000, 0x00000000f6c00000, 0x00000000f6c00000|100%| O|  |TAMS 0x00000000f6b00000| PB 0x00000000f6b00000| Untracked 
|1900|0x00000000f6c00000, 0x00000000f6d00000, 0x00000000f6d00000|100%| O|  |TAMS 0x00000000f6c00000| PB 0x00000000f6c00000| Untracked 
|1901|0x00000000f6d00000, 0x00000000f6e00000, 0x00000000f6e00000|100%| O|  |TAMS 0x00000000f6d00000| PB 0x00000000f6d00000| Untracked 
|1902|0x00000000f6e00000, 0x00000000f6f00000, 0x00000000f6f00000|100%| O|  |TAMS 0x00000000f6e00000| PB 0x00000000f6e00000| Untracked 
|1903|0x00000000f6f00000, 0x00000000f7000000, 0x00000000f7000000|100%| O|  |TAMS 0x00000000f6f00000| PB 0x00000000f6f00000| Untracked 
|1904|0x00000000f7000000, 0x00000000f7100000, 0x00000000f7100000|100%| O|  |TAMS 0x00000000f7000000| PB 0x00000000f7000000| Untracked 
|1905|0x00000000f7100000, 0x00000000f7200000, 0x00000000f7200000|100%| O|  |TAMS 0x00000000f7100000| PB 0x00000000f7100000| Untracked 
|1906|0x00000000f7200000, 0x00000000f7300000, 0x00000000f7300000|100%| O|  |TAMS 0x00000000f7200000| PB 0x00000000f7200000| Untracked 
|1907|0x00000000f7300000, 0x00000000f7400000, 0x00000000f7400000|100%| O|  |TAMS 0x00000000f7300000| PB 0x00000000f7300000| Untracked 
|1908|0x00000000f7400000, 0x00000000f7500000, 0x00000000f7500000|100%| O|  |TAMS 0x00000000f7400000| PB 0x00000000f7400000| Untracked 
|1909|0x00000000f7500000, 0x00000000f7600000, 0x00000000f7600000|100%| O|  |TAMS 0x00000000f7500000| PB 0x00000000f7500000| Untracked 
|1910|0x00000000f7600000, 0x00000000f7700000, 0x00000000f7700000|100%| O|  |TAMS 0x00000000f7600000| PB 0x00000000f7600000| Untracked 
|1911|0x00000000f7700000, 0x00000000f7800000, 0x00000000f7800000|100%| O|  |TAMS 0x00000000f7700000| PB 0x00000000f7700000| Untracked 
|1912|0x00000000f7800000, 0x00000000f7900000, 0x00000000f7900000|100%| O|  |TAMS 0x00000000f7800000| PB 0x00000000f7800000| Untracked 
|1913|0x00000000f7900000, 0x00000000f7a00000, 0x00000000f7a00000|100%| O|  |TAMS 0x00000000f7900000| PB 0x00000000f7900000| Untracked 
|1914|0x00000000f7a00000, 0x00000000f7b00000, 0x00000000f7b00000|100%| O|  |TAMS 0x00000000f7a00000| PB 0x00000000f7a00000| Untracked 
|1915|0x00000000f7b00000, 0x00000000f7c00000, 0x00000000f7c00000|100%| O|  |TAMS 0x00000000f7b00000| PB 0x00000000f7b00000| Untracked 
|1916|0x00000000f7c00000, 0x00000000f7d00000, 0x00000000f7d00000|100%| O|  |TAMS 0x00000000f7c00000| PB 0x00000000f7c00000| Untracked 
|1917|0x00000000f7d00000, 0x00000000f7e00000, 0x00000000f7e00000|100%| O|  |TAMS 0x00000000f7d00000| PB 0x00000000f7d00000| Untracked 
|1918|0x00000000f7e00000, 0x00000000f7f00000, 0x00000000f7f00000|100%| O|  |TAMS 0x00000000f7e00000| PB 0x00000000f7e00000| Untracked 
|1919|0x00000000f7f00000, 0x00000000f8000000, 0x00000000f8000000|100%| O|  |TAMS 0x00000000f7f00000| PB 0x00000000f7f00000| Untracked 
|1920|0x00000000f8000000, 0x00000000f8100000, 0x00000000f8100000|100%| O|  |TAMS 0x00000000f8000000| PB 0x00000000f8000000| Untracked 
|1921|0x00000000f8100000, 0x00000000f8200000, 0x00000000f8200000|100%| O|  |TAMS 0x00000000f8100000| PB 0x00000000f8100000| Untracked 
|1922|0x00000000f8200000, 0x00000000f8300000, 0x00000000f8300000|100%| O|  |TAMS 0x00000000f8200000| PB 0x00000000f8200000| Untracked 
|1923|0x00000000f8300000, 0x00000000f8400000, 0x00000000f8400000|100%| O|  |TAMS 0x00000000f8300000| PB 0x00000000f8300000| Untracked 
|1924|0x00000000f8400000, 0x00000000f8500000, 0x00000000f8500000|100%| O|  |TAMS 0x00000000f8400000| PB 0x00000000f8400000| Untracked 
|1925|0x00000000f8500000, 0x00000000f8600000, 0x00000000f8600000|100%| O|  |TAMS 0x00000000f8500000| PB 0x00000000f8500000| Untracked 
|1926|0x00000000f8600000, 0x00000000f8700000, 0x00000000f8700000|100%| O|  |TAMS 0x00000000f8600000| PB 0x00000000f8600000| Untracked 
|1927|0x00000000f8700000, 0x00000000f8800000, 0x00000000f8800000|100%| O|  |TAMS 0x00000000f8700000| PB 0x00000000f8700000| Untracked 
|1928|0x00000000f8800000, 0x00000000f8900000, 0x00000000f8900000|100%| O|  |TAMS 0x00000000f8800000| PB 0x00000000f8800000| Untracked 
|1929|0x00000000f8900000, 0x00000000f8a00000, 0x00000000f8a00000|100%| O|  |TAMS 0x00000000f8900000| PB 0x00000000f8900000| Untracked 
|1930|0x00000000f8a00000, 0x00000000f8b00000, 0x00000000f8b00000|100%| O|  |TAMS 0x00000000f8a00000| PB 0x00000000f8a00000| Untracked 
|1931|0x00000000f8b00000, 0x00000000f8c00000, 0x00000000f8c00000|100%| O|  |TAMS 0x00000000f8b00000| PB 0x00000000f8b00000| Untracked 
|1932|0x00000000f8c00000, 0x00000000f8d00000, 0x00000000f8d00000|100%| O|  |TAMS 0x00000000f8c00000| PB 0x00000000f8c00000| Untracked 
|1933|0x00000000f8d00000, 0x00000000f8e00000, 0x00000000f8e00000|100%| O|  |TAMS 0x00000000f8d00000| PB 0x00000000f8d00000| Untracked 
|1934|0x00000000f8e00000, 0x00000000f8f00000, 0x00000000f8f00000|100%| O|  |TAMS 0x00000000f8e00000| PB 0x00000000f8e00000| Untracked 
|1935|0x00000000f8f00000, 0x00000000f9000000, 0x00000000f9000000|100%| O|  |TAMS 0x00000000f8f00000| PB 0x00000000f8f00000| Untracked 
|1936|0x00000000f9000000, 0x00000000f9100000, 0x00000000f9100000|100%| O|  |TAMS 0x00000000f9000000| PB 0x00000000f9000000| Untracked 
|1937|0x00000000f9100000, 0x00000000f9200000, 0x00000000f9200000|100%| O|  |TAMS 0x00000000f9100000| PB 0x00000000f9100000| Untracked 
|1938|0x00000000f9200000, 0x00000000f9300000, 0x00000000f9300000|100%| O|  |TAMS 0x00000000f9200000| PB 0x00000000f9200000| Untracked 
|1939|0x00000000f9300000, 0x00000000f9400000, 0x00000000f9400000|100%| O|  |TAMS 0x00000000f9300000| PB 0x00000000f9300000| Untracked 
|1940|0x00000000f9400000, 0x00000000f9500000, 0x00000000f9500000|100%| O|  |TAMS 0x00000000f9400000| PB 0x00000000f9400000| Untracked 
|1941|0x00000000f9500000, 0x00000000f9600000, 0x00000000f9600000|100%| O|  |TAMS 0x00000000f9500000| PB 0x00000000f9500000| Untracked 
|1942|0x00000000f9600000, 0x00000000f9700000, 0x00000000f9700000|100%| O|  |TAMS 0x00000000f9600000| PB 0x00000000f9600000| Untracked 
|1943|0x00000000f9700000, 0x00000000f9800000, 0x00000000f9800000|100%| O|  |TAMS 0x00000000f9700000| PB 0x00000000f9700000| Untracked 
|1944|0x00000000f9800000, 0x00000000f9900000, 0x00000000f9900000|100%| O|  |TAMS 0x00000000f9800000| PB 0x00000000f9800000| Untracked 
|1945|0x00000000f9900000, 0x00000000f9a00000, 0x00000000f9a00000|100%| O|  |TAMS 0x00000000f9900000| PB 0x00000000f9900000| Untracked 
|1946|0x00000000f9a00000, 0x00000000f9b00000, 0x00000000f9b00000|100%| O|  |TAMS 0x00000000f9a00000| PB 0x00000000f9a00000| Untracked 
|1947|0x00000000f9b00000, 0x00000000f9c00000, 0x00000000f9c00000|100%| O|  |TAMS 0x00000000f9b00000| PB 0x00000000f9b00000| Untracked 
|1948|0x00000000f9c00000, 0x00000000f9d00000, 0x00000000f9d00000|100%| O|  |TAMS 0x00000000f9c00000| PB 0x00000000f9c00000| Untracked 
|1949|0x00000000f9d00000, 0x00000000f9e00000, 0x00000000f9e00000|100%| O|  |TAMS 0x00000000f9d00000| PB 0x00000000f9d00000| Untracked 
|1950|0x00000000f9e00000, 0x00000000f9f00000, 0x00000000f9f00000|100%| O|  |TAMS 0x00000000f9e00000| PB 0x00000000f9e00000| Untracked 
|1951|0x00000000f9f00000, 0x00000000fa000000, 0x00000000fa000000|100%| O|  |TAMS 0x00000000f9f00000| PB 0x00000000f9f00000| Untracked 
|1952|0x00000000fa000000, 0x00000000fa100000, 0x00000000fa100000|100%| O|  |TAMS 0x00000000fa000000| PB 0x00000000fa000000| Untracked 
|1953|0x00000000fa100000, 0x00000000fa200000, 0x00000000fa200000|100%| O|  |TAMS 0x00000000fa100000| PB 0x00000000fa100000| Untracked 
|1954|0x00000000fa200000, 0x00000000fa300000, 0x00000000fa300000|100%| O|  |TAMS 0x00000000fa200000| PB 0x00000000fa200000| Untracked 
|1955|0x00000000fa300000, 0x00000000fa400000, 0x00000000fa400000|100%| O|  |TAMS 0x00000000fa300000| PB 0x00000000fa300000| Untracked 
|1956|0x00000000fa400000, 0x00000000fa500000, 0x00000000fa500000|100%| O|  |TAMS 0x00000000fa400000| PB 0x00000000fa400000| Untracked 
|1957|0x00000000fa500000, 0x00000000fa600000, 0x00000000fa600000|100%| O|  |TAMS 0x00000000fa500000| PB 0x00000000fa500000| Untracked 
|1958|0x00000000fa600000, 0x00000000fa700000, 0x00000000fa700000|100%| O|  |TAMS 0x00000000fa600000| PB 0x00000000fa600000| Untracked 
|1959|0x00000000fa700000, 0x00000000fa800000, 0x00000000fa800000|100%| O|  |TAMS 0x00000000fa700000| PB 0x00000000fa700000| Untracked 
|1960|0x00000000fa800000, 0x00000000fa900000, 0x00000000fa900000|100%| O|  |TAMS 0x00000000fa800000| PB 0x00000000fa800000| Untracked 
|1961|0x00000000fa900000, 0x00000000faa00000, 0x00000000faa00000|100%| O|  |TAMS 0x00000000fa900000| PB 0x00000000fa900000| Untracked 
|1962|0x00000000faa00000, 0x00000000fab00000, 0x00000000fab00000|100%| O|  |TAMS 0x00000000faa00000| PB 0x00000000faa00000| Untracked 
|1963|0x00000000fab00000, 0x00000000fac00000, 0x00000000fac00000|100%| O|  |TAMS 0x00000000fab00000| PB 0x00000000fab00000| Untracked 
|1964|0x00000000fac00000, 0x00000000fad00000, 0x00000000fad00000|100%| O|  |TAMS 0x00000000fac00000| PB 0x00000000fac00000| Untracked 
|1965|0x00000000fad00000, 0x00000000fae00000, 0x00000000fae00000|100%| O|  |TAMS 0x00000000fad00000| PB 0x00000000fad00000| Untracked 
|1966|0x00000000fae00000, 0x00000000faf00000, 0x00000000faf00000|100%| O|  |TAMS 0x00000000fae00000| PB 0x00000000fae00000| Untracked 
|1967|0x00000000faf00000, 0x00000000fb000000, 0x00000000fb000000|100%| E|CS|TAMS 0x00000000faf00000| PB 0x00000000faf00000| Complete 
|1968|0x00000000fb000000, 0x00000000fb100000, 0x00000000fb100000|100%| E|CS|TAMS 0x00000000fb000000| PB 0x00000000fb000000| Complete 
|1969|0x00000000fb100000, 0x00000000fb200000, 0x00000000fb200000|100%| E|CS|TAMS 0x00000000fb100000| PB 0x00000000fb100000| Complete 
|1970|0x00000000fb200000, 0x00000000fb300000, 0x00000000fb300000|100%| E|CS|TAMS 0x00000000fb200000| PB 0x00000000fb200000| Complete 
|1971|0x00000000fb300000, 0x00000000fb400000, 0x00000000fb400000|100%| E|CS|TAMS 0x00000000fb300000| PB 0x00000000fb300000| Complete 
|1972|0x00000000fb400000, 0x00000000fb500000, 0x00000000fb500000|100%| E|CS|TAMS 0x00000000fb400000| PB 0x00000000fb400000| Complete 
|1973|0x00000000fb500000, 0x00000000fb600000, 0x00000000fb600000|100%| E|CS|TAMS 0x00000000fb500000| PB 0x00000000fb500000| Complete 
|1974|0x00000000fb600000, 0x00000000fb700000, 0x00000000fb700000|100%| E|CS|TAMS 0x00000000fb600000| PB 0x00000000fb600000| Complete 
|1975|0x00000000fb700000, 0x00000000fb800000, 0x00000000fb800000|100%| E|CS|TAMS 0x00000000fb700000| PB 0x00000000fb700000| Complete 
|1976|0x00000000fb800000, 0x00000000fb900000, 0x00000000fb900000|100%| E|CS|TAMS 0x00000000fb800000| PB 0x00000000fb800000| Complete 
|1977|0x00000000fb900000, 0x00000000fba00000, 0x00000000fba00000|100%| E|CS|TAMS 0x00000000fb900000| PB 0x00000000fb900000| Complete 
|1978|0x00000000fba00000, 0x00000000fbb00000, 0x00000000fbb00000|100%| E|CS|TAMS 0x00000000fba00000| PB 0x00000000fba00000| Complete 
|1979|0x00000000fbb00000, 0x00000000fbc00000, 0x00000000fbc00000|100%| E|CS|TAMS 0x00000000fbb00000| PB 0x00000000fbb00000| Complete 
|1980|0x00000000fbc00000, 0x00000000fbd00000, 0x00000000fbd00000|100%| E|CS|TAMS 0x00000000fbc00000| PB 0x00000000fbc00000| Complete 
|1981|0x00000000fbd00000, 0x00000000fbe00000, 0x00000000fbe00000|100%| E|CS|TAMS 0x00000000fbd00000| PB 0x00000000fbd00000| Complete 
|1982|0x00000000fbe00000, 0x00000000fbf00000, 0x00000000fbf00000|100%| E|CS|TAMS 0x00000000fbe00000| PB 0x00000000fbe00000| Complete 
|1983|0x00000000fbf00000, 0x00000000fc000000, 0x00000000fc000000|100%| E|CS|TAMS 0x00000000fbf00000| PB 0x00000000fbf00000| Complete 
|1984|0x00000000fc000000, 0x00000000fc100000, 0x00000000fc100000|100%| E|CS|TAMS 0x00000000fc000000| PB 0x00000000fc000000| Complete 
|1985|0x00000000fc100000, 0x00000000fc200000, 0x00000000fc200000|100%| E|CS|TAMS 0x00000000fc100000| PB 0x00000000fc100000| Complete 
|1986|0x00000000fc200000, 0x00000000fc300000, 0x00000000fc300000|100%| E|CS|TAMS 0x00000000fc200000| PB 0x00000000fc200000| Complete 
|1987|0x00000000fc300000, 0x00000000fc400000, 0x00000000fc400000|100%| E|CS|TAMS 0x00000000fc300000| PB 0x00000000fc300000| Complete 
|1988|0x00000000fc400000, 0x00000000fc500000, 0x00000000fc500000|100%| E|CS|TAMS 0x00000000fc400000| PB 0x00000000fc400000| Complete 
|1989|0x00000000fc500000, 0x00000000fc600000, 0x00000000fc600000|100%| E|CS|TAMS 0x00000000fc500000| PB 0x00000000fc500000| Complete 
|1990|0x00000000fc600000, 0x00000000fc700000, 0x00000000fc700000|100%| E|CS|TAMS 0x00000000fc600000| PB 0x00000000fc600000| Complete 
|1991|0x00000000fc700000, 0x00000000fc800000, 0x00000000fc800000|100%| E|CS|TAMS 0x00000000fc700000| PB 0x00000000fc700000| Complete 
|1992|0x00000000fc800000, 0x00000000fc900000, 0x00000000fc900000|100%| E|CS|TAMS 0x00000000fc800000| PB 0x00000000fc800000| Complete 
|1993|0x00000000fc900000, 0x00000000fca00000, 0x00000000fca00000|100%| E|CS|TAMS 0x00000000fc900000| PB 0x00000000fc900000| Complete 
|1994|0x00000000fca00000, 0x00000000fcb00000, 0x00000000fcb00000|100%| E|CS|TAMS 0x00000000fca00000| PB 0x00000000fca00000| Complete 
|1995|0x00000000fcb00000, 0x00000000fcc00000, 0x00000000fcc00000|100%| E|CS|TAMS 0x00000000fcb00000| PB 0x00000000fcb00000| Complete 
|1996|0x00000000fcc00000, 0x00000000fcd00000, 0x00000000fcd00000|100%| E|CS|TAMS 0x00000000fcc00000| PB 0x00000000fcc00000| Complete 
|1997|0x00000000fcd00000, 0x00000000fce00000, 0x00000000fce00000|100%| E|CS|TAMS 0x00000000fcd00000| PB 0x00000000fcd00000| Complete 
|1998|0x00000000fce00000, 0x00000000fcf00000, 0x00000000fcf00000|100%| E|CS|TAMS 0x00000000fce00000| PB 0x00000000fce00000| Complete 
|1999|0x00000000fcf00000, 0x00000000fd000000, 0x00000000fd000000|100%| E|CS|TAMS 0x00000000fcf00000| PB 0x00000000fcf00000| Complete 
|2000|0x00000000fd000000, 0x00000000fd100000, 0x00000000fd100000|100%| E|CS|TAMS 0x00000000fd000000| PB 0x00000000fd000000| Complete 
|2001|0x00000000fd100000, 0x00000000fd200000, 0x00000000fd200000|100%| E|CS|TAMS 0x00000000fd100000| PB 0x00000000fd100000| Complete 
|2002|0x00000000fd200000, 0x00000000fd300000, 0x00000000fd300000|100%| E|CS|TAMS 0x00000000fd200000| PB 0x00000000fd200000| Complete 
|2003|0x00000000fd300000, 0x00000000fd400000, 0x00000000fd400000|100%| E|CS|TAMS 0x00000000fd300000| PB 0x00000000fd300000| Complete 
|2004|0x00000000fd400000, 0x00000000fd500000, 0x00000000fd500000|100%| E|CS|TAMS 0x00000000fd400000| PB 0x00000000fd400000| Complete 
|2005|0x00000000fd500000, 0x00000000fd600000, 0x00000000fd600000|100%| E|CS|TAMS 0x00000000fd500000| PB 0x00000000fd500000| Complete 
|2006|0x00000000fd600000, 0x00000000fd700000, 0x00000000fd700000|100%| E|CS|TAMS 0x00000000fd600000| PB 0x00000000fd600000| Complete 
|2007|0x00000000fd700000, 0x00000000fd800000, 0x00000000fd800000|100%| E|CS|TAMS 0x00000000fd700000| PB 0x00000000fd700000| Complete 
|2008|0x00000000fd800000, 0x00000000fd900000, 0x00000000fd900000|100%| E|CS|TAMS 0x00000000fd800000| PB 0x00000000fd800000| Complete 
|2009|0x00000000fd900000, 0x00000000fda00000, 0x00000000fda00000|100%| E|CS|TAMS 0x00000000fd900000| PB 0x00000000fd900000| Complete 
|2010|0x00000000fda00000, 0x00000000fdb00000, 0x00000000fdb00000|100%| E|CS|TAMS 0x00000000fda00000| PB 0x00000000fda00000| Complete 
|2011|0x00000000fdb00000, 0x00000000fdc00000, 0x00000000fdc00000|100%| E|CS|TAMS 0x00000000fdb00000| PB 0x00000000fdb00000| Complete 
|2012|0x00000000fdc00000, 0x00000000fdd00000, 0x00000000fdd00000|100%| E|CS|TAMS 0x00000000fdc00000| PB 0x00000000fdc00000| Complete 
|2013|0x00000000fdd00000, 0x00000000fde00000, 0x00000000fde00000|100%| E|CS|TAMS 0x00000000fdd00000| PB 0x00000000fdd00000| Complete 
|2014|0x00000000fde00000, 0x00000000fdf00000, 0x00000000fdf00000|100%| E|CS|TAMS 0x00000000fde00000| PB 0x00000000fde00000| Complete 
|2015|0x00000000fdf00000, 0x00000000fe000000, 0x00000000fe000000|100%| O|  |TAMS 0x00000000fdf00000| PB 0x00000000fdf00000| Untracked 
|2016|0x00000000fe000000, 0x00000000fe100000, 0x00000000fe100000|100%| E|CS|TAMS 0x00000000fe000000| PB 0x00000000fe000000| Complete 
|2017|0x00000000fe100000, 0x00000000fe200000, 0x00000000fe200000|100%| E|CS|TAMS 0x00000000fe100000| PB 0x00000000fe100000| Complete 
|2018|0x00000000fe200000, 0x00000000fe300000, 0x00000000fe300000|100%| E|CS|TAMS 0x00000000fe200000| PB 0x00000000fe200000| Complete 
|2019|0x00000000fe300000, 0x00000000fe400000, 0x00000000fe400000|100%| E|CS|TAMS 0x00000000fe300000| PB 0x00000000fe300000| Complete 
|2020|0x00000000fe400000, 0x00000000fe500000, 0x00000000fe500000|100%| E|CS|TAMS 0x00000000fe400000| PB 0x00000000fe400000| Complete 
|2021|0x00000000fe500000, 0x00000000fe600000, 0x00000000fe600000|100%| E|CS|TAMS 0x00000000fe500000| PB 0x00000000fe500000| Complete 
|2022|0x00000000fe600000, 0x00000000fe700000, 0x00000000fe700000|100%| E|CS|TAMS 0x00000000fe600000| PB 0x00000000fe600000| Complete 
|2023|0x00000000fe700000, 0x00000000fe800000, 0x00000000fe800000|100%| E|CS|TAMS 0x00000000fe700000| PB 0x00000000fe700000| Complete 
|2024|0x00000000fe800000, 0x00000000fe900000, 0x00000000fe900000|100%| E|CS|TAMS 0x00000000fe800000| PB 0x00000000fe800000| Complete 
|2025|0x00000000fe900000, 0x00000000fea00000, 0x00000000fea00000|100%| E|CS|TAMS 0x00000000fe900000| PB 0x00000000fe900000| Complete 
|2026|0x00000000fea00000, 0x00000000feb00000, 0x00000000feb00000|100%| O|  |TAMS 0x00000000fea00000| PB 0x00000000fea00000| Untracked 
|2027|0x00000000feb00000, 0x00000000fec00000, 0x00000000fec00000|100%| E|CS|TAMS 0x00000000feb00000| PB 0x00000000feb00000| Complete 
|2028|0x00000000fec00000, 0x00000000fed00000, 0x00000000fed00000|100%| E|CS|TAMS 0x00000000fec00000| PB 0x00000000fec00000| Complete 
|2029|0x00000000fed00000, 0x00000000fee00000, 0x00000000fee00000|100%| E|CS|TAMS 0x00000000fed00000| PB 0x00000000fed00000| Complete 
|2030|0x00000000fee00000, 0x00000000fef00000, 0x00000000fef00000|100%| E|CS|TAMS 0x00000000fee00000| PB 0x00000000fee00000| Complete 
|2031|0x00000000fef00000, 0x00000000ff000000, 0x00000000ff000000|100%| E|CS|TAMS 0x00000000fef00000| PB 0x00000000fef00000| Complete 
|2032|0x00000000ff000000, 0x00000000ff100000, 0x00000000ff100000|100%| O|  |TAMS 0x00000000ff000000| PB 0x00000000ff000000| Untracked 
|2033|0x00000000ff100000, 0x00000000ff200000, 0x00000000ff200000|100%| O|  |TAMS 0x00000000ff100000| PB 0x00000000ff100000| Untracked 
|2034|0x00000000ff200000, 0x00000000ff300000, 0x00000000ff300000|100%| O|  |TAMS 0x00000000ff200000| PB 0x00000000ff200000| Untracked 
|2035|0x00000000ff300000, 0x00000000ff400000, 0x00000000ff400000|100%| O|  |TAMS 0x00000000ff300000| PB 0x00000000ff300000| Untracked 
|2036|0x00000000ff400000, 0x00000000ff500000, 0x00000000ff500000|100%| O|  |TAMS 0x00000000ff400000| PB 0x00000000ff400000| Untracked 
|2037|0x00000000ff500000, 0x00000000ff600000, 0x00000000ff600000|100%| O|  |TAMS 0x00000000ff500000| PB 0x00000000ff500000| Untracked 
|2038|0x00000000ff600000, 0x00000000ff700000, 0x00000000ff700000|100%| O|  |TAMS 0x00000000ff600000| PB 0x00000000ff600000| Untracked 
|2039|0x00000000ff700000, 0x00000000ff800000, 0x00000000ff800000|100%| O|  |TAMS 0x00000000ff700000| PB 0x00000000ff700000| Untracked 
|2040|0x00000000ff800000, 0x00000000ff900000, 0x00000000ff900000|100%| O|  |TAMS 0x00000000ff800000| PB 0x00000000ff800000| Untracked 
|2041|0x00000000ff900000, 0x00000000ffa00000, 0x00000000ffa00000|100%| O|  |TAMS 0x00000000ff900000| PB 0x00000000ff900000| Untracked 
|2042|0x00000000ffa00000, 0x00000000ffb00000, 0x00000000ffb00000|100%| O|  |TAMS 0x00000000ffa00000| PB 0x00000000ffa00000| Untracked 
|2043|0x00000000ffb00000, 0x00000000ffc00000, 0x00000000ffc00000|100%| O|  |TAMS 0x00000000ffb00000| PB 0x00000000ffb00000| Untracked 
|2044|0x00000000ffc00000, 0x00000000ffd00000, 0x00000000ffd00000|100%| O|  |TAMS 0x00000000ffc00000| PB 0x00000000ffc00000| Untracked 
|2045|0x00000000ffd00000, 0x00000000ffe00000, 0x00000000ffe00000|100%| O|  |TAMS 0x00000000ffd00000| PB 0x00000000ffd00000| Untracked 
|2046|0x00000000ffe00000, 0x00000000fff00000, 0x00000000fff00000|100%| O|  |TAMS 0x00000000ffe00000| PB 0x00000000ffe00000| Untracked 
|2047|0x00000000fff00000, 0x0000000100000000, 0x0000000100000000|100%| E|CS|TAMS 0x00000000fff00000| PB 0x00000000fff00000| Complete 

Card table byte_map: [0x00007f21c8e00000,0x00007f21c9200000] _byte_map_base: 0x00007f21c8a00000

Marking Bits: (CMBitMap*) 0x00007f21c4079810
 Bits: [0x00007f21aa400000, 0x00007f21ac400000)

Polling page: 0x00007f21ccbd5000

Metaspace:

Usage:
  Non-class:    232.86 MB used.
      Class:     32.74 MB used.
       Both:    265.60 MB used.

Virtual space:
  Non-class space:      256.00 MB reserved,     233.75 MB ( 91%) committed,  4 nodes.
      Class space:        1.00 GB reserved,      33.62 MB (  3%) committed,  1 nodes.
             Both:        1.25 GB reserved,     267.38 MB ( 21%) committed. 

Chunk freelists:
   Non-Class:  6.27 MB
       Class:  14.41 MB
        Both:  20.67 MB

MaxMetaspaceSize: unlimited
CompressedClassSpaceSize: 1.00 GB
Initial GC threshold: 21.00 MB
Current GC threshold: 445.62 MB
CDS: on
 - commit_granule_bytes: 65536.
 - commit_granule_words: 8192.
 - virtual_space_node_default_size: 8388608.
 - enlarge_chunks_in_place: 1.
 - use_allocation_guard: 0.


Internal statistics:

num_allocs_failed_limit: 12.
num_arena_births: 6688.
num_arena_deaths: 3466.
num_vsnodes_births: 5.
num_vsnodes_deaths: 0.
num_space_committed: 4322.
num_space_uncommitted: 23.
num_chunks_returned_to_freelist: 4701.
num_chunks_taken_from_freelist: 19764.
num_chunk_merges: 1553.
num_chunk_splits: 12444.
num_chunks_enlarged: 8554.
num_inconsistent_stats: 0.

CodeHeap 'non-profiled nmethods': size=118880Kb used=19363Kb max_used=33022Kb free=99516Kb
 bounds [0x00007f21b3fe8000, 0x00007f21b6028000, 0x00007f21bb400000]
CodeHeap 'profiled nmethods': size=118876Kb used=7883Kb max_used=82701Kb free=110992Kb
 bounds [0x00007f21ac400000, 0x00007f21b14d0000, 0x00007f21b3817000]
CodeHeap 'non-nmethods': size=8004Kb used=4895Kb max_used=5072Kb free=3108Kb
 bounds [0x00007f21b3817000, 0x00007f21b3d17000, 0x00007f21b3fe8000]
CodeCache: size=245760Kb, used=32141Kb, max_used=120795Kb, free=213616Kb
 total_blobs=8473, nmethods=7217, adapters=1152, full_count=0
Compilation: enabled, stopped_count=0, restarted_count=0

Compilation events (20 events):
Event: 2136.029 Thread 0x00007f21c42e6dc0 nmethod 91665 0x00007f21b48c4e10 code [0x00007f21b48c5300, 0x00007f21b48c8168]
Event: 2136.036 Thread 0x00007f203c196d80 nmethod 91672 0x00007f21b53e4d10 code [0x00007f21b53e5220, 0x00007f21b53e6d40]
Event: 2136.039 Thread 0x00007f203c1bf9e0 91675       4       com.android.tools.r8.graph.q5::a (157 bytes)
Event: 2136.041 Thread 0x00007f212c61a670 91676       4       com.android.tools.r8.shaking.S::a (497 bytes)
Event: 2136.046 Thread 0x00007f2020124250 91677   !   4       com.android.tools.r8.shaking.M::a (435 bytes)
Event: 2136.050 Thread 0x00007f203c1bf9e0 nmethod 91675 0x00007f21b47b4410 code [0x00007f21b47b46e0, 0x00007f21b47b5758]
Event: 2136.057 Thread 0x00007f203c0701a0 nmethod 91674 0x00007f21b5168890 code [0x00007f21b5168d60, 0x00007f21b516b468]
Event: 2136.062 Thread 0x00007f202016ec90 91678       4       com.android.tools.r8.shaking.M$$Lambda/0x00007f214de35648::get (4 bytes)
Event: 2136.063 Thread 0x00007f202016ec90 nmethod 91678 0x00007f21b408bd10 code [0x00007f21b408bea0, 0x00007f21b408c238]
Event: 2136.077 Thread 0x00007f202016ec90 91679       4       com.android.tools.r8.shaking.Y0::a (84 bytes)
Event: 2136.079 Thread 0x00007f202016ec90 nmethod 91679 0x00007f21b4061010 code [0x00007f21b40611c0, 0x00007f21b4061450]
Event: 2136.079 Thread 0x00007f203c0701a0 91680       4       com.android.tools.r8.shaking.x0::hashCode (37 bytes)
Event: 2136.081 Thread 0x00007f203c0701a0 nmethod 91680 0x00007f21b4065e10 code [0x00007f21b4065fa0, 0x00007f21b40661c0]
Event: 2136.093 Thread 0x00007f212c61a670 nmethod 91676 0x00007f21b40eb410 code [0x00007f21b40eb900, 0x00007f21b40ee4d8]
Event: 2136.094 Thread 0x00007f212c212360 91681       4       com.android.tools.r8.shaking.x$$Lambda/0x00007f214de5cb20::get (4 bytes)
Event: 2136.096 Thread 0x00007f212c212360 nmethod 91681 0x00007f21b40d0a10 code [0x00007f21b40d0bc0, 0x00007f21b40d10d0]
Event: 2136.102 Thread 0x00007f212d424db0 91682       4       com.android.tools.r8.shaking.m1::a (111 bytes)
Event: 2136.102 Thread 0x00007f21c42e6dc0 91683       4       com.android.tools.r8.shaking.M::b (96 bytes)
Event: 2136.103 Thread 0x00007f212d424db0 nmethod 91682 0x00007f21b4161010 code [0x00007f21b41611e0, 0x00007f21b4161488]
Event: 2136.103 Thread 0x00007f21c42e6dc0 nmethod 91683 0x00007f21b4055b90 code [0x00007f21b4055d60, 0x00007f21b4056018]

GC Heap History (20 events):
Event: 2133.552 GC heap before
{Heap before GC invocations=144 (full 0):
 garbage-first heap   total 1565696K, used 1311226K [0x0000000080000000, 0x0000000100000000)
  region size 1024K, 784 young (802816K), 72 survivors (73728K)
 Metaspace       used 271409K, committed 273152K, reserved 1310720K
  class space    used 33442K, committed 34304K, reserved 1048576K
}
Event: 2133.567 GC heap after
{Heap after GC invocations=145 (full 0):
 garbage-first heap   total 1565696K, used 598266K [0x0000000080000000, 0x0000000100000000)
  region size 1024K, 78 young (79872K), 78 survivors (79872K)
 Metaspace       used 271409K, committed 273152K, reserved 1310720K
  class space    used 33442K, committed 34304K, reserved 1048576K
}
Event: 2133.855 GC heap before
{Heap before GC invocations=146 (full 0):
 garbage-first heap   total 1565696K, used 1456378K [0x0000000080000000, 0x0000000100000000)
  region size 1024K, 917 young (939008K), 78 survivors (79872K)
 Metaspace       used 271593K, committed 273408K, reserved 1310720K
  class space    used 33462K, committed 34368K, reserved 1048576K
}
Event: 2133.866 GC heap after
{Heap after GC invocations=147 (full 0):
 garbage-first heap   total 1565696K, used 579818K [0x0000000080000000, 0x0000000100000000)
  region size 1024K, 50 young (51200K), 50 survivors (51200K)
 Metaspace       used 271593K, committed 273408K, reserved 1310720K
  class space    used 33462K, committed 34368K, reserved 1048576K
}
Event: 2134.017 GC heap before
{Heap before GC invocations=147 (full 0):
 garbage-first heap   total 1565696K, used 1467626K [0x0000000080000000, 0x0000000100000000)
  region size 1024K, 917 young (939008K), 50 survivors (51200K)
 Metaspace       used 271607K, committed 273408K, reserved 1310720K
  class space    used 33463K, committed 34368K, reserved 1048576K
}
Event: 2134.028 GC heap after
{Heap after GC invocations=148 (full 0):
 garbage-first heap   total 1565696K, used 557986K [0x0000000080000000, 0x0000000100000000)
  region size 1024K, 50 young (51200K), 50 survivors (51200K)
 Metaspace       used 271607K, committed 273408K, reserved 1310720K
  class space    used 33463K, committed 34368K, reserved 1048576K
}
Event: 2134.185 GC heap before
{Heap before GC invocations=148 (full 0):
 garbage-first heap   total 1565696K, used 1444770K [0x0000000080000000, 0x0000000100000000)
  region size 1024K, 917 young (939008K), 50 survivors (51200K)
 Metaspace       used 271614K, committed 273408K, reserved 1310720K
  class space    used 33464K, committed 34368K, reserved 1048576K
}
Event: 2134.194 GC heap after
{Heap after GC invocations=149 (full 0):
 garbage-first heap   total 1565696K, used 559420K [0x0000000080000000, 0x0000000100000000)
  region size 1024K, 52 young (53248K), 52 survivors (53248K)
 Metaspace       used 271614K, committed 273408K, reserved 1310720K
  class space    used 33464K, committed 34368K, reserved 1048576K
}
Event: 2134.446 GC heap before
{Heap before GC invocations=150 (full 0):
 garbage-first heap   total 1565696K, used 1444156K [0x0000000080000000, 0x0000000100000000)
  region size 1024K, 917 young (939008K), 52 survivors (53248K)
 Metaspace       used 271619K, committed 273408K, reserved 1310720K
  class space    used 33464K, committed 34368K, reserved 1048576K
}
Event: 2134.454 GC heap after
{Heap after GC invocations=151 (full 0):
 garbage-first heap   total 1565696K, used 557986K [0x0000000080000000, 0x0000000100000000)
  region size 1024K, 51 young (52224K), 51 survivors (52224K)
 Metaspace       used 271619K, committed 273408K, reserved 1310720K
  class space    used 33464K, committed 34368K, reserved 1048576K
}
Event: 2134.623 GC heap before
{Heap before GC invocations=151 (full 0):
 garbage-first heap   total 1565696K, used 1443746K [0x0000000080000000, 0x0000000100000000)
  region size 1024K, 917 young (939008K), 51 survivors (52224K)
 Metaspace       used 271623K, committed 273408K, reserved 1310720K
  class space    used 33464K, committed 34368K, reserved 1048576K
}
Event: 2134.633 GC heap after
{Heap after GC invocations=152 (full 0):
 garbage-first heap   total 1565696K, used 541370K [0x0000000080000000, 0x0000000100000000)
  region size 1024K, 52 young (53248K), 52 survivors (53248K)
 Metaspace       used 271623K, committed 273408K, reserved 1310720K
  class space    used 33464K, committed 34368K, reserved 1048576K
}
Event: 2134.824 GC heap before
{Heap before GC invocations=152 (full 0):
 garbage-first heap   total 1565696K, used 1427130K [0x0000000080000000, 0x0000000100000000)
  region size 1024K, 917 young (939008K), 52 survivors (53248K)
 Metaspace       used 271625K, committed 273408K, reserved 1310720K
  class space    used 33464K, committed 34368K, reserved 1048576K
}
Event: 2134.832 GC heap after
{Heap after GC invocations=153 (full 0):
 garbage-first heap   total 1565696K, used 542394K [0x0000000080000000, 0x0000000100000000)
  region size 1024K, 53 young (54272K), 53 survivors (54272K)
 Metaspace       used 271625K, committed 273408K, reserved 1310720K
  class space    used 33464K, committed 34368K, reserved 1048576K
}
Event: 2135.070 GC heap before
{Heap before GC invocations=154 (full 0):
 garbage-first heap   total 1565696K, used 1426106K [0x0000000080000000, 0x0000000100000000)
  region size 1024K, 917 young (939008K), 53 survivors (54272K)
 Metaspace       used 271631K, committed 273408K, reserved 1310720K
  class space    used 33464K, committed 34368K, reserved 1048576K
}
Event: 2135.079 GC heap after
{Heap after GC invocations=155 (full 0):
 garbage-first heap   total 1565696K, used 542085K [0x0000000080000000, 0x0000000100000000)
  region size 1024K, 52 young (53248K), 52 survivors (53248K)
 Metaspace       used 271631K, committed 273408K, reserved 1310720K
  class space    used 33464K, committed 34368K, reserved 1048576K
}
Event: 2135.744 GC heap before
{Heap before GC invocations=155 (full 0):
 garbage-first heap   total 1565696K, used 1426821K [0x0000000080000000, 0x0000000100000000)
  region size 1024K, 917 young (939008K), 52 survivors (53248K)
 Metaspace       used 271892K, committed 273664K, reserved 1310720K
  class space    used 33511K, committed 34368K, reserved 1048576K
}
Event: 2135.754 GC heap after
{Heap after GC invocations=156 (full 0):
 garbage-first heap   total 1565696K, used 521498K [0x0000000080000000, 0x0000000100000000)
  region size 1024K, 43 young (44032K), 43 survivors (44032K)
 Metaspace       used 271892K, committed 273664K, reserved 1310720K
  class space    used 33511K, committed 34368K, reserved 1048576K
}
Event: 2135.980 GC heap before
{Heap before GC invocations=156 (full 0):
 garbage-first heap   total 1565696K, used 719130K [0x0000000080000000, 0x0000000100000000)
  region size 1024K, 237 young (242688K), 43 survivors (44032K)
 Metaspace       used 271963K, committed 273792K, reserved 1310720K
  class space    used 33521K, committed 34432K, reserved 1048576K
}
Event: 2135.988 GC heap after
{Heap after GC invocations=157 (full 0):
 garbage-first heap   total 1565696K, used 534315K [0x0000000080000000, 0x0000000100000000)
  region size 1024K, 54 young (55296K), 54 survivors (55296K)
 Metaspace       used 271963K, committed 273792K, reserved 1310720K
  class space    used 33521K, committed 34432K, reserved 1048576K
}

Dll operation events (17 events):
Event: 0.005 Loaded shared library /usr/lib/jvm/java-21-openjdk/lib/libjava.so
Event: 0.057 Loaded shared library /usr/lib/jvm/java-21-openjdk/lib/libjsvml.so
Event: 0.104 Loaded shared library /usr/lib/jvm/java-21-openjdk/lib/libzip.so
Event: 0.108 Loaded shared library /usr/lib/jvm/java-21-openjdk/lib/libinstrument.so
Event: 0.111 Loaded shared library /usr/lib/jvm/java-21-openjdk/lib/libnio.so
Event: 0.114 Loaded shared library /usr/lib/jvm/java-21-openjdk/lib/libzip.so
Event: 0.275 Loaded shared library /usr/lib/jvm/java-21-openjdk/lib/libjimage.so
Event: 0.324 Loaded shared library /usr/lib/jvm/java-21-openjdk/lib/libverify.so
Event: 0.404 Loaded shared library /usr/lib/jvm/java-21-openjdk/lib/libnet.so
Event: 0.405 Loaded shared library /home/iggut/.gradle/native/c067742578af261105cb4f569cf0c3c89f3d7b1fecec35dd04571415982c5e48/linux-amd64/libnative-platform.so
Event: 0.411 Loaded shared library /home/iggut/.gradle/native/100fb08df4bc3b14c8652ba06237920a3bd2aa13389f12d3474272988ae205f9/linux-amd64/libnative-platform-file-events.so
Event: 1.151 Loaded shared library /usr/lib/jvm/java-21-openjdk/lib/libmanagement.so
Event: 1.153 Loaded shared library /usr/lib/jvm/java-21-openjdk/lib/libmanagement_ext.so
Event: 1.247 Loaded shared library /usr/lib/jvm/java-21-openjdk/lib/libextnet.so
Event: 12.050 Loaded shared library /usr/lib/jvm/java-21-openjdk/lib/librmi.so
Event: 37.456 Loaded shared library /usr/lib/jvm/java-21-openjdk/lib/libawt.so
Event: 37.457 Loaded shared library /usr/lib/jvm/java-21-openjdk/lib/libawt_headless.so

Deoptimization events (20 events):
Event: 2135.940 Thread 0x00007f1f64213fa0 DEOPT PACKING pc=0x00007f21b48c3d24 sp=0x00007f1d4b16eb30
Event: 2135.940 Thread 0x00007f1f64213fa0 DEOPT UNPACKING pc=0x00007f21b386af99 sp=0x00007f1d4b16eb20 mode 2
Event: 2135.948 Thread 0x00007f1f64213fa0 Uncommon trap: trap_request=0xffffffde fr.pc=0x00007f21b54e2e98 relative=0x00000000000026f8
Event: 2135.948 Thread 0x00007f1f64213fa0 Uncommon trap: reason=class_check action=maybe_recompile pc=0x00007f21b54e2e98 method=com.android.tools.r8.graph.W4$c.a(Lcom/android/tools/r8/graph/F2;Lcom/android/tools/r8/graph/y;Lcom/android/tools/r8/graph/c4;Lcom/android/tools/r8/graph/y5;)Lcom/androi
Event: 2135.948 Thread 0x00007f1f64213fa0 DEOPT PACKING pc=0x00007f21b54e2e98 sp=0x00007f1d4b16ebb0
Event: 2135.948 Thread 0x00007f1f64213fa0 DEOPT UNPACKING pc=0x00007f21b386af99 sp=0x00007f1d4b16ebb0 mode 2
Event: 2135.948 Thread 0x00007f1f64213fa0 Uncommon trap: trap_request=0xffffffde fr.pc=0x00007f21b54e2e98 relative=0x00000000000026f8
Event: 2135.948 Thread 0x00007f1f64213fa0 Uncommon trap: reason=class_check action=maybe_recompile pc=0x00007f21b54e2e98 method=com.android.tools.r8.graph.W4$c.a(Lcom/android/tools/r8/graph/F2;Lcom/android/tools/r8/graph/y;Lcom/android/tools/r8/graph/c4;Lcom/android/tools/r8/graph/y5;)Lcom/androi
Event: 2135.948 Thread 0x00007f1f64213fa0 DEOPT PACKING pc=0x00007f21b54e2e98 sp=0x00007f1d4b16ebb0
Event: 2135.948 Thread 0x00007f1f64213fa0 DEOPT UNPACKING pc=0x00007f21b386af99 sp=0x00007f1d4b16ebb0 mode 2
Event: 2135.962 Thread 0x00007f1f64213fa0 Uncommon trap: trap_request=0xffffff45 fr.pc=0x00007f21b45dc834 relative=0x0000000000000dd4
Event: 2135.962 Thread 0x00007f1f64213fa0 Uncommon trap: reason=unstable_if action=reinterpret pc=0x00007f21b45dc834 method=com.android.tools.r8.shaking.M.b(Lcom/android/tools/r8/graph/C5;Lcom/android/tools/r8/graph/A5;Lcom/android/tools/r8/shaking/S1;)V @ 103 c2
Event: 2135.962 Thread 0x00007f1f64213fa0 DEOPT PACKING pc=0x00007f21b45dc834 sp=0x00007f1d4b16f0c0
Event: 2135.962 Thread 0x00007f1f64213fa0 DEOPT UNPACKING pc=0x00007f21b386af99 sp=0x00007f1d4b16f0a8 mode 2
Event: 2136.004 Thread 0x00007f1f64213fa0 Uncommon trap: trap_request=0xffffff45 fr.pc=0x00007f21b5705110 relative=0x0000000000003fd0
Event: 2136.004 Thread 0x00007f1f64213fa0 Uncommon trap: reason=unstable_if action=reinterpret pc=0x00007f21b5705110 method=com.android.tools.r8.shaking.S.a(Lcom/android/tools/r8/graph/l1;Lcom/android/tools/r8/graph/A3;Lcom/android/tools/r8/graph/E5;ILcom/android/tools/r8/shaking/J;)Z @ 204 c2
Event: 2136.004 Thread 0x00007f1f64213fa0 DEOPT PACKING pc=0x00007f21b5705110 sp=0x00007f1d4b16ee20
Event: 2136.004 Thread 0x00007f1f64213fa0 DEOPT UNPACKING pc=0x00007f21b386af99 sp=0x00007f1d4b16edf0 mode 2
Event: 2136.046 Thread 0x00007f1f64213fa0 DEOPT PACKING pc=0x00007f21b1068688 sp=0x00007f1d4b16f170
Event: 2136.046 Thread 0x00007f1f64213fa0 DEOPT UNPACKING pc=0x00007f21b386b72f sp=0x00007f1d4b16e788 mode 0

Classes loaded (20 events):
Event: 2124.578 Loading class java/util/concurrent/ConcurrentHashMap$KeySpliterator
Event: 2124.578 Loading class java/util/concurrent/ConcurrentHashMap$KeySpliterator done
Event: 2126.469 Loading class java/util/IdentityHashMap$EntrySpliterator
Event: 2126.469 Loading class java/util/IdentityHashMap$IdentityHashMapSpliterator
Event: 2126.469 Loading class java/util/IdentityHashMap$IdentityHashMapSpliterator done
Event: 2126.469 Loading class java/util/IdentityHashMap$EntrySpliterator done
Event: 2126.483 Loading class java/util/SortedSet$1
Event: 2126.483 Loading class java/util/SortedSet$1 done
Event: 2126.535 Loading class java/util/IdentityHashMap$ValueSpliterator
Event: 2126.536 Loading class java/util/IdentityHashMap$ValueSpliterator done
Event: 2126.586 Loading class java/util/stream/ReduceOps$5
Event: 2126.586 Loading class java/util/stream/ReduceOps$5 done
Event: 2126.586 Loading class java/util/stream/ReduceOps$CountingSink$OfRef
Event: 2126.587 Loading class java/util/stream/ReduceOps$CountingSink
Event: 2126.587 Loading class java/util/stream/ReduceOps$CountingSink done
Event: 2126.587 Loading class java/util/stream/ReduceOps$CountingSink$OfRef done
Event: 2127.129 Loading class java/util/function/ObjIntConsumer
Event: 2127.129 Loading class java/util/function/ObjIntConsumer done
Event: 2129.190 Loading class java/util/IdentityHashMap$KeySpliterator
Event: 2129.190 Loading class java/util/IdentityHashMap$KeySpliterator done

Classes unloaded (20 events):
Event: 2123.559 Thread 0x00007f21c42d66c0 Unloading class 0x00007f214dee6c00 'java/lang/invoke/LambdaForm$DMH+0x00007f214dee6c00'
Event: 2123.559 Thread 0x00007f21c42d66c0 Unloading class 0x00007f214dee6800 'java/lang/invoke/LambdaForm$DMH+0x00007f214dee6800'
Event: 2123.559 Thread 0x00007f21c42d66c0 Unloading class 0x00007f214dee6400 'java/lang/invoke/LambdaForm$DMH+0x00007f214dee6400'
Event: 2123.559 Thread 0x00007f21c42d66c0 Unloading class 0x00007f214dee5c00 'java/lang/invoke/LambdaForm$DMH+0x00007f214dee5c00'
Event: 2123.559 Thread 0x00007f21c42d66c0 Unloading class 0x00007f214dee5800 'java/lang/invoke/LambdaForm$DMH+0x00007f214dee5800'
Event: 2123.559 Thread 0x00007f21c42d66c0 Unloading class 0x00007f214dee5400 'java/lang/invoke/LambdaForm$DMH+0x00007f214dee5400'
Event: 2123.559 Thread 0x00007f21c42d66c0 Unloading class 0x00007f214dee4c00 'java/lang/invoke/LambdaForm$DMH+0x00007f214dee4c00'
Event: 2123.559 Thread 0x00007f21c42d66c0 Unloading class 0x00007f214dee5000 'java/lang/invoke/LambdaForm$DMH+0x00007f214dee5000'
Event: 2123.559 Thread 0x00007f21c42d66c0 Unloading class 0x00007f214dee4800 'java/lang/invoke/LambdaForm$DMH+0x00007f214dee4800'
Event: 2123.559 Thread 0x00007f21c42d66c0 Unloading class 0x00007f214dee4400 'java/lang/invoke/LambdaForm$DMH+0x00007f214dee4400'
Event: 2128.270 Thread 0x00007f21c42d66c0 Unloading class 0x00007f214dfa0400 'java/lang/invoke/LambdaForm$DMH+0x00007f214dfa0400'
Event: 2128.270 Thread 0x00007f21c42d66c0 Unloading class 0x00007f214dfa0000 'java/lang/invoke/LambdaForm$DMH+0x00007f214dfa0000'
Event: 2129.656 Thread 0x00007f21c42d66c0 Unloading class 0x00007f214dfe0400 'java/lang/invoke/LambdaForm$DMH+0x00007f214dfe0400'
Event: 2130.455 Thread 0x00007f21c42d66c0 Unloading class 0x00007f214e09cc00 'java/lang/invoke/LambdaForm$DMH+0x00007f214e09cc00'
Event: 2130.455 Thread 0x00007f21c42d66c0 Unloading class 0x00007f214e09c800 'java/lang/invoke/LambdaForm$DMH+0x00007f214e09c800'
Event: 2130.455 Thread 0x00007f21c42d66c0 Unloading class 0x00007f214e094800 'java/lang/invoke/LambdaForm$DMH+0x00007f214e094800'
Event: 2130.455 Thread 0x00007f21c42d66c0 Unloading class 0x00007f214e094400 'java/lang/invoke/LambdaForm$DMH+0x00007f214e094400'
Event: 2130.455 Thread 0x00007f21c42d66c0 Unloading class 0x00007f214e084800 'java/lang/invoke/LambdaForm$DMH+0x00007f214e084800'
Event: 2130.455 Thread 0x00007f21c42d66c0 Unloading class 0x00007f214e084400 'java/lang/invoke/LambdaForm$DMH+0x00007f214e084400'
Event: 2130.455 Thread 0x00007f21c42d66c0 Unloading class 0x00007f214e018000 'java/lang/invoke/LambdaForm$DMH+0x00007f214e018000'

Classes redefined (0 events):
No events

Internal exceptions (20 events):
Event: 2133.002 Thread 0x00007f1f44134110 Implicit null exception at 0x00007f21b4c26a7b to 0x00007f21b4c26e5c
Event: 2133.220 Thread 0x00007f1f64213fa0 Exception <a 'java/lang/NoSuchMethodError'{0x00000000befec1f8}: 'java.lang.Object java.lang.invoke.DirectMethodHandle$Holder.newInvokeSpecial(java.lang.Object, java.lang.Object, java.lang.Object, java.lang.Object, java.lang.Object, java.lang.Object, java.lang.Object, int, java.lang.Object, java.lang.Object)'> (0x00000000befec1f8) 
thrown [/usr/src/debug/java21-openjdk/jdk21u-jdk-21.0.11-10/src/hotspot/share/interpreter/linkResolver.cpp, line 772]
Event: 2133.220 Thread 0x00007f1f64213fa0 Exception <a 'java/lang/NoSuchMethodError'{0x00000000beff0850}: 'java.lang.Object java.lang.invoke.DirectMethodHandle$Holder.invokeSpecial(java.lang.Object, java.lang.Object, java.lang.Object, java.lang.Object, java.lang.Object, java.lang.Object, java.lang.Object, java.lang.Object, int, java.lang.Object, java.lang.Object)'> (0x00000000beff0850) 
thrown [/usr/src/debug/java21-openjdk/jdk21u-jdk-21.0.11-10/src/hotspot/share/interpreter/linkResolver.cpp, line 772]
Event: 2133.279 Thread 0x00007f1f44133730 Implicit null exception at 0x00007f21b468a23d to 0x00007f21b468a594
Event: 2133.279 Thread 0x00007f1f44133730 Implicit null exception at 0x00007f21b438fb3e to 0x00007f21b4390478
Event: 2133.279 Thread 0x00007f1fa81a04d0 Implicit null exception at 0x00007f21b4d4585a to 0x00007f21b4d459b8
Event: 2133.338 Thread 0x00007f1f64213fa0 Implicit null exception at 0x00007f21b48ebda5 to 0x00007f21b48ed0b4
Event: 2133.338 Thread 0x00007f1f64213fa0 Exception <a 'java/lang/NoSuchMethodError'{0x00000000b8fb3178}: 'java.lang.Object java.lang.invoke.DirectMethodHandle$Holder.invokeStaticInit(java.lang.Object, java.lang.Object, java.lang.Object, java.lang.Object, java.lang.Object)'> (0x00000000b8fb3178) 
thrown [/usr/src/debug/java21-openjdk/jdk21u-jdk-21.0.11-10/src/hotspot/share/interpreter/linkResolver.cpp, line 772]
Event: 2133.413 Thread 0x00007f1f44133730 Exception <a 'java/lang/NoSuchMethodError'{0x00000000b5db6ff0}: 'java.lang.Object java.lang.invoke.DirectMethodHandle$Holder.invokeVirtual(java.lang.Object, java.lang.Object, int, java.lang.Object)'> (0x00000000b5db6ff0) 
thrown [/usr/src/debug/java21-openjdk/jdk21u-jdk-21.0.11-10/src/hotspot/share/interpreter/linkResolver.cpp, line 772]
Event: 2133.413 Thread 0x00007f1fa04888e0 Exception <a 'java/lang/NoSuchMethodError'{0x00000000b5eb7620}: 'java.lang.Object java.lang.invoke.DirectMethodHandle$Holder.invokeVirtual(java.lang.Object, java.lang.Object, int, java.lang.Object)'> (0x00000000b5eb7620) 
thrown [/usr/src/debug/java21-openjdk/jdk21u-jdk-21.0.11-10/src/hotspot/share/interpreter/linkResolver.cpp, line 772]
Event: 2133.674 Thread 0x00007f1f44133730 Exception <a 'java/lang/IncompatibleClassChangeError'{0x00000000fc6db1a0}: Found class java.lang.Object, but interface was expected> (0x00000000fc6db1a0) 
thrown [/usr/src/debug/java21-openjdk/jdk21u-jdk-21.0.11-10/src/hotspot/share/interpreter/linkResolver.cpp, line 840]
Event: 2133.674 Thread 0x00007f1fe80e5230 Exception <a 'java/lang/IncompatibleClassChangeError'{0x00000000fc62dae0}: Found class java.lang.Object, but interface was expected> (0x00000000fc62dae0) 
thrown [/usr/src/debug/java21-openjdk/jdk21u-jdk-21.0.11-10/src/hotspot/share/interpreter/linkResolver.cpp, line 840]
Event: 2133.708 Thread 0x00007f1f44133730 Implicit null exception at 0x00007f21b540485b to 0x00007f21b540bea8
Event: 2135.562 Thread 0x00007f1f44134e00 Exception <a 'java/lang/NoSuchMethodError'{0x00000000b3d3e300}: 'void java.lang.invoke.DirectMethodHandle$Holder.invokeSpecial(java.lang.Object, java.lang.Object, java.lang.Object, java.lang.Object, java.lang.Object, java.lang.Object, java.lang.Object, java.lang.Object, java.lang.Object)'> (0x00000000b3d3e300) 
thrown [/usr/src/debug/java21-openjdk/jdk21u-jdk-21.0.11-10/src/hotspot/share/interpreter/linkResolver.cpp, line 772]
Event: 2135.562 Thread 0x00007f1fe80e5230 Exception <a 'java/lang/NoSuchMethodError'{0x00000000b3da5110}: 'void java.lang.invoke.DirectMethodHandle$Holder.invokeSpecial(java.lang.Object, java.lang.Object, java.lang.Object, java.lang.Object, java.lang.Object, java.lang.Object, java.lang.Object, java.lang.Object, java.lang.Object)'> (0x00000000b3da5110) 
thrown [/usr/src/debug/java21-openjdk/jdk21u-jdk-21.0.11-10/src/hotspot/share/interpreter/linkResolver.cpp, line 772]
Event: 2135.562 Thread 0x00007f1f44133730 Exception <a 'java/lang/NoSuchMethodError'{0x00000000b3c26a80}: 'void java.lang.invoke.DirectMethodHandle$Holder.invokeSpecial(java.lang.Object, java.lang.Object, java.lang.Object, java.lang.Object, java.lang.Object, java.lang.Object, java.lang.Object, java.lang.Object, java.lang.Object)'> (0x00000000b3c26a80) 
thrown [/usr/src/debug/java21-openjdk/jdk21u-jdk-21.0.11-10/src/hotspot/share/interpreter/linkResolver.cpp, line 772]
Event: 2135.563 Thread 0x00007f1fa81a04d0 Exception <a 'java/lang/NoSuchMethodError'{0x00000000b3a861e8}: 'void java.lang.invoke.DirectMethodHandle$Holder.invokeSpecial(java.lang.Object, java.lang.Object, java.lang.Object, java.lang.Object, java.lang.Object, java.lang.Object, java.lang.Object, java.lang.Object, java.lang.Object)'> (0x00000000b3a861e8) 
thrown [/usr/src/debug/java21-openjdk/jdk21u-jdk-21.0.11-10/src/hotspot/share/interpreter/linkResolver.cpp, line 772]
Event: 2135.563 Thread 0x00007f1f940049e0 Exception <a 'java/lang/NoSuchMethodError'{0x00000000b3b50c60}: 'void java.lang.invoke.DirectMethodHandle$Holder.invokeSpecial(java.lang.Object, java.lang.Object, java.lang.Object, java.lang.Object, java.lang.Object, java.lang.Object, java.lang.Object, java.lang.Object, java.lang.Object)'> (0x00000000b3b50c60) 
thrown [/usr/src/debug/java21-openjdk/jdk21u-jdk-21.0.11-10/src/hotspot/share/interpreter/linkResolver.cpp, line 772]
Event: 2135.563 Thread 0x00007f1fa04888e0 Exception <a 'java/lang/NoSuchMethodError'{0x00000000b3a35858}: 'void java.lang.invoke.DirectMethodHandle$Holder.invokeSpecial(java.lang.Object, java.lang.Object, java.lang.Object, java.lang.Object, java.lang.Object, java.lang.Object, java.lang.Object, java.lang.Object, java.lang.Object)'> (0x00000000b3a35858) 
thrown [/usr/src/debug/java21-openjdk/jdk21u-jdk-21.0.11-10/src/hotspot/share/interpreter/linkResolver.cpp, line 772]
Event: 2135.563 Thread 0x00007f1f44134110 Exception <a 'java/lang/NoSuchMethodError'{0x00000000b398c580}: 'void java.lang.invoke.DirectMethodHandle$Holder.invokeSpecial(java.lang.Object, java.lang.Object, java.lang.Object, java.lang.Object, java.lang.Object, java.lang.Object, java.lang.Object, java.lang.Object, java.lang.Object)'> (0x00000000b398c580) 
thrown [/usr/src/debug/java21-openjdk/jdk21u-jdk-21.0.11-10/src/hotspot/share/interpreter/linkResolver.cpp, line 772]

ZGC Phase Switch (0 events):
No events

VM Operations (20 events):
Event: 2135.070 Executing safepoint VM operation: G1CollectForAllocation (G1 Evacuation Pause)
Event: 2135.079 Executing safepoint VM operation: G1CollectForAllocation (G1 Evacuation Pause) done
Event: 2135.503 Executing non-safepoint VM operation: HandshakeAllThreads (Deoptimize)
Event: 2135.504 Executing non-safepoint VM operation: HandshakeAllThreads (Deoptimize) done
Event: 2135.560 Executing non-safepoint VM operation: HandshakeAllThreads (Deoptimize)
Event: 2135.561 Executing non-safepoint VM operation: HandshakeAllThreads (Deoptimize) done
Event: 2135.675 Executing safepoint VM operation: ICBufferFull
Event: 2135.675 Executing safepoint VM operation: ICBufferFull done
Event: 2135.744 Executing safepoint VM operation: G1CollectForAllocation (G1 Evacuation Pause)
Event: 2135.755 Executing safepoint VM operation: G1CollectForAllocation (G1 Evacuation Pause) done
Event: 2135.778 Executing safepoint VM operation: ICBufferFull
Event: 2135.778 Executing safepoint VM operation: ICBufferFull done
Event: 2135.831 Executing safepoint VM operation: ICBufferFull
Event: 2135.831 Executing safepoint VM operation: ICBufferFull done
Event: 2135.980 Executing safepoint VM operation: G1TryInitiateConcMark (G1 Humongous Allocation)
Event: 2135.988 Executing safepoint VM operation: G1TryInitiateConcMark (G1 Humongous Allocation) done
Event: 2136.031 Executing safepoint VM operation: G1PauseRemark
Event: 2136.036 Executing safepoint VM operation: G1PauseRemark done
Event: 2136.081 Executing safepoint VM operation: G1PauseCleanup
Event: 2136.081 Executing safepoint VM operation: G1PauseCleanup done

Memory protections (20 events):
Event: 2131.268 Protecting memory [0x00007f1d49153000,0x00007f1d49157000] with protection modes 0
Event: 2132.395 Protecting memory [0x00007f1d4985a000,0x00007f1d4985e000] with protection modes 0
Event: 2132.399 Protecting memory [0x00007f1d49759000,0x00007f1d4975d000] with protection modes 0
Event: 2132.399 Protecting memory [0x00007f1d49658000,0x00007f1d4965c000] with protection modes 0
Event: 2132.399 Protecting memory [0x00007f1d49557000,0x00007f1d4955b000] with protection modes 0
Event: 2132.480 Protecting memory [0x00007f1d49456000,0x00007f1d4945a000] with protection modes 0
Event: 2132.480 Protecting memory [0x00007f1d49052000,0x00007f1d49056000] with protection modes 0
Event: 2132.480 Protecting memory [0x00007f1d49355000,0x00007f1d49359000] with protection modes 0
Event: 2132.481 Protecting memory [0x00007f1d49153000,0x00007f1d49157000] with protection modes 0
Event: 2132.606 Protecting memory [0x00007f1d49254000,0x00007f1d49258000] with protection modes 0
Event: 2135.505 Protecting memory [0x00007f1fefcfe000,0x00007f1fefd02000] with protection modes 0
Event: 2135.509 Protecting memory [0x00007f1d4985a000,0x00007f1d4985e000] with protection modes 0
Event: 2135.517 Protecting memory [0x00007f1d49759000,0x00007f1d4975d000] with protection modes 0
Event: 2135.518 Protecting memory [0x00007f1d49658000,0x00007f1d4965c000] with protection modes 0
Event: 2135.553 Protecting memory [0x00007f1d49557000,0x00007f1d4955b000] with protection modes 0
Event: 2135.554 Protecting memory [0x00007f1d49456000,0x00007f1d4945a000] with protection modes 0
Event: 2135.555 Protecting memory [0x00007f1d49052000,0x00007f1d49056000] with protection modes 0
Event: 2135.555 Protecting memory [0x00007f1d49355000,0x00007f1d49359000] with protection modes 0
Event: 2135.759 Protecting memory [0x00007f1d49254000,0x00007f1d49258000] with protection modes 0
Event: 2135.768 Protecting memory [0x00007f1d49153000,0x00007f1d49157000] with protection modes 0

Nmethod flushes (20 events):
Event: 2136.034 Thread 0x00007f21c42d66c0 flushing  nmethod 0x00007f21af203b10
Event: 2136.034 Thread 0x00007f21c42d66c0 flushing  nmethod 0x00007f21af204710
Event: 2136.034 Thread 0x00007f21c42d66c0 flushing  nmethod 0x00007f21af204d90
Event: 2136.034 Thread 0x00007f21c42d66c0 flushing  nmethod 0x00007f21af205210
Event: 2136.034 Thread 0x00007f21c42d66c0 flushing  nmethod 0x00007f21af205710
Event: 2136.034 Thread 0x00007f21c42d66c0 flushing  nmethod 0x00007f21af205c10
Event: 2136.034 Thread 0x00007f21c42d66c0 flushing  nmethod 0x00007f21b020b910
Event: 2136.034 Thread 0x00007f21c42d66c0 flushing  nmethod 0x00007f21b020c490
Event: 2136.034 Thread 0x00007f21c42d66c0 flushing  nmethod 0x00007f21b020e190
Event: 2136.034 Thread 0x00007f21c42d66c0 flushing  nmethod 0x00007f21b020f710
Event: 2136.034 Thread 0x00007f21c42d66c0 flushing  nmethod 0x00007f21b110b990
Event: 2136.034 Thread 0x00007f21c42d66c0 flushing  nmethod 0x00007f21b12d9210
Event: 2136.034 Thread 0x00007f21c42d66c0 flushing  nmethod 0x00007f21b12d9a90
Event: 2136.034 Thread 0x00007f21c42d66c0 flushing  nmethod 0x00007f21b12daa90
Event: 2136.034 Thread 0x00007f21c42d66c0 flushing  nmethod 0x00007f21b12db490
Event: 2136.034 Thread 0x00007f21c42d66c0 flushing  nmethod 0x00007f21b12db990
Event: 2136.034 Thread 0x00007f21c42d66c0 flushing  nmethod 0x00007f21b12dbd90
Event: 2136.034 Thread 0x00007f21c42d66c0 flushing  nmethod 0x00007f21b12dc710
Event: 2136.034 Thread 0x00007f21c42d66c0 flushing  nmethod 0x00007f21b1367910
Event: 2136.034 Thread 0x00007f21c42d66c0 flushing  nmethod 0x00007f21b1367e90

Events (20 events):
Event: 2135.068 Thread 0x00007f203c1daa90 Thread exited: 0x00007f203c1daa90
Event: 2135.393 Thread 0x00007f203c0701a0 Thread exited: 0x00007f203c0701a0
Event: 2135.393 Thread 0x00007f1fd802ad70 Thread exited: 0x00007f1fd802ad70
Event: 2135.433 Thread 0x00007f203c1bf9e0 Thread exited: 0x00007f203c1bf9e0
Event: 2135.433 Thread 0x00007f203c11ed80 Thread exited: 0x00007f203c11ed80
Event: 2135.433 Thread 0x00007f20200d8a80 Thread exited: 0x00007f20200d8a80
Event: 2135.463 Thread 0x00007f202016ec90 Thread exited: 0x00007f202016ec90
Event: 2135.464 Thread 0x00007f2020124250 Thread exited: 0x00007f2020124250
Event: 2135.480 Thread 0x00007f20200a42b0 Thread exited: 0x00007f20200a42b0
Event: 2135.480 Thread 0x00007f20201527c0 Thread exited: 0x00007f20201527c0
Event: 2135.504 Thread 0x00007f21c42e6dc0 Thread added: 0x00007f212c212360
Event: 2135.509 Thread 0x00007f1e8017f990 Thread added: 0x00007f203c1bf9e0
Event: 2135.517 Thread 0x00007f21c42e6dc0 Thread added: 0x00007f212c61a670
Event: 2135.517 Thread 0x00007f21c42e6dc0 Thread added: 0x00007f212d424db0
Event: 2135.553 Thread 0x00007f203c014d00 Thread added: 0x00007f20200a42b0
Event: 2135.553 Thread 0x00007f1e8017f990 Thread added: 0x00007f203c0701a0
Event: 2135.555 Thread 0x00007f203c014d00 Thread added: 0x00007f202016ec90
Event: 2135.555 Thread 0x00007f203c014d00 Thread added: 0x00007f2020124250
Event: 2135.759 Thread 0x00007f212c61a670 Thread added: 0x00007f2060004dc0
Event: 2135.768 Thread 0x00007f21c42e8490 Thread added: 0x00007f21204d79d0


Dynamic libraries:
80000000-d5000000 rw-p 00000000 00:00 0 
d5000000-f5700000 ---p 00000000 00:00 0 
f5700000-ffe00000 rw-p 00000000 00:00 0 
ffe00000-fff0d000 rw-p 00cda000 00:21 8307922                            /usr/lib/jvm/java-21-openjdk/lib/server/classes.jsa
fff0d000-100000000 rw-p 00000000 00:00 0 
55c2369d5000-55c2369d6000 r--p 00000000 00:21 8307647                    /usr/lib/jvm/java-21-openjdk/bin/java
55c2369d6000-55c2369d7000 r-xp 00001000 00:21 8307647                    /usr/lib/jvm/java-21-openjdk/bin/java
55c2369d7000-55c2369d8000 r--p 00002000 00:21 8307647                    /usr/lib/jvm/java-21-openjdk/bin/java
55c2369d8000-55c2369d9000 r--p 00002000 00:21 8307647                    /usr/lib/jvm/java-21-openjdk/bin/java
55c2369d9000-55c2369da000 rw-p 00003000 00:21 8307647                    /usr/lib/jvm/java-21-openjdk/bin/java
55c25f32d000-55c25f375000 rw-p 00000000 00:00 0                          [heap]
7f1d3f000000-7f1d3f040000 rw-p 00000000 00:00 0 
7f1d3f040000-7f1d3f060000 rw-p 00000000 00:00 0 
7f1d3f060000-7f1d3fd00000 rw-p 00000000 00:00 0 
7f1d3fd00000-7f1d3fe00000 rw-p 00000000 00:00 0 
7f1d3fe00000-7f1d419c0000 rw-p 00000000 00:00 0 
7f1d419c0000-7f1d43000000 ---p 00000000 00:00 0 
7f1d43000000-7f1d436c0000 rw-p 00000000 00:00 0 
7f1d436c0000-7f1d44f00000 rw-p 00000000 00:00 0 
7f1d44f00000-7f1d45000000 rw-p 00000000 00:00 0 
7f1d45000000-7f1d46fc0000 rw-p 00000000 00:00 0 
7f1d46fc0000-7f1d46fe0000 rw-p 00000000 00:00 0 
7f1d46fe0000-7f1d47000000 rw-p 00000000 00:00 0 
7f1d49051000-7f1d49052000 rw-p 00000000 00:00 0 
7f1d49052000-7f1d49056000 ---p 00000000 00:00 0 
7f1d49056000-7f1d49153000 rw-p 00000000 00:00 0 
7f1d49153000-7f1d49157000 ---p 00000000 00:00 0 
7f1d49157000-7f1d49254000 rw-p 00000000 00:00 0 
7f1d49254000-7f1d49258000 ---p 00000000 00:00 0 
7f1d49258000-7f1d49355000 rw-p 00000000 00:00 0 
7f1d49355000-7f1d49359000 ---p 00000000 00:00 0 
7f1d49359000-7f1d49456000 rw-p 00000000 00:00 0 
7f1d49456000-7f1d4945a000 ---p 00000000 00:00 0 
7f1d4945a000-7f1d49557000 rw-p 00000000 00:00 0 
7f1d49557000-7f1d4955b000 ---p 00000000 00:00 0 
7f1d4955b000-7f1d49658000 rw-p 00000000 00:00 0 
7f1d49658000-7f1d4965c000 ---p 00000000 00:00 0 
7f1d4965c000-7f1d49759000 rw-p 00000000 00:00 0 
7f1d49759000-7f1d4975d000 ---p 00000000 00:00 0 
7f1d4975d000-7f1d4985a000 rw-p 00000000 00:00 0 
7f1d4985a000-7f1d4985e000 ---p 00000000 00:00 0 
7f1d4985e000-7f1d4995b000 rw-p 00000000 00:00 0 
7f1d4995b000-7f1d4995f000 ---p 00000000 00:00 0 
7f1d4995f000-7f1d49a5c000 rw-p 00000000 00:00 0 
7f1d49a5c000-7f1d49a60000 ---p 00000000 00:00 0 
7f1d49a60000-7f1d49b5d000 rw-p 00000000 00:00 0 
7f1d49b5d000-7f1d49b61000 ---p 00000000 00:00 0 
7f1d49b61000-7f1d49c5e000 rw-p 00000000 00:00 0 
7f1d49c5e000-7f1d49c62000 ---p 00000000 00:00 0 
7f1d49c62000-7f1d49d5f000 rw-p 00000000 00:00 0 
7f1d49d5f000-7f1d49d63000 ---p 00000000 00:00 0 
7f1d49d63000-7f1d49e60000 rw-p 00000000 00:00 0 
7f1d49e60000-7f1d49e64000 ---p 00000000 00:00 0 
7f1d49e64000-7f1d49f61000 rw-p 00000000 00:00 0 
7f1d49f61000-7f1d49f65000 ---p 00000000 00:00 0 
7f1d49f65000-7f1d4a062000 rw-p 00000000 00:00 0 
7f1d4a062000-7f1d4a066000 ---p 00000000 00:00 0 
7f1d4a066000-7f1d4a163000 rw-p 00000000 00:00 0 
7f1d4a163000-7f1d4a167000 ---p 00000000 00:00 0 
7f1d4a167000-7f1d4a264000 rw-p 00000000 00:00 0 
7f1d4a264000-7f1d4a268000 ---p 00000000 00:00 0 
7f1d4a268000-7f1d4a365000 rw-p 00000000 00:00 0 
7f1d4a365000-7f1d4a369000 ---p 00000000 00:00 0 
7f1d4a369000-7f1d4a466000 rw-p 00000000 00:00 0 
7f1d4a466000-7f1d4a46a000 ---p 00000000 00:00 0 
7f1d4a46a000-7f1d4a567000 rw-p 00000000 00:00 0 
7f1d4a567000-7f1d4a56b000 ---p 00000000 00:00 0 
7f1d4a56b000-7f1d4a668000 rw-p 00000000 00:00 0 
7f1d4a668000-7f1d4a66c000 ---p 00000000 00:00 0 
7f1d4a66c000-7f1d4a769000 rw-p 00000000 00:00 0 
7f1d4a769000-7f1d4a76d000 ---p 00000000 00:00 0 
7f1d4a76d000-7f1d4a86a000 rw-p 00000000 00:00 0 
7f1d4a86a000-7f1d4a86e000 ---p 00000000 00:00 0 
7f1d4a86e000-7f1d4a96b000 rw-p 00000000 00:00 0 
7f1d4a96b000-7f1d4a96f000 ---p 00000000 00:00 0 
7f1d4a96f000-7f1d4aa6c000 rw-p 00000000 00:00 0 
7f1d4aa6c000-7f1d4aa70000 ---p 00000000 00:00 0 
7f1d4aa70000-7f1d4ab6d000 rw-p 00000000 00:00 0 
7f1d4ab6d000-7f1d4ab71000 ---p 00000000 00:00 0 
7f1d4ab71000-7f1d4ac6e000 rw-p 00000000 00:00 0 
7f1d4ac6e000-7f1d4ac72000 ---p 00000000 00:00 0 
7f1d4ac72000-7f1d4ad6f000 rw-p 00000000 00:00 0 
7f1d4ad6f000-7f1d4ad73000 ---p 00000000 00:00 0 
7f1d4ad73000-7f1d4ae70000 rw-p 00000000 00:00 0 
7f1d4ae70000-7f1d4ae74000 ---p 00000000 00:00 0 
7f1d4ae74000-7f1d4af71000 rw-p 00000000 00:00 0 
7f1d4af71000-7f1d4af75000 ---p 00000000 00:00 0 
7f1d4af75000-7f1d4b072000 rw-p 00000000 00:00 0 
7f1d4b072000-7f1d4b076000 ---p 00000000 00:00 0 
7f1d4b076000-7f1d4b173000 rw-p 00000000 00:00 0 
7f1d4b173000-7f1d4b177000 ---p 00000000 00:00 0 
7f1d4b177000-7f1d4b274000 rw-p 00000000 00:00 0 
7f1d4b274000-7f1d4b278000 ---p 00000000 00:00 0 
7f1d4b278000-7f1d4b375000 rw-p 00000000 00:00 0 
7f1d4b375000-7f1d4b379000 ---p 00000000 00:00 0 
7f1d4b379000-7f1d4b476000 rw-p 00000000 00:00 0 
7f1d4b476000-7f1d4b47a000 ---p 00000000 00:00 0 
7f1d4b47a000-7f1d4b577000 rw-p 00000000 00:00 0 
7f1d4b577000-7f1d4b57b000 ---p 00000000 00:00 0 
7f1d4b57b000-7f1d4b678000 rw-p 00000000 00:00 0 
7f1d4b678000-7f1d4b67c000 ---p 00000000 00:00 0 
7f1d4b67c000-7f1d4b779000 rw-p 00000000 00:00 0 
7f1d4b779000-7f1d4b77d000 ---p 00000000 00:00 0 
7f1d4b77d000-7f1d4b87a000 rw-p 00000000 00:00 0 
7f1d4b87a000-7f1d4b87e000 ---p 00000000 00:00 0 
7f1d4b87e000-7f1d4b97b000 rw-p 00000000 00:00 0 
7f1d4b97b000-7f1d4b97f000 ---p 00000000 00:00 0 
7f1d4b97f000-7f1d4ba7c000 rw-p 00000000 00:00 0 
7f1d4ba7c000-7f1d4ba80000 ---p 00000000 00:00 0 
7f1d4ba80000-7f1d4bb7d000 rw-p 00000000 00:00 0 
7f1d4bb7d000-7f1d4bb81000 ---p 00000000 00:00 0 
7f1d4bb81000-7f1d4bc7e000 rw-p 00000000 00:00 0 
7f1d4bc7e000-7f1d4bc82000 ---p 00000000 00:00 0 
7f1d4bc82000-7f1d4bd7f000 rw-p 00000000 00:00 0 
7f1d4bd7f000-7f1d4bd83000 ---p 00000000 00:00 0 
7f1d4bd83000-7f1d4be80000 rw-p 00000000 00:00 0 
7f1d4be80000-7f1d4be84000 ---p 00000000 00:00 0 
7f1d4be84000-7f1d4bf81000 rw-p 00000000 00:00 0 
7f1d4bf81000-7f1d4bf85000 ---p 00000000 00:00 0 
7f1d4bf85000-7f1d4c082000 rw-p 00000000 00:00 0 
7f1d4c082000-7f1d4c086000 ---p 00000000 00:00 0 
7f1d4c086000-7f1d4c183000 rw-p 00000000 00:00 0 
7f1d4c183000-7f1d4c187000 ---p 00000000 00:00 0 
7f1d4c187000-7f1d4c284000 rw-p 00000000 00:00 0 
7f1d4c284000-7f1d4c288000 ---p 00000000 00:00 0 
7f1d4c288000-7f1d4c385000 rw-p 00000000 00:00 0 
7f1d4c385000-7f1d4c389000 ---p 00000000 00:00 0 
7f1d4c389000-7f1d4c486000 rw-p 00000000 00:00 0 
7f1d4c486000-7f1d4c48a000 ---p 00000000 00:00 0 
7f1d4c48a000-7f1d4c587000 rw-p 00000000 00:00 0 
7f1d4c587000-7f1d4c58b000 ---p 00000000 00:00 0 
7f1d4c58b000-7f1d4c688000 rw-p 00000000 00:00 0 
7f1d4c688000-7f1d4c68c000 ---p 00000000 00:00 0 
7f1d4c68c000-7f1d4c789000 rw-p 00000000 00:00 0 
7f1d4c789000-7f1d4c78d000 ---p 00000000 00:00 0 
7f1d4c78d000-7f1d4c88a000 rw-p 00000000 00:00 0 
7f1d4c88a000-7f1d4c88e000 ---p 00000000 00:00 0 
7f1d4c88e000-7f1d4c98b000 rw-p 00000000 00:00 0 
7f1d4c98b000-7f1d4c98f000 ---p 00000000 00:00 0 
7f1d4c98f000-7f1d4ca8c000 rw-p 00000000 00:00 0 
7f1d4ca8c000-7f1d4ca90000 ---p 00000000 00:00 0 
7f1d4ca90000-7f1d4cb8d000 rw-p 00000000 00:00 0 
7f1d4cb8d000-7f1d4cb91000 ---p 00000000 00:00 0 
7f1d4cb91000-7f1d4cc8e000 rw-p 00000000 00:00 0 
7f1d4cc8e000-7f1d4cc92000 ---p 00000000 00:00 0 
7f1d4cc92000-7f1d4cd8f000 rw-p 00000000 00:00 0 
7f1d4cd8f000-7f1d4cd93000 ---p 00000000 00:00 0 
7f1d4cd93000-7f1d4ce90000 rw-p 00000000 00:00 0 
7f1d4ce90000-7f1d4ce94000 ---p 00000000 00:00 0 
7f1d4ce94000-7f1d4cf91000 rw-p 00000000 00:00 0 
7f1d4cf91000-7f1d4cf95000 ---p 00000000 00:00 0 
7f1d4cf95000-7f1d4d092000 rw-p 00000000 00:00 0 
7f1d4d092000-7f1d4d096000 ---p 00000000 00:00 0 
7f1d4d096000-7f1d4d193000 rw-p 00000000 00:00 0 
7f1d4d193000-7f1d4d197000 ---p 00000000 00:00 0 
7f1d4d197000-7f1d4d294000 rw-p 00000000 00:00 0 
7f1d4d294000-7f1d4d298000 ---p 00000000 00:00 0 
7f1d4d298000-7f1d4d395000 rw-p 00000000 00:00 0 
7f1d4d395000-7f1d4d399000 ---p 00000000 00:00 0 
7f1d4d399000-7f1d4d496000 rw-p 00000000 00:00 0 
7f1d4d496000-7f1d4d49a000 ---p 00000000 00:00 0 
7f1d4d49a000-7f1d4d597000 rw-p 00000000 00:00 0 
7f1d4d597000-7f1d4d59b000 ---p 00000000 00:00 0 
7f1d4d59b000-7f1d4d698000 rw-p 00000000 00:00 0 
7f1d4d698000-7f1d4d69c000 ---p 00000000 00:00 0 
7f1d4d69c000-7f1d4d799000 rw-p 00000000 00:00 0 
7f1d4d799000-7f1d4d79d000 ---p 00000000 00:00 0 
7f1d4d79d000-7f1d4d89a000 rw-p 00000000 00:00 0 
7f1d4d89a000-7f1d4d89e000 ---p 00000000 00:00 0 
7f1d4d89e000-7f1d4d99b000 rw-p 00000000 00:00 0 
7f1d4d99b000-7f1d4d99f000 ---p 00000000 00:00 0 
7f1d4d99f000-7f1d4da9c000 rw-p 00000000 00:00 0 
7f1d4da9c000-7f1d4daa0000 ---p 00000000 00:00 0 
7f1d4daa0000-7f1d4db9d000 rw-p 00000000 00:00 0 
7f1d4db9d000-7f1d4dba1000 ---p 00000000 00:00 0 
7f1d4dba1000-7f1d4dc9e000 rw-p 00000000 00:00 0 
7f1d4dc9e000-7f1d4dca2000 ---p 00000000 00:00 0 
7f1d4dca2000-7f1d4dd9f000 rw-p 00000000 00:00 0 
7f1d4dd9f000-7f1d4dda3000 ---p 00000000 00:00 0 
7f1d4dda3000-7f1d4dea0000 rw-p 00000000 00:00 0 
7f1d4dea0000-7f1d4dea4000 ---p 00000000 00:00 0 
7f1d4dea4000-7f1d4dfa1000 rw-p 00000000 00:00 0 
7f1d4dfa1000-7f1d4dfa5000 ---p 00000000 00:00 0 
7f1d4dfa5000-7f1d4e0a2000 rw-p 00000000 00:00 0 
7f1d4e0a2000-7f1d4e0a6000 ---p 00000000 00:00 0 
7f1d4e0a6000-7f1d4e1a3000 rw-p 00000000 00:00 0 
7f1d4e1a3000-7f1d4e1a7000 ---p 00000000 00:00 0 
7f1d4e1a7000-7f1d4e2a4000 rw-p 00000000 00:00 0 
7f1d4e2a4000-7f1d4e2a8000 ---p 00000000 00:00 0 
7f1d4e2a8000-7f1d4e3a5000 rw-p 00000000 00:00 0 
7f1d4e3a5000-7f1d4e3a9000 ---p 00000000 00:00 0 
7f1d4e3a9000-7f1d4e4a6000 rw-p 00000000 00:00 0 
7f1d4e4a6000-7f1d4e4aa000 ---p 00000000 00:00 0 
7f1d4e4aa000-7f1d4e5a7000 rw-p 00000000 00:00 0 
7f1d4e5a7000-7f1d4e5ab000 ---p 00000000 00:00 0 
7f1d4e5ab000-7f1d4e6a8000 rw-p 00000000 00:00 0 
7f1d4e6a8000-7f1d4e6ac000 ---p 00000000 00:00 0 
7f1d4e6ac000-7f1d4e7a9000 rw-p 00000000 00:00 0 
7f1d4e7a9000-7f1d4e7ad000 ---p 00000000 00:00 0 
7f1d4e7ad000-7f1d4e8aa000 rw-p 00000000 00:00 0 
7f1d4e8aa000-7f1d4e8ae000 ---p 00000000 00:00 0 
7f1d4e8ae000-7f1d4e9ab000 rw-p 00000000 00:00 0 
7f1d4e9ab000-7f1d4e9af000 ---p 00000000 00:00 0 
7f1d4e9af000-7f1d4eaac000 rw-p 00000000 00:00 0 
7f1d4eaac000-7f1d4eab0000 ---p 00000000 00:00 0 
7f1d4eab0000-7f1d4ebad000 rw-p 00000000 00:00 0 
7f1d4ebad000-7f1d4ebb1000 ---p 00000000 00:00 0 
7f1d4ebb1000-7f1d4ecae000 rw-p 00000000 00:00 0 
7f1d4ecae000-7f1d4ecb2000 ---p 00000000 00:00 0 
7f1d4ecb2000-7f1d4edaf000 rw-p 00000000 00:00 0 
7f1d4edaf000-7f1d4edb3000 ---p 00000000 00:00 0 
7f1d4edb3000-7f1d4eeb0000 rw-p 00000000 00:00 0 
7f1d4eeb0000-7f1d4eeb4000 ---p 00000000 00:00 0 
7f1d4eeb4000-7f1d4efb1000 rw-p 00000000 00:00 0 
7f1d4efb1000-7f1d4efb5000 ---p 00000000 00:00 0 
7f1d4efb5000-7f1d4f0b2000 rw-p 00000000 00:00 0 
7f1d4f0b2000-7f1d4f0b6000 ---p 00000000 00:00 0 
7f1d4f0b6000-7f1d4f1b3000 rw-p 00000000 00:00 0 
7f1d4f1b3000-7f1d4f1b7000 ---p 00000000 00:00 0 
7f1d4f1b7000-7f1d4f2b4000 rw-p 00000000 00:00 0 
7f1d4f2b4000-7f1d4f2b8000 ---p 00000000 00:00 0 
7f1d4f2b8000-7f1d4f3b5000 rw-p 00000000 00:00 0 
7f1d4f3b5000-7f1d4f3b9000 ---p 00000000 00:00 0 
7f1d4f3b9000-7f1d4f4b6000 rw-p 00000000 00:00 0 
7f1d4f4b6000-7f1d4f4ba000 ---p 00000000 00:00 0 
7f1d4f4ba000-7f1d4f5b7000 rw-p 00000000 00:00 0 
7f1d4f5b7000-7f1d4f5bb000 ---p 00000000 00:00 0 
7f1d4f5bb000-7f1d4f6b8000 rw-p 00000000 00:00 0 
7f1d4f6b8000-7f1d4f6bc000 ---p 00000000 00:00 0 
7f1d4f6bc000-7f1d4f7b9000 rw-p 00000000 00:00 0 
7f1d4f7b9000-7f1d4f7bd000 ---p 00000000 00:00 0 
7f1d4f7bd000-7f1d4f8ba000 rw-p 00000000 00:00 0 
7f1d4f8ba000-7f1d4f8be000 ---p 00000000 00:00 0 
7f1d4f8be000-7f1d4f9bb000 rw-p 00000000 00:00 0 
7f1d4f9bb000-7f1d4f9bf000 ---p 00000000 00:00 0 
7f1d4f9bf000-7f1d4fabc000 rw-p 00000000 00:00 0 
7f1d4fabc000-7f1d4fac0000 ---p 00000000 00:00 0 
7f1d4fac0000-7f1d4fbbd000 rw-p 00000000 00:00 0 
7f1d4fbbd000-7f1d4fbc1000 ---p 00000000 00:00 0 
7f1d4fbc1000-7f1d4fcbe000 rw-p 00000000 00:00 0 
7f1d4fcbe000-7f1d4fcc2000 ---p 00000000 00:00 0 
7f1d4fcc2000-7f1d4fdbf000 rw-p 00000000 00:00 0 
7f1d4fdbf000-7f1d4fdc3000 ---p 00000000 00:00 0 
7f1d4fdc3000-7f1d4fec0000 rw-p 00000000 00:00 0 
7f1d4fec0000-7f1d4fec4000 ---p 00000000 00:00 0 
7f1d4fec4000-7f1d4ffc1000 rw-p 00000000 00:00 0 
7f1d4ffc1000-7f1d4ffc5000 ---p 00000000 00:00 0 
7f1d4ffc5000-7f1d500c2000 rw-p 00000000 00:00 0 
7f1d500c2000-7f1d500c6000 ---p 00000000 00:00 0 
7f1d500c6000-7f1d501c3000 rw-p 00000000 00:00 0 
7f1d501c3000-7f1d501c7000 ---p 00000000 00:00 0 
7f1d501c7000-7f1d502c4000 rw-p 00000000 00:00 0 
7f1d502c4000-7f1d502c8000 ---p 00000000 00:00 0 
7f1d502c8000-7f1d503c5000 rw-p 00000000 00:00 0 
7f1d503c5000-7f1d503c9000 ---p 00000000 00:00 0 
7f1d503c9000-7f1d504c6000 rw-p 00000000 00:00 0 
7f1d504c6000-7f1d504ca000 ---p 00000000 00:00 0 
7f1d504ca000-7f1d505c7000 rw-p 00000000 00:00 0 
7f1d505c7000-7f1d505cb000 ---p 00000000 00:00 0 
7f1d505cb000-7f1d506c8000 rw-p 00000000 00:00 0 
7f1d506c8000-7f1d506cc000 ---p 00000000 00:00 0 
7f1d506cc000-7f1d507c9000 rw-p 00000000 00:00 0 
7f1d507c9000-7f1d507cd000 ---p 00000000 00:00 0 
7f1d507cd000-7f1d508ca000 rw-p 00000000 00:00 0 
7f1d508ca000-7f1d508ce000 ---p 00000000 00:00 0 
7f1d508ce000-7f1d509cb000 rw-p 00000000 00:00 0 
7f1d509cb000-7f1d509cf000 ---p 00000000 00:00 0 
7f1d509cf000-7f1d50acc000 rw-p 00000000 00:00 0 
7f1d50acc000-7f1d50ad0000 ---p 00000000 00:00 0 
7f1d50ad0000-7f1d50bcd000 rw-p 00000000 00:00 0 
7f1d50bcd000-7f1d50bd1000 ---p 00000000 00:00 0 
7f1d50bd1000-7f1d50cce000 rw-p 00000000 00:00 0 
7f1d50cce000-7f1d50cd2000 ---p 00000000 00:00 0 
7f1d50cd2000-7f1d50dcf000 rw-p 00000000 00:00 0 
7f1d50dcf000-7f1d50dd3000 ---p 00000000 00:00 0 
7f1d50dd3000-7f1d50ed0000 rw-p 00000000 00:00 0 
7f1d50ed0000-7f1d50ed4000 ---p 00000000 00:00 0 
7f1d50ed4000-7f1d50fd1000 rw-p 00000000 00:00 0 
7f1d50fd1000-7f1d50fd5000 ---p 00000000 00:00 0 
7f1d50fd5000-7f1d510d2000 rw-p 00000000 00:00 0 
7f1d510d2000-7f1d510d6000 ---p 00000000 00:00 0 
7f1d510d6000-7f1d511d3000 rw-p 00000000 00:00 0 
7f1d511d3000-7f1d511d7000 ---p 00000000 00:00 0 
7f1d511d7000-7f1d512d4000 rw-p 00000000 00:00 0 
7f1d512d4000-7f1d512d8000 ---p 00000000 00:00 0 
7f1d512d8000-7f1d513d5000 rw-p 00000000 00:00 0 
7f1d513d5000-7f1d513d9000 ---p 00000000 00:00 0 
7f1d513d9000-7f1d514d6000 rw-p 00000000 00:00 0 
7f1d514d6000-7f1d514da000 ---p 00000000 00:00 0 
7f1d514da000-7f1d515d7000 rw-p 00000000 00:00 0 
7f1d515d7000-7f1d515db000 ---p 00000000 00:00 0 
7f1d515db000-7f1d516d8000 rw-p 00000000 00:00 0 
7f1d516d8000-7f1d516dc000 ---p 00000000 00:00 0 
7f1d516dc000-7f1d517d9000 rw-p 00000000 00:00 0 
7f1d517d9000-7f1d517dd000 ---p 00000000 00:00 0 
7f1d517dd000-7f1d518da000 rw-p 00000000 00:00 0 
7f1d518da000-7f1d518de000 ---p 00000000 00:00 0 
7f1d518de000-7f1d519db000 rw-p 00000000 00:00 0 
7f1d519db000-7f1d519df000 ---p 00000000 00:00 0 
7f1d519df000-7f1d51adc000 rw-p 00000000 00:00 0 
7f1d51adc000-7f1d51ae0000 ---p 00000000 00:00 0 
7f1d51ae0000-7f1d51bdd000 rw-p 00000000 00:00 0 
7f1d51bdd000-7f1d51be1000 ---p 00000000 00:00 0 
7f1d51be1000-7f1d51cde000 rw-p 00000000 00:00 0 
7f1d51cde000-7f1d51ce2000 ---p 00000000 00:00 0 
7f1d51ce2000-7f1d51ddf000 rw-p 00000000 00:00 0 
7f1d51ddf000-7f1d51de3000 ---p 00000000 00:00 0 
7f1d51de3000-7f1d51ee0000 rw-p 00000000 00:00 0 
7f1d51ee0000-7f1d51ee4000 ---p 00000000 00:00 0 
7f1d51ee4000-7f1d51fe1000 rw-p 00000000 00:00 0 
7f1d51fe1000-7f1d51fe5000 ---p 00000000 00:00 0 
7f1d51fe5000-7f1d520e2000 rw-p 00000000 00:00 0 
7f1d520e2000-7f1d520e6000 ---p 00000000 00:00 0 
7f1d520e6000-7f1d521e3000 rw-p 00000000 00:00 0 
7f1d521e3000-7f1d521e7000 ---p 00000000 00:00 0 
7f1d521e7000-7f1d522e4000 rw-p 00000000 00:00 0 
7f1d522e4000-7f1d522e8000 ---p 00000000 00:00 0 
7f1d522e8000-7f1d523e5000 rw-p 00000000 00:00 0 
7f1d523e5000-7f1d523e9000 ---p 00000000 00:00 0 
7f1d523e9000-7f1d524e6000 rw-p 00000000 00:00 0 
7f1d524e6000-7f1d524ea000 ---p 00000000 00:00 0 
7f1d524ea000-7f1d525e7000 rw-p 00000000 00:00 0 
7f1d525e7000-7f1d525eb000 ---p 00000000 00:00 0 
7f1d525eb000-7f1d526e8000 rw-p 00000000 00:00 0 
7f1d526e8000-7f1d526ec000 ---p 00000000 00:00 0 
7f1d526ec000-7f1d527e9000 rw-p 00000000 00:00 0 
7f1d527e9000-7f1d527ed000 ---p 00000000 00:00 0 
7f1d527ed000-7f1d528ea000 rw-p 00000000 00:00 0 
7f1d528ea000-7f1d528ee000 ---p 00000000 00:00 0 
7f1d528ee000-7f1d529eb000 rw-p 00000000 00:00 0 
7f1d529eb000-7f1d529ef000 ---p 00000000 00:00 0 
7f1d529ef000-7f1d52aec000 rw-p 00000000 00:00 0 
7f1d52aec000-7f1d52af0000 ---p 00000000 00:00 0 
7f1d52af0000-7f1d52bed000 rw-p 00000000 00:00 0 
7f1d52bed000-7f1d52bf1000 ---p 00000000 00:00 0 
7f1d52bf1000-7f1d52cee000 rw-p 00000000 00:00 0 
7f1d52cee000-7f1d52cf2000 ---p 00000000 00:00 0 
7f1d52cf2000-7f1d52def000 rw-p 00000000 00:00 0 
7f1d52def000-7f1d52df3000 ---p 00000000 00:00 0 
7f1d52df3000-7f1d52ef0000 rw-p 00000000 00:00 0 
7f1d52ef0000-7f1d52ef4000 ---p 00000000 00:00 0 
7f1d52ef4000-7f1d52ff1000 rw-p 00000000 00:00 0 
7f1d52ff1000-7f1d52ff5000 ---p 00000000 00:00 0 
7f1d52ff5000-7f1d530f2000 rw-p 00000000 00:00 0 
7f1d530f2000-7f1d530f6000 ---p 00000000 00:00 0 
7f1d530f6000-7f1d531f3000 rw-p 00000000 00:00 0 
7f1d531f3000-7f1d531f7000 ---p 00000000 00:00 0 
7f1d531f7000-7f1d532f4000 rw-p 00000000 00:00 0 
7f1d532f4000-7f1d532f8000 ---p 00000000 00:00 0 
7f1d532f8000-7f1d533f5000 rw-p 00000000 00:00 0 
7f1d533f5000-7f1d533f9000 ---p 00000000 00:00 0 
7f1d533f9000-7f1d534f6000 rw-p 00000000 00:00 0 
7f1d534f6000-7f1d534fa000 ---p 00000000 00:00 0 
7f1d534fa000-7f1d535f6000 rw-p 00000000 00:00 0 
7f1d535f6000-7f1d535f7000 rw-p 00000000 00:00 0 
7f1d535f7000-7f1d535fb000 ---p 00000000 00:00 0 
7f1d535fb000-7f1d536f8000 rw-p 00000000 00:00 0 
7f1d536f8000-7f1d536fc000 ---p 00000000 00:00 0 
7f1d536fc000-7f1d537f9000 rw-p 00000000 00:00 0 
7f1d537f9000-7f1d537fd000 ---p 00000000 00:00 0 
7f1d537fd000-7f1d538f9000 rw-p 00000000 00:00 0 
7f1d538f9000-7f1d538fa000 rw-p 00000000 00:00 0 
7f1d538fa000-7f1d538fe000 ---p 00000000 00:00 0 
7f1d538fe000-7f1d539fb000 rw-p 00000000 00:00 0 
7f1d539fb000-7f1d539ff000 ---p 00000000 00:00 0 
7f1d539ff000-7f1d53afc000 rw-p 00000000 00:00 0 
7f1d53afc000-7f1d53b00000 ---p 00000000 00:00 0 
7f1d53b00000-7f1d53bfd000 rw-p 00000000 00:00 0 
7f1d53bfd000-7f1d53c01000 ---p 00000000 00:00 0 
7f1d53c01000-7f1d53cfe000 rw-p 00000000 00:00 0 
7f1d53cfe000-7f1d53d02000 ---p 00000000 00:00 0 
7f1d53d02000-7f1d53dff000 rw-p 00000000 00:00 0 
7f1d53dff000-7f1d53e03000 ---p 00000000 00:00 0 
7f1d53e03000-7f1d53f00000 rw-p 00000000 00:00 0 
7f1d53f00000-7f1d53f04000 ---p 00000000 00:00 0 
7f1d53f04000-7f1d54000000 rw-p 00000000 00:00 0 
7f1d54000000-7f1d5526e000 rw-p 00000000 00:00 0 
7f1d5526e000-7f1d58000000 ---p 00000000 00:00 0 
7f1d58000000-7f1d596d4000 rw-p 00000000 00:00 0 
7f1d596d4000-7f1d5c000000 ---p 00000000 00:00 0 
7f1d5c000000-7f1d5c03a000 rw-p 00000000 00:00 0 
7f1d5c03a000-7f1d60000000 ---p 00000000 00:00 0 
7f1d60000000-7f1d609cd000 rw-p 00000000 00:00 0 
7f1d609cd000-7f1d64000000 ---p 00000000 00:00 0 
7f1d64000000-7f1d64028000 rw-p 00000000 00:00 0 
7f1d64028000-7f1d68000000 ---p 00000000 00:00 0 
7f1d68000000-7f1d68b67000 rw-p 00000000 00:00 0 
7f1d68b67000-7f1d6c000000 ---p 00000000 00:00 0 
7f1d6c000000-7f1d6d337000 rw-p 00000000 00:00 0 
7f1d6d337000-7f1d70000000 ---p 00000000 00:00 0 
7f1d70000000-7f1d704f0000 rw-p 00000000 00:00 0 
7f1d704f0000-7f1d74000000 ---p 00000000 00:00 0 
7f1d74000000-7f1d742ab000 rw-p 00000000 00:00 0 
7f1d742ab000-7f1d78000000 ---p 00000000 00:00 0 
7f1d78000000-7f1d78057000 rw-p 00000000 00:00 0 
7f1d78057000-7f1d7c000000 ---p 00000000 00:00 0 
7f1d7c000000-7f1d7c049000 rw-p 00000000 00:00 0 
7f1d7c049000-7f1d80000000 ---p 00000000 00:00 0 
7f1d80000000-7f1d80a6d000 rw-p 00000000 00:00 0 
7f1d80a6d000-7f1d84000000 ---p 00000000 00:00 0 
7f1d84000000-7f1d8404b000 rw-p 00000000 00:00 0 
7f1d8404b000-7f1d88000000 ---p 00000000 00:00 0 
7f1d88000000-7f1d88043000 rw-p 00000000 00:00 0 
7f1d88043000-7f1d8c000000 ---p 00000000 00:00 0 
7f1d8c000000-7f1d8c7b2000 rw-p 00000000 00:00 0 
7f1d8c7b2000-7f1d90000000 ---p 00000000 00:00 0 
7f1d90000000-7f1d9004e000 rw-p 00000000 00:00 0 
7f1d9004e000-7f1d94000000 ---p 00000000 00:00 0 
7f1d94000000-7f1d954cf000 rw-p 00000000 00:00 0 
7f1d954cf000-7f1d98000000 ---p 00000000 00:00 0 
7f1d98000000-7f1d98a33000 rw-p 00000000 00:00 0 
7f1d98a33000-7f1d9c000000 ---p 00000000 00:00 0 
7f1d9c000000-7f1d9c04b000 rw-p 00000000 00:00 0 
7f1d9c04b000-7f1da0000000 ---p 00000000 00:00 0 
7f1da0000000-7f1da0048000 rw-p 00000000 00:00 0 
7f1da0048000-7f1da4000000 ---p 00000000 00:00 0 
7f1da4000000-7f1da4a4b000 rw-p 00000000 00:00 0 
7f1da4a4b000-7f1da8000000 ---p 00000000 00:00 0 
7f1da8000000-7f1da8914000 rw-p 00000000 00:00 0 
7f1da8914000-7f1dac000000 ---p 00000000 00:00 0 
7f1dac000000-7f1dac043000 rw-p 00000000 00:00 0 
7f1dac043000-7f1db0000000 ---p 00000000 00:00 0 
7f1db0000000-7f1db0045000 rw-p 00000000 00:00 0 
7f1db0045000-7f1db4000000 ---p 00000000 00:00 0 
7f1db4000000-7f1db4051000 rw-p 00000000 00:00 0 
7f1db4051000-7f1db8000000 ---p 00000000 00:00 0 
7f1db8000000-7f1db8043000 rw-p 00000000 00:00 0 
7f1db8043000-7f1dbc000000 ---p 00000000 00:00 0 
7f1dbc000000-7f1dbc054000 rw-p 00000000 00:00 0 
7f1dbc054000-7f1dc0000000 ---p 00000000 00:00 0 
7f1dc0000000-7f1dc0e82000 rw-p 00000000 00:00 0 
7f1dc0e82000-7f1dc4000000 ---p 00000000 00:00 0 
7f1dc4000000-7f1dc4200000 rw-p 00000000 00:00 0 
7f1dc4200000-7f1dc8000000 ---p 00000000 00:00 0 
7f1dc8000000-7f1dc8299000 rw-p 00000000 00:00 0 
7f1dc8299000-7f1dcc000000 ---p 00000000 00:00 0 
7f1dcc000000-7f1dcc045000 rw-p 00000000 00:00 0 
7f1dcc045000-7f1dd0000000 ---p 00000000 00:00 0 
7f1dd0000000-7f1dd00d7000 rw-p 00000000 00:00 0 
7f1dd00d7000-7f1dd4000000 ---p 00000000 00:00 0 
7f1dd4000000-7f1dd4042000 rw-p 00000000 00:00 0 
7f1dd4042000-7f1dd8000000 ---p 00000000 00:00 0 
7f1dd8000000-7f1dd8045000 rw-p 00000000 00:00 0 
7f1dd8045000-7f1ddc000000 ---p 00000000 00:00 0 
7f1ddc000000-7f1ddc0b3000 rw-p 00000000 00:00 0 
7f1ddc0b3000-7f1de0000000 ---p 00000000 00:00 0 
7f1de0000000-7f1de0045000 rw-p 00000000 00:00 0 
7f1de0045000-7f1de4000000 ---p 00000000 00:00 0 
7f1de40c1000-7f1de40c2000 rw-p 00000000 00:00 0 
7f1de40c2000-7f1de40c6000 ---p 00000000 00:00 0 
7f1de40c6000-7f1de41c3000 rw-p 00000000 00:00 0 
7f1de41c3000-7f1de41c7000 ---p 00000000 00:00 0 
7f1de41c7000-7f1de42c4000 rw-p 00000000 00:00 0 
7f1de42c4000-7f1de42c8000 ---p 00000000 00:00 0 
7f1de42c8000-7f1de43c5000 rw-p 00000000 00:00 0 
7f1de43c5000-7f1de43c9000 ---p 00000000 00:00 0 
7f1de43c9000-7f1de44c6000 rw-p 00000000 00:00 0 
7f1de44c6000-7f1de44ca000 ---p 00000000 00:00 0 
7f1de44ca000-7f1de45c7000 rw-p 00000000 00:00 0 
7f1de45c7000-7f1de45cb000 ---p 00000000 00:00 0 
7f1de45cb000-7f1de46c8000 rw-p 00000000 00:00 0 
7f1de46c8000-7f1de46cc000 ---p 00000000 00:00 0 
7f1de46cc000-7f1de47c9000 rw-p 00000000 00:00 0 
7f1de47c9000-7f1de47cd000 ---p 00000000 00:00 0 
7f1de47cd000-7f1de48ca000 rw-p 00000000 00:00 0 
7f1de48ca000-7f1de48ce000 ---p 00000000 00:00 0 
7f1de48ce000-7f1de49cb000 rw-p 00000000 00:00 0 
7f1de49cb000-7f1de49cf000 ---p 00000000 00:00 0 
7f1de49cf000-7f1de4acc000 rw-p 00000000 00:00 0 
7f1de4acc000-7f1de4ad0000 ---p 00000000 00:00 0 
7f1de4ad0000-7f1de4bcd000 rw-p 00000000 00:00 0 
7f1de4bcd000-7f1de4bd1000 ---p 00000000 00:00 0 
7f1de4bd1000-7f1de4cce000 rw-p 00000000 00:00 0 
7f1de4cce000-7f1de4cd2000 ---p 00000000 00:00 0 
7f1de4cd2000-7f1de4dce000 rw-p 00000000 00:00 0 
7f1de4dce000-7f1de4dcf000 rw-p 00000000 00:00 0 
7f1de4dcf000-7f1de4dd3000 ---p 00000000 00:00 0 
7f1de4dd3000-7f1de4ed0000 rw-p 00000000 00:00 0 
7f1de4ed0000-7f1de4ed4000 ---p 00000000 00:00 0 
7f1de4ed4000-7f1de4fd1000 rw-p 00000000 00:00 0 
7f1de4fd1000-7f1de4fd5000 ---p 00000000 00:00 0 
7f1de4fd5000-7f1de50d2000 rw-p 00000000 00:00 0 
7f1de50d2000-7f1de50d6000 ---p 00000000 00:00 0 
7f1de50d6000-7f1de51d3000 rw-p 00000000 00:00 0 
7f1de51d3000-7f1de51d7000 ---p 00000000 00:00 0 
7f1de51d7000-7f1de52d4000 rw-p 00000000 00:00 0 
7f1de52d4000-7f1de52d8000 ---p 00000000 00:00 0 
7f1de52d8000-7f1de53d5000 rw-p 00000000 00:00 0 
7f1de53d5000-7f1de53d9000 ---p 00000000 00:00 0 
7f1de53d9000-7f1de54d6000 rw-p 00000000 00:00 0 
7f1de54d6000-7f1de54da000 ---p 00000000 00:00 0 
7f1de54da000-7f1de55d7000 rw-p 00000000 00:00 0 
7f1de55d7000-7f1de55db000 ---p 00000000 00:00 0 
7f1de55db000-7f1de56d8000 rw-p 00000000 00:00 0 
7f1de56d8000-7f1de56dc000 ---p 00000000 00:00 0 
7f1de56dc000-7f1de57d9000 rw-p 00000000 00:00 0 
7f1de57d9000-7f1de57dd000 ---p 00000000 00:00 0 
7f1de57dd000-7f1de58da000 rw-p 00000000 00:00 0 
7f1de58da000-7f1de58de000 ---p 00000000 00:00 0 
7f1de58de000-7f1de59db000 rw-p 00000000 00:00 0 
7f1de59db000-7f1de59df000 ---p 00000000 00:00 0 
7f1de59df000-7f1de5adc000 rw-p 00000000 00:00 0 
7f1de5adc000-7f1de5ae0000 ---p 00000000 00:00 0 
7f1de5ae0000-7f1de5bdd000 rw-p 00000000 00:00 0 
7f1de5bdd000-7f1de5be1000 ---p 00000000 00:00 0 
7f1de5be1000-7f1de5cde000 rw-p 00000000 00:00 0 
7f1de5cde000-7f1de5ce2000 ---p 00000000 00:00 0 
7f1de5ce2000-7f1de5ddf000 rw-p 00000000 00:00 0 
7f1de5ddf000-7f1de5de3000 ---p 00000000 00:00 0 
7f1de5de3000-7f1de5ee0000 rw-p 00000000 00:00 0 
7f1de5ee0000-7f1de5ee4000 ---p 00000000 00:00 0 
7f1de5ee4000-7f1de5fe1000 rw-p 00000000 00:00 0 
7f1de5fe1000-7f1de5fe5000 ---p 00000000 00:00 0 
7f1de5fe5000-7f1de60e2000 rw-p 00000000 00:00 0 
7f1de60e2000-7f1de60e6000 ---p 00000000 00:00 0 
7f1de60e6000-7f1de61e3000 rw-p 00000000 00:00 0 
7f1de61e3000-7f1de61e7000 ---p 00000000 00:00 0 
7f1de61e7000-7f1de62e4000 rw-p 00000000 00:00 0 
7f1de62e4000-7f1de62e8000 ---p 00000000 00:00 0 
7f1de62e8000-7f1de63e5000 rw-p 00000000 00:00 0 
7f1de63e5000-7f1de63e9000 ---p 00000000 00:00 0 
7f1de63e9000-7f1de64e6000 rw-p 00000000 00:00 0 
7f1de64e6000-7f1de64ea000 ---p 00000000 00:00 0 
7f1de64ea000-7f1de65e7000 rw-p 00000000 00:00 0 
7f1de65e7000-7f1de65eb000 ---p 00000000 00:00 0 
7f1de65eb000-7f1de66e8000 rw-p 00000000 00:00 0 
7f1de66e8000-7f1de66ec000 ---p 00000000 00:00 0 
7f1de66ec000-7f1de67e9000 rw-p 00000000 00:00 0 
7f1de67e9000-7f1de67ed000 ---p 00000000 00:00 0 
7f1de67ed000-7f1de68ea000 rw-p 00000000 00:00 0 
7f1de68ea000-7f1de68ee000 ---p 00000000 00:00 0 
7f1de68ee000-7f1de69eb000 rw-p 00000000 00:00 0 
7f1de69eb000-7f1de69ef000 ---p 00000000 00:00 0 
7f1de69ef000-7f1de6aec000 rw-p 00000000 00:00 0 
7f1de6aec000-7f1de6af0000 ---p 00000000 00:00 0 
7f1de6af0000-7f1de6bed000 rw-p 00000000 00:00 0 
7f1de6bed000-7f1de6bf1000 ---p 00000000 00:00 0 
7f1de6bf1000-7f1de6cee000 rw-p 00000000 00:00 0 
7f1de6cee000-7f1de6cf2000 ---p 00000000 00:00 0 
7f1de6cf2000-7f1de6def000 rw-p 00000000 00:00 0 
7f1de6def000-7f1de6df3000 ---p 00000000 00:00 0 
7f1de6df3000-7f1de6ef0000 rw-p 00000000 00:00 0 
7f1de6ef0000-7f1de6ef4000 ---p 00000000 00:00 0 
7f1de6ef4000-7f1de6ff1000 rw-p 00000000 00:00 0 
7f1de6ff1000-7f1de6ff5000 ---p 00000000 00:00 0 
7f1de6ff5000-7f1de70f2000 rw-p 00000000 00:00 0 
7f1de70f2000-7f1de70f6000 ---p 00000000 00:00 0 
7f1de70f6000-7f1de71f2000 rw-p 00000000 00:00 0 
7f1de71f2000-7f1de71f3000 rw-p 00000000 00:00 0 
7f1de71f3000-7f1de71f7000 ---p 00000000 00:00 0 
7f1de71f7000-7f1de72f4000 rw-p 00000000 00:00 0 
7f1de72f4000-7f1de72f8000 ---p 00000000 00:00 0 
7f1de72f8000-7f1de73f5000 rw-p 00000000 00:00 0 
7f1de73f5000-7f1de73f9000 ---p 00000000 00:00 0 
7f1de73f9000-7f1de74f6000 rw-p 00000000 00:00 0 
7f1de74f6000-7f1de74fa000 ---p 00000000 00:00 0 
7f1de74fa000-7f1de75f7000 rw-p 00000000 00:00 0 
7f1de75f7000-7f1de75fb000 ---p 00000000 00:00 0 
7f1de75fb000-7f1de76f8000 rw-p 00000000 00:00 0 
7f1de76f8000-7f1de76fc000 ---p 00000000 00:00 0 
7f1de76fc000-7f1de77f9000 rw-p 00000000 00:00 0 
7f1de77f9000-7f1de77fd000 ---p 00000000 00:00 0 
7f1de77fd000-7f1de78fa000 rw-p 00000000 00:00 0 
7f1de78fa000-7f1de78fe000 ---p 00000000 00:00 0 
7f1de78fe000-7f1de79fb000 rw-p 00000000 00:00 0 
7f1de79fb000-7f1de79ff000 ---p 00000000 00:00 0 
7f1de79ff000-7f1de7afc000 rw-p 00000000 00:00 0 
7f1de7afc000-7f1de7b00000 ---p 00000000 00:00 0 
7f1de7b00000-7f1de7bfd000 rw-p 00000000 00:00 0 
7f1de7bfd000-7f1de7c01000 ---p 00000000 00:00 0 
7f1de7c01000-7f1de7cfe000 rw-p 00000000 00:00 0 
7f1de7cfe000-7f1de7d02000 ---p 00000000 00:00 0 
7f1de7d02000-7f1de7dff000 rw-p 00000000 00:00 0 
7f1de7dff000-7f1de7e03000 ---p 00000000 00:00 0 
7f1de7e03000-7f1de7f00000 rw-p 00000000 00:00 0 
7f1de7f00000-7f1de7f04000 ---p 00000000 00:00 0 
7f1de7f04000-7f1de8000000 rw-p 00000000 00:00 0 
7f1de8000000-7f1de8471000 rw-p 00000000 00:00 0 
7f1de8471000-7f1dec000000 ---p 00000000 00:00 0 
7f1dec000000-7f1dec82b000 rw-p 00000000 00:00 0 
7f1dec82b000-7f1df0000000 ---p 00000000 00:00 0 
7f1df0000000-7f1df0832000 rw-p 00000000 00:00 0 
7f1df0832000-7f1df4000000 ---p 00000000 00:00 0 
7f1df4000000-7f1df4045000 rw-p 00000000 00:00 0 
7f1df4045000-7f1df8000000 ---p 00000000 00:00 0 
7f1df8000000-7f1df977f000 rw-p 00000000 00:00 0 
7f1df977f000-7f1dfc000000 ---p 00000000 00:00 0 
7f1dfc000000-7f1dfca2e000 rw-p 00000000 00:00 0 
7f1dfca2e000-7f1e00000000 ---p 00000000 00:00 0 
7f1e00000000-7f1e0015c000 rw-p 00000000 00:00 0 
7f1e0015c000-7f1e04000000 ---p 00000000 00:00 0 
7f1e04000000-7f1e041a2000 rw-p 00000000 00:00 0 
7f1e041a2000-7f1e08000000 ---p 00000000 00:00 0 
7f1e08000000-7f1e08047000 rw-p 00000000 00:00 0 
7f1e08047000-7f1e0c000000 ---p 00000000 00:00 0 
7f1e0c000000-7f1e0c021000 rw-p 00000000 00:00 0 
7f1e0c021000-7f1e10000000 ---p 00000000 00:00 0 
7f1e10000000-7f1e10021000 rw-p 00000000 00:00 0 
7f1e10021000-7f1e14000000 ---p 00000000 00:00 0 
7f1e14000000-7f1e14021000 rw-p 00000000 00:00 0 
7f1e14021000-7f1e18000000 ---p 00000000 00:00 0 
7f1e18000000-7f1e1807d000 rw-p 00000000 00:00 0 
7f1e1807d000-7f1e1c000000 ---p 00000000 00:00 0 
7f1e1c000000-7f1e1c021000 rw-p 00000000 00:00 0 
7f1e1c021000-7f1e20000000 ---p 00000000 00:00 0 
7f1e20000000-7f1e206fb000 rw-p 00000000 00:00 0 
7f1e206fb000-7f1e24000000 ---p 00000000 00:00 0 
7f1e24000000-7f1e2407a000 rw-p 00000000 00:00 0 
7f1e2407a000-7f1e28000000 ---p 00000000 00:00 0 
7f1e28000000-7f1e28032000 rw-p 00000000 00:00 0 
7f1e28032000-7f1e2c000000 ---p 00000000 00:00 0 
7f1e2c000000-7f1e2c021000 rw-p 00000000 00:00 0 
7f1e2c021000-7f1e30000000 ---p 00000000 00:00 0 
7f1e30000000-7f1e30315000 rw-p 00000000 00:00 0 
7f1e30315000-7f1e34000000 ---p 00000000 00:00 0 
7f1e34000000-7f1e34021000 rw-p 00000000 00:00 0 
7f1e34021000-7f1e38000000 ---p 00000000 00:00 0 
7f1e38000000-7f1e38021000 rw-p 00000000 00:00 0 
7f1e38021000-7f1e3c000000 ---p 00000000 00:00 0 
7f1e3c000000-7f1e3cab5000 rw-p 00000000 00:00 0 
7f1e3cab5000-7f1e40000000 ---p 00000000 00:00 0 
7f1e40000000-7f1e40fbb000 rw-p 00000000 00:00 0 
7f1e40fbb000-7f1e44000000 ---p 00000000 00:00 0 
7f1e44000000-7f1e44021000 rw-p 00000000 00:00 0 
7f1e44021000-7f1e48000000 ---p 00000000 00:00 0 
7f1e48000000-7f1e489b5000 rw-p 00000000 00:00 0 
7f1e489b5000-7f1e4c000000 ---p 00000000 00:00 0 
7f1e4c000000-7f1e4cb72000 rw-p 00000000 00:00 0 
7f1e4cb72000-7f1e50000000 ---p 00000000 00:00 0 
7f1e50000000-7f1e50021000 rw-p 00000000 00:00 0 
7f1e50021000-7f1e54000000 ---p 00000000 00:00 0 
7f1e54000000-7f1e54a97000 rw-p 00000000 00:00 0 
7f1e54a97000-7f1e58000000 ---p 00000000 00:00 0 
7f1e58000000-7f1e590b8000 rw-p 00000000 00:00 0 
7f1e590b8000-7f1e5c000000 ---p 00000000 00:00 0 
7f1e5c000000-7f1e5c021000 rw-p 00000000 00:00 0 
7f1e5c021000-7f1e60000000 ---p 00000000 00:00 0 
7f1e60000000-7f1e60021000 rw-p 00000000 00:00 0 
7f1e60021000-7f1e64000000 ---p 00000000 00:00 0 
7f1e64000000-7f1e64097000 rw-p 00000000 00:00 0 
7f1e64097000-7f1e68000000 ---p 00000000 00:00 0 
7f1e68000000-7f1e6877e000 rw-p 00000000 00:00 0 
7f1e6877e000-7f1e6c000000 ---p 00000000 00:00 0 
7f1e6c000000-7f1e6cc04000 rw-p 00000000 00:00 0 
7f1e6cc04000-7f1e70000000 ---p 00000000 00:00 0 
7f1e70000000-7f1e70021000 rw-p 00000000 00:00 0 
7f1e70021000-7f1e74000000 ---p 00000000 00:00 0 
7f1e74000000-7f1e74058000 rw-p 00000000 00:00 0 
7f1e74058000-7f1e78000000 ---p 00000000 00:00 0 
7f1e78000000-7f1e78101000 rw-p 00000000 00:00 0 
7f1e78101000-7f1e7c000000 ---p 00000000 00:00 0 
7f1e7c000000-7f1e7c021000 rw-p 00000000 00:00 0 
7f1e7c021000-7f1e80000000 ---p 00000000 00:00 0 
7f1e80000000-7f1e81079000 rw-p 00000000 00:00 0 
7f1e81079000-7f1e84000000 ---p 00000000 00:00 0 
7f1e84000000-7f1e85701000 rw-p 00000000 00:00 0 
7f1e85701000-7f1e88000000 ---p 00000000 00:00 0 
7f1e88000000-7f1e8860e000 rw-p 00000000 00:00 0 
7f1e8860e000-7f1e8c000000 ---p 00000000 00:00 0 
7f1e8c000000-7f1e8d2a1000 rw-p 00000000 00:00 0 
7f1e8d2a1000-7f1e90000000 ---p 00000000 00:00 0 
7f1e90000000-7f1e904ae000 rw-p 00000000 00:00 0 
7f1e904ae000-7f1e94000000 ---p 00000000 00:00 0 
7f1e94000000-7f1e94043000 rw-p 00000000 00:00 0 
7f1e94043000-7f1e98000000 ---p 00000000 00:00 0 
7f1e98000000-7f1e98057000 rw-p 00000000 00:00 0 
7f1e98057000-7f1e9c000000 ---p 00000000 00:00 0 
7f1e9c000000-7f1e9c3e9000 rw-p 00000000 00:00 0 
7f1e9c3e9000-7f1ea0000000 ---p 00000000 00:00 0 
7f1ea0000000-7f1ea0c10000 rw-p 00000000 00:00 0 
7f1ea0c10000-7f1ea4000000 ---p 00000000 00:00 0 
7f1ea4000000-7f1ea48cc000 rw-p 00000000 00:00 0 
7f1ea48cc000-7f1ea8000000 ---p 00000000 00:00 0 
7f1ea8000000-7f1ea8100000 rw-p 00000000 00:00 0 
7f1ea8100000-7f1ea9300000 rw-p 00000000 00:00 0 
7f1ea9300000-7f1ea9400000 rw-p 00000000 00:00 0 
7f1ea9400000-7f1ea99a0000 rw-p 00000000 00:00 0 
7f1ea99a0000-7f1ea9b00000 rw-p 00000000 00:00 0 
7f1ea9b00000-7f1ea9c00000 rw-p 00000000 00:00 0 
7f1ea9c00000-7f1ea9f00000 rw-p 00000000 00:00 0 
7f1ea9f00000-7f1eaa000000 rw-p 00000000 00:00 0 
7f1eaa000000-7f1eaa900000 rw-p 00000000 00:00 0 
7f1eaa900000-7f1eaaa00000 rw-p 00000000 00:00 0 
7f1eaaa00000-7f1eab120000 rw-p 00000000 00:00 0 
7f1eab120000-7f1eac000000 rw-p 00000000 00:00 0 
7f1eac000000-7f1eac3d9000 rw-p 00000000 00:00 0 
7f1eac3d9000-7f1eb0000000 ---p 00000000 00:00 0 
7f1eb0000000-7f1eb0f85000 rw-p 00000000 00:00 0 
7f1eb0f85000-7f1eb4000000 ---p 00000000 00:00 0 
7f1eb4000000-7f1eb499c000 rw-p 00000000 00:00 0 
7f1eb499c000-7f1eb8000000 ---p 00000000 00:00 0 
7f1eb8000000-7f1eb825b000 rw-p 00000000 00:00 0 
7f1eb825b000-7f1ebc000000 ---p 00000000 00:00 0 
7f1ebc000000-7f1ebcf8a000 rw-p 00000000 00:00 0 
7f1ebcf8a000-7f1ec0000000 ---p 00000000 00:00 0 
7f1ec0000000-7f1ec1026000 rw-p 00000000 00:00 0 
7f1ec1026000-7f1ec4000000 ---p 00000000 00:00 0 
7f1ec4000000-7f1ec542c000 rw-p 00000000 00:00 0 
7f1ec542c000-7f1ec8000000 ---p 00000000 00:00 0 
7f1ec8000000-7f1ec8025000 rw-p 00000000 00:00 0 
7f1ec8025000-7f1ecc000000 ---p 00000000 00:00 0 
7f1ecc000000-7f1ecc03b000 rw-p 00000000 00:00 0 
7f1ecc03b000-7f1ed0000000 ---p 00000000 00:00 0 
7f1ed0000000-7f1ed0f1e000 rw-p 00000000 00:00 0 
7f1ed0f1e000-7f1ed4000000 ---p 00000000 00:00 0 
7f1ed4000000-7f1ed4033000 rw-p 00000000 00:00 0 
7f1ed4033000-7f1ed8000000 ---p 00000000 00:00 0 
7f1ed8000000-7f1ed802c000 rw-p 00000000 00:00 0 
7f1ed802c000-7f1edc000000 ---p 00000000 00:00 0 
7f1edc000000-7f1edc021000 rw-p 00000000 00:00 0 
7f1edc021000-7f1ee0000000 ---p 00000000 00:00 0 
7f1ee0000000-7f1ee00dd000 rw-p 00000000 00:00 0 
7f1ee00dd000-7f1ee4000000 ---p 00000000 00:00 0 
7f1ee4000000-7f1ee4209000 rw-p 00000000 00:00 0 
7f1ee4209000-7f1ee8000000 ---p 00000000 00:00 0 
7f1ee80c1000-7f1ee80c2000 rw-p 00000000 00:00 0 
7f1ee80c2000-7f1ee80c6000 ---p 00000000 00:00 0 
7f1ee80c6000-7f1ee81c3000 rw-p 00000000 00:00 0 
7f1ee81c3000-7f1ee81c7000 ---p 00000000 00:00 0 
7f1ee81c7000-7f1ee82c4000 rw-p 00000000 00:00 0 
7f1ee82c4000-7f1ee82c8000 ---p 00000000 00:00 0 
7f1ee82c8000-7f1ee83c5000 rw-p 00000000 00:00 0 
7f1ee83c5000-7f1ee83c9000 ---p 00000000 00:00 0 
7f1ee83c9000-7f1ee84c6000 rw-p 00000000 00:00 0 
7f1ee84c6000-7f1ee84ca000 ---p 00000000 00:00 0 
7f1ee84ca000-7f1ee85c7000 rw-p 00000000 00:00 0 
7f1ee85c7000-7f1ee85cb000 ---p 00000000 00:00 0 
7f1ee85cb000-7f1ee86c8000 rw-p 00000000 00:00 0 
7f1ee86c8000-7f1ee86cc000 ---p 00000000 00:00 0 
7f1ee86cc000-7f1ee87c9000 rw-p 00000000 00:00 0 
7f1ee87c9000-7f1ee87cd000 ---p 00000000 00:00 0 
7f1ee87cd000-7f1ee88ca000 rw-p 00000000 00:00 0 
7f1ee88ca000-7f1ee88ce000 ---p 00000000 00:00 0 
7f1ee88ce000-7f1ee89cb000 rw-p 00000000 00:00 0 
7f1ee89cb000-7f1ee89cf000 ---p 00000000 00:00 0 
7f1ee89cf000-7f1ee8acc000 rw-p 00000000 00:00 0 
7f1ee8acc000-7f1ee8ad0000 ---p 00000000 00:00 0 
7f1ee8ad0000-7f1ee8bcd000 rw-p 00000000 00:00 0 
7f1ee8bcd000-7f1ee8bd1000 ---p 00000000 00:00 0 
7f1ee8bd1000-7f1ee8cce000 rw-p 00000000 00:00 0 
7f1ee8cce000-7f1ee8cd2000 ---p 00000000 00:00 0 
7f1ee8cd2000-7f1ee8dcf000 rw-p 00000000 00:00 0 
7f1ee8dcf000-7f1ee8dd3000 ---p 00000000 00:00 0 
7f1ee8dd3000-7f1ee8ed0000 rw-p 00000000 00:00 0 
7f1ee8ed0000-7f1ee8ed4000 ---p 00000000 00:00 0 
7f1ee8ed4000-7f1ee8fd1000 rw-p 00000000 00:00 0 
7f1ee8fd1000-7f1ee8fd5000 ---p 00000000 00:00 0 
7f1ee8fd5000-7f1ee90d2000 rw-p 00000000 00:00 0 
7f1ee90d2000-7f1ee90d6000 ---p 00000000 00:00 0 
7f1ee90d6000-7f1ee91d3000 rw-p 00000000 00:00 0 
7f1ee91d3000-7f1ee91d7000 ---p 00000000 00:00 0 
7f1ee91d7000-7f1ee92d4000 rw-p 00000000 00:00 0 
7f1ee92d4000-7f1ee92d8000 ---p 00000000 00:00 0 
7f1ee92d8000-7f1ee93d5000 rw-p 00000000 00:00 0 
7f1ee93d5000-7f1ee93d9000 ---p 00000000 00:00 0 
7f1ee93d9000-7f1ee94d6000 rw-p 00000000 00:00 0 
7f1ee94d6000-7f1ee94da000 ---p 00000000 00:00 0 
7f1ee94da000-7f1ee95d7000 rw-p 00000000 00:00 0 
7f1ee95d7000-7f1ee95db000 ---p 00000000 00:00 0 
7f1ee95db000-7f1ee96d8000 rw-p 00000000 00:00 0 
7f1ee96d8000-7f1ee96dc000 ---p 00000000 00:00 0 
7f1ee96dc000-7f1ee97d9000 rw-p 00000000 00:00 0 
7f1ee97d9000-7f1ee97dd000 ---p 00000000 00:00 0 
7f1ee97dd000-7f1ee98da000 rw-p 00000000 00:00 0 
7f1ee98da000-7f1ee98de000 ---p 00000000 00:00 0 
7f1ee98de000-7f1ee99db000 rw-p 00000000 00:00 0 
7f1ee99db000-7f1ee99df000 ---p 00000000 00:00 0 
7f1ee99df000-7f1ee9adc000 rw-p 00000000 00:00 0 
7f1ee9adc000-7f1ee9ae0000 ---p 00000000 00:00 0 
7f1ee9ae0000-7f1ee9bdd000 rw-p 00000000 00:00 0 
7f1ee9bdd000-7f1ee9be1000 ---p 00000000 00:00 0 
7f1ee9be1000-7f1ee9cde000 rw-p 00000000 00:00 0 
7f1ee9cde000-7f1ee9ce2000 ---p 00000000 00:00 0 
7f1ee9ce2000-7f1ee9ddf000 rw-p 00000000 00:00 0 
7f1ee9ddf000-7f1ee9de3000 ---p 00000000 00:00 0 
7f1ee9de3000-7f1ee9ee0000 rw-p 00000000 00:00 0 
7f1ee9ee0000-7f1ee9ee4000 ---p 00000000 00:00 0 
7f1ee9ee4000-7f1ee9fe1000 rw-p 00000000 00:00 0 
7f1ee9fe1000-7f1ee9fe5000 ---p 00000000 00:00 0 
7f1ee9fe5000-7f1eea0e2000 rw-p 00000000 00:00 0 
7f1eea0e2000-7f1eea0e6000 ---p 00000000 00:00 0 
7f1eea0e6000-7f1eea1e3000 rw-p 00000000 00:00 0 
7f1eea1e3000-7f1eea1e7000 ---p 00000000 00:00 0 
7f1eea1e7000-7f1eea2e4000 rw-p 00000000 00:00 0 
7f1eea2e4000-7f1eea2e8000 ---p 00000000 00:00 0 
7f1eea2e8000-7f1eea3e5000 rw-p 00000000 00:00 0 
7f1eea3e5000-7f1eea3e9000 ---p 00000000 00:00 0 
7f1eea3e9000-7f1eea4e6000 rw-p 00000000 00:00 0 
7f1eea4e6000-7f1eea4ea000 ---p 00000000 00:00 0 
7f1eea4ea000-7f1eea5e7000 rw-p 00000000 00:00 0 
7f1eea5e7000-7f1eea5eb000 ---p 00000000 00:00 0 
7f1eea5eb000-7f1eea6e8000 rw-p 00000000 00:00 0 
7f1eea6e8000-7f1eea6ec000 ---p 00000000 00:00 0 
7f1eea6ec000-7f1eea7e9000 rw-p 00000000 00:00 0 
7f1eea7e9000-7f1eea7ed000 ---p 00000000 00:00 0 
7f1eea7ed000-7f1eea8ea000 rw-p 00000000 00:00 0 
7f1eea8ea000-7f1eea8ee000 ---p 00000000 00:00 0 
7f1eea8ee000-7f1eea9eb000 rw-p 00000000 00:00 0 
7f1eea9eb000-7f1eea9ef000 ---p 00000000 00:00 0 
7f1eea9ef000-7f1eeaaec000 rw-p 00000000 00:00 0 
7f1eeaaec000-7f1eeaaf0000 ---p 00000000 00:00 0 
7f1eeaaf0000-7f1eeabed000 rw-p 00000000 00:00 0 
7f1eeabed000-7f1eeabf1000 ---p 00000000 00:00 0 
7f1eeabf1000-7f1eeacee000 rw-p 00000000 00:00 0 
7f1eeacee000-7f1eeacf2000 ---p 00000000 00:00 0 
7f1eeacf2000-7f1eeadef000 rw-p 00000000 00:00 0 
7f1eeadef000-7f1eeadf3000 ---p 00000000 00:00 0 
7f1eeadf3000-7f1eeaef0000 rw-p 00000000 00:00 0 
7f1eeaef0000-7f1eeaef4000 ---p 00000000 00:00 0 
7f1eeaef4000-7f1eeaff1000 rw-p 00000000 00:00 0 
7f1eeaff1000-7f1eeaff5000 ---p 00000000 00:00 0 
7f1eeaff5000-7f1eeb0f2000 rw-p 00000000 00:00 0 
7f1eeb0f2000-7f1eeb0f6000 ---p 00000000 00:00 0 
7f1eeb0f6000-7f1eeb1f3000 rw-p 00000000 00:00 0 
7f1eeb1f3000-7f1eeb1f7000 ---p 00000000 00:00 0 
7f1eeb1f7000-7f1eeb2f4000 rw-p 00000000 00:00 0 
7f1eeb2f4000-7f1eeb2f8000 ---p 00000000 00:00 0 
7f1eeb2f8000-7f1eeb3f5000 rw-p 00000000 00:00 0 
7f1eeb3f5000-7f1eeb3f9000 ---p 00000000 00:00 0 
7f1eeb3f9000-7f1eeb4f6000 rw-p 00000000 00:00 0 
7f1eeb4f6000-7f1eeb4fa000 ---p 00000000 00:00 0 
7f1eeb4fa000-7f1eeb5f6000 rw-p 00000000 00:00 0 
7f1eeb5f6000-7f1eeb5f7000 rw-p 00000000 00:00 0 
7f1eeb5f7000-7f1eeb5fb000 ---p 00000000 00:00 0 
7f1eeb5fb000-7f1eeb6f8000 rw-p 00000000 00:00 0 
7f1eeb6f8000-7f1eeb6fc000 ---p 00000000 00:00 0 
7f1eeb6fc000-7f1eeb7f9000 rw-p 00000000 00:00 0 
7f1eeb7f9000-7f1eeb7fd000 ---p 00000000 00:00 0 
7f1eeb7fd000-7f1eeb8fa000 rw-p 00000000 00:00 0 
7f1eeb8fa000-7f1eeb8fe000 ---p 00000000 00:00 0 
7f1eeb8fe000-7f1eeb9fb000 rw-p 00000000 00:00 0 
7f1eeb9fb000-7f1eeb9ff000 ---p 00000000 00:00 0 
7f1eeb9ff000-7f1eebafc000 rw-p 00000000 00:00 0 
7f1eebafc000-7f1eebb00000 ---p 00000000 00:00 0 
7f1eebb00000-7f1eebbfd000 rw-p 00000000 00:00 0 
7f1eebbfd000-7f1eebc01000 ---p 00000000 00:00 0 
7f1eebc01000-7f1eebcfe000 rw-p 00000000 00:00 0 
7f1eebcfe000-7f1eebd02000 ---p 00000000 00:00 0 
7f1eebd02000-7f1eebdff000 rw-p 00000000 00:00 0 
7f1eebdff000-7f1eebe03000 ---p 00000000 00:00 0 
7f1eebe03000-7f1eebf00000 rw-p 00000000 00:00 0 
7f1eebf00000-7f1eebf04000 ---p 00000000 00:00 0 
7f1eebf04000-7f1eec000000 rw-p 00000000 00:00 0 
7f1eec000000-7f1eec037000 rw-p 00000000 00:00 0 
7f1eec037000-7f1ef0000000 ---p 00000000 00:00 0 
7f1ef0000000-7f1ef0024000 rw-p 00000000 00:00 0 
7f1ef0024000-7f1ef4000000 ---p 00000000 00:00 0 
7f1ef4000000-7f1ef4290000 rw-p 00000000 00:00 0 
7f1ef4290000-7f1ef8000000 ---p 00000000 00:00 0 
7f1ef8000000-7f1ef8413000 rw-p 00000000 00:00 0 
7f1ef8413000-7f1efc000000 ---p 00000000 00:00 0 
7f1efc000000-7f1efc036000 rw-p 00000000 00:00 0 
7f1efc036000-7f1f00000000 ---p 00000000 00:00 0 
7f1f00000000-7f1f0007d000 rw-p 00000000 00:00 0 
7f1f0007d000-7f1f04000000 ---p 00000000 00:00 0 
7f1f04000000-7f1f04695000 rw-p 00000000 00:00 0 
7f1f04695000-7f1f08000000 ---p 00000000 00:00 0 
7f1f08000000-7f1f08021000 rw-p 00000000 00:00 0 
7f1f08021000-7f1f0c000000 ---p 00000000 00:00 0 
7f1f0c000000-7f1f0c977000 rw-p 00000000 00:00 0 
7f1f0c977000-7f1f10000000 ---p 00000000 00:00 0 
7f1f10000000-7f1f10654000 rw-p 00000000 00:00 0 
7f1f10654000-7f1f14000000 ---p 00000000 00:00 0 
7f1f14000000-7f1f1553c000 rw-p 00000000 00:00 0 
7f1f1553c000-7f1f18000000 ---p 00000000 00:00 0 
7f1f18000000-7f1f18028000 rw-p 00000000 00:00 0 
7f1f18028000-7f1f1c000000 ---p 00000000 00:00 0 
7f1f1c000000-7f1f1cdb4000 rw-p 00000000 00:00 0 
7f1f1cdb4000-7f1f20000000 ---p 00000000 00:00 0 
7f1f20000000-7f1f20ef2000 rw-p 00000000 00:00 0 
7f1f20ef2000-7f1f24000000 ---p 00000000 00:00 0 
7f1f24000000-7f1f255ed000 rw-p 00000000 00:00 0 
7f1f255ed000-7f1f28000000 ---p 00000000 00:00 0 
7f1f28000000-7f1f29dd8000 rw-p 00000000 00:00 0 
7f1f29dd8000-7f1f2c000000 ---p 00000000 00:00 0 
7f1f2c000000-7f1f2cbc8000 rw-p 00000000 00:00 0 
7f1f2cbc8000-7f1f30000000 ---p 00000000 00:00 0 
7f1f30000000-7f1f3170c000 rw-p 00000000 00:00 0 
7f1f3170c000-7f1f34000000 ---p 00000000 00:00 0 
7f1f34000000-7f1f34ab1000 rw-p 00000000 00:00 0 
7f1f34ab1000-7f1f38000000 ---p 00000000 00:00 0 
7f1f38000000-7f1f38cf5000 rw-p 00000000 00:00 0 
7f1f38cf5000-7f1f3c000000 ---p 00000000 00:00 0 
7f1f3c000000-7f1f3d2df000 rw-p 00000000 00:00 0 
7f1f3d2df000-7f1f40000000 ---p 00000000 00:00 0 
7f1f40000000-7f1f40864000 rw-p 00000000 00:00 0 
7f1f40864000-7f1f44000000 ---p 00000000 00:00 0 
7f1f44000000-7f1f4441e000 rw-p 00000000 00:00 0 
7f1f4441e000-7f1f48000000 ---p 00000000 00:00 0 
7f1f48000000-7f1f48021000 rw-p 00000000 00:00 0 
7f1f48021000-7f1f4c000000 ---p 00000000 00:00 0 
7f1f4c000000-7f1f4c23d000 rw-p 00000000 00:00 0 
7f1f4c23d000-7f1f50000000 ---p 00000000 00:00 0 
7f1f50000000-7f1f512a5000 rw-p 00000000 00:00 0 
7f1f512a5000-7f1f54000000 ---p 00000000 00:00 0 
7f1f54000000-7f1f552bd000 rw-p 00000000 00:00 0 
7f1f552bd000-7f1f58000000 ---p 00000000 00:00 0 
7f1f58000000-7f1f588b7000 rw-p 00000000 00:00 0 
7f1f588b7000-7f1f5c000000 ---p 00000000 00:00 0 
7f1f5c000000-7f1f5ceea000 rw-p 00000000 00:00 0 
7f1f5ceea000-7f1f60000000 ---p 00000000 00:00 0 
7f1f60000000-7f1f61319000 rw-p 00000000 00:00 0 
7f1f61319000-7f1f64000000 ---p 00000000 00:00 0 
7f1f64000000-7f1f64509000 rw-p 00000000 00:00 0 
7f1f64509000-7f1f68000000 ---p 00000000 00:00 0 
7f1f68000000-7f1f68bb8000 rw-p 00000000 00:00 0 
7f1f68bb8000-7f1f6c000000 ---p 00000000 00:00 0 
7f1f6c000000-7f1f6cb1e000 rw-p 00000000 00:00 0 
7f1f6cb1e000-7f1f70000000 ---p 00000000 00:00 0 
7f1f70000000-7f1f70613000 rw-p 00000000 00:00 0 
7f1f70613000-7f1f74000000 ---p 00000000 00:00 0 
7f1f74000000-7f1f749f8000 rw-p 00000000 00:00 0 
7f1f749f8000-7f1f78000000 ---p 00000000 00:00 0 
7f1f78000000-7f1f78e1b000 rw-p 00000000 00:00 0 
7f1f78e1b000-7f1f7c000000 ---p 00000000 00:00 0 
7f1f7c000000-7f1f7c088000 rw-p 00000000 00:00 0 
7f1f7c088000-7f1f80000000 ---p 00000000 00:00 0 
7f1f80000000-7f1f80965000 rw-p 00000000 00:00 0 
7f1f80965000-7f1f84000000 ---p 00000000 00:00 0 
7f1f84000000-7f1f84021000 rw-p 00000000 00:00 0 
7f1f84021000-7f1f88000000 ---p 00000000 00:00 0 
7f1f88000000-7f1f88e43000 rw-p 00000000 00:00 0 
7f1f88e43000-7f1f8c000000 ---p 00000000 00:00 0 
7f1f8c000000-7f1f8c8e3000 rw-p 00000000 00:00 0 
7f1f8c8e3000-7f1f90000000 ---p 00000000 00:00 0 
7f1f90000000-7f1f9002e000 rw-p 00000000 00:00 0 
7f1f9002e000-7f1f94000000 ---p 00000000 00:00 0 
7f1f94000000-7f1f9408f000 rw-p 00000000 00:00 0 
7f1f9408f000-7f1f98000000 ---p 00000000 00:00 0 
7f1f98000000-7f1f99073000 rw-p 00000000 00:00 0 
7f1f99073000-7f1f9c000000 ---p 00000000 00:00 0 
7f1f9c000000-7f1f9c8f1000 rw-p 00000000 00:00 0 
7f1f9c8f1000-7f1fa0000000 ---p 00000000 00:00 0 
7f1fa0000000-7f1fa1174000 rw-p 00000000 00:00 0 
7f1fa1174000-7f1fa4000000 ---p 00000000 00:00 0 
7f1fa4000000-7f1fa499e000 rw-p 00000000 00:00 0 
7f1fa499e000-7f1fa8000000 ---p 00000000 00:00 0 
7f1fa8000000-7f1fa83aa000 rw-p 00000000 00:00 0 
7f1fa83aa000-7f1fac000000 ---p 00000000 00:00 0 
7f1fac000000-7f1fad566000 rw-p 00000000 00:00 0 
7f1fad566000-7f1fb0000000 ---p 00000000 00:00 0 
7f1fb0000000-7f1fb007a000 rw-p 00000000 00:00 0 
7f1fb007a000-7f1fb4000000 ---p 00000000 00:00 0 
7f1fb4000000-7f1fb52a0000 rw-p 00000000 00:00 0 
7f1fb52a0000-7f1fb8000000 ---p 00000000 00:00 0 
7f1fb8000000-7f1fb9393000 rw-p 00000000 00:00 0 
7f1fb9393000-7f1fbc000000 ---p 00000000 00:00 0 
7f1fbc000000-7f1fbd454000 rw-p 00000000 00:00 0 
7f1fbd454000-7f1fc0000000 ---p 00000000 00:00 0 
7f1fc0000000-7f1fc12ae000 rw-p 00000000 00:00 0 
7f1fc12ae000-7f1fc4000000 ---p 00000000 00:00 0 
7f1fc4000000-7f1fc50db000 rw-p 00000000 00:00 0 
7f1fc50db000-7f1fc8000000 ---p 00000000 00:00 0 
7f1fc8000000-7f1fc90af000 rw-p 00000000 00:00 0 
7f1fc90af000-7f1fcc000000 ---p 00000000 00:00 0 
7f1fcc000000-7f1fcc4e1000 rw-p 00000000 00:00 0 
7f1fcc4e1000-7f1fd0000000 ---p 00000000 00:00 0 
7f1fd0000000-7f1fd0d51000 rw-p 00000000 00:00 0 
7f1fd0d51000-7f1fd4000000 ---p 00000000 00:00 0 
7f1fd4000000-7f1fd468f000 rw-p 00000000 00:00 0 
7f1fd468f000-7f1fd8000000 ---p 00000000 00:00 0 
7f1fd8000000-7f1fd98a2000 rw-p 00000000 00:00 0 
7f1fd98a2000-7f1fdc000000 ---p 00000000 00:00 0 
7f1fdc000000-7f1fdc2de000 rw-p 00000000 00:00 0 
7f1fdc2de000-7f1fe0000000 ---p 00000000 00:00 0 
7f1fe0000000-7f1fe0403000 rw-p 00000000 00:00 0 
7f1fe0403000-7f1fe4000000 ---p 00000000 00:00 0 
7f1fe4000000-7f1fe4191000 rw-p 00000000 00:00 0 
7f1fe4191000-7f1fe8000000 ---p 00000000 00:00 0 
7f1fe8000000-7f1fe9a06000 rw-p 00000000 00:00 0 
7f1fe9a06000-7f1fec000000 ---p 00000000 00:00 0 
7f1fec0c1000-7f1fec0c2000 rw-p 00000000 00:00 0 
7f1fec0c2000-7f1fec0c6000 ---p 00000000 00:00 0 
7f1fec0c6000-7f1fec1c3000 rw-p 00000000 00:00 0 
7f1fec1c3000-7f1fec1c7000 ---p 00000000 00:00 0 
7f1fec1c7000-7f1fec2c4000 rw-p 00000000 00:00 0 
7f1fec2c4000-7f1fec2c8000 ---p 00000000 00:00 0 
7f1fec2c8000-7f1fec3c5000 rw-p 00000000 00:00 0 
7f1fec3c5000-7f1fec3c9000 ---p 00000000 00:00 0 
7f1fec3c9000-7f1fec4c6000 rw-p 00000000 00:00 0 
7f1fec4c6000-7f1fec4ca000 ---p 00000000 00:00 0 
7f1fec4ca000-7f1fec5c7000 rw-p 00000000 00:00 0 
7f1fec5c7000-7f1fec5cb000 ---p 00000000 00:00 0 
7f1fec5cb000-7f1fec6c8000 rw-p 00000000 00:00 0 
7f1fec6c8000-7f1fec6cc000 ---p 00000000 00:00 0 
7f1fec6cc000-7f1fec7c9000 rw-p 00000000 00:00 0 
7f1fec7c9000-7f1fec7cd000 ---p 00000000 00:00 0 
7f1fec7cd000-7f1fec8ca000 rw-p 00000000 00:00 0 
7f1fec8ca000-7f1fec8ce000 ---p 00000000 00:00 0 
7f1fec8ce000-7f1fec9cb000 rw-p 00000000 00:00 0 
7f1fec9cb000-7f1fec9cf000 ---p 00000000 00:00 0 
7f1fec9cf000-7f1fecacc000 rw-p 00000000 00:00 0 
7f1fecacc000-7f1fecad0000 ---p 00000000 00:00 0 
7f1fecad0000-7f1fecbcd000 rw-p 00000000 00:00 0 
7f1fecbcd000-7f1fecbd1000 ---p 00000000 00:00 0 
7f1fecbd1000-7f1feccce000 rw-p 00000000 00:00 0 
7f1feccce000-7f1feccd2000 ---p 00000000 00:00 0 
7f1feccd2000-7f1fecdcf000 rw-p 00000000 00:00 0 
7f1fecdcf000-7f1fecdd3000 ---p 00000000 00:00 0 
7f1fecdd3000-7f1feced0000 rw-p 00000000 00:00 0 
7f1feced0000-7f1feced4000 ---p 00000000 00:00 0 
7f1feced4000-7f1fecfd1000 rw-p 00000000 00:00 0 
7f1fecfd1000-7f1fecfd5000 ---p 00000000 00:00 0 
7f1fecfd5000-7f1fed0d2000 rw-p 00000000 00:00 0 
7f1fed0d2000-7f1fed0d6000 ---p 00000000 00:00 0 
7f1fed0d6000-7f1fed1d3000 rw-p 00000000 00:00 0 
7f1fed1d3000-7f1fed1d7000 ---p 00000000 00:00 0 
7f1fed1d7000-7f1fed2d4000 rw-p 00000000 00:00 0 
7f1fed2d4000-7f1fed2d8000 ---p 00000000 00:00 0 
7f1fed2d8000-7f1fed3d5000 rw-p 00000000 00:00 0 
7f1fed3d5000-7f1fed3d9000 ---p 00000000 00:00 0 
7f1fed3d9000-7f1fed4d6000 rw-p 00000000 00:00 0 
7f1fed4d6000-7f1fed4da000 ---p 00000000 00:00 0 
7f1fed4da000-7f1fed5d7000 rw-p 00000000 00:00 0 
7f1fed5d7000-7f1fed5db000 ---p 00000000 00:00 0 
7f1fed5db000-7f1fed6d8000 rw-p 00000000 00:00 0 
7f1fed6d8000-7f1fed6dc000 ---p 00000000 00:00 0 
7f1fed6dc000-7f1fed7d9000 rw-p 00000000 00:00 0 
7f1fed7d9000-7f1fed7dd000 ---p 00000000 00:00 0 
7f1fed7dd000-7f1fed8da000 rw-p 00000000 00:00 0 
7f1fed8da000-7f1fed8de000 ---p 00000000 00:00 0 
7f1fed8de000-7f1fed9db000 rw-p 00000000 00:00 0 
7f1fed9db000-7f1fed9df000 ---p 00000000 00:00 0 
7f1fed9df000-7f1fedadc000 rw-p 00000000 00:00 0 
7f1fedadc000-7f1fedae0000 ---p 00000000 00:00 0 
7f1fedae0000-7f1fedbdd000 rw-p 00000000 00:00 0 
7f1fedbdd000-7f1fedbe1000 ---p 00000000 00:00 0 
7f1fedbe1000-7f1fedcde000 rw-p 00000000 00:00 0 
7f1fedcde000-7f1fedce2000 ---p 00000000 00:00 0 
7f1fedce2000-7f1fedddf000 rw-p 00000000 00:00 0 
7f1fedddf000-7f1fedde3000 ---p 00000000 00:00 0 
7f1fedde3000-7f1fedee0000 rw-p 00000000 00:00 0 
7f1fedee0000-7f1fedee4000 ---p 00000000 00:00 0 
7f1fedee4000-7f1fedfe1000 rw-p 00000000 00:00 0 
7f1fedfe1000-7f1fedfe5000 ---p 00000000 00:00 0 
7f1fedfe5000-7f1fee0e2000 rw-p 00000000 00:00 0 
7f1fee0e2000-7f1fee0e6000 ---p 00000000 00:00 0 
7f1fee0e6000-7f1fee1e3000 rw-p 00000000 00:00 0 
7f1fee1e3000-7f1fee1e7000 ---p 00000000 00:00 0 
7f1fee1e7000-7f1fee2e4000 rw-p 00000000 00:00 0 
7f1fee2e4000-7f1fee2e8000 ---p 00000000 00:00 0 
7f1fee2e8000-7f1fee3e5000 rw-p 00000000 00:00 0 
7f1fee3e5000-7f1fee3e9000 ---p 00000000 00:00 0 
7f1fee3e9000-7f1fee4e6000 rw-p 00000000 00:00 0 
7f1fee4e6000-7f1fee4ea000 ---p 00000000 00:00 0 
7f1fee4ea000-7f1fee5e7000 rw-p 00000000 00:00 0 
7f1fee5e7000-7f1fee5eb000 ---p 00000000 00:00 0 
7f1fee5eb000-7f1fee6e8000 rw-p 00000000 00:00 0 
7f1fee6e8000-7f1fee6ec000 ---p 00000000 00:00 0 
7f1fee6ec000-7f1fee7e9000 rw-p 00000000 00:00 0 
7f1fee7e9000-7f1fee7ed000 ---p 00000000 00:00 0 
7f1fee7ed000-7f1fee8ea000 rw-p 00000000 00:00 0 
7f1fee8ea000-7f1fee8ee000 ---p 00000000 00:00 0 
7f1fee8ee000-7f1fee9eb000 rw-p 00000000 00:00 0 
7f1fee9eb000-7f1fee9ef000 ---p 00000000 00:00 0 
7f1fee9ef000-7f1feeaec000 rw-p 00000000 00:00 0 
7f1feeaec000-7f1feeaf0000 ---p 00000000 00:00 0 
7f1feeaf0000-7f1feebed000 rw-p 00000000 00:00 0 
7f1feebed000-7f1feebf1000 ---p 00000000 00:00 0 
7f1feebf1000-7f1feecee000 rw-p 00000000 00:00 0 
7f1feecee000-7f1feecf2000 ---p 00000000 00:00 0 
7f1feecf2000-7f1feedee000 rw-p 00000000 00:00 0 
7f1feedee000-7f1feedef000 rw-p 00000000 00:00 0 
7f1feedef000-7f1feedf3000 ---p 00000000 00:00 0 
7f1feedf3000-7f1feeef0000 rw-p 00000000 00:00 0 
7f1feeef0000-7f1feeef4000 ---p 00000000 00:00 0 
7f1feeef4000-7f1feeff1000 rw-p 00000000 00:00 0 
7f1feeff1000-7f1feeff5000 ---p 00000000 00:00 0 
7f1feeff5000-7f1fef0f2000 rw-p 00000000 00:00 0 
7f1fef0f2000-7f1fef0f6000 ---p 00000000 00:00 0 
7f1fef0f6000-7f1fef1f3000 rw-p 00000000 00:00 0 
7f1fef1f3000-7f1fef1f7000 ---p 00000000 00:00 0 
7f1fef1f7000-7f1fef2f4000 rw-p 00000000 00:00 0 
7f1fef2f4000-7f1fef2f8000 ---p 00000000 00:00 0 
7f1fef2f8000-7f1fef3f5000 rw-p 00000000 00:00 0 
7f1fef3f5000-7f1fef3f9000 ---p 00000000 00:00 0 
7f1fef3f9000-7f1fef4f6000 rw-p 00000000 00:00 0 
7f1fef4f6000-7f1fef4fa000 ---p 00000000 00:00 0 
7f1fef4fa000-7f1fef5f6000 rw-p 00000000 00:00 0 
7f1fef5f6000-7f1fef5f7000 rw-p 00000000 00:00 0 
7f1fef5f7000-7f1fef5fb000 ---p 00000000 00:00 0 
7f1fef5fb000-7f1fef6f8000 rw-p 00000000 00:00 0 
7f1fef6f8000-7f1fef6fc000 ---p 00000000 00:00 0 
7f1fef6fc000-7f1fef7f9000 rw-p 00000000 00:00 0 
7f1fef7f9000-7f1fef7fd000 ---p 00000000 00:00 0 
7f1fef7fd000-7f1fef8f9000 rw-p 00000000 00:00 0 
7f1fef8f9000-7f1fef8fa000 rw-p 00000000 00:00 0 
7f1fef8fa000-7f1fef8fe000 ---p 00000000 00:00 0 
7f1fef8fe000-7f1fef9fb000 rw-p 00000000 00:00 0 
7f1fef9fb000-7f1fef9ff000 ---p 00000000 00:00 0 
7f1fef9ff000-7f1fefafc000 rw-p 00000000 00:00 0 
7f1fefafc000-7f1fefb00000 ---p 00000000 00:00 0 
7f1fefb00000-7f1fefbfd000 rw-p 00000000 00:00 0 
7f1fefbfd000-7f1fefc01000 ---p 00000000 00:00 0 
7f1fefc01000-7f1fefcfe000 rw-p 00000000 00:00 0 
7f1fefcfe000-7f1fefd02000 ---p 00000000 00:00 0 
7f1fefd02000-7f1fefdfe000 rw-p 00000000 00:00 0 
7f1fefdfe000-7f1fefdff000 rw-p 00000000 00:00 0 
7f1fefdff000-7f1fefe03000 ---p 00000000 00:00 0 
7f1fefe03000-7f1feff00000 rw-p 00000000 00:00 0 
7f1feff00000-7f1feff04000 ---p 00000000 00:00 0 
7f1feff04000-7f1ff0000000 rw-p 00000000 00:00 0 
7f1ff0000000-7f1ff0e1b000 rw-p 00000000 00:00 0 
7f1ff0e1b000-7f1ff4000000 ---p 00000000 00:00 0 
7f1ff4000000-7f1ff5502000 rw-p 00000000 00:00 0 
7f1ff5502000-7f1ff8000000 ---p 00000000 00:00 0 
7f1ff8000000-7f1ff8c37000 rw-p 00000000 00:00 0 
7f1ff8c37000-7f1ffc000000 ---p 00000000 00:00 0 
7f1ffc000000-7f1ffd570000 rw-p 00000000 00:00 0 
7f1ffd570000-7f2000000000 ---p 00000000 00:00 0 
7f2000000000-7f2000ff8000 rw-p 00000000 00:00 0 
7f2000ff8000-7f2004000000 ---p 00000000 00:00 0 
7f2004000000-7f2004cc1000 rw-p 00000000 00:00 0 
7f2004cc1000-7f2008000000 ---p 00000000 00:00 0 
7f2008000000-7f20091d7000 rw-p 00000000 00:00 0 
7f20091d7000-7f200c000000 ---p 00000000 00:00 0 
7f200c000000-7f200caf1000 rw-p 00000000 00:00 0 
7f200caf1000-7f2010000000 ---p 00000000 00:00 0 
7f2010000000-7f20113a4000 rw-p 00000000 00:00 0 
7f20113a4000-7f2014000000 ---p 00000000 00:00 0 
7f2014000000-7f2014f5d000 rw-p 00000000 00:00 0 
7f2014f5d000-7f2018000000 ---p 00000000 00:00 0 
7f2018000000-7f20193d1000 rw-p 00000000 00:00 0 
7f20193d1000-7f201c000000 ---p 00000000 00:00 0 
7f201c000000-7f201d635000 rw-p 00000000 00:00 0 
7f201d635000-7f2020000000 ---p 00000000 00:00 0 
7f2020000000-7f2020387000 rw-p 00000000 00:00 0 
7f2020387000-7f2024000000 ---p 00000000 00:00 0 
7f2024000000-7f20257a4000 rw-p 00000000 00:00 0 
7f20257a4000-7f2028000000 ---p 00000000 00:00 0 
7f2028000000-7f2028365000 rw-p 00000000 00:00 0 
7f2028365000-7f202c000000 ---p 00000000 00:00 0 
7f202c000000-7f202cc85000 rw-p 00000000 00:00 0 
7f202cc85000-7f2030000000 ---p 00000000 00:00 0 
7f2030000000-7f20304a8000 rw-p 00000000 00:00 0 
7f20304a8000-7f2034000000 ---p 00000000 00:00 0 
7f2034000000-7f2035119000 rw-p 00000000 00:00 0 
7f2035119000-7f2038000000 ---p 00000000 00:00 0 
7f2038000000-7f2039f17000 rw-p 00000000 00:00 0 
7f2039f17000-7f203c000000 ---p 00000000 00:00 0 
7f203c000000-7f203dec9000 rw-p 00000000 00:00 0 
7f203dec9000-7f2040000000 ---p 00000000 00:00 0 
7f2040000000-7f2041a33000 rw-p 00000000 00:00 0 
7f2041a33000-7f2044000000 ---p 00000000 00:00 0 
7f2044000000-7f2045e12000 rw-p 00000000 00:00 0 
7f2045e12000-7f2048000000 ---p 00000000 00:00 0 
7f2048000000-7f204a1b0000 rw-p 00000000 00:00 0 
7f204a1b0000-7f204c000000 ---p 00000000 00:00 0 
7f204c000000-7f204d747000 rw-p 00000000 00:00 0 
7f204d747000-7f2050000000 ---p 00000000 00:00 0 
7f2050000000-7f205167b000 rw-p 00000000 00:00 0 
7f205167b000-7f2054000000 ---p 00000000 00:00 0 
7f2054000000-7f2055a18000 rw-p 00000000 00:00 0 
7f2055a18000-7f2058000000 ---p 00000000 00:00 0 
7f2058000000-7f2058a99000 rw-p 00000000 00:00 0 
7f2058a99000-7f205c000000 ---p 00000000 00:00 0 
7f205c000000-7f205cb82000 rw-p 00000000 00:00 0 
7f205cb82000-7f2060000000 ---p 00000000 00:00 0 
7f2060000000-7f2060c0e000 rw-p 00000000 00:00 0 
7f2060c0e000-7f2064000000 ---p 00000000 00:00 0 
7f2064000000-7f2064a0a000 rw-p 00000000 00:00 0 
7f2064a0a000-7f2068000000 ---p 00000000 00:00 0 
7f2068000000-7f20688c7000 rw-p 00000000 00:00 0 
7f20688c7000-7f206c000000 ---p 00000000 00:00 0 
7f206c000000-7f206c83d000 rw-p 00000000 00:00 0 
7f206c83d000-7f2070000000 ---p 00000000 00:00 0 
7f2070000000-7f2070ade000 rw-p 00000000 00:00 0 
7f2070ade000-7f2074000000 ---p 00000000 00:00 0 
7f2074000000-7f2074c65000 rw-p 00000000 00:00 0 
7f2074c65000-7f2078000000 ---p 00000000 00:00 0 
7f2078000000-7f207805b000 rw-p 00000000 00:00 0 
7f207805b000-7f207c000000 ---p 00000000 00:00 0 
7f207c000000-7f207cd6a000 rw-p 00000000 00:00 0 
7f207cd6a000-7f2080000000 ---p 00000000 00:00 0 
7f2080000000-7f2080032000 rw-p 00000000 00:00 0 
7f2080032000-7f2084000000 ---p 00000000 00:00 0 
7f2084000000-7f2084057000 rw-p 00000000 00:00 0 
7f2084057000-7f2088000000 ---p 00000000 00:00 0 
7f2088000000-7f208807c000 rw-p 00000000 00:00 0 
7f208807c000-7f208c000000 ---p 00000000 00:00 0 
7f208c000000-7f208c03b000 rw-p 00000000 00:00 0 
7f208c03b000-7f2090000000 ---p 00000000 00:00 0 
7f2090000000-7f20910c3000 rw-p 00000000 00:00 0 
7f20910c3000-7f2094000000 ---p 00000000 00:00 0 
7f2094000000-7f2094071000 rw-p 00000000 00:00 0 
7f2094071000-7f2098000000 ---p 00000000 00:00 0 
7f2098000000-7f2098d0a000 rw-p 00000000 00:00 0 
7f2098d0a000-7f209c000000 ---p 00000000 00:00 0 
7f209c000000-7f209d452000 rw-p 00000000 00:00 0 
7f209d452000-7f20a0000000 ---p 00000000 00:00 0 
7f20a0000000-7f20a0a84000 rw-p 00000000 00:00 0 
7f20a0a84000-7f20a4000000 ---p 00000000 00:00 0 
7f20a4000000-7f20a4e83000 rw-p 00000000 00:00 0 
7f20a4e83000-7f20a8000000 ---p 00000000 00:00 0 
7f20a8000000-7f20a8add000 rw-p 00000000 00:00 0 
7f20a8add000-7f20ac000000 ---p 00000000 00:00 0 
7f20ac000000-7f20ac048000 rw-p 00000000 00:00 0 
7f20ac048000-7f20b0000000 ---p 00000000 00:00 0 
7f20b0000000-7f20b01b8000 rw-p 00000000 00:00 0 
7f20b01b8000-7f20b4000000 ---p 00000000 00:00 0 
7f20b4000000-7f20b406b000 rw-p 00000000 00:00 0 
7f20b406b000-7f20b8000000 ---p 00000000 00:00 0 
7f20b8000000-7f20b8021000 rw-p 00000000 00:00 0 
7f20b8021000-7f20bc000000 ---p 00000000 00:00 0 
7f20bc000000-7f20bfd53000 rw-p 00000000 00:00 0 
7f20bfd53000-7f20c0000000 ---p 00000000 00:00 0 
7f20c0000000-7f20c0fd8000 rw-p 00000000 00:00 0 
7f20c0fd8000-7f20c4000000 ---p 00000000 00:00 0 
7f20c4000000-7f20c40ce000 rw-p 00000000 00:00 0 
7f20c40ce000-7f20c8000000 ---p 00000000 00:00 0 
7f20c8000000-7f20c8053000 rw-p 00000000 00:00 0 
7f20c8053000-7f20cc000000 ---p 00000000 00:00 0 
7f20cc000000-7f20cc021000 rw-p 00000000 00:00 0 
7f20cc021000-7f20d0000000 ---p 00000000 00:00 0 
7f20d0000000-7f20d03dd000 rw-p 00000000 00:00 0 
7f20d03dd000-7f20d4000000 ---p 00000000 00:00 0 
7f20d4000000-7f20d4319000 rw-p 00000000 00:00 0 
7f20d4319000-7f20d8000000 ---p 00000000 00:00 0 
7f20d8000000-7f20d802f000 rw-p 00000000 00:00 0 
7f20d802f000-7f20dc000000 ---p 00000000 00:00 0 
7f20dc000000-7f20dc051000 rw-p 00000000 00:00 0 
7f20dc051000-7f20e0000000 ---p 00000000 00:00 0 
7f20e0000000-7f20e002e000 rw-p 00000000 00:00 0 
7f20e002e000-7f20e4000000 ---p 00000000 00:00 0 
7f20e4000000-7f20e4038000 rw-p 00000000 00:00 0 
7f20e4038000-7f20e8000000 ---p 00000000 00:00 0 
7f20e8000000-7f20e8052000 rw-p 00000000 00:00 0 
7f20e8052000-7f20ec000000 ---p 00000000 00:00 0 
7f20ec000000-7f20ec029000 rw-p 00000000 00:00 0 
7f20ec029000-7f20f0000000 ---p 00000000 00:00 0 
7f20f0000000-7f20f002e000 rw-p 00000000 00:00 0 
7f20f002e000-7f20f4000000 ---p 00000000 00:00 0 
7f20f4000000-7f20f4059000 rw-p 00000000 00:00 0 
7f20f4059000-7f20f8000000 ---p 00000000 00:00 0 
7f20f8000000-7f20f8040000 rw-p 00000000 00:00 0 
7f20f8040000-7f20fc000000 ---p 00000000 00:00 0 
7f20fc000000-7f20fc032000 rw-p 00000000 00:00 0 
7f20fc032000-7f2100000000 ---p 00000000 00:00 0 
7f2100000000-7f2100203000 rw-p 00000000 00:00 0 
7f2100203000-7f2104000000 ---p 00000000 00:00 0 
7f2104000000-7f2104043000 rw-p 00000000 00:00 0 
7f2104043000-7f2108000000 ---p 00000000 00:00 0 
7f2108000000-7f21097c3000 rw-p 00000000 00:00 0 
7f21097c3000-7f210c000000 ---p 00000000 00:00 0 
7f210c000000-7f210c2c6000 rw-p 00000000 00:00 0 
7f210c2c6000-7f2110000000 ---p 00000000 00:00 0 
7f2110000000-7f2110021000 rw-p 00000000 00:00 0 
7f2110021000-7f2114000000 ---p 00000000 00:00 0 
7f2114000000-7f2115bc4000 rw-p 00000000 00:00 0 
7f2115bc4000-7f2118000000 ---p 00000000 00:00 0 
7f2118000000-7f211825c000 rw-p 00000000 00:00 0 
7f211825c000-7f211c000000 ---p 00000000 00:00 0 
7f211c000000-7f211c021000 rw-p 00000000 00:00 0 
7f211c021000-7f2120000000 ---p 00000000 00:00 0 
7f2120000000-7f2120a66000 rw-p 00000000 00:00 0 
7f2120a66000-7f2124000000 ---p 00000000 00:00 0 
7f2124000000-7f2124498000 rw-p 00000000 00:00 0 
7f2124498000-7f2128000000 ---p 00000000 00:00 0 
7f2128000000-7f2128021000 rw-p 00000000 00:00 0 
7f2128021000-7f212c000000 ---p 00000000 00:00 0 
7f212c000000-7f212e7a5000 rw-p 00000000 00:00 0 
7f212e7a5000-7f2130000000 ---p 00000000 00:00 0 
7f2130000000-7f2130021000 rw-p 00000000 00:00 0 
7f2130021000-7f2134000000 ---p 00000000 00:00 0 
7f2134000000-7f213419d000 rw-p 00000000 00:00 0 
7f213419d000-7f2138000000 ---p 00000000 00:00 0 
7f2138000000-7f2138021000 rw-p 00000000 00:00 0 
7f2138021000-7f213c000000 ---p 00000000 00:00 0 
7f213c000000-7f213c0f8000 rw-p 00000000 00:00 0 
7f213c0f8000-7f2140000000 ---p 00000000 00:00 0 
7f2140000000-7f2140310000 rw-p 00000000 00:00 0 
7f2140310000-7f2144000000 ---p 00000000 00:00 0 
7f21440d1000-7f21440d2000 rw-p 00000000 00:00 0 
7f21440d2000-7f21440d6000 ---p 00000000 00:00 0 
7f21440d6000-7f21441d3000 rw-p 00000000 00:00 0 
7f21441d3000-7f21441d7000 ---p 00000000 00:00 0 
7f21441d7000-7f21442d4000 rw-p 00000000 00:00 0 
7f21442d4000-7f21442d8000 ---p 00000000 00:00 0 
7f21442d8000-7f21443d5000 rw-p 00000000 00:00 0 
7f21443d5000-7f21443d9000 ---p 00000000 00:00 0 
7f21443d9000-7f21444d6000 rw-p 00000000 00:00 0 
7f21444d6000-7f21444da000 ---p 00000000 00:00 0 
7f21444da000-7f21445d7000 rw-p 00000000 00:00 0 
7f21445d7000-7f21445db000 ---p 00000000 00:00 0 
7f21445db000-7f21446d8000 rw-p 00000000 00:00 0 
7f21446d8000-7f21446dc000 ---p 00000000 00:00 0 
7f21446dc000-7f21447d9000 rw-p 00000000 00:00 0 
7f21447d9000-7f21447dd000 ---p 00000000 00:00 0 
7f21447dd000-7f21448da000 rw-p 00000000 00:00 0 
7f21448da000-7f21448de000 ---p 00000000 00:00 0 
7f21448de000-7f21449db000 rw-p 00000000 00:00 0 
7f21449db000-7f21449df000 ---p 00000000 00:00 0 
7f21449df000-7f2144adc000 rw-p 00000000 00:00 0 
7f2144adc000-7f2144ae0000 ---p 00000000 00:00 0 
7f2144ae0000-7f2144bdd000 rw-p 00000000 00:00 0 
7f2144bdd000-7f2144be1000 ---p 00000000 00:00 0 
7f2144be1000-7f2144cde000 rw-p 00000000 00:00 0 
7f2144cde000-7f2144ce2000 ---p 00000000 00:00 0 
7f2144ce2000-7f2144ddf000 rw-p 00000000 00:00 0 
7f2144ddf000-7f2144de3000 ---p 00000000 00:00 0 
7f2144de3000-7f2144ee0000 rw-p 00000000 00:00 0 
7f2144ee0000-7f2144ee4000 ---p 00000000 00:00 0 
7f2144ee4000-7f2144fe1000 rw-p 00000000 00:00 0 
7f2144fe1000-7f2144fe5000 ---p 00000000 00:00 0 
7f2144fe5000-7f21450e2000 rw-p 00000000 00:00 0 
7f21450e2000-7f21450e6000 ---p 00000000 00:00 0 
7f21450e6000-7f21451e3000 rw-p 00000000 00:00 0 
7f21451e3000-7f21451e7000 ---p 00000000 00:00 0 
7f21451e7000-7f21452e4000 rw-p 00000000 00:00 0 
7f21452e4000-7f21452e8000 ---p 00000000 00:00 0 
7f21452e8000-7f21453e5000 rw-p 00000000 00:00 0 
7f21453e5000-7f21453e9000 ---p 00000000 00:00 0 
7f21453e9000-7f21454e6000 rw-p 00000000 00:00 0 
7f21454e6000-7f21454ea000 ---p 00000000 00:00 0 
7f21454ea000-7f21455e7000 rw-p 00000000 00:00 0 
7f21455e7000-7f21455eb000 ---p 00000000 00:00 0 
7f21455eb000-7f21456e8000 rw-p 00000000 00:00 0 
7f21456e8000-7f21456ec000 ---p 00000000 00:00 0 
7f21456ec000-7f21457e9000 rw-p 00000000 00:00 0 
7f21457e9000-7f21457ed000 ---p 00000000 00:00 0 
7f21457ed000-7f21458ea000 rw-p 00000000 00:00 0 
7f21458ea000-7f21458ee000 ---p 00000000 00:00 0 
7f21458ee000-7f21459eb000 rw-p 00000000 00:00 0 
7f21459eb000-7f21459ef000 ---p 00000000 00:00 0 
7f21459ef000-7f2145aec000 rw-p 00000000 00:00 0 
7f2145aec000-7f2145af0000 ---p 00000000 00:00 0 
7f2145af0000-7f2146bfd000 rw-p 00000000 00:00 0 
7f2146bfd000-7f2146c01000 ---p 00000000 00:00 0 
7f2146c01000-7f2146cfe000 rw-p 00000000 00:00 0 
7f2146cfe000-7f2146d02000 ---p 00000000 00:00 0 
7f2146d02000-7f2146dff000 rw-p 00000000 00:00 0 
7f2146dff000-7f2146e03000 ---p 00000000 00:00 0 
7f2146e03000-7f2146f00000 rw-p 00000000 00:00 0 
7f2146f00000-7f2146f04000 ---p 00000000 00:00 0 
7f2146f04000-7f2147000000 rw-p 00000000 00:00 0 
7f2147000000-7f2147400000 rw-p 00000000 00:00 0 
7f2147400000-7f2147900000 rw-p 00000000 00:00 0 
7f2147900000-7f2147a00000 rw-p 00000000 00:00 0 
7f2147a00000-7f2147d80000 rw-p 00000000 00:00 0 
7f2147d80000-7f2147e00000 rw-p 00000000 00:00 0 
7f2147e00000-7f2148900000 rw-p 00000000 00:00 0 
7f2148900000-7f2148a00000 rw-p 00000000 00:00 0 
7f2148a00000-7f2148b00000 rw-p 00000000 00:00 0 
7f2148b00000-7f2148c00000 rw-p 00000000 00:00 0 
7f2148c00000-7f2148d80000 rw-p 00000000 00:00 0 
7f2148d80000-7f2148e00000 rw-p 00000000 00:00 0 
7f2148e00000-7f21497c0000 rw-p 00000000 00:00 0 
7f21497c0000-7f2149800000 rw-p 00000000 00:00 0 
7f2149800000-7f2149b40000 rw-p 00000000 00:00 0 
7f2149b40000-7f2149b80000 rw-p 00000000 00:00 0 
7f2149b80000-7f2149d00000 rw-p 00000000 00:00 0 
7f2149d00000-7f2149d40000 rw-p 00000000 00:00 0 
7f2149d40000-7f2149d80000 rw-p 00000000 00:00 0 
7f2149d80000-7f2149ee0000 rw-p 00000000 00:00 0 
7f2149ee0000-7f2149f00000 rw-p 00000000 00:00 0 
7f2149f00000-7f214a100000 rw-p 00000000 00:00 0 
7f214a100000-7f214a300000 rw-p 00000000 00:00 0 
7f214a300000-7f214a400000 rw-p 00000000 00:00 0 
7f214a400000-7f214af40000 rw-p 00000000 00:00 0 
7f214af40000-7f214af80000 rw-p 00000000 00:00 0 
7f214af80000-7f214b000000 rw-p 00000000 00:00 0 
7f214b000000-7f214bc9b000 rw-p 00001000 00:21 8307922                    /usr/lib/jvm/java-21-openjdk/lib/server/classes.jsa
7f214bc9b000-7f214c000000 ---p 00000000 00:00 0 
7f214c000000-7f214c040000 rw-p 00000000 00:00 0 
7f214c040000-7f214c080000 rw-p 00000000 00:00 0 
7f214c080000-7f214c140000 rw-p 00000000 00:00 0 
7f214c140000-7f214c540000 rw-p 00000000 00:00 0 
7f214c540000-7f214c840000 rw-p 00000000 00:00 0 
7f214c840000-7f214c8c0000 rw-p 00000000 00:00 0 
7f214c8c0000-7f214cb40000 rw-p 00000000 00:00 0 
7f214cb40000-7f214d140000 rw-p 00000000 00:00 0 
7f214d140000-7f214d180000 rw-p 00000000 00:00 0 
7f214d180000-7f214e1a0000 rw-p 00000000 00:00 0 
7f214e1a0000-7f218c000000 ---p 00000000 00:00 0 
7f218c000000-7f218c032000 rw-p 00000000 00:00 0 
7f218c032000-7f2190000000 ---p 00000000 00:00 0 
7f2190000000-7f2190021000 rw-p 00000000 00:00 0 
7f2190021000-7f2194000000 ---p 00000000 00:00 0 
7f2194000000-7f2194021000 rw-p 00000000 00:00 0 
7f2194021000-7f2198000000 ---p 00000000 00:00 0 
7f2198015000-7f219801a000 r--p 00000000 00:21 8307876                    /usr/lib/jvm/java-21-openjdk/lib/libawt.so
7f219801a000-7f21980b7000 r-xp 00005000 00:21 8307876                    /usr/lib/jvm/java-21-openjdk/lib/libawt.so
7f21980b7000-7f21980c4000 r--p 000a2000 00:21 8307876                    /usr/lib/jvm/java-21-openjdk/lib/libawt.so
7f21980c4000-7f21980c5000 r--p 000ae000 00:21 8307876                    /usr/lib/jvm/java-21-openjdk/lib/libawt.so
7f21980c5000-7f21980d0000 rw-p 000af000 00:21 8307876                    /usr/lib/jvm/java-21-openjdk/lib/libawt.so
7f21980d0000-7f21980f5000 rw-p 00000000 00:00 0 
7f21980f5000-7f21980f6000 rw-p 00000000 00:00 0 
7f21980f6000-7f21980fa000 ---p 00000000 00:00 0 
7f21980fa000-7f21981f7000 rw-p 00000000 00:00 0 
7f21981f7000-7f21981fb000 ---p 00000000 00:00 0 
7f21981fb000-7f21982f8000 rw-p 00000000 00:00 0 
7f21982f8000-7f21982fc000 ---p 00000000 00:00 0 
7f21982fc000-7f21983f9000 rw-p 00000000 00:00 0 
7f21983f9000-7f21983fd000 ---p 00000000 00:00 0 
7f21983fd000-7f21984fa000 rw-p 00000000 00:00 0 
7f21984fa000-7f21984fe000 ---p 00000000 00:00 0 
7f21984fe000-7f21985fb000 rw-p 00000000 00:00 0 
7f21985fb000-7f21985ff000 ---p 00000000 00:00 0 
7f21985ff000-7f21986fc000 rw-p 00000000 00:00 0 
7f21986fc000-7f2198700000 ---p 00000000 00:00 0 
7f2198700000-7f21987fd000 rw-p 00000000 00:00 0 
7f21987fd000-7f2198801000 ---p 00000000 00:00 0 
7f2198801000-7f21988fe000 rw-p 00000000 00:00 0 
7f21988fe000-7f2198902000 ---p 00000000 00:00 0 
7f2198902000-7f21989ff000 rw-p 00000000 00:00 0 
7f21989ff000-7f2198a03000 ---p 00000000 00:00 0 
7f2198a03000-7f2198b00000 rw-p 00000000 00:00 0 
7f2198b00000-7f2198b04000 ---p 00000000 00:00 0 
7f2198b04000-7f2198c00000 rw-p 00000000 00:00 0 
7f2198c00000-7f2198c53000 r-xp 00000000 00:21 13614546                   /home/iggut/.gradle/native/100fb08df4bc3b14c8652ba06237920a3bd2aa13389f12d3474272988ae205f9/linux-amd64/libnative-platform-file-events.so
7f2198c53000-7f2198e52000 ---p 00053000 00:21 13614546                   /home/iggut/.gradle/native/100fb08df4bc3b14c8652ba06237920a3bd2aa13389f12d3474272988ae205f9/linux-amd64/libnative-platform-file-events.so
7f2198e52000-7f2198e53000 r--p 00052000 00:21 13614546                   /home/iggut/.gradle/native/100fb08df4bc3b14c8652ba06237920a3bd2aa13389f12d3474272988ae205f9/linux-amd64/libnative-platform-file-events.so
7f2198e53000-7f2198e55000 rw-p 00053000 00:21 13614546                   /home/iggut/.gradle/native/100fb08df4bc3b14c8652ba06237920a3bd2aa13389f12d3474272988ae205f9/linux-amd64/libnative-platform-file-events.so
7f2198eff000-7f2198f00000 rw-p 00000000 00:00 0 
7f2198f00000-7f2198f04000 ---p 00000000 00:00 0 
7f2198f04000-7f2199000000 rw-p 00000000 00:00 0 
7f2199000000-7f2199005000 r-xp 00000000 00:21 6151056                    /home/iggut/.gradle/native/c067742578af261105cb4f569cf0c3c89f3d7b1fecec35dd04571415982c5e48/linux-amd64/libnative-platform.so
7f2199005000-7f2199205000 ---p 00005000 00:21 6151056                    /home/iggut/.gradle/native/c067742578af261105cb4f569cf0c3c89f3d7b1fecec35dd04571415982c5e48/linux-amd64/libnative-platform.so
7f2199205000-7f2199206000 r--p 00005000 00:21 6151056                    /home/iggut/.gradle/native/c067742578af261105cb4f569cf0c3c89f3d7b1fecec35dd04571415982c5e48/linux-amd64/libnative-platform.so
7f2199206000-7f2199207000 rw-p 00006000 00:21 6151056                    /home/iggut/.gradle/native/c067742578af261105cb4f569cf0c3c89f3d7b1fecec35dd04571415982c5e48/linux-amd64/libnative-platform.so
7f2199216000-7f2199d22000 rw-p 00000000 00:00 0 
7f2199d22000-7f2199d26000 ---p 00000000 00:00 0 
7f2199d26000-7f2199e23000 rw-p 00000000 00:00 0 
7f2199e23000-7f2199e27000 ---p 00000000 00:00 0 
7f2199e27000-7f2199f24000 rw-p 00000000 00:00 0 
7f2199f24000-7f2199f28000 ---p 00000000 00:00 0 
7f2199f28000-7f219a025000 rw-p 00000000 00:00 0 
7f219a025000-7f219a029000 ---p 00000000 00:00 0 
7f219a029000-7f219a126000 rw-p 00000000 00:00 0 
7f219a126000-7f219a12a000 ---p 00000000 00:00 0 
7f219a12a000-7f219a227000 rw-p 00000000 00:00 0 
7f219a227000-7f219a22b000 ---p 00000000 00:00 0 
7f219a22b000-7f219a328000 rw-p 00000000 00:00 0 
7f219a328000-7f219a32c000 ---p 00000000 00:00 0 
7f219a32c000-7f219a428000 rw-p 00000000 00:00 0 
7f219a428000-7f219a429000 rw-p 00000000 00:00 0 
7f219a429000-7f219a42d000 ---p 00000000 00:00 0 
7f219a42d000-7f219a529000 rw-p 00000000 00:00 0 
7f219a529000-7f219a52e000 r--p 00000000 00:21 8307895                    /usr/lib/jvm/java-21-openjdk/lib/libjsvml.so
7f219a52e000-7f219a56f000 r-xp 00005000 00:21 8307895                    /usr/lib/jvm/java-21-openjdk/lib/libjsvml.so
7f219a56f000-7f219a5f8000 r--p 00046000 00:21 8307895                    /usr/lib/jvm/java-21-openjdk/lib/libjsvml.so
7f219a5f8000-7f219a5f9000 r--p 000ce000 00:21 8307895                    /usr/lib/jvm/java-21-openjdk/lib/libjsvml.so
7f219a5f9000-7f219a5fa000 rw-p 000cf000 00:21 8307895                    /usr/lib/jvm/java-21-openjdk/lib/libjsvml.so
7f219a5fa000-7f219a5fb000 rw-p 00000000 00:00 0 
7f219a5fb000-7f219a5ff000 ---p 00000000 00:00 0 
7f219a5ff000-7f219a6fc000 rw-p 00000000 00:00 0 
7f219a6fc000-7f219a700000 ---p 00000000 00:00 0 
7f219a700000-7f219a7fd000 rw-p 00000000 00:00 0 
7f219a7fd000-7f219a801000 ---p 00000000 00:00 0 
7f219a801000-7f219a8fe000 rw-p 00000000 00:00 0 
7f219a8fe000-7f219a902000 ---p 00000000 00:00 0 
7f219a902000-7f219a9ff000 rw-p 00000000 00:00 0 
7f219a9ff000-7f219aa03000 ---p 00000000 00:00 0 
7f219aa03000-7f219ab00000 rw-p 00000000 00:00 0 
7f219ab00000-7f219ab04000 ---p 00000000 00:00 0 
7f219ab04000-7f219ac00000 rw-p 00000000 00:00 0 
7f219ac00000-7f219b165000 r--p 00000000 00:21 8979905                    /usr/lib/locale/locale-archive
7f219b177000-7f219b17a000 r--p 00000000 00:21 10211290                   /usr/lib/libnss_myhostname.so.2
7f219b17a000-7f219b194000 r-xp 00003000 00:21 10211290                   /usr/lib/libnss_myhostname.so.2
7f219b194000-7f219b1a4000 r--p 0001d000 00:21 10211290                   /usr/lib/libnss_myhostname.so.2
7f219b1a4000-7f219b1a9000 r--p 0002d000 00:21 10211290                   /usr/lib/libnss_myhostname.so.2
7f219b1a9000-7f219b1aa000 rw-p 00032000 00:21 10211290                   /usr/lib/libnss_myhostname.so.2
7f219b1aa000-7f219b1ad000 r--p 00000000 00:21 10211292                   /usr/lib/libnss_resolve.so.2
7f219b1ad000-7f219b1d6000 r-xp 00003000 00:21 10211292                   /usr/lib/libnss_resolve.so.2
7f219b1d6000-7f219b1ea000 r--p 0002c000 00:21 10211292                   /usr/lib/libnss_resolve.so.2
7f219b1ea000-7f219b1f1000 r--p 00040000 00:21 10211292                   /usr/lib/libnss_resolve.so.2
7f219b1f1000-7f219b1f2000 rw-p 00047000 00:21 10211292                   /usr/lib/libnss_resolve.so.2
7f219b1f2000-7f219b1f3000 rw-p 00000000 00:00 0 
7f219b1f3000-7f219b1f7000 ---p 00000000 00:00 0 
7f219b1f7000-7f219b6f7000 rw-p 00000000 00:00 0 
7f219b6f7000-7f219c021000 rw-p 00000000 00:00 0 
7f219c021000-7f21a0000000 ---p 00000000 00:00 0 
7f21a0000000-7f21a019f000 rw-p 00000000 00:00 0 
7f21a019f000-7f21a4000000 ---p 00000000 00:00 0 
7f21a4000000-7f21a403c000 rw-p 00000000 00:00 0 
7f21a403c000-7f21a8000000 ---p 00000000 00:00 0 
7f21a8013000-7f21a8017000 r--p 00000000 00:21 10211291                   /usr/lib/libnss_mymachines.so.2
7f21a8017000-7f21a8061000 r-xp 00004000 00:21 10211291                   /usr/lib/libnss_mymachines.so.2
7f21a8061000-7f21a8078000 r--p 0004e000 00:21 10211291                   /usr/lib/libnss_mymachines.so.2
7f21a8078000-7f21a807b000 r--p 00065000 00:21 10211291                   /usr/lib/libnss_mymachines.so.2
7f21a807b000-7f21a807c000 rw-p 00068000 00:21 10211291                   /usr/lib/libnss_mymachines.so.2
7f21a807c000-7f21ab940000 rw-p 00000000 00:00 0 
7f21ab940000-7f21ac15c000 ---p 00000000 00:00 0 
7f21ac15c000-7f21ac400000 rw-p 00000000 00:00 0 
7f21ac400000-7f21b14d0000 rwxp 00000000 00:00 0 
7f21b14d0000-7f21b3817000 ---p 00000000 00:00 0 
7f21b3817000-7f21b3d17000 rwxp 00000000 00:00 0 
7f21b3d17000-7f21b3fe8000 ---p 00000000 00:00 0 
7f21b3fe8000-7f21b6028000 rwxp 00000000 00:00 0 
7f21b6028000-7f21bb400000 ---p 00000000 00:00 0 
7f21bb400000-7f21c3ecf000 r--s 00000000 00:21 8307912                    /usr/lib/jvm/java-21-openjdk/lib/modules
7f21c3eff000-7f21c55b1000 rw-p 00000000 00:00 0 
7f21c55b1000-7f21c8000000 ---p 00000000 00:00 0 
7f21c800e000-7f21c800f000 rw-p 00000000 00:00 0 
7f21c800f000-7f21c8013000 ---p 00000000 00:00 0 
7f21c8013000-7f21c8032000 rw-p 00000000 00:00 0 
7f21c8032000-7f21c8036000 ---p 00000000 00:00 0 
7f21c8036000-7f21c8054000 rw-p 00000000 00:00 0 
7f21c8054000-7f21c8ab9000 rw-p 00000000 00:00 0 
7f21c8ab9000-7f21c8cbb000 rw-p 00000000 00:00 0 
7f21c8cbb000-7f21c90a8000 rw-p 00000000 00:00 0 
7f21c90a8000-7f21c91ab000 ---p 00000000 00:00 0 
7f21c91ab000-7f21c94a8000 rw-p 00000000 00:00 0 
7f21c94a8000-7f21c95ab000 ---p 00000000 00:00 0 
7f21c95ab000-7f21c9600000 rw-p 00000000 00:00 0 
7f21c9616000-7f21c9717000 rw-p 00000000 00:00 0 
7f21c9717000-7f21cae6f000 rw-p 00000000 00:00 0 
7f21cae6f000-7f21caf17000 ---p 00000000 00:00 0 
7f21caf17000-7f21cafb9000 rw-p 00000000 00:00 0 
7f21cafb9000-7f21cb000000 ---p 00000000 00:00 0 
7f21cb000000-7f21cb09a000 r--p 00000000 00:21 8979921                    /usr/lib/libstdc++.so.6.0.35
7f21cb09a000-7f21cb21d000 r-xp 0009a000 00:21 8979921                    /usr/lib/libstdc++.so.6.0.35
7f21cb21d000-7f21cb2bd000 r--p 0021d000 00:21 8979921                    /usr/lib/libstdc++.so.6.0.35
7f21cb2bd000-7f21cb2ce000 r--p 002bc000 00:21 8979921                    /usr/lib/libstdc++.so.6.0.35
7f21cb2ce000-7f21cb2cf000 rw-p 002cd000 00:21 8979921                    /usr/lib/libstdc++.so.6.0.35
7f21cb2cf000-7f21cb2d3000 rw-p 00000000 00:00 0 
7f21cb2ee000-7f21cb2ef000 r--p 00000000 00:21 8307905                    /usr/lib/jvm/java-21-openjdk/lib/librmi.so
7f21cb2ef000-7f21cb2f0000 r-xp 00001000 00:21 8307905                    /usr/lib/jvm/java-21-openjdk/lib/librmi.so
7f21cb2f0000-7f21cb2f1000 r--p 00002000 00:21 8307905                    /usr/lib/jvm/java-21-openjdk/lib/librmi.so
7f21cb2f1000-7f21cb2f2000 r--p 00002000 00:21 8307905                    /usr/lib/jvm/java-21-openjdk/lib/librmi.so
7f21cb2f2000-7f21cb2f3000 rw-p 00003000 00:21 8307905                    /usr/lib/jvm/java-21-openjdk/lib/librmi.so
7f21cb2f3000-7f21cb2f4000 r--p 00000000 00:21 10850                      /usr/lib/libnss_mdns_minimal.so.2
7f21cb2f4000-7f21cb2f6000 r-xp 00001000 00:21 10850                      /usr/lib/libnss_mdns_minimal.so.2
7f21cb2f6000-7f21cb2f7000 r--p 00003000 00:21 10850                      /usr/lib/libnss_mdns_minimal.so.2
7f21cb2f7000-7f21cb2f8000 r--p 00003000 00:21 10850                      /usr/lib/libnss_mdns_minimal.so.2
7f21cb2f8000-7f21cb2f9000 rw-p 00004000 00:21 10850                      /usr/lib/libnss_mdns_minimal.so.2
7f21cb2f9000-7f21cb300000 r--s 00000000 00:21 8979907                    /usr/lib/gconv/gconv-modules.cache
7f21cb300000-7f21cb304000 ---p 00000000 00:00 0 
7f21cb304000-7f21cb400000 rw-p 00000000 00:00 0 
7f21cb400000-7f21cb410000 r--p 00000000 00:21 8307925                    /usr/lib/jvm/java-21-openjdk/lib/server/libjvm.so
7f21cb410000-7f21cc317000 r-xp 00010000 00:21 8307925                    /usr/lib/jvm/java-21-openjdk/lib/server/libjvm.so
7f21cc317000-7f21cc5f1000 r--p 00f17000 00:21 8307925                    /usr/lib/jvm/java-21-openjdk/lib/server/libjvm.so
7f21cc5f1000-7f21cc6c7000 r--p 011f0000 00:21 8307925                    /usr/lib/jvm/java-21-openjdk/lib/server/libjvm.so
7f21cc6c7000-7f21cc6f7000 rw-p 012c6000 00:21 8307925                    /usr/lib/jvm/java-21-openjdk/lib/server/libjvm.so
7f21cc6f7000-7f21cc75d000 rw-p 00000000 00:00 0 
7f21cc75f000-7f21cc760000 r--p 00000000 00:21 8307880                    /usr/lib/jvm/java-21-openjdk/lib/libextnet.so
7f21cc760000-7f21cc761000 r-xp 00001000 00:21 8307880                    /usr/lib/jvm/java-21-openjdk/lib/libextnet.so
7f21cc761000-7f21cc762000 r--p 00002000 00:21 8307880                    /usr/lib/jvm/java-21-openjdk/lib/libextnet.so
7f21cc762000-7f21cc763000 r--p 00002000 00:21 8307880                    /usr/lib/jvm/java-21-openjdk/lib/libextnet.so
7f21cc763000-7f21cc764000 rw-p 00003000 00:21 8307880                    /usr/lib/jvm/java-21-openjdk/lib/libextnet.so
7f21cc764000-7f21cc766000 r--p 00000000 00:21 8307900                    /usr/lib/jvm/java-21-openjdk/lib/libmanagement_ext.so
7f21cc766000-7f21cc769000 r-xp 00002000 00:21 8307900                    /usr/lib/jvm/java-21-openjdk/lib/libmanagement_ext.so
7f21cc769000-7f21cc76a000 r--p 00005000 00:21 8307900                    /usr/lib/jvm/java-21-openjdk/lib/libmanagement_ext.so
7f21cc76a000-7f21cc76b000 r--p 00006000 00:21 8307900                    /usr/lib/jvm/java-21-openjdk/lib/libmanagement_ext.so
7f21cc76b000-7f21cc76c000 rw-p 00007000 00:21 8307900                    /usr/lib/jvm/java-21-openjdk/lib/libmanagement_ext.so
7f21cc76c000-7f21cc76e000 r--p 00000000 00:21 8307898                    /usr/lib/jvm/java-21-openjdk/lib/libmanagement.so
7f21cc76e000-7f21cc76f000 r-xp 00002000 00:21 8307898                    /usr/lib/jvm/java-21-openjdk/lib/libmanagement.so
7f21cc76f000-7f21cc770000 r--p 00003000 00:21 8307898                    /usr/lib/jvm/java-21-openjdk/lib/libmanagement.so
7f21cc770000-7f21cc771000 r--p 00003000 00:21 8307898                    /usr/lib/jvm/java-21-openjdk/lib/libmanagement.so
7f21cc771000-7f21cc772000 rw-p 00004000 00:21 8307898                    /usr/lib/jvm/java-21-openjdk/lib/libmanagement.so
7f21cc772000-7f21cc774000 r--p 00000000 00:21 8307910                    /usr/lib/jvm/java-21-openjdk/lib/libverify.so
7f21cc774000-7f21cc77b000 r-xp 00002000 00:21 8307910                    /usr/lib/jvm/java-21-openjdk/lib/libverify.so
7f21cc77b000-7f21cc77d000 r--p 00009000 00:21 8307910                    /usr/lib/jvm/java-21-openjdk/lib/libverify.so
7f21cc77d000-7f21cc77f000 r--p 0000a000 00:21 8307910                    /usr/lib/jvm/java-21-openjdk/lib/libverify.so
7f21cc77f000-7f21cc780000 rw-p 0000c000 00:21 8307910                    /usr/lib/jvm/java-21-openjdk/lib/libverify.so
7f21cc780000-7f21cc783000 r--p 00000000 00:21 8307902                    /usr/lib/jvm/java-21-openjdk/lib/libnet.so
7f21cc783000-7f21cc78b000 r-xp 00003000 00:21 8307902                    /usr/lib/jvm/java-21-openjdk/lib/libnet.so
7f21cc78b000-7f21cc78d000 r--p 0000b000 00:21 8307902                    /usr/lib/jvm/java-21-openjdk/lib/libnet.so
7f21cc78d000-7f21cc78e000 r--p 0000c000 00:21 8307902                    /usr/lib/jvm/java-21-openjdk/lib/libnet.so
7f21cc78e000-7f21cc78f000 rw-p 0000d000 00:21 8307902                    /usr/lib/jvm/java-21-openjdk/lib/libnet.so
7f21cc78f000-7f21cc796000 r--p 00000000 00:21 8307903                    /usr/lib/jvm/java-21-openjdk/lib/libnio.so
7f21cc796000-7f21cc79f000 r-xp 00007000 00:21 8307903                    /usr/lib/jvm/java-21-openjdk/lib/libnio.so
7f21cc79f000-7f21cc7a3000 r--p 00010000 00:21 8307903                    /usr/lib/jvm/java-21-openjdk/lib/libnio.so
7f21cc7a3000-7f21cc7a4000 r--p 00014000 00:21 8307903                    /usr/lib/jvm/java-21-openjdk/lib/libnio.so
7f21cc7a4000-7f21cc7a5000 rw-p 00015000 00:21 8307903                    /usr/lib/jvm/java-21-openjdk/lib/libnio.so
7f21cc7a5000-7f21cc7a7000 r--p 00000000 00:21 8307911                    /usr/lib/jvm/java-21-openjdk/lib/libzip.so
7f21cc7a7000-7f21cc7ab000 r-xp 00002000 00:21 8307911                    /usr/lib/jvm/java-21-openjdk/lib/libzip.so
7f21cc7ab000-7f21cc7ad000 r--p 00006000 00:21 8307911                    /usr/lib/jvm/java-21-openjdk/lib/libzip.so
7f21cc7ad000-7f21cc7ae000 r--p 00007000 00:21 8307911                    /usr/lib/jvm/java-21-openjdk/lib/libzip.so
7f21cc7ae000-7f21cc7af000 rw-p 00008000 00:21 8307911                    /usr/lib/jvm/java-21-openjdk/lib/libzip.so
7f21cc7e6000-7f21cc7e8000 r--p 00000000 00:21 8307877                    /usr/lib/jvm/java-21-openjdk/lib/libawt_headless.so
7f21cc7e8000-7f21cc7ec000 r-xp 00002000 00:21 8307877                    /usr/lib/jvm/java-21-openjdk/lib/libawt_headless.so
7f21cc7ec000-7f21cc7ee000 r--p 00006000 00:21 8307877                    /usr/lib/jvm/java-21-openjdk/lib/libawt_headless.so
7f21cc7ee000-7f21cc7ef000 r--p 00007000 00:21 8307877                    /usr/lib/jvm/java-21-openjdk/lib/libawt_headless.so
7f21cc7ef000-7f21cc7f0000 rw-p 00008000 00:21 8307877                    /usr/lib/jvm/java-21-openjdk/lib/libawt_headless.so
7f21cc7f0000-7f21cc7fa000 rw-p 00000000 00:00 0 
7f21cc7fa000-7f21cc800000 ---p 00000000 00:00 0 
7f21cc800000-7f21cc824000 r--p 00000000 00:21 8979186                    /usr/lib/libc.so.6
7f21cc824000-7f21cc99a000 r-xp 00024000 00:21 8979186                    /usr/lib/libc.so.6
7f21cc99a000-7f21cca0f000 r--p 0019a000 00:21 8979186                    /usr/lib/libc.so.6
7f21cca0f000-7f21cca13000 r--p 0020e000 00:21 8979186                    /usr/lib/libc.so.6
7f21cca13000-7f21cca15000 rw-p 00212000 00:21 8979186                    /usr/lib/libc.so.6
7f21cca15000-7f21cca1d000 rw-p 00000000 00:00 0 
7f21cca1d000-7f21cca21000 r--p 00000000 00:21 8979911                    /usr/lib/libgcc_s.so.1
7f21cca21000-7f21cca44000 r-xp 00004000 00:21 8979911                    /usr/lib/libgcc_s.so.1
7f21cca44000-7f21cca48000 r--p 00027000 00:21 8979911                    /usr/lib/libgcc_s.so.1
7f21cca48000-7f21cca49000 r--p 0002b000 00:21 8979911                    /usr/lib/libgcc_s.so.1
7f21cca49000-7f21cca4a000 rw-p 0002c000 00:21 8979911                    /usr/lib/libgcc_s.so.1
7f21cca4a000-7f21cca5a000 r--p 00000000 00:21 8979196                    /usr/lib/libm.so.6
7f21cca5a000-7f21ccaf3000 r-xp 00010000 00:21 8979196                    /usr/lib/libm.so.6
7f21ccaf3000-7f21ccb7b000 r--p 000a9000 00:21 8979196                    /usr/lib/libm.so.6
7f21ccb7b000-7f21ccb7c000 r--p 00130000 00:21 8979196                    /usr/lib/libm.so.6
7f21ccb7c000-7f21ccb7d000 rw-p 00131000 00:21 8979196                    /usr/lib/libm.so.6
7f21ccb7d000-7f21ccb80000 rw-p 00000000 00:00 0 
7f21ccb80000-7f21ccb83000 r--p 00000000 00:21 6282737                    /usr/lib/libz.so.1.3.2
7f21ccb83000-7f21ccb93000 r-xp 00003000 00:21 6282737                    /usr/lib/libz.so.1.3.2
7f21ccb93000-7f21ccb99000 r--p 00013000 00:21 6282737                    /usr/lib/libz.so.1.3.2
7f21ccb99000-7f21ccb9a000 r--p 00018000 00:21 6282737                    /usr/lib/libz.so.1.3.2
7f21ccb9a000-7f21ccb9b000 rw-p 00019000 00:21 6282737                    /usr/lib/libz.so.1.3.2
7f21ccb9b000-7f21ccb9c000 r--p 00000000 00:21 8979213                    /usr/lib/libpthread.so.0
7f21ccb9c000-7f21ccb9d000 r-xp 00001000 00:21 8979213                    /usr/lib/libpthread.so.0
7f21ccb9d000-7f21ccb9e000 r--p 00002000 00:21 8979213                    /usr/lib/libpthread.so.0
7f21ccb9e000-7f21ccb9f000 r--p 00002000 00:21 8979213                    /usr/lib/libpthread.so.0
7f21ccb9f000-7f21ccba0000 rw-p 00003000 00:21 8979213                    /usr/lib/libpthread.so.0
7f21ccba0000-7f21ccba8000 rw-s 00000000 00:47 9430                       /tmp/hsperfdata_iggut/675481
7f21ccba8000-7f21ccbb2000 r--p 00000000 00:21 8307887                    /usr/lib/jvm/java-21-openjdk/lib/libjava.so
7f21ccbb2000-7f21ccbc0000 r-xp 0000a000 00:21 8307887                    /usr/lib/jvm/java-21-openjdk/lib/libjava.so
7f21ccbc0000-7f21ccbc5000 r--p 00018000 00:21 8307887                    /usr/lib/jvm/java-21-openjdk/lib/libjava.so
7f21ccbc5000-7f21ccbc6000 r--p 0001d000 00:21 8307887                    /usr/lib/jvm/java-21-openjdk/lib/libjava.so
7f21ccbc6000-7f21ccbc7000 rw-p 0001e000 00:21 8307887                    /usr/lib/jvm/java-21-openjdk/lib/libjava.so
7f21ccbc7000-7f21ccbc8000 rw-p 00000000 00:00 0 
7f21ccbc8000-7f21ccbca000 r--p 00000000 00:21 8307882                    /usr/lib/jvm/java-21-openjdk/lib/libinstrument.so
7f21ccbca000-7f21ccbd0000 r-xp 00002000 00:21 8307882                    /usr/lib/jvm/java-21-openjdk/lib/libinstrument.so
7f21ccbd0000-7f21ccbd3000 r--p 00008000 00:21 8307882                    /usr/lib/jvm/java-21-openjdk/lib/libinstrument.so
7f21ccbd3000-7f21ccbd4000 r--p 0000a000 00:21 8307882                    /usr/lib/jvm/java-21-openjdk/lib/libinstrument.so
7f21ccbd4000-7f21ccbd5000 rw-p 0000b000 00:21 8307882                    /usr/lib/jvm/java-21-openjdk/lib/libinstrument.so
7f21ccbd5000-7f21ccbd6000 ---p 00000000 00:00 0 
7f21ccbd6000-7f21ccbd7000 r--p 00000000 00:00 0 
7f21ccbd7000-7f21ccbd8000 ---p 00000000 00:00 0 
7f21ccbd8000-7f21ccbd9000 r--p 00000000 00:21 8307891                    /usr/lib/jvm/java-21-openjdk/lib/libjimage.so
7f21ccbd9000-7f21ccbdb000 r-xp 00001000 00:21 8307891                    /usr/lib/jvm/java-21-openjdk/lib/libjimage.so
7f21ccbdb000-7f21ccbdc000 r--p 00003000 00:21 8307891                    /usr/lib/jvm/java-21-openjdk/lib/libjimage.so
7f21ccbdc000-7f21ccbdd000 r--p 00004000 00:21 8307891                    /usr/lib/jvm/java-21-openjdk/lib/libjimage.so
7f21ccbdd000-7f21ccbde000 rw-p 00005000 00:21 8307891                    /usr/lib/jvm/java-21-openjdk/lib/libjimage.so
7f21ccbde000-7f21ccbe0000 r--p 00000000 00:21 8307892                    /usr/lib/jvm/java-21-openjdk/lib/libjli.so
7f21ccbe0000-7f21ccbea000 r-xp 00002000 00:21 8307892                    /usr/lib/jvm/java-21-openjdk/lib/libjli.so
7f21ccbea000-7f21ccbed000 r--p 0000c000 00:21 8307892                    /usr/lib/jvm/java-21-openjdk/lib/libjli.so
7f21ccbed000-7f21ccbee000 r--p 0000f000 00:21 8307892                    /usr/lib/jvm/java-21-openjdk/lib/libjli.so
7f21ccbee000-7f21ccbef000 rw-p 00010000 00:21 8307892                    /usr/lib/jvm/java-21-openjdk/lib/libjli.so
7f21ccbef000-7f21ccbf1000 rw-p 00000000 00:00 0 
7f21ccbf1000-7f21ccbf5000 r--p 00000000 00:00 0                          [vvar]
7f21ccbf5000-7f21ccbf7000 r--p 00000000 00:00 0                          [vvar_vclock]
7f21ccbf7000-7f21ccbf9000 r-xp 00000000 00:00 0                          [vdso]
7f21ccbf9000-7f21ccbfa000 r--p 00000000 00:21 8979177                    /usr/lib/ld-linux-x86-64.so.2
7f21ccbfa000-7f21ccc24000 r-xp 00001000 00:21 8979177                    /usr/lib/ld-linux-x86-64.so.2
7f21ccc24000-7f21ccc33000 r--p 0002b000 00:21 8979177                    /usr/lib/ld-linux-x86-64.so.2
7f21ccc33000-7f21ccc35000 r--p 00039000 00:21 8979177                    /usr/lib/ld-linux-x86-64.so.2
7f21ccc35000-7f21ccc36000 rw-p 0003b000 00:21 8979177                    /usr/lib/ld-linux-x86-64.so.2
7f21ccc36000-7f21ccc37000 rw-p 00000000 00:00 0 
7ffe767db000-7ffe767fd000 rw-p 00000000 00:00 0                          [stack]
ffffffffff600000-ffffffffff601000 --xp 00000000 00:00 0                  [vsyscall]
Total number of mappings: 1641

JVMTI agents:
/home/iggut/.gradle/wrapper/dists/gradle-8.10.2-bin/a04bxjujx95o3nb99gddekhwo/gradle-8.10.2/lib/agents/gradle-instrumentation-agent-8.10.2.jar path:none, loaded, initialized, instrumentlib options:none


VM Arguments:
jvm_args: --add-opens=java.base/java.util=ALL-UNNAMED --add-opens=java.base/java.lang=ALL-UNNAMED --add-opens=java.base/java.lang.invoke=ALL-UNNAMED --add-opens=java.prefs/java.util.prefs=ALL-UNNAMED --add-exports=jdk.compiler/com.sun.tools.javac.api=ALL-UNNAMED --add-exports=jdk.compiler/com.sun.tools.javac.util=ALL-UNNAMED --add-opens=java.base/java.nio.charset=ALL-UNNAMED --add-opens=java.base/java.net=ALL-UNNAMED --add-opens=java.base/java.util.concurrent.atomic=ALL-UNNAMED -Xmx2048m -Dfile.encoding=UTF-8 -Duser.country=CA -Duser.language=en -Duser.variant -javaagent:/home/iggut/.gradle/wrapper/dists/gradle-8.10.2-bin/a04bxjujx95o3nb99gddekhwo/gradle-8.10.2/lib/agents/gradle-instrumentation-agent-8.10.2.jar 
java_command: org.gradle.launcher.daemon.bootstrap.GradleDaemon 8.10.2
java_class_path (initial): /home/iggut/.gradle/wrapper/dists/gradle-8.10.2-bin/a04bxjujx95o3nb99gddekhwo/gradle-8.10.2/lib/gradle-daemon-main-8.10.2.jar
Launcher Type: SUN_STANDARD

[Global flags]
     intx CICompilerCount                          = 15                                        {product} {ergonomic}
     uint ConcGCThreads                            = 6                                         {product} {ergonomic}
     uint G1ConcRefinementThreads                  = 23                                        {product} {ergonomic}
   size_t G1HeapRegionSize                         = 1048576                                   {product} {ergonomic}
    uintx GCDrainStackTargetSize                   = 64                                        {product} {ergonomic}
   size_t InitialHeapSize                          = 522190848                                 {product} {ergonomic}
   size_t MarkStackSize                            = 4194304                                   {product} {ergonomic}
   size_t MaxHeapSize                              = 2147483648                                {product} {command line}
   size_t MaxNewSize                               = 1287651328                                {product} {ergonomic}
   size_t MinHeapDeltaBytes                        = 1048576                                   {product} {ergonomic}
   size_t MinHeapSize                              = 8388608                                   {product} {ergonomic}
    uintx NonNMethodCodeHeapSize                   = 8192380                                {pd product} {ergonomic}
    uintx NonProfiledCodeHeapSize                  = 121732930                              {pd product} {ergonomic}
    uintx ProfiledCodeHeapSize                     = 121732930                              {pd product} {ergonomic}
    uintx ReservedCodeCacheSize                    = 251658240                              {pd product} {ergonomic}
     bool SegmentedCodeCache                       = true                                      {product} {ergonomic}
   size_t SoftMaxHeapSize                          = 2147483648                             {manageable} {ergonomic}
     bool UseCompressedOops                        = true                           {product lp64_product} {ergonomic}
     bool UseG1GC                                  = true                                      {product} {ergonomic}

Logging:
Log output configuration:
 #0: stdout all=warning uptime,level,tags foldmultilines=false
 #1: stderr all=off uptime,level,tags foldmultilines=false

Release file:
IMPLEMENTOR="Arch Linux"
JAVA_RUNTIME_VERSION="21.0.11+10"
JAVA_VERSION="21.0.11"
JAVA_VERSION_DATE="2026-04-21"
LIBC="gnu"
MODULES="java.base java.compiler java.datatransfer java.xml java.prefs java.desktop java.instrument java.logging java.management java.security.sasl java.naming java.rmi java.management.rmi java.net.http java.scripting java.security.jgss java.transaction.xa java.sql java.sql.rowset java.xml.crypto java.se java.smartcardio jdk.accessibility jdk.internal.jvmstat jdk.attach jdk.charsets jdk.internal.opt jdk.zipfs jdk.compiler jdk.crypto.ec jdk.crypto.cryptoki jdk.dynalink jdk.internal.ed jdk.editpad jdk.hotspot.agent jdk.httpserver jdk.incubator.vector jdk.internal.le jdk.internal.vm.ci jdk.internal.vm.compiler jdk.internal.vm.compiler.management jdk.jartool jdk.javadoc jdk.jcmd jdk.management jdk.management.agent jdk.jconsole jdk.jdeps jdk.jdwp.agent jdk.jdi jdk.jfr jdk.jlink jdk.jpackage jdk.jshell jdk.jsobject jdk.jstatd jdk.localedata jdk.management.jfr jdk.naming.dns jdk.naming.rmi jdk.net jdk.nio.mapmode jdk.random jdk.sctp jdk.security.auth jdk.security.jgss jdk.unsupported jdk.unsupported.desktop jdk.xml.dom"
OS_ARCH="x86_64"
OS_NAME="Linux"
SOURCE=""

Environment Variables:
JAVA_HOME=/usr/lib/jvm/java-21-openjdk
PATH=/usr/lib/jvm/java-21-openjdk/bin:/home/iggut/.local/bin:/home/iggut/.local/bin:/home/iggut/.local/bin:/home/iggut/.cargo/bin:/home/iggut/.local/bin:/home/iggut/.local/bin:/usr/local/bin:/usr/bin:/opt/homebrew/bin:/opt/homebrew/sbin:/usr/local/sbin:/usr/sbin:/sbin:/bin:/opt/android-sdk/cmdline-tools/latest/bin:/opt/android-sdk/platform-tools:/opt/android-sdk/tools:/opt/android-sdk/tools/bin:/opt/cuda/bin:/opt/flutter/bin:/usr/lib/jvm/default/bin:/usr/bin/site_perl:/usr/bin/vendor_perl:/usr/bin/core_perl:/opt/rocm/bin:/home/iggut/.lmstudio/bin:/home/iggut/.lmstudio/bin
SHELL=/bin/bash
LANG=en_CA.UTF-8
LC_NUMERIC=en_CA.UTF-8
LC_TIME=en_CA.UTF-8
TERM=xterm

Active Locale:
LC_ALL=en_CA.UTF-8
LC_COLLATE=en_CA.UTF-8
LC_CTYPE=en_CA.UTF-8
LC_MESSAGES=en_CA.UTF-8
LC_MONETARY=en_CA.UTF-8
LC_NUMERIC=en_CA.UTF-8
LC_TIME=en_CA.UTF-8

Signal Handlers:
   SIGSEGV: 0x00007f21cc20e240 in libjvm.so+14737984, mask=11100100010111111101111111111110, flags=SA_RESTART|SA_SIGINFO, unblocked
    SIGBUS: 0x00007f21cc20e240 in libjvm.so+14737984, mask=11100100010111111101111111111110, flags=SA_RESTART|SA_SIGINFO, unblocked
    SIGFPE: 0x00007f21cc20e240 in libjvm.so+14737984, mask=11100100010111111101111111111110, flags=SA_RESTART|SA_SIGINFO, unblocked
   SIGPIPE: 0x00007f21cc067700 in libjvm.so+13006592, mask=11100100010111111101111111111110, flags=SA_RESTART|SA_SIGINFO, blocked
   SIGXFSZ: 0x00007f21cc067700 in libjvm.so+13006592, mask=11100100010111111101111111111110, flags=SA_RESTART|SA_SIGINFO, blocked
    SIGILL: 0x00007f21cc20e240 in libjvm.so+14737984, mask=11100100010111111101111111111110, flags=SA_RESTART|SA_SIGINFO, unblocked
   SIGUSR2: 0x00007f21cc069020 in libjvm.so+13013024, mask=00000000000000000000000000000000, flags=SA_RESTART|SA_SIGINFO, blocked
    SIGHUP: 0x00007f21cc066a60 in libjvm.so+13003360, mask=11100100010111111101111111111110, flags=SA_RESTART|SA_SIGINFO, blocked
    SIGINT: 0x00007f21cc066a60 in libjvm.so+13003360, mask=11100100010111111101111111111110, flags=SA_RESTART|SA_SIGINFO, blocked
   SIGTERM: 0x00007f21cc066a60 in libjvm.so+13003360, mask=11100100010111111101111111111110, flags=SA_RESTART|SA_SIGINFO, blocked
   SIGQUIT: 0x00007f21cc066a60 in libjvm.so+13003360, mask=11100100010111111101111111111110, flags=SA_RESTART|SA_SIGINFO, blocked
   SIGTRAP: 0x00007f21cc20e240 in libjvm.so+14737984, mask=11100100010111111101111111111110, flags=SA_RESTART|SA_SIGINFO, unblocked


Periodic native trim disabled

---------------  S Y S T E M  ---------------

OS:
DISTRIB_ID=Garuda
DISTRIB_RELEASE=Soaring
DISTRIB_DESCRIPTION="Garuda Linux Broadwing"
DISTRIB_CODENAME="Broadwing"
uname: Linux 7.0.12-zen1-1-zen #1 ZEN SMP PREEMPT_DYNAMIC Wed, 10 Jun 2026 08:57:50 +0000 x86_64
OS uptime: 0 days 15:46 hours
libc: glibc 2.43 NPTL 2.43 
rlimit (soft/hard): STACK 8192k/infinity , CORE infinity/infinity , NPROC 1048576/1048576 , NOFILE 1048576/1048576 , AS infinity/infinity , CPU infinity/infinity , DATA infinity/infinity , FSIZE infinity/infinity , MEMLOCK infinity/infinity
load average: 6.06 2.71 1.40

/proc/meminfo:
MemTotal:       32544524 kB
MemFree:         3761936 kB
MemAvailable:    9627828 kB
Buffers:              24 kB
Cached:          6120392 kB
SwapCached:        27484 kB
Active:          5284156 kB
Inactive:       15532464 kB
Active(anon):    4821924 kB
Inactive(anon): 10472208 kB
Active(file):     462232 kB
Inactive(file):  5060256 kB
Unevictable:      516048 kB
Mlocked:          449884 kB
SwapTotal:      32543740 kB
SwapFree:       23480392 kB
Zswap:                 0 kB
Zswapped:              0 kB
Dirty:              5632 kB
Writeback:             0 kB
AnonPages:      15524728 kB
Mapped:          1288288 kB
Shmem:             82348 kB
KReclaimable:     812040 kB
Slab:            1231968 kB
SReclaimable:     812040 kB
SUnreclaim:       419928 kB
KernelStack:       47712 kB
PageTables:       137920 kB
SecPageTables:      1028 kB
NFS_Unstable:          0 kB
Bounce:                0 kB
WritebackTmp:          0 kB
CommitLimit:    48816000 kB
Committed_AS:   50592492 kB
VmallocTotal:   34359738367 kB
VmallocUsed:      355248 kB
VmallocChunk:          0 kB
Percpu:            24064 kB
HardwareCorrupted:     0 kB
AnonHugePages:   2224128 kB
ShmemHugePages:    28672 kB
ShmemPmdMapped:    28672 kB
FileHugePages:     92160 kB
FilePmdMapped:     92160 kB
CmaTotal:              0 kB
CmaFree:               0 kB
Unaccepted:            0 kB
Balloon:               0 kB
HugePages_Total:       0
HugePages_Free:        0
HugePages_Rsvd:        0
HugePages_Surp:        0
Hugepagesize:       2048 kB
Hugetlb:               0 kB
DirectMap4k:     3968880 kB
DirectMap2M:    29280256 kB
DirectMap1G:           0 kB

/sys/kernel/mm/transparent_hugepage/enabled: [always] madvise never
/sys/kernel/mm/transparent_hugepage/hpage_pmd_size: 2097152
/sys/kernel/mm/transparent_hugepage/defrag (defrag/compaction efforts parameter): always defer [defer+madvise] madvise never

Process Memory:
Virtual Size: 21159576K (peak: 21159844K)
Resident Set Size: 3657548K (peak: 3657548K) (anon: 3626720K, file: 30796K, shmem: 32K)
Swapped out: 70696K
C-Heap outstanding allocations: 301866K, retained: 1403981K
glibc malloc tunables: (default)

/proc/sys/kernel/threads-max (system-wide limit on the number of threads): 253930
/proc/sys/vm/max_map_count (maximum number of memory map areas a process may have): 1048576
/proc/sys/vm/swappiness (control to define how aggressively the kernel swaps out anonymous memory): 133
/proc/sys/kernel/pid_max (system-wide limit on number of process identifiers): 4194304

container information not found.
Steal ticks since vm start: 0
Steal ticks percentage since vm start:  0.000

CPU: total 32 (initial active 32) (32 cores per cpu, 1 threads per core) family 6 model 183 stepping 1 microcode 0x133, cx8, cmov, fxsr, mmx, 3dnowpref, sse, sse2, sse3, ssse3, sse4.1, sse4.2, popcnt, lzcnt, tsc, tscinvbit, avx, avx2, aes, erms, clmul, bmi1, bmi2, adx, sha, fma, vzeroupper, clflush, clflushopt, clwb, serialize, rdtscp, rdpid, fsrm, f16c, pku, ospke, cet_ibt, cet_ss
CPU Model and flags from /proc/cpuinfo:
model name	: 13th Gen Intel(R) Core(TM) i9-13900K
flags		: fpu vme de pse tsc msr pae mce cx8 apic sep mtrr pge mca cmov pat pse36 clflush dts acpi mmx fxsr sse sse2 ss ht tm pbe syscall nx pdpe1gb rdtscp lm constant_tsc art arch_perfmon pebs bts rep_good nopl xtopology nonstop_tsc cpuid aperfmperf tsc_known_freq pni pclmulqdq dtes64 monitor ds_cpl vmx smx est tm2 ssse3 sdbg fma cx16 xtpr pdcm pcid sse4_1 sse4_2 x2apic movbe popcnt tsc_deadline_timer aes xsave avx f16c rdrand lahf_lm abm 3dnowprefetch cpuid_fault ssbd ibrs ibpb stibp ibrs_enhanced tpr_shadow flexpriority ept vpid ept_ad fsgsbase tsc_adjust bmi1 avx2 smep bmi2 erms invpcid rdseed adx smap clflushopt clwb intel_pt sha_ni xsaveopt xsavec xgetbv1 xsaves split_lock_detect user_shstk avx_vnni dtherm ida arat pln pts hwp hwp_notify hwp_act_window hwp_epp hwp_pkg_req hfi vnmi umip pku ospke waitpkg gfni vaes vpclmulqdq rdpid movdiri movdir64b fsrm md_clear serialize pconfig arch_lbr ibt flush_l1d arch_capabilities

Online cpus: 0-31
Offline cpus: 
BIOS frequency limitation: <Not Available>
Frequency switch latency (ns): 0
Available cpu frequencies: <Not Available>
Current governor: powersave
Core performance/turbo boost: <Not Available>

Memory: 4k page, physical 32544524k(9627828k free), swap 32543740k(23480392k free)
Page Sizes: 4k

vm_info: OpenJDK 64-Bit Server VM (21.0.11+10) for linux-amd64 JRE (21.0.11+10), built on 2026-04-21T21:02:55Z by "builduser" with gcc 15.2.1 20260209

END.
