#
# A fatal error has been detected by the Java Runtime Environment:
#
#  SIGSEGV (0xb) at pc=0x00007f48c5ba0a93, pid=694917, tid=694934
#
# JRE version: OpenJDK Runtime Environment (21.0.11+10) (build 21.0.11+10)
# Java VM: OpenJDK 64-Bit Server VM (21.0.11+10, mixed mode, sharing, tiered, compressed oops, compressed class ptrs, g1 gc, linux-amd64)
# Problematic frame:
# V  [libjvm.so+0x9a0a93]
#
# Core dump will be written. Default location: Core dumps may be processed with "/usr/lib/systemd/systemd-coredump %P %u %g %s %t %c %h %d %F" (or dumping to /home/iggut/workspace/hourly-voice-clock/core.694917)
#
# If you would like to submit a bug report, please visit:
#   https://bugreport.java.com/bugreport/crash.jsp
#

---------------  S U M M A R Y ------------

Command Line: --add-opens=java.base/java.util=ALL-UNNAMED --add-opens=java.base/java.lang=ALL-UNNAMED --add-opens=java.base/java.lang.invoke=ALL-UNNAMED --add-opens=java.prefs/java.util.prefs=ALL-UNNAMED --add-exports=jdk.compiler/com.sun.tools.javac.api=ALL-UNNAMED --add-exports=jdk.compiler/com.sun.tools.javac.util=ALL-UNNAMED --add-opens=java.base/java.nio.charset=ALL-UNNAMED --add-opens=java.base/java.net=ALL-UNNAMED --add-opens=java.base/java.util.concurrent.atomic=ALL-UNNAMED -Xmx2048m -Dfile.encoding=UTF-8 -Duser.country=CA -Duser.language=en -Duser.variant -javaagent:/home/iggut/.gradle/wrapper/dists/gradle-8.10.2-bin/a04bxjujx95o3nb99gddekhwo/gradle-8.10.2/lib/agents/gradle-instrumentation-agent-8.10.2.jar org.gradle.launcher.daemon.bootstrap.GradleDaemon 8.10.2

Host: 13th Gen Intel(R) Core(TM) i9-13900K, 32 cores, 31G, Garuda Linux Broadwing
Time: Mon Jun 15 13:05:58 2026 EDT elapsed time: 26.575668 seconds (0d 0h 0m 26s)

---------------  T H R E A D  ---------------

Current thread (0x00007f48c02e6dc0):  JavaThread "C2 CompilerThread0" daemon [_thread_in_native, id=694934, stack(0x00007f48942fc000,0x00007f48943fc000) (1024K)]


Current CompileTask:
C2:26575 67546       4       com.android.tools.r8.ir.optimize.F::a (343 bytes)

Stack: [0x00007f48942fc000,0x00007f48943fc000],  sp=0x00007f48943f73f0,  free space=1004k
Native frames: (J=compiled Java code, j=interpreted, Vv=VM code, C=native code)
V  [libjvm.so+0x9a0a93]
V  [libjvm.so+0x9a1311]
V  [libjvm.so+0x404ba6]
V  [libjvm.so+0x402de6]
V  [libjvm.so+0x403f1f]
V  [libjvm.so+0x31c1de]
V  [libjvm.so+0x40aa11]
V  [libjvm.so+0x40df48]
V  [libjvm.so+0x6df6ca]
V  [libjvm.so+0xd7b293]
V  [libjvm.so+0xaea06a]
C  [libc.so.6+0x981b9]

siginfo: si_signo: 11 (SIGSEGV), si_code: 1 (SEGV_MAPERR), si_addr: 0x000000002a99cab8

Registers:
RAX=0x000000000000000c, RBX=0x00007f4829f3ebe8, RCX=0x000000002a99ca58, RDX=0x00007f482ab2c4d8
RSP=0x00007f48943f73f0, RBP=0x00007f48943f7440, RSI=0x00007f4828922040, RDI=0x00007f482ab2c4d8
R8 =0x00007f44ac8cc1d8, R9 =0x0000000000000001, R10=0x0000000000000063, R11=0x00007f48c02e5230
R12=0x00007f48943f7780, R13=0x000000000000004b, R14=0x00007f48943f74d0, R15=0x00007f48943f7490
RIP=0x00007f48c5ba0a93, EFLAGS=0x0000000000010246, CSGSFS=0x002b000000000033, ERR=0x0000000000000006
  TRAPNO=0x000000000000000e

XMM[0]=0x654400706172745f 0x6e6f6d6d6f636e75
XMM[1]=0xffff00ffffffffff 0xffffffffffffffff
XMM[2]=0x0000ff0000000000 0x0000000000000000
XMM[3]=0x00007f44ac98ea98 0x00007f44ac98f410
XMM[4]=0x00007f482ae90d58 0x00007f482ae90e58
XMM[5]=0x00007f482a41f2d8 0x00007f482a41fd50
XMM[6]=0x00007f482a4200b0 0x00007f482a420af8
XMM[7]=0x00007f44ac493d38 0x00007f482ae90b58
XMM[8]=0x00007f44ac4944b0 0x00007f482ae90bc8
XMM[9]=0x0000000000000000 0x46293e5939a08cea
XMM[10]=0x0000000000000000 0x4376345785d8a000
XMM[11]=0x00007f481c6fa3c0 0x00007f481c6fa360
XMM[12]=0xc19bf1749bdc06a7 0x80deb1fe72be5d74
XMM[13]=0x550c7dc3243185be 0x12835b01d807aa98
XMM[14]=0xab1c5ed5923f82a4 0x59f111f13956c25b
XMM[15]=0x0000000000000000 0x0000000000000000
  MXCSR=0x00001fb2


Register to memory mapping:

RAX=0x000000000000000c is an unknown value
RBX=0x00007f4829f3ebe8 points into unknown readable memory: 0x00007f48c649d870 | 70 d8 49 c6 48 7f 00 00
RCX=0x000000002a99ca58 is an unknown value
RDX=0x00007f482ab2c4d8 points into unknown readable memory: 0x00007f48c649d870 | 70 d8 49 c6 48 7f 00 00
RSP=0x00007f48943f73f0 is pointing into the stack for thread: 0x00007f48c02e6dc0
RBP=0x00007f48943f7440 is pointing into the stack for thread: 0x00007f48c02e6dc0
RSI=0x00007f4828922040 points into unknown readable memory: 0x00007f482a99ca58 | 58 ca 99 2a 48 7f 00 00
RDI=0x00007f482ab2c4d8 points into unknown readable memory: 0x00007f48c649d870 | 70 d8 49 c6 48 7f 00 00
R8 =0x00007f44ac8cc1d8 points into unknown readable memory: 0x00007f48c64a6c08 | 08 6c 4a c6 48 7f 00 00
R9 =0x0000000000000001 is an unknown value
R10=0x0000000000000063 is an unknown value
R11=0x00007f48c02e5230 points into unknown readable memory: 0x00000007f48c0207 | 07 02 8c f4 07 00 00 00
R12=0x00007f48943f7780 is pointing into the stack for thread: 0x00007f48c02e6dc0
R13=0x000000000000004b is an unknown value
R14=0x00007f48943f74d0 is pointing into the stack for thread: 0x00007f48c02e6dc0
R15=0x00007f48943f7490 is pointing into the stack for thread: 0x00007f48c02e6dc0

Top of Stack: (sp=0x00007f48943f73f0)
0x00007f48943f73f0:   00007f44ace19d10 0000006300002162   ....D...b!..c...
0x00007f48943f7400:   00007f48943f74b0 00007f482ab2c4d8   .t?.H......*H...
0x00007f48943f7410:   00007f48943f7440 00007f48943f7490   @t?.H....t?.H...
0x00007f48943f7420:   00007f48943f7780 00007f48943f74d0   .w?.H....t?.H...
0x00007f48943f7430:   0000000000000002 0000000000000004   ................
0x00007f48943f7440:   00007f48943f7740 00007f48c5ba1311   @w?.H.......H...
0x00007f48943f7450:   00007f48c02e5230 0000000000000004   0R..H...........
0x00007f48943f7460:   00007f48000021ad 00007f48943f74b0   .!..H....t?.H...
0x00007f48943f7470:   00007f48943f74d0 00007f48c0004ad0   .t?.H....J..H...
0x00007f48943f7480:   00007f4800000040 00007f48c02e5230   @...H...0R..H...
0x00007f48943f7490:   00007f4800000200 00007f47d0834850   ....H...PH..G...
0x00007f48943f74a0:   0000000000000200 00007f48c02e5230   ........0R..H...
0x00007f48943f74b0:   00007f482858c120 00007f482859ce90    .X(H.....Y(H...
0x00007f48943f74c0:   00007f482858c130 00007f48c02e5230   0.X(H...0R..H...
0x00007f48943f74d0:   00007f48c02e5230 00007f4800001000   0R..H.......H...
0x00007f48943f74e0:   00007f4828af6b30 00007f4800000a46   0k.(H...F...H...
0x00007f48943f74f0:   00007f48c02e5230 00007f4800000004   0R..H.......H...
0x00007f48943f7500:   00007f47d08347f0 00007f4800000000   .G..G.......H...
0x00007f48943f7510:   00007f482a99ca00 00007f48943f7a70   ...*H...pz?.H...
0x00007f48943f7520:   00007f48943f7560 00007f482aa6e1b8   `u?.H......*H...
0x00007f48943f7530:   0000000000000000 000009bb2a5109e0   ..........Q*....
0x00007f48943f7540:   00007f48c02e5230 00007f4800000004   0R..H.......H...
0x00007f48943f7550:   00007f482a99ca00 00007f4700000002   ...*H.......G...
0x00007f48943f7560:   0000000000000080 00007f482a99ca20   ........ ..*H...
0x00007f48943f7570:   00007f4800000080 00007f48c02e5230   ....H...0R..H...
0x00007f48943f7580:   00007f48943f7600 00007f48c66a7817   .v?.H....xj.H...
0x00007f48943f7590:   0000000000000001 00007f482aa6d8e8   ...........*H...
0x00007f48943f75a0:   00007f44ad397338 0000000000020010   8s9.D...........
0x00007f48943f75b0:   00007f4828000030 00007f4828000038   0..(H...8..(H...
0x00007f48943f75c0:   0000000000020020 0000000000007720    ....... w......
0x00007f48943f75d0:   00007f48943f7600 0000000000020010   .v?.H...........
0x00007f48943f75e0:   00007f4828000030 0000000000020000   0..(H...........

Instructions: (pc=0x00007f48c5ba0a93)
0x00007f48c5ba0993:   ff ff ff 48 8b 7d c0 48 8b 07 48 89 45 c8 48 83
0x00007f48c5ba09a3:   c0 10 48 89 07 48 3b 47 08 0f 83 de 01 00 00 48
0x00007f48c5ba09b3:   89 18 48 89 d3 44 89 68 08 44 8b 52 20 45 31 ed
0x00007f48c5ba09c3:   45 39 d5 0f 82 2f ff ff ff 0f 1f 40 00 ba 01 00
0x00007f48c5ba09d3:   00 00 48 89 de 4c 89 e7 e8 60 f7 ff ff 49 8b 44
0x00007f48c5ba09e3:   24 10 48 8b 90 68 01 00 00 48 83 7a 58 00 0f 84
0x00007f48c5ba09f3:   d9 00 00 00 48 83 c4 28 5b 41 5c 41 5d 41 5e 41
0x00007f48c5ba0a03:   5f 5d c3 66 2e 0f 1f 84 00 00 00 00 00 89 4d c8
0x00007f48c5ba0a13:   44 89 ee 4c 89 ff 67 e8 21 e6 43 00 8b 4d c8 49
0x00007f48c5ba0a23:   8b 57 08 b8 01 00 00 00 d3 e0 4a 8d 0c aa 8b 11
0x00007f48c5ba0a33:   89 c6 09 d6 89 31 85 d0 0f 85 61 fe ff ff e9 a5
0x00007f48c5ba0a43:   fe ff ff 66 2e 0f 1f 84 00 00 00 00 00 48 83 7a
0x00007f48c5ba0a53:   10 00 0f 84 cf fe ff ff 41 8b 84 24 80 00 00 00
0x00007f48c5ba0a63:   8d 48 01 41 89 8c 24 80 00 00 00 41 3b 44 24 70
0x00007f48c5ba0a73:   0f 83 bf 00 00 00 49 8b 4c 24 78 48 89 14 c1 e9
0x00007f48c5ba0a83:   6b fe ff ff 66 0f 1f 84 00 00 00 00 00 89 c8 c1
0x00007f48c5ba0a93:   e8 05 41 3b 07 73 14 49 8b 7f 08 be 01 00 00 00
0x00007f48c5ba0aa3:   d3 e6 23 34 87 0f 85 44 fe ff ff 41 8b 46 18 8d
0x00007f48c5ba0ab3:   48 01 41 89 4e 18 41 3b 46 08 73 51 49 8b 4e 10
0x00007f48c5ba0ac3:   48 89 14 c1 e9 26 fe ff ff 0f 1f 40 00 48 83 b8
0x00007f48c5ba0ad3:   80 01 00 00 00 0f 85 19 ff ff ff 48 8b 7d c0 48
0x00007f48c5ba0ae3:   8b 07 48 3b 47 10 0f 82 b3 fd ff ff 48 8b 18 44
0x00007f48c5ba0af3:   8b 68 08 48 83 e8 10 44 8b 53 20 48 89 07 e9 ec
0x00007f48c5ba0b03:   fd ff ff 66 2e 0f 1f 84 00 00 00 00 00 48 89 55
0x00007f48c5ba0b13:   b0 89 c6 4c 89 f7 44 89 55 bc 89 45 c8 67 e8 5a
0x00007f48c5ba0b23:   d9 10 00 48 8b 55 b0 44 8b 55 bc 8b 45 c8 eb 8c
0x00007f48c5ba0b33:   0f 1f 44 00 00 48 89 55 b0 89 c6 49 8d 7c 24 68
0x00007f48c5ba0b43:   44 89 55 bc 89 45 c8 67 e8 30 d9 10 00 48 8b 55
0x00007f48c5ba0b53:   b0 44 8b 55 bc 8b 45 c8 e9 19 ff ff ff 89 4d b8
0x00007f48c5ba0b63:   89 c6 4c 89 ff 48 89 55 b0 44 89 55 bc 89 45 c8
0x00007f48c5ba0b73:   67 e8 c7 e4 43 00 8b 4d b8 48 8b 55 b0 44 8b 55
0x00007f48c5ba0b83:   bc 8b 45 c8 e9 e9 fd ff ff 0f 1f 40 00 48 89 55


Stack slot to memory mapping:

stack at sp + 0 slots: 0x00007f44ace19d10 points into unknown readable memory: 0x00007f48c649d0a0 | a0 d0 49 c6 48 7f 00 00
stack at sp + 1 slots: 0x0000006300002162 is an unknown value
stack at sp + 2 slots: 0x00007f48943f74b0 is pointing into the stack for thread: 0x00007f48c02e6dc0
stack at sp + 3 slots: 0x00007f482ab2c4d8 points into unknown readable memory: 0x00007f48c649d870 | 70 d8 49 c6 48 7f 00 00
stack at sp + 4 slots: 0x00007f48943f7440 is pointing into the stack for thread: 0x00007f48c02e6dc0
stack at sp + 5 slots: 0x00007f48943f7490 is pointing into the stack for thread: 0x00007f48c02e6dc0
stack at sp + 6 slots: 0x00007f48943f7780 is pointing into the stack for thread: 0x00007f48c02e6dc0
stack at sp + 7 slots: 0x00007f48943f74d0 is pointing into the stack for thread: 0x00007f48c02e6dc0


---------------  P R O C E S S  ---------------

Threads class SMR info:
_java_thread_list=0x00007f44f0004790, length=497, elements={
0x00007f48c001c9d0, 0x00007f48c02df970, 0x00007f48c02e0ef0, 0x00007f48c02e2690,
0x00007f48c02e3ce0, 0x00007f48c02e5290, 0x00007f48c02e6dc0, 0x00007f48c02e8490,
0x00007f481c033970, 0x00007f482004ae90, 0x00007f48c032e840, 0x00007f48c03816e0,
0x00007f481c1f7f50, 0x00007f48c14dba70, 0x00007f48c1545b10, 0x00007f48c157f9b0,
0x00007f47bc015050, 0x00007f47b40014c0, 0x00007f47b40073f0, 0x00007f47b40095c0,
0x00007f47fc0cefd0, 0x00007f47fc0d1ae0, 0x00007f47fc077ab0, 0x00007f47fc3235b0,
0x00007f47fc32dc50, 0x00007f47fc34fba0, 0x00007f47fcc328f0, 0x00007f47fcc3a420,
0x00007f47fcdb6ed0, 0x00007f47fcdbc240, 0x00007f47fceee1f0, 0x00007f47fcf08ee0,
0x00007f47fcfad910, 0x00007f47fd028ed0, 0x00007f47fdb53cf0, 0x00007f47fdb55ca0,
0x00007f47fdb567f0, 0x00007f47fdb57990, 0x00007f47fdb58c90, 0x00007f47fdb59f90,
0x00007f47fdb5b2a0, 0x00007f47fdb5c5b0, 0x00007f47fdb5d740, 0x00007f47fdb5e8d0,
0x00007f47fdb5fe80, 0x00007f47fdb611b0, 0x00007f47fdb62340, 0x00007f47fdb63680,
0x00007f47fdb649d0, 0x00007f47fdb65d20, 0x00007f47fdb66ec0, 0x00007f47fdb68060,
0x00007f47fdb691f0, 0x00007f47fdb6a560, 0x00007f47fdb6b6f0, 0x00007f47fdb6ca70,
0x00007f47fdb6dc00, 0x00007f47fdb6f380, 0x00007f47fdb70390, 0x00007f47fdb713a0,
0x00007f47fdb72ae0, 0x00007f47fdb73dd0, 0x00007f47fdb74ea0, 0x00007f47fdb761a0,
0x00007f47fdb774b0, 0x00007f47fdb91730, 0x00007f47fdb92aa0, 0x00007f47fdb95000,
0x00007f47fdb963f0, 0x00007f47fdb97960, 0x00007f47fdb989a0, 0x00007f47fdb9a0f0,
0x00007f47fdb9b090, 0x00007f47fdb454f0, 0x00007f47fdb4a620, 0x00007f47fdb4b810,
0x00007f47fdb9fe90, 0x00007f47fdba1560, 0x00007f47fdba2be0, 0x00007f47fdba4020,
0x00007f47fdba51b0, 0x00007f47fdba6750, 0x00007f47fdba7790, 0x00007f47fdba8d40,
0x00007f47fdba9db0, 0x00007f47fdbab220, 0x00007f47fdbac3b0, 0x00007f47fdbad9c0,
0x00007f47fdbaeb10, 0x00007f47fdbb0120, 0x00007f47fdbb1190, 0x00007f47fdbb2660,
0x00007f47fdbb3ae0, 0x00007f47fdbb4ff0, 0x00007f47fdbb6180, 0x00007f47fdbb7640,
0x00007f47fdbc1f20, 0x00007f47fdbc2ce0, 0x00007f47fdbc3e70, 0x00007f47fdbc5350,
0x00007f47fdbc64e0, 0x00007f47fdbc79d0, 0x00007f47fdbc8b60, 0x00007f47fdbca060,
0x00007f47fdbcb1f0, 0x00007f47fdbcc700, 0x00007f47fdbcd8e0, 0x00007f47fdbcee00,
0x00007f47fdbd0260, 0x00007f47fdbd1790, 0x00007f47fdbd2920, 0x00007f47fdbd3e60,
0x00007f47fdbd53b0, 0x00007f47fdbd6930, 0x00007f47fdbd7ac0, 0x00007f47fdbd9020,
0x00007f47fdbda090, 0x00007f47fdbdb5d0, 0x00007f47fdbdcaf0, 0x00007f47fdbde400,
0x00007f47fdbdf530, 0x00007f47fdbe0a60, 0x00007f47fdbe1bc0, 0x00007f47fdbe2d50,
0x00007f47fdbe4620, 0x00007f47fdbe5ba0, 0x00007f47fdbe6de0, 0x00007f47fe6a5880,
0x00007f47fe9e2430, 0x00007f45b4c7b1f0, 0x00007f47a061e660, 0x00007f45b4c580d0,
0x00007f45b4c7f2b0, 0x00007f47a061ed70, 0x00007f4590000f50, 0x00007f4598000f50,
0x00007f45b4c8c370, 0x00007f4580003b00, 0x00007f4580005a80, 0x00007f45800075e0,
0x00007f45b4e15370, 0x00007f4570007350, 0x00007f4570008650, 0x00007f457000ab30,
0x00007f457000bce0, 0x00007f457000ce90, 0x00007f457000e030, 0x00007f457000f1d0,
0x00007f4570010370, 0x00007f4570011510, 0x00007f45700126c0, 0x00007f4570013870,
0x00007f4570014a10, 0x00007f4570015bb0, 0x00007f4570016d60, 0x00007f4570017f10,
0x00007f45700190b0, 0x00007f457001a250, 0x00007f457001b670, 0x00007f457001c810,
0x00007f457001dda0, 0x00007f457001f330, 0x00007f45700208d0, 0x00007f4570021e70,
0x00007f4570023400, 0x00007f4570024990, 0x00007f4570025f20, 0x00007f45700274b0,
0x00007f4570028a40, 0x00007f4570029fd0, 0x00007f457002b570, 0x00007f457002cb10,
0x00007f45740285b0, 0x00007f452002bd00, 0x00007f4520003ce0, 0x00007f4520005400,
0x00007f45200065b0, 0x00007f4520031020, 0x00007f4520031f20, 0x00007f45200330c0,
0x00007f4520034260, 0x00007f4520035800, 0x00007f4520036da0, 0x00007f4520038330,
0x00007f45200394d0, 0x00007f452003aa60, 0x00007f452003bc10, 0x00007f452003cdb0,
0x00007f452003e350, 0x00007f452003f770, 0x00007f4520040910, 0x00007f4520041af0,
0x00007f4520043110, 0x00007f45200441e0, 0x00007f4520045380, 0x00007f4520046530,
0x00007f4520047b50, 0x00007f4520048d60, 0x00007f452004a210, 0x00007f452004b7a0,
0x00007f452004cd30, 0x00007f452004ded0, 0x00007f452004f070, 0x00007f4520050600,
0x00007f45200548b0, 0x00007f4544003600, 0x00007f4544004cb0, 0x00007f4544006490,
0x00007f45440075c0, 0x00007f4544008700, 0x00007f4544009f60, 0x00007f454400ae60,
0x00007f454400bda0, 0x00007f454400d1d0, 0x00007f454400e340, 0x00007f454400f950,
0x00007f4544010780, 0x00007f45440118b0, 0x00007f45440111a0, 0x00007f45440122b0,
0x00007f4544013690, 0x00007f4544014a60, 0x00007f4544015a10, 0x00007f4544016bc0,
0x00007f4544017d50, 0x00007f45440192e0, 0x00007f454401a870, 0x00007f454401ba20,
0x00007f454401cbb0, 0x00007f454401e140, 0x00007f454401f6d0, 0x00007f4544020880,
0x00007f4544021a10, 0x00007f4544022bb0, 0x00007f4544023d50, 0x00007f4544026ad0,
0x00007f45440e55f0, 0x00007f4544138820, 0x00007f45440e73c0, 0x00007f45441392b0,
0x00007f454413a380, 0x00007f454413b450, 0x00007f454413c530, 0x00007f454413efe0,
0x00007f454413e6c0, 0x00007f454413fc10, 0x00007f4544140cf0, 0x00007f45440d42b0,
0x00007f45440d6780, 0x00007f4544141dd0, 0x00007f4544147870, 0x00007f4544147050,
0x00007f4544147fb0, 0x00007f4544148fe0, 0x00007f45440d5490, 0x00007f4544145500,
0x00007f45441465d0, 0x00007f454414d710, 0x00007f454414e890, 0x00007f454414fa30,
0x00007f4544150be0, 0x00007f4544151d90, 0x00007f4544152f30, 0x00007f45441540a0,
0x00007f4544155240, 0x00007f4544157e20, 0x00007f4544149830, 0x00007f44f00191d0,
0x00007f450402a450, 0x00007f450402b210, 0x00007f4504029630, 0x00007f44a8011540,
0x00007f44f80089b0, 0x00007f44b000ba50, 0x00007f44f0015cd0, 0x00007f44f4001e40,
0x00007f44e8020e30, 0x00007f449001c650, 0x00007f44e8021c10, 0x00007f44e80236d0,
0x00007f450402f740, 0x00007f450402e8d0, 0x00007f44f40033b0, 0x00007f44f0016af0,
0x00007f44f001c5f0, 0x00007f449001d820, 0x00007f449001f700, 0x00007f44b000c810,
0x00007f44f40041a0, 0x00007f44a8012570, 0x00007f44f8009b00, 0x00007f44f800b700,
0x00007f44a800bc50, 0x00007f44b000dd70, 0x00007f453800c9b0, 0x00007f453800da90,
0x00007f453800f9b0, 0x00007f453800f000, 0x00007f4538012700, 0x00007f4538013a10,
0x00007f4538014f80, 0x00007f4538016180, 0x00007f4538017740, 0x00007f45380188e0,
0x00007f4538019a90, 0x00007f453801b010, 0x00007f453801c1e0, 0x00007f453801d380,
0x00007f453801e530, 0x00007f453801fab0, 0x00007f4538021040, 0x00007f45380225d0,
0x00007f4538024910, 0x00007f4538025070, 0x00007f4538025e90, 0x00007f4538027690,
0x00007f45380287e0, 0x00007f4538029980, 0x00007f453802ab50, 0x00007f453802c450,
0x00007f453802cfe0, 0x00007f453802e3e0, 0x00007f453802f590, 0x00007f4538030740,
0x00007f4538031cd0, 0x00007f4538033230, 0x00007f45380343d0, 0x00007f45380355c0,
0x00007f4538036ee0, 0x00007f4538037960, 0x00007f45380389e0, 0x00007f4538039e00,
0x00007f453803afb0, 0x00007f453803c140, 0x00007f453803d6d0, 0x00007f453803e870,
0x00007f453803fa20, 0x00007f4538042f50, 0x00007f4538042480, 0x00007f4538043720,
0x00007f4538044c80, 0x00007f45380485e0, 0x00007f4538047af0, 0x00007f4538048d90,
0x00007f4538049ba0, 0x00007f453804b040, 0x00007f453804c1e0, 0x00007f453804d9e0,
0x00007f453804ef70, 0x00007f4538050110, 0x00007f45380516b0, 0x00007f4538052c30,
0x00007f45380541c0, 0x00007f4538055740, 0x00007f45380568f0, 0x00007f4538057e80,
0x00007f45380f4870, 0x00007f45380f60b0, 0x00007f45380f5540, 0x00007f45380f6cc0,
0x00007f45380f7e70, 0x00007f45380f9000, 0x00007f45380fa1a0, 0x00007f45380fb5c0,
0x00007f45380fd920, 0x00007f45380fc740, 0x00007f45380ffa70, 0x00007f4538100640,
0x00007f4538101200, 0x00007f4538102370, 0x00007f4538103900, 0x00007f4538104e90,
0x00007f4538106430, 0x00007f45381079b0, 0x00007f4538108f40, 0x00007f453810a0d0,
0x00007f453810b270, 0x00007f453810c410, 0x00007f453810d5c0, 0x00007f453810e9f0,
0x00007f453810ff60, 0x00007f45381110f0, 0x00007f4538112690, 0x00007f4538113c10,
0x00007f45381151a0, 0x00007f4538116730, 0x00007f4538117cd0, 0x00007f4538118e70,
0x00007f4528003960, 0x00007f4528005320, 0x00007f4528004690, 0x00007f4528006490,
0x00007f4528007640, 0x00007f45280087f0, 0x00007f4528009990, 0x00007f452800ad80,
0x00007f452800c310, 0x00007f452800d8a0, 0x00007f452800ee40, 0x00007f45280103c0,
0x00007f4528011950, 0x00007f4528012ee0, 0x00007f4528014480, 0x00007f4528015a00,
0x00007f4528016ba0, 0x00007f4528017d40, 0x00007f4528018ef0, 0x00007f452801c360,
0x00007f452801b660, 0x00007f452801ce20, 0x00007f452801e130, 0x00007f452801f940,
0x00007f4528020ee0, 0x00007f4528022070, 0x00007f4528023600, 0x00007f4528024b90,
0x00007f4528027c90, 0x00007f4528026ed0, 0x00007f4528029cc0, 0x00007f4550007830,
0x00007f4550009570, 0x00007f45500087e0, 0x00007f455000a6e0, 0x00007f455000b880,
0x00007f455000ca30, 0x00007f455000dbe0, 0x00007f455000ed80, 0x00007f4550010170,
0x00007f4550011700, 0x00007f4550012c90, 0x00007f4550014230, 0x00007f45500157b0,
0x00007f4550016960, 0x00007f4550017af0, 0x00007f4550019090, 0x00007f455001a230,
0x00007f455001b3e0, 0x00007f455001c590, 0x00007f455001d730, 0x00007f455001ec90,
0x00007f455001fe30, 0x00007f4550020fd0, 0x00007f4550022180, 0x00007f4550023590,
0x00007f4550024730, 0x00007f45500258d0, 0x00007f4550026a80, 0x00007f4550027c10,
0x00007f4550028db0, 0x00007f4550029f50, 0x00007f4524004f20, 0x00007f4524006e20,
0x00007f4524005fa0, 0x00007f4524007f90, 0x00007f4524009130, 0x00007f452400a2d0,
0x00007f4498006170, 0x00007f44bc021230, 0x00007f44a4005ac0, 0x00007f44b00055f0,
0x00007f44f00210a0, 0x00007f44b8004cd0, 0x00007f4460062c70, 0x00007f44d0013090,
0x00007f44d40205f0, 0x00007f44ac011940, 0x00007f44c8021f60, 0x00007f44dc006700,
0x00007f44e000adf0, 0x00007f458000b950, 0x00007f458000d770, 0x00007f458000c850,
0x00007f48a0009860, 0x00007f48a000b950, 0x00007f48a000aa40, 0x00007f48980060f0,
0x00007f48980082e0, 0x00007f48980073b0, 0x00007f489c02fa90, 0x00007f4824001d90,
0x00007f44b405de20, 0x00007f44b4067e80, 0x00007f44b4079df0, 0x00007f44b4068870,
0x00007f4474009300, 0x00007f44e413d5f0, 0x00007f44e413f100, 0x00007f4478009160,
0x00007f4484008fc0, 0x00007f44e413e1a0, 0x00007f44800087a0, 0x00007f448800cc10,
0x00007f4494073570, 0x00007f44a1073640, 0x00007f44a1094070, 0x00007f48146182a0,
0x00007f44a26e0490
}

Java Threads: ( => current thread )
  0x00007f48c001c9d0 JavaThread "main"                              [_thread_blocked, id=694918, stack(0x00007f48c5100000,0x00007f48c5200000) (1024K)]
  0x00007f48c02df970 JavaThread "Reference Handler"          daemon [_thread_blocked, id=694929, stack(0x00007f4894def000,0x00007f4894eef000) (1024K)]
  0x00007f48c02e0ef0 JavaThread "Finalizer"                  daemon [_thread_blocked, id=694930, stack(0x00007f4894700000,0x00007f4894800000) (1024K)]
  0x00007f48c02e2690 JavaThread "Signal Dispatcher"          daemon [_thread_blocked, id=694931, stack(0x00007f48945ff000,0x00007f48946ff000) (1024K)]
  0x00007f48c02e3ce0 JavaThread "Service Thread"             daemon [_thread_blocked, id=694932, stack(0x00007f48944fe000,0x00007f48945fe000) (1024K)]
  0x00007f48c02e5290 JavaThread "Monitor Deflation Thread"   daemon [_thread_blocked, id=694933, stack(0x00007f48943fd000,0x00007f48944fd000) (1024K)]
=>0x00007f48c02e6dc0 JavaThread "C2 CompilerThread0"         daemon [_thread_in_native, id=694934, stack(0x00007f48942fc000,0x00007f48943fc000) (1024K)]
  0x00007f48c02e8490 JavaThread "C1 CompilerThread0"         daemon [_thread_in_native, id=694935, stack(0x00007f48941fb000,0x00007f48942fb000) (1024K)]
  0x00007f481c033970 JavaThread "C1 CompilerThread1"         daemon [_thread_in_native, id=694936, stack(0x00007f48940fa000,0x00007f48941fa000) (1024K)]
  0x00007f482004ae90 JavaThread "C1 CompilerThread2"         daemon [_thread_in_vm, id=694937, stack(0x00007f4842f00000,0x00007f4843000000) (1024K)]
  0x00007f48c032e840 JavaThread "Common-Cleaner"             daemon [_thread_blocked, id=694939, stack(0x00007f4842cfe000,0x00007f4842dfe000) (1024K)]
  0x00007f48c03816e0 JavaThread "Notification Thread"        daemon [_thread_blocked, id=694940, stack(0x00007f4842bfd000,0x00007f4842cfd000) (1024K)]
  0x00007f481c1f7f50 JavaThread "C1 CompilerThread3"         daemon [_thread_in_native, id=694956, stack(0x00007f4841900000,0x00007f4841a00000) (1024K)]
  0x00007f48c14dba70 JavaThread "Daemon health stats"               [_thread_blocked, id=694958, stack(0x00007f48413ff000,0x00007f48414ff000) (1024K)]
  0x00007f48c1545b10 JavaThread "Incoming local TCP Connector on port 41429"        [_thread_in_native, id=694964, stack(0x00007f48412fe000,0x00007f48413fe000) (1024K)]
  0x00007f48c157f9b0 JavaThread "Daemon periodic checks"            [_thread_blocked, id=694965, stack(0x00007f48411fd000,0x00007f48412fd000) (1024K)]
  0x00007f47bc015050 JavaThread "Daemon"                            [_thread_blocked, id=694966, stack(0x00007f48410fc000,0x00007f48411fc000) (1024K)]
  0x00007f47b40014c0 JavaThread "Handler for socket connection from /127.0.0.1:41429 to /127.0.0.1:44772"        [_thread_in_native, id=694967, stack(0x00007f4840ffb000,0x00007f48410fb000) (1024K)]
  0x00007f47b40073f0 JavaThread "Cancel handler"                    [_thread_blocked, id=694968, stack(0x00007f48429fb000,0x00007f4842afb000) (1024K)]
  0x00007f47b40095c0 JavaThread "Daemon worker"                     [_thread_blocked, id=694969, stack(0x00007f48428fa000,0x00007f48429fa000) (1024K)]
  0x00007f47fc0cefd0 JavaThread "Asynchronous log dispatcher for DefaultDaemonConnection: socket connection from /127.0.0.1:41429 to /127.0.0.1:44772"        [_thread_blocked, id=694970, stack(0x00007f48427f9000,0x00007f48428f9000) (1024K)]
  0x00007f47fc0d1ae0 JavaThread "Stdin handler"                     [_thread_blocked, id=694971, stack(0x00007f4840efa000,0x00007f4840ffa000) (1024K)]
  0x00007f47fc077ab0 JavaThread "Daemon client event forwarder"        [_thread_blocked, id=694972, stack(0x00007f4840df9000,0x00007f4840ef9000) (1024K)]
  0x00007f47fc3235b0 JavaThread "Cache worker for journal cache (/home/iggut/.gradle/caches/journal-1)"        [_thread_blocked, id=694973, stack(0x00007f4840cf8000,0x00007f4840df8000) (1024K)]
  0x00007f47fc32dc50 JavaThread "File lock request listener"        [_thread_in_native, id=694974, stack(0x00007f4840bf7000,0x00007f4840cf7000) (1024K)]
  0x00007f47fc34fba0 JavaThread "Cache worker for file hash cache (/home/iggut/.gradle/caches/8.10.2/fileHashes)"        [_thread_blocked, id=694976, stack(0x00007f4840af6000,0x00007f4840bf6000) (1024K)]
  0x00007f47fcc328f0 JavaThread "Cache worker for file hash cache (/home/iggut/workspace/hourly-voice-clock/.gradle/8.10.2/fileHashes)"        [_thread_blocked, id=694994, stack(0x00007f477b7f9000,0x00007f477b8f9000) (1024K)]
  0x00007f47fcc3a420 JavaThread "Cache worker for Build Output Cleanup Cache (/home/iggut/workspace/hourly-voice-clock/.gradle/buildOutputCleanup)"        [_thread_blocked, id=694995, stack(0x00007f477b6f8000,0x00007f477b7f8000) (1024K)]
  0x00007f47fcdb6ed0 JavaThread "File watcher server"        daemon [_thread_in_native, id=694996, stack(0x00007f477b5f7000,0x00007f477b6f7000) (1024K)]
  0x00007f47fcdbc240 JavaThread "File watcher consumer"      daemon [_thread_in_Java, id=694997, stack(0x00007f477b4f6000,0x00007f477b5f6000) (1024K)]
  0x00007f47fceee1f0 JavaThread "Cache worker for checksums cache (/home/iggut/workspace/hourly-voice-clock/.gradle/8.10.2/checksums)"        [_thread_blocked, id=695002, stack(0x00007f477b3f5000,0x00007f477b4f5000) (1024K)]
  0x00007f47fcf08ee0 JavaThread "Cache worker for file content cache (/home/iggut/.gradle/caches/8.10.2/fileContent)"        [_thread_blocked, id=695003, stack(0x00007f477b2f4000,0x00007f477b3f4000) (1024K)]
  0x00007f47fcfad910 JavaThread "Cache worker for cache directory md-rule (/home/iggut/.gradle/caches/8.10.2/md-rule)"        [_thread_blocked, id=695004, stack(0x00007f477b1f3000,0x00007f477b2f3000) (1024K)]
  0x00007f47fd028ed0 JavaThread "Cache worker for cache directory md-supplier (/home/iggut/.gradle/caches/8.10.2/md-supplier)"        [_thread_blocked, id=695005, stack(0x00007f477b0f2000,0x00007f477b1f2000) (1024K)]
  0x00007f47fdb53cf0 JavaThread "Unconstrained build operations"        [_thread_blocked, id=695015, stack(0x00007f477aef0000,0x00007f477aff0000) (1024K)]
  0x00007f47fdb55ca0 JavaThread "Unconstrained build operations Thread 2"        [_thread_blocked, id=695016, stack(0x00007f477adef000,0x00007f477aeef000) (1024K)]
  0x00007f47fdb567f0 JavaThread "Unconstrained build operations Thread 3"        [_thread_blocked, id=695017, stack(0x00007f477acee000,0x00007f477adee000) (1024K)]
  0x00007f47fdb57990 JavaThread "Unconstrained build operations Thread 4"        [_thread_blocked, id=695018, stack(0x00007f477abed000,0x00007f477aced000) (1024K)]
  0x00007f47fdb58c90 JavaThread "Unconstrained build operations Thread 5"        [_thread_blocked, id=695019, stack(0x00007f477aaec000,0x00007f477abec000) (1024K)]
  0x00007f47fdb59f90 JavaThread "Unconstrained build operations Thread 6"        [_thread_blocked, id=695020, stack(0x00007f477a9eb000,0x00007f477aaeb000) (1024K)]
  0x00007f47fdb5b2a0 JavaThread "Unconstrained build operations Thread 7"        [_thread_blocked, id=695021, stack(0x00007f477a8ea000,0x00007f477a9ea000) (1024K)]
  0x00007f47fdb5c5b0 JavaThread "Unconstrained build operations Thread 8"        [_thread_blocked, id=695022, stack(0x00007f477a7e9000,0x00007f477a8e9000) (1024K)]
  0x00007f47fdb5d740 JavaThread "Unconstrained build operations Thread 9"        [_thread_blocked, id=695023, stack(0x00007f477a6e8000,0x00007f477a7e8000) (1024K)]
  0x00007f47fdb5e8d0 JavaThread "Unconstrained build operations Thread 10"        [_thread_blocked, id=695024, stack(0x00007f477a5e7000,0x00007f477a6e7000) (1024K)]
  0x00007f47fdb5fe80 JavaThread "Unconstrained build operations Thread 11"        [_thread_blocked, id=695025, stack(0x00007f477a4e6000,0x00007f477a5e6000) (1024K)]
  0x00007f47fdb611b0 JavaThread "Unconstrained build operations Thread 12"        [_thread_blocked, id=695026, stack(0x00007f477a3e5000,0x00007f477a4e5000) (1024K)]
  0x00007f47fdb62340 JavaThread "Unconstrained build operations Thread 13"        [_thread_blocked, id=695027, stack(0x00007f477a2e4000,0x00007f477a3e4000) (1024K)]
  0x00007f47fdb63680 JavaThread "Unconstrained build operations Thread 14"        [_thread_blocked, id=695028, stack(0x00007f477a1e3000,0x00007f477a2e3000) (1024K)]
  0x00007f47fdb649d0 JavaThread "Unconstrained build operations Thread 15"        [_thread_blocked, id=695029, stack(0x00007f477a0e2000,0x00007f477a1e2000) (1024K)]
  0x00007f47fdb65d20 JavaThread "Unconstrained build operations Thread 16"        [_thread_blocked, id=695030, stack(0x00007f4779fe1000,0x00007f477a0e1000) (1024K)]
  0x00007f47fdb66ec0 JavaThread "Unconstrained build operations Thread 17"        [_thread_blocked, id=695031, stack(0x00007f4779ee0000,0x00007f4779fe0000) (1024K)]
  0x00007f47fdb68060 JavaThread "Unconstrained build operations Thread 18"        [_thread_blocked, id=695032, stack(0x00007f4779ddf000,0x00007f4779edf000) (1024K)]
  0x00007f47fdb691f0 JavaThread "Unconstrained build operations Thread 19"        [_thread_blocked, id=695033, stack(0x00007f4779cde000,0x00007f4779dde000) (1024K)]
  0x00007f47fdb6a560 JavaThread "Unconstrained build operations Thread 20"        [_thread_blocked, id=695034, stack(0x00007f4779bdd000,0x00007f4779cdd000) (1024K)]
  0x00007f47fdb6b6f0 JavaThread "Unconstrained build operations Thread 21"        [_thread_blocked, id=695035, stack(0x00007f4779adc000,0x00007f4779bdc000) (1024K)]
  0x00007f47fdb6ca70 JavaThread "Unconstrained build operations Thread 22"        [_thread_blocked, id=695036, stack(0x00007f47799db000,0x00007f4779adb000) (1024K)]
  0x00007f47fdb6dc00 JavaThread "Unconstrained build operations Thread 23"        [_thread_blocked, id=695037, stack(0x00007f47798da000,0x00007f47799da000) (1024K)]
  0x00007f47fdb6f380 JavaThread "Unconstrained build operations Thread 24"        [_thread_blocked, id=695038, stack(0x00007f47797d9000,0x00007f47798d9000) (1024K)]
  0x00007f47fdb70390 JavaThread "Unconstrained build operations Thread 25"        [_thread_blocked, id=695039, stack(0x00007f47796d8000,0x00007f47797d8000) (1024K)]
  0x00007f47fdb713a0 JavaThread "Unconstrained build operations Thread 26"        [_thread_blocked, id=695040, stack(0x00007f47795d7000,0x00007f47796d7000) (1024K)]
  0x00007f47fdb72ae0 JavaThread "Unconstrained build operations Thread 27"        [_thread_blocked, id=695041, stack(0x00007f47794d6000,0x00007f47795d6000) (1024K)]
  0x00007f47fdb73dd0 JavaThread "Unconstrained build operations Thread 28"        [_thread_blocked, id=695042, stack(0x00007f47793d5000,0x00007f47794d5000) (1024K)]
  0x00007f47fdb74ea0 JavaThread "Unconstrained build operations Thread 29"        [_thread_blocked, id=695043, stack(0x00007f47792d4000,0x00007f47793d4000) (1024K)]
  0x00007f47fdb761a0 JavaThread "Unconstrained build operations Thread 30"        [_thread_blocked, id=695044, stack(0x00007f47791d3000,0x00007f47792d3000) (1024K)]
  0x00007f47fdb774b0 JavaThread "Unconstrained build operations Thread 31"        [_thread_blocked, id=695045, stack(0x00007f47790d2000,0x00007f47791d2000) (1024K)]
  0x00007f47fdb91730 JavaThread "Unconstrained build operations Thread 32"        [_thread_blocked, id=695046, stack(0x00007f4778fd1000,0x00007f47790d1000) (1024K)]
  0x00007f47fdb92aa0 JavaThread "Unconstrained build operations Thread 33"        [_thread_blocked, id=695047, stack(0x00007f4778ed0000,0x00007f4778fd0000) (1024K)]
  0x00007f47fdb95000 JavaThread "Unconstrained build operations Thread 34"        [_thread_blocked, id=695048, stack(0x00007f4778dcf000,0x00007f4778ecf000) (1024K)]
  0x00007f47fdb963f0 JavaThread "Unconstrained build operations Thread 35"        [_thread_blocked, id=695049, stack(0x00007f4778cce000,0x00007f4778dce000) (1024K)]
  0x00007f47fdb97960 JavaThread "Unconstrained build operations Thread 36"        [_thread_blocked, id=695050, stack(0x00007f4778bcd000,0x00007f4778ccd000) (1024K)]
  0x00007f47fdb989a0 JavaThread "Unconstrained build operations Thread 37"        [_thread_blocked, id=695051, stack(0x00007f4778acc000,0x00007f4778bcc000) (1024K)]
  0x00007f47fdb9a0f0 JavaThread "Unconstrained build operations Thread 38"        [_thread_blocked, id=695052, stack(0x00007f47789cb000,0x00007f4778acb000) (1024K)]
  0x00007f47fdb9b090 JavaThread "Unconstrained build operations Thread 39"        [_thread_blocked, id=695053, stack(0x00007f47788ca000,0x00007f47789ca000) (1024K)]
  0x00007f47fdb454f0 JavaThread "Unconstrained build operations Thread 40"        [_thread_blocked, id=695054, stack(0x00007f47787c9000,0x00007f47788c9000) (1024K)]
  0x00007f47fdb4a620 JavaThread "Unconstrained build operations Thread 41"        [_thread_blocked, id=695055, stack(0x00007f47786c8000,0x00007f47787c8000) (1024K)]
  0x00007f47fdb4b810 JavaThread "Unconstrained build operations Thread 42"        [_thread_blocked, id=695056, stack(0x00007f47785c7000,0x00007f47786c7000) (1024K)]
  0x00007f47fdb9fe90 JavaThread "Unconstrained build operations Thread 43"        [_thread_blocked, id=695057, stack(0x00007f47784c6000,0x00007f47785c6000) (1024K)]
  0x00007f47fdba1560 JavaThread "Unconstrained build operations Thread 44"        [_thread_blocked, id=695058, stack(0x00007f47783c5000,0x00007f47784c5000) (1024K)]
  0x00007f47fdba2be0 JavaThread "Unconstrained build operations Thread 45"        [_thread_blocked, id=695059, stack(0x00007f47782c4000,0x00007f47783c4000) (1024K)]
  0x00007f47fdba4020 JavaThread "Unconstrained build operations Thread 46"        [_thread_blocked, id=695060, stack(0x00007f47781c3000,0x00007f47782c3000) (1024K)]
  0x00007f47fdba51b0 JavaThread "Unconstrained build operations Thread 47"        [_thread_blocked, id=695061, stack(0x00007f47780c2000,0x00007f47781c2000) (1024K)]
  0x00007f47fdba6750 JavaThread "Unconstrained build operations Thread 48"        [_thread_blocked, id=695062, stack(0x00007f4677f00000,0x00007f4678000000) (1024K)]
  0x00007f47fdba7790 JavaThread "Unconstrained build operations Thread 49"        [_thread_blocked, id=695063, stack(0x00007f4677dff000,0x00007f4677eff000) (1024K)]
  0x00007f47fdba8d40 JavaThread "Unconstrained build operations Thread 50"        [_thread_blocked, id=695064, stack(0x00007f4677cfe000,0x00007f4677dfe000) (1024K)]
  0x00007f47fdba9db0 JavaThread "Unconstrained build operations Thread 51"        [_thread_blocked, id=695065, stack(0x00007f4677bfd000,0x00007f4677cfd000) (1024K)]
  0x00007f47fdbab220 JavaThread "Unconstrained build operations Thread 52"        [_thread_blocked, id=695066, stack(0x00007f4677afc000,0x00007f4677bfc000) (1024K)]
  0x00007f47fdbac3b0 JavaThread "Unconstrained build operations Thread 53"        [_thread_blocked, id=695067, stack(0x00007f46779fb000,0x00007f4677afb000) (1024K)]
  0x00007f47fdbad9c0 JavaThread "Unconstrained build operations Thread 54"        [_thread_blocked, id=695068, stack(0x00007f46778fa000,0x00007f46779fa000) (1024K)]
  0x00007f47fdbaeb10 JavaThread "Unconstrained build operations Thread 55"        [_thread_blocked, id=695069, stack(0x00007f46777f9000,0x00007f46778f9000) (1024K)]
  0x00007f47fdbb0120 JavaThread "Unconstrained build operations Thread 56"        [_thread_blocked, id=695070, stack(0x00007f46776f8000,0x00007f46777f8000) (1024K)]
  0x00007f47fdbb1190 JavaThread "Unconstrained build operations Thread 57"        [_thread_blocked, id=695071, stack(0x00007f46775f7000,0x00007f46776f7000) (1024K)]
  0x00007f47fdbb2660 JavaThread "Unconstrained build operations Thread 58"        [_thread_blocked, id=695072, stack(0x00007f46774f6000,0x00007f46775f6000) (1024K)]
  0x00007f47fdbb3ae0 JavaThread "Unconstrained build operations Thread 59"        [_thread_blocked, id=695073, stack(0x00007f46773f5000,0x00007f46774f5000) (1024K)]
  0x00007f47fdbb4ff0 JavaThread "Unconstrained build operations Thread 60"        [_thread_blocked, id=695074, stack(0x00007f46772f4000,0x00007f46773f4000) (1024K)]
  0x00007f47fdbb6180 JavaThread "Unconstrained build operations Thread 61"        [_thread_blocked, id=695075, stack(0x00007f46771f3000,0x00007f46772f3000) (1024K)]
  0x00007f47fdbb7640 JavaThread "Unconstrained build operations Thread 62"        [_thread_blocked, id=695076, stack(0x00007f46770f2000,0x00007f46771f2000) (1024K)]
  0x00007f47fdbc1f20 JavaThread "Unconstrained build operations Thread 63"        [_thread_blocked, id=695077, stack(0x00007f4676ff1000,0x00007f46770f1000) (1024K)]
  0x00007f47fdbc2ce0 JavaThread "Unconstrained build operations Thread 64"        [_thread_blocked, id=695078, stack(0x00007f4676ef0000,0x00007f4676ff0000) (1024K)]
  0x00007f47fdbc3e70 JavaThread "Unconstrained build operations Thread 65"        [_thread_blocked, id=695079, stack(0x00007f4676def000,0x00007f4676eef000) (1024K)]
  0x00007f47fdbc5350 JavaThread "Unconstrained build operations Thread 66"        [_thread_blocked, id=695080, stack(0x00007f4676cee000,0x00007f4676dee000) (1024K)]
  0x00007f47fdbc64e0 JavaThread "Unconstrained build operations Thread 67"        [_thread_blocked, id=695081, stack(0x00007f4676bed000,0x00007f4676ced000) (1024K)]
  0x00007f47fdbc79d0 JavaThread "Unconstrained build operations Thread 68"        [_thread_blocked, id=695082, stack(0x00007f4676aec000,0x00007f4676bec000) (1024K)]
  0x00007f47fdbc8b60 JavaThread "Unconstrained build operations Thread 69"        [_thread_blocked, id=695083, stack(0x00007f46769eb000,0x00007f4676aeb000) (1024K)]
  0x00007f47fdbca060 JavaThread "Unconstrained build operations Thread 70"        [_thread_blocked, id=695084, stack(0x00007f46768ea000,0x00007f46769ea000) (1024K)]
  0x00007f47fdbcb1f0 JavaThread "Unconstrained build operations Thread 71"        [_thread_blocked, id=695085, stack(0x00007f46767e9000,0x00007f46768e9000) (1024K)]
  0x00007f47fdbcc700 JavaThread "Unconstrained build operations Thread 72"        [_thread_blocked, id=695086, stack(0x00007f46766e8000,0x00007f46767e8000) (1024K)]
  0x00007f47fdbcd8e0 JavaThread "Unconstrained build operations Thread 73"        [_thread_blocked, id=695087, stack(0x00007f46765e7000,0x00007f46766e7000) (1024K)]
  0x00007f47fdbcee00 JavaThread "Unconstrained build operations Thread 74"        [_thread_blocked, id=695088, stack(0x00007f46764e6000,0x00007f46765e6000) (1024K)]
  0x00007f47fdbd0260 JavaThread "Unconstrained build operations Thread 75"        [_thread_blocked, id=695089, stack(0x00007f46763e5000,0x00007f46764e5000) (1024K)]
  0x00007f47fdbd1790 JavaThread "Unconstrained build operations Thread 76"        [_thread_blocked, id=695090, stack(0x00007f46762e4000,0x00007f46763e4000) (1024K)]
  0x00007f47fdbd2920 JavaThread "Unconstrained build operations Thread 77"        [_thread_blocked, id=695091, stack(0x00007f46761e3000,0x00007f46762e3000) (1024K)]
  0x00007f47fdbd3e60 JavaThread "Unconstrained build operations Thread 78"        [_thread_blocked, id=695092, stack(0x00007f46760e2000,0x00007f46761e2000) (1024K)]
  0x00007f47fdbd53b0 JavaThread "Unconstrained build operations Thread 79"        [_thread_blocked, id=695093, stack(0x00007f4675fe1000,0x00007f46760e1000) (1024K)]
  0x00007f47fdbd6930 JavaThread "Unconstrained build operations Thread 80"        [_thread_blocked, id=695094, stack(0x00007f4675ee0000,0x00007f4675fe0000) (1024K)]
  0x00007f47fdbd7ac0 JavaThread "Unconstrained build operations Thread 81"        [_thread_blocked, id=695095, stack(0x00007f4675ddf000,0x00007f4675edf000) (1024K)]
  0x00007f47fdbd9020 JavaThread "Unconstrained build operations Thread 82"        [_thread_blocked, id=695096, stack(0x00007f4675cde000,0x00007f4675dde000) (1024K)]
  0x00007f47fdbda090 JavaThread "Unconstrained build operations Thread 83"        [_thread_blocked, id=695097, stack(0x00007f4675bdd000,0x00007f4675cdd000) (1024K)]
  0x00007f47fdbdb5d0 JavaThread "Unconstrained build operations Thread 84"        [_thread_blocked, id=695098, stack(0x00007f4675adc000,0x00007f4675bdc000) (1024K)]
  0x00007f47fdbdcaf0 JavaThread "Unconstrained build operations Thread 85"        [_thread_blocked, id=695099, stack(0x00007f46759db000,0x00007f4675adb000) (1024K)]
  0x00007f47fdbde400 JavaThread "Unconstrained build operations Thread 86"        [_thread_blocked, id=695100, stack(0x00007f46758da000,0x00007f46759da000) (1024K)]
  0x00007f47fdbdf530 JavaThread "Unconstrained build operations Thread 87"        [_thread_blocked, id=695101, stack(0x00007f46757d9000,0x00007f46758d9000) (1024K)]
  0x00007f47fdbe0a60 JavaThread "Unconstrained build operations Thread 88"        [_thread_blocked, id=695102, stack(0x00007f46756d8000,0x00007f46757d8000) (1024K)]
  0x00007f47fdbe1bc0 JavaThread "Unconstrained build operations Thread 89"        [_thread_blocked, id=695103, stack(0x00007f46755d7000,0x00007f46756d7000) (1024K)]
  0x00007f47fdbe2d50 JavaThread "Unconstrained build operations Thread 90"        [_thread_blocked, id=695104, stack(0x00007f46754d6000,0x00007f46755d6000) (1024K)]
  0x00007f47fdbe4620 JavaThread "Unconstrained build operations Thread 91"        [_thread_blocked, id=695105, stack(0x00007f46753d5000,0x00007f46754d5000) (1024K)]
  0x00007f47fdbe5ba0 JavaThread "Unconstrained build operations Thread 92"        [_thread_blocked, id=695106, stack(0x00007f46752d4000,0x00007f46753d4000) (1024K)]
  0x00007f47fdbe6de0 JavaThread "Unconstrained build operations Thread 93"        [_thread_blocked, id=695107, stack(0x00007f46751d3000,0x00007f46752d3000) (1024K)]
  0x00007f47fe6a5880 JavaThread "Memory manager"                    [_thread_blocked, id=695112, stack(0x00007f46750d2000,0x00007f46751d2000) (1024K)]
  0x00007f47fe9e2430 JavaThread "build event listener"              [_thread_blocked, id=695113, stack(0x00007f4674fd1000,0x00007f46750d1000) (1024K)]
  0x00007f45b4c7b1f0 JavaThread "ForkJoinPool.commonPool-worker-1" daemon [_thread_blocked, id=695149, stack(0x00007f477aff1000,0x00007f477b0f1000) (1024K)]
  0x00007f47a061e660 JavaThread "ForkJoinPool.commonPool-worker-2" daemon [_thread_blocked, id=695150, stack(0x00007f48409f5000,0x00007f4840af5000) (1024K)]
  0x00007f45b4c580d0 JavaThread "ForkJoinPool.commonPool-worker-4" daemon [_thread_blocked, id=695151, stack(0x00007f4674ed0000,0x00007f4674fd0000) (1024K)]
  0x00007f45b4c7f2b0 JavaThread "ForkJoinPool.commonPool-worker-5" daemon [_thread_blocked, id=695152, stack(0x00007f4674dcf000,0x00007f4674ecf000) (1024K)]
  0x00007f47a061ed70 JavaThread "ForkJoinPool.commonPool-worker-3" daemon [_thread_blocked, id=695153, stack(0x00007f4674cce000,0x00007f4674dce000) (1024K)]
  0x00007f4590000f50 JavaThread "ForkJoinPool.commonPool-worker-7" daemon [_thread_blocked, id=695154, stack(0x00007f4674bcd000,0x00007f4674ccd000) (1024K)]
  0x00007f4598000f50 JavaThread "ForkJoinPool.commonPool-worker-6" daemon [_thread_blocked, id=695155, stack(0x00007f4674acc000,0x00007f4674bcc000) (1024K)]
  0x00007f45b4c8c370 JavaThread "Exec process"                      [_thread_blocked, id=695156, stack(0x00007f46749cb000,0x00007f4674acb000) (1024K)]
  0x00007f4580003b00 JavaThread "process reaper (pid 695350)" daemon [_thread_in_native, id=695159, stack(0x00007f48c4040000,0x00007f48c4062000) (136K)]
  0x00007f4580005a80 JavaThread "Exec process Thread 2"             [_thread_blocked, id=695165, stack(0x00007f46748ca000,0x00007f46749ca000) (1024K)]
  0x00007f45800075e0 JavaThread "Exec process Thread 3"             [_thread_blocked, id=695166, stack(0x00007f46747c9000,0x00007f46748c9000) (1024K)]
  0x00007f45b4e15370 JavaThread "included builds"                   [_thread_blocked, id=695203, stack(0x00007f46746c8000,0x00007f46747c8000) (1024K)]
  0x00007f4570007350 JavaThread "Execution worker"                  [_thread_blocked, id=695204, stack(0x00007f46745c7000,0x00007f46746c7000) (1024K)]
  0x00007f4570008650 JavaThread "Execution worker Thread 2"         [_thread_blocked, id=695205, stack(0x00007f46744c6000,0x00007f46745c6000) (1024K)]
  0x00007f457000ab30 JavaThread "Execution worker Thread 3"         [_thread_blocked, id=695206, stack(0x00007f46743c5000,0x00007f46744c5000) (1024K)]
  0x00007f457000bce0 JavaThread "Execution worker Thread 4"         [_thread_blocked, id=695207, stack(0x00007f46742c4000,0x00007f46743c4000) (1024K)]
  0x00007f457000ce90 JavaThread "Execution worker Thread 5"         [_thread_blocked, id=695208, stack(0x00007f46741c3000,0x00007f46742c3000) (1024K)]
  0x00007f457000e030 JavaThread "Execution worker Thread 6"         [_thread_blocked, id=695209, stack(0x00007f46740c2000,0x00007f46741c2000) (1024K)]
  0x00007f457000f1d0 JavaThread "Execution worker Thread 7"         [_thread_blocked, id=695210, stack(0x00007f45abf00000,0x00007f45ac000000) (1024K)]
  0x00007f4570010370 JavaThread "Execution worker Thread 8"         [_thread_blocked, id=695211, stack(0x00007f45a3300000,0x00007f45a3400000) (1024K)]
  0x00007f4570011510 JavaThread "Execution worker Thread 9"         [_thread_blocked, id=695212, stack(0x00007f45a31ff000,0x00007f45a32ff000) (1024K)]
  0x00007f45700126c0 JavaThread "Execution worker Thread 10"        [_thread_blocked, id=695213, stack(0x00007f45a30fe000,0x00007f45a31fe000) (1024K)]
  0x00007f4570013870 JavaThread "Execution worker Thread 11"        [_thread_blocked, id=695214, stack(0x00007f459ef00000,0x00007f459f000000) (1024K)]
  0x00007f4570014a10 JavaThread "Execution worker Thread 12"        [_thread_blocked, id=695215, stack(0x00007f459edff000,0x00007f459eeff000) (1024K)]
  0x00007f4570015bb0 JavaThread "Execution worker Thread 13"        [_thread_blocked, id=695216, stack(0x00007f459ecfe000,0x00007f459edfe000) (1024K)]
  0x00007f4570016d60 JavaThread "Execution worker Thread 14"        [_thread_blocked, id=695217, stack(0x00007f459ebfd000,0x00007f459ecfd000) (1024K)]
  0x00007f4570017f10 JavaThread "Execution worker Thread 15"        [_thread_blocked, id=695218, stack(0x00007f459eafc000,0x00007f459ebfc000) (1024K)]
  0x00007f45700190b0 JavaThread "Execution worker Thread 16"        [_thread_blocked, id=695219, stack(0x00007f459e9fb000,0x00007f459eafb000) (1024K)]
  0x00007f457001a250 JavaThread "Execution worker Thread 17"        [_thread_blocked, id=695220, stack(0x00007f459e8fa000,0x00007f459e9fa000) (1024K)]
  0x00007f457001b670 JavaThread "Execution worker Thread 18"        [_thread_blocked, id=695221, stack(0x00007f459e7f9000,0x00007f459e8f9000) (1024K)]
  0x00007f457001c810 JavaThread "Execution worker Thread 19"        [_thread_blocked, id=695222, stack(0x00007f459e6f8000,0x00007f459e7f8000) (1024K)]
  0x00007f457001dda0 JavaThread "Execution worker Thread 20"        [_thread_blocked, id=695223, stack(0x00007f459e5f7000,0x00007f459e6f7000) (1024K)]
  0x00007f457001f330 JavaThread "Execution worker Thread 21"        [_thread_blocked, id=695224, stack(0x00007f459e4f6000,0x00007f459e5f6000) (1024K)]
  0x00007f45700208d0 JavaThread "Execution worker Thread 22"        [_thread_blocked, id=695225, stack(0x00007f459e3f5000,0x00007f459e4f5000) (1024K)]
  0x00007f4570021e70 JavaThread "Execution worker Thread 23"        [_thread_blocked, id=695226, stack(0x00007f459e2f4000,0x00007f459e3f4000) (1024K)]
  0x00007f4570023400 JavaThread "Execution worker Thread 24"        [_thread_blocked, id=695227, stack(0x00007f459e1f3000,0x00007f459e2f3000) (1024K)]
  0x00007f4570024990 JavaThread "Execution worker Thread 25"        [_thread_blocked, id=695228, stack(0x00007f459e0f2000,0x00007f459e1f2000) (1024K)]
  0x00007f4570025f20 JavaThread "Execution worker Thread 26"        [_thread_blocked, id=695229, stack(0x00007f459dff1000,0x00007f459e0f1000) (1024K)]
  0x00007f45700274b0 JavaThread "Execution worker Thread 27"        [_thread_blocked, id=695230, stack(0x00007f459def0000,0x00007f459dff0000) (1024K)]
  0x00007f4570028a40 JavaThread "Execution worker Thread 28"        [_thread_blocked, id=695231, stack(0x00007f459ddef000,0x00007f459deef000) (1024K)]
  0x00007f4570029fd0 JavaThread "Execution worker Thread 29"        [_thread_blocked, id=695232, stack(0x00007f459dcee000,0x00007f459ddee000) (1024K)]
  0x00007f457002b570 JavaThread "Execution worker Thread 30"        [_thread_blocked, id=695233, stack(0x00007f459dbed000,0x00007f459dced000) (1024K)]
  0x00007f457002cb10 JavaThread "Execution worker Thread 31"        [_thread_blocked, id=695234, stack(0x00007f459daec000,0x00007f459dbec000) (1024K)]
  0x00007f45740285b0 JavaThread "Cache worker for execution history cache (/home/iggut/workspace/hourly-voice-clock/.gradle/8.10.2/executionHistory)"        [_thread_blocked, id=695235, stack(0x00007f459d9eb000,0x00007f459daeb000) (1024K)]
  0x00007f452002bd00 JavaThread "Unconstrained build operations Thread 94"        [_thread_blocked, id=695239, stack(0x00007f459d7e9000,0x00007f459d8e9000) (1024K)]
  0x00007f4520003ce0 JavaThread "Unconstrained build operations Thread 95"        [_thread_blocked, id=695240, stack(0x00007f459d6e8000,0x00007f459d7e8000) (1024K)]
  0x00007f4520005400 JavaThread "Unconstrained build operations Thread 96"        [_thread_blocked, id=695241, stack(0x00007f459d5e7000,0x00007f459d6e7000) (1024K)]
  0x00007f45200065b0 JavaThread "Unconstrained build operations Thread 97"        [_thread_blocked, id=695242, stack(0x00007f459d4e6000,0x00007f459d5e6000) (1024K)]
  0x00007f4520031020 JavaThread "Unconstrained build operations Thread 98"        [_thread_blocked, id=695243, stack(0x00007f459d3e5000,0x00007f459d4e5000) (1024K)]
  0x00007f4520031f20 JavaThread "Unconstrained build operations Thread 99"        [_thread_blocked, id=695244, stack(0x00007f459d2e4000,0x00007f459d3e4000) (1024K)]
  0x00007f45200330c0 JavaThread "Unconstrained build operations Thread 100"        [_thread_blocked, id=695245, stack(0x00007f459d1e3000,0x00007f459d2e3000) (1024K)]
  0x00007f4520034260 JavaThread "Unconstrained build operations Thread 101"        [_thread_blocked, id=695246, stack(0x00007f459d0e2000,0x00007f459d1e2000) (1024K)]
  0x00007f4520035800 JavaThread "Unconstrained build operations Thread 102"        [_thread_blocked, id=695247, stack(0x00007f459cfe1000,0x00007f459d0e1000) (1024K)]
  0x00007f4520036da0 JavaThread "Unconstrained build operations Thread 103"        [_thread_blocked, id=695248, stack(0x00007f459cee0000,0x00007f459cfe0000) (1024K)]
  0x00007f4520038330 JavaThread "Unconstrained build operations Thread 104"        [_thread_blocked, id=695249, stack(0x00007f459cddf000,0x00007f459cedf000) (1024K)]
  0x00007f45200394d0 JavaThread "Unconstrained build operations Thread 105"        [_thread_blocked, id=695250, stack(0x00007f459ccde000,0x00007f459cdde000) (1024K)]
  0x00007f452003aa60 JavaThread "Unconstrained build operations Thread 106"        [_thread_blocked, id=695251, stack(0x00007f459cbdd000,0x00007f459ccdd000) (1024K)]
  0x00007f452003bc10 JavaThread "Unconstrained build operations Thread 107"        [_thread_blocked, id=695252, stack(0x00007f459cadc000,0x00007f459cbdc000) (1024K)]
  0x00007f452003cdb0 JavaThread "Unconstrained build operations Thread 108"        [_thread_blocked, id=695253, stack(0x00007f459c9db000,0x00007f459cadb000) (1024K)]
  0x00007f452003e350 JavaThread "Unconstrained build operations Thread 109"        [_thread_blocked, id=695254, stack(0x00007f459c8da000,0x00007f459c9da000) (1024K)]
  0x00007f452003f770 JavaThread "Unconstrained build operations Thread 110"        [_thread_blocked, id=695255, stack(0x00007f459c7d9000,0x00007f459c8d9000) (1024K)]
  0x00007f4520040910 JavaThread "Unconstrained build operations Thread 111"        [_thread_blocked, id=695256, stack(0x00007f459c6d8000,0x00007f459c7d8000) (1024K)]
  0x00007f4520041af0 JavaThread "Unconstrained build operations Thread 112"        [_thread_blocked, id=695257, stack(0x00007f459c5d7000,0x00007f459c6d7000) (1024K)]
  0x00007f4520043110 JavaThread "Unconstrained build operations Thread 113"        [_thread_blocked, id=695258, stack(0x00007f459c4d6000,0x00007f459c5d6000) (1024K)]
  0x00007f45200441e0 JavaThread "Unconstrained build operations Thread 114"        [_thread_blocked, id=695259, stack(0x00007f459c3d5000,0x00007f459c4d5000) (1024K)]
  0x00007f4520045380 JavaThread "Unconstrained build operations Thread 115"        [_thread_blocked, id=695260, stack(0x00007f459c2d4000,0x00007f459c3d4000) (1024K)]
  0x00007f4520046530 JavaThread "Unconstrained build operations Thread 116"        [_thread_blocked, id=695261, stack(0x00007f459c1d3000,0x00007f459c2d3000) (1024K)]
  0x00007f4520047b50 JavaThread "Unconstrained build operations Thread 117"        [_thread_blocked, id=695262, stack(0x00007f459c0d2000,0x00007f459c1d2000) (1024K)]
  0x00007f4520048d60 JavaThread "Unconstrained build operations Thread 118"        [_thread_blocked, id=695263, stack(0x00007f448ff00000,0x00007f4490000000) (1024K)]
  0x00007f452004a210 JavaThread "Unconstrained build operations Thread 119"        [_thread_blocked, id=695264, stack(0x00007f448fdff000,0x00007f448feff000) (1024K)]
  0x00007f452004b7a0 JavaThread "Unconstrained build operations Thread 120"        [_thread_blocked, id=695265, stack(0x00007f448fcfe000,0x00007f448fdfe000) (1024K)]
  0x00007f452004cd30 JavaThread "Unconstrained build operations Thread 121"        [_thread_blocked, id=695266, stack(0x00007f448fbfd000,0x00007f448fcfd000) (1024K)]
  0x00007f452004ded0 JavaThread "Unconstrained build operations Thread 122"        [_thread_blocked, id=695267, stack(0x00007f448fafc000,0x00007f448fbfc000) (1024K)]
  0x00007f452004f070 JavaThread "Unconstrained build operations Thread 123"        [_thread_blocked, id=695268, stack(0x00007f448f9fb000,0x00007f448fafb000) (1024K)]
  0x00007f4520050600 JavaThread "Unconstrained build operations Thread 124"        [_thread_blocked, id=695269, stack(0x00007f448f8fa000,0x00007f448f9fa000) (1024K)]
  0x00007f45200548b0 JavaThread "WorkerExecutor Queue"              [_thread_blocked, id=695272, stack(0x00007f448f5f7000,0x00007f448f6f7000) (1024K)]
  0x00007f4544003600 JavaThread "Unconstrained build operations Thread 125"        [_thread_blocked, id=695273, stack(0x00007f448f4f6000,0x00007f448f5f6000) (1024K)]
  0x00007f4544004cb0 JavaThread "Unconstrained build operations Thread 126"        [_thread_blocked, id=695274, stack(0x00007f448f3f5000,0x00007f448f4f5000) (1024K)]
  0x00007f4544006490 JavaThread "Unconstrained build operations Thread 127"        [_thread_blocked, id=695275, stack(0x00007f448f2f4000,0x00007f448f3f4000) (1024K)]
  0x00007f45440075c0 JavaThread "Unconstrained build operations Thread 128"        [_thread_blocked, id=695276, stack(0x00007f448f1f3000,0x00007f448f2f3000) (1024K)]
  0x00007f4544008700 JavaThread "Unconstrained build operations Thread 129"        [_thread_blocked, id=695277, stack(0x00007f448f0f2000,0x00007f448f1f2000) (1024K)]
  0x00007f4544009f60 JavaThread "Unconstrained build operations Thread 130"        [_thread_blocked, id=695278, stack(0x00007f448eff1000,0x00007f448f0f1000) (1024K)]
  0x00007f454400ae60 JavaThread "Unconstrained build operations Thread 131"        [_thread_blocked, id=695279, stack(0x00007f448eef0000,0x00007f448eff0000) (1024K)]
  0x00007f454400bda0 JavaThread "Unconstrained build operations Thread 132"        [_thread_blocked, id=695280, stack(0x00007f448edef000,0x00007f448eeef000) (1024K)]
  0x00007f454400d1d0 JavaThread "Unconstrained build operations Thread 133"        [_thread_blocked, id=695281, stack(0x00007f448ecee000,0x00007f448edee000) (1024K)]
  0x00007f454400e340 JavaThread "Unconstrained build operations Thread 134"        [_thread_blocked, id=695282, stack(0x00007f448ebed000,0x00007f448eced000) (1024K)]
  0x00007f454400f950 JavaThread "Unconstrained build operations Thread 135"        [_thread_blocked, id=695283, stack(0x00007f448eaec000,0x00007f448ebec000) (1024K)]
  0x00007f4544010780 JavaThread "Unconstrained build operations Thread 136"        [_thread_blocked, id=695284, stack(0x00007f448e9eb000,0x00007f448eaeb000) (1024K)]
  0x00007f45440118b0 JavaThread "Unconstrained build operations Thread 137"        [_thread_blocked, id=695285, stack(0x00007f448e8ea000,0x00007f448e9ea000) (1024K)]
  0x00007f45440111a0 JavaThread "Unconstrained build operations Thread 138"        [_thread_blocked, id=695286, stack(0x00007f448e7e9000,0x00007f448e8e9000) (1024K)]
  0x00007f45440122b0 JavaThread "Unconstrained build operations Thread 139"        [_thread_blocked, id=695287, stack(0x00007f448e6e8000,0x00007f448e7e8000) (1024K)]
  0x00007f4544013690 JavaThread "Unconstrained build operations Thread 140"        [_thread_blocked, id=695288, stack(0x00007f448e5e7000,0x00007f448e6e7000) (1024K)]
  0x00007f4544014a60 JavaThread "Unconstrained build operations Thread 141"        [_thread_blocked, id=695289, stack(0x00007f448e4e6000,0x00007f448e5e6000) (1024K)]
  0x00007f4544015a10 JavaThread "Unconstrained build operations Thread 142"        [_thread_blocked, id=695290, stack(0x00007f448e3e5000,0x00007f448e4e5000) (1024K)]
  0x00007f4544016bc0 JavaThread "Unconstrained build operations Thread 143"        [_thread_blocked, id=695291, stack(0x00007f448e2e4000,0x00007f448e3e4000) (1024K)]
  0x00007f4544017d50 JavaThread "Unconstrained build operations Thread 144"        [_thread_blocked, id=695292, stack(0x00007f448e1e3000,0x00007f448e2e3000) (1024K)]
  0x00007f45440192e0 JavaThread "Unconstrained build operations Thread 145"        [_thread_blocked, id=695293, stack(0x00007f448e0e2000,0x00007f448e1e2000) (1024K)]
  0x00007f454401a870 JavaThread "Unconstrained build operations Thread 146"        [_thread_blocked, id=695294, stack(0x00007f448dfe1000,0x00007f448e0e1000) (1024K)]
  0x00007f454401ba20 JavaThread "Unconstrained build operations Thread 147"        [_thread_blocked, id=695295, stack(0x00007f448dee0000,0x00007f448dfe0000) (1024K)]
  0x00007f454401cbb0 JavaThread "Unconstrained build operations Thread 148"        [_thread_blocked, id=695296, stack(0x00007f448dddf000,0x00007f448dedf000) (1024K)]
  0x00007f454401e140 JavaThread "Unconstrained build operations Thread 149"        [_thread_blocked, id=695297, stack(0x00007f448dcde000,0x00007f448ddde000) (1024K)]
  0x00007f454401f6d0 JavaThread "Unconstrained build operations Thread 150"        [_thread_blocked, id=695298, stack(0x00007f448dbdd000,0x00007f448dcdd000) (1024K)]
  0x00007f4544020880 JavaThread "Unconstrained build operations Thread 151"        [_thread_blocked, id=695299, stack(0x00007f448dadc000,0x00007f448dbdc000) (1024K)]
  0x00007f4544021a10 JavaThread "Unconstrained build operations Thread 152"        [_thread_blocked, id=695300, stack(0x00007f448d9db000,0x00007f448dadb000) (1024K)]
  0x00007f4544022bb0 JavaThread "Unconstrained build operations Thread 153"        [_thread_blocked, id=695301, stack(0x00007f448d8da000,0x00007f448d9da000) (1024K)]
  0x00007f4544023d50 JavaThread "Unconstrained build operations Thread 154"        [_thread_blocked, id=695302, stack(0x00007f448d7d9000,0x00007f448d8d9000) (1024K)]
  0x00007f4544026ad0 JavaThread "Unconstrained build operations Thread 155"        [_thread_blocked, id=695303, stack(0x00007f448d6d8000,0x00007f448d7d8000) (1024K)]
  0x00007f45440e55f0 JavaThread "WorkerExecutor Queue Thread 2"        [_thread_blocked, id=695315, stack(0x00007f448d5d7000,0x00007f448d6d7000) (1024K)]
  0x00007f4544138820 JavaThread "WorkerExecutor Queue Thread 4"        [_thread_blocked, id=695317, stack(0x00007f448d3d5000,0x00007f448d4d5000) (1024K)]
  0x00007f45440e73c0 JavaThread "WorkerExecutor Queue Thread 5"        [_thread_blocked, id=695318, stack(0x00007f448d2d4000,0x00007f448d3d4000) (1024K)]
  0x00007f45441392b0 JavaThread "WorkerExecutor Queue Thread 6"        [_thread_blocked, id=695319, stack(0x00007f448d1d3000,0x00007f448d2d3000) (1024K)]
  0x00007f454413a380 JavaThread "WorkerExecutor Queue Thread 7"        [_thread_blocked, id=695320, stack(0x00007f448d0d2000,0x00007f448d1d2000) (1024K)]
  0x00007f454413b450 JavaThread "WorkerExecutor Queue Thread 8"        [_thread_blocked, id=695321, stack(0x00007f448cfd1000,0x00007f448d0d1000) (1024K)]
  0x00007f454413c530 JavaThread "WorkerExecutor Queue Thread 9"        [_thread_blocked, id=695322, stack(0x00007f448ced0000,0x00007f448cfd0000) (1024K)]
  0x00007f454413efe0 JavaThread "WorkerExecutor Queue Thread 10"        [_thread_blocked, id=695323, stack(0x00007f448cdcf000,0x00007f448cecf000) (1024K)]
  0x00007f454413e6c0 JavaThread "WorkerExecutor Queue Thread 11"        [_thread_blocked, id=695324, stack(0x00007f448ccce000,0x00007f448cdce000) (1024K)]
  0x00007f454413fc10 JavaThread "WorkerExecutor Queue Thread 12"        [_thread_blocked, id=695325, stack(0x00007f448cbcd000,0x00007f448cccd000) (1024K)]
  0x00007f4544140cf0 JavaThread "WorkerExecutor Queue Thread 13"        [_thread_blocked, id=695326, stack(0x00007f448cacc000,0x00007f448cbcc000) (1024K)]
  0x00007f45440d42b0 JavaThread "WorkerExecutor Queue Thread 14"        [_thread_blocked, id=695327, stack(0x00007f448c9cb000,0x00007f448cacb000) (1024K)]
  0x00007f45440d6780 JavaThread "WorkerExecutor Queue Thread 15"        [_thread_blocked, id=695328, stack(0x00007f448c8ca000,0x00007f448c9ca000) (1024K)]
  0x00007f4544141dd0 JavaThread "WorkerExecutor Queue Thread 16"        [_thread_blocked, id=695329, stack(0x00007f448c7c9000,0x00007f448c8c9000) (1024K)]
  0x00007f4544147870 JavaThread "WorkerExecutor Queue Thread 17"        [_thread_blocked, id=695330, stack(0x00007f448c6c8000,0x00007f448c7c8000) (1024K)]
  0x00007f4544147050 JavaThread "WorkerExecutor Queue Thread 18"        [_thread_blocked, id=695331, stack(0x00007f448c5c7000,0x00007f448c6c7000) (1024K)]
  0x00007f4544147fb0 JavaThread "WorkerExecutor Queue Thread 19"        [_thread_blocked, id=695332, stack(0x00007f448c4c6000,0x00007f448c5c6000) (1024K)]
  0x00007f4544148fe0 JavaThread "WorkerExecutor Queue Thread 20"        [_thread_blocked, id=695333, stack(0x00007f448c3c5000,0x00007f448c4c5000) (1024K)]
  0x00007f45440d5490 JavaThread "WorkerExecutor Queue Thread 21"        [_thread_blocked, id=695334, stack(0x00007f448c2c4000,0x00007f448c3c4000) (1024K)]
  0x00007f4544145500 JavaThread "WorkerExecutor Queue Thread 22"        [_thread_blocked, id=695335, stack(0x00007f448c1c3000,0x00007f448c2c3000) (1024K)]
  0x00007f45441465d0 JavaThread "WorkerExecutor Queue Thread 23"        [_thread_blocked, id=695336, stack(0x00007f448c0c2000,0x00007f448c1c2000) (1024K)]
  0x00007f454414d710 JavaThread "WorkerExecutor Queue Thread 24"        [_thread_blocked, id=695337, stack(0x00007f443ff00000,0x00007f4440000000) (1024K)]
  0x00007f454414e890 JavaThread "WorkerExecutor Queue Thread 25"        [_thread_blocked, id=695338, stack(0x00007f443fdff000,0x00007f443feff000) (1024K)]
  0x00007f454414fa30 JavaThread "WorkerExecutor Queue Thread 26"        [_thread_blocked, id=695339, stack(0x00007f443fcfe000,0x00007f443fdfe000) (1024K)]
  0x00007f4544150be0 JavaThread "WorkerExecutor Queue Thread 27"        [_thread_blocked, id=695340, stack(0x00007f443fbfd000,0x00007f443fcfd000) (1024K)]
  0x00007f4544151d90 JavaThread "WorkerExecutor Queue Thread 28"        [_thread_blocked, id=695341, stack(0x00007f443fafc000,0x00007f443fbfc000) (1024K)]
  0x00007f4544152f30 JavaThread "WorkerExecutor Queue Thread 29"        [_thread_blocked, id=695342, stack(0x00007f443f9fb000,0x00007f443fafb000) (1024K)]
  0x00007f45441540a0 JavaThread "WorkerExecutor Queue Thread 30"        [_thread_blocked, id=695343, stack(0x00007f443f8fa000,0x00007f443f9fa000) (1024K)]
  0x00007f4544155240 JavaThread "WorkerExecutor Queue Thread 31"        [_thread_blocked, id=695344, stack(0x00007f443f7f9000,0x00007f443f8f9000) (1024K)]
  0x00007f4544157e20 JavaThread "WorkerExecutor Queue Thread 32"        [_thread_blocked, id=695345, stack(0x00007f443f6f8000,0x00007f443f7f8000) (1024K)]
  0x00007f4544149830 JavaThread "Unconstrained build operations Thread 156"        [_thread_blocked, id=695346, stack(0x00007f443f5f7000,0x00007f443f6f7000) (1024K)]
  0x00007f44f00191d0 JavaThread "pool-3-thread-1"                   [_thread_blocked, id=695347, stack(0x00007f443f4f6000,0x00007f443f5f6000) (1024K)]
  0x00007f450402a450 JavaThread "Unconstrained build operations Thread 157"        [_thread_blocked, id=695348, stack(0x00007f443f3f5000,0x00007f443f4f5000) (1024K)]
  0x00007f450402b210 JavaThread "Unconstrained build operations Thread 158"        [_thread_blocked, id=695349, stack(0x00007f443f2f4000,0x00007f443f3f4000) (1024K)]
  0x00007f4504029630 JavaThread "Unconstrained build operations Thread 159"        [_thread_blocked, id=695358, stack(0x00007f443f1f3000,0x00007f443f2f3000) (1024K)]
  0x00007f44a8011540 JavaThread "process reaper (pid 695352)" daemon [_thread_in_native, id=695359, stack(0x00007f48c401d000,0x00007f48c403f000) (136K)]
  0x00007f44f80089b0 JavaThread "process reaper (pid 695356)" daemon [_thread_in_native, id=695360, stack(0x00007f48bfedd000,0x00007f48bfeff000) (136K)]
  0x00007f44b000ba50 JavaThread "process reaper (pid 695353)" daemon [_thread_in_native, id=695361, stack(0x00007f48a768d000,0x00007f48a76af000) (136K)]
  0x00007f44f0015cd0 JavaThread "process reaper (pid 695355)" daemon [_thread_in_native, id=695362, stack(0x00007f48a766a000,0x00007f48a768c000) (136K)]
  0x00007f44f4001e40 JavaThread "process reaper (pid 695357)" daemon [_thread_in_native, id=695363, stack(0x00007f48a7647000,0x00007f48a7669000) (136K)]
  0x00007f44e8020e30 JavaThread "process reaper (pid 695351)" daemon [_thread_in_native, id=695364, stack(0x00007f48a7624000,0x00007f48a7646000) (136K)]
  0x00007f449001c650 JavaThread "process reaper (pid 695354)" daemon [_thread_in_native, id=695365, stack(0x00007f48a7601000,0x00007f48a7623000) (136K)]
  0x00007f44e8021c10 JavaThread "stderr"                            [_thread_in_native, id=695366, stack(0x00007f443f0f2000,0x00007f443f1f2000) (1024K)]
  0x00007f44e80236d0 JavaThread "stdout"                            [_thread_in_native, id=695367, stack(0x00007f443eff1000,0x00007f443f0f1000) (1024K)]
  0x00007f450402f740 JavaThread "stderr"                            [_thread_in_native, id=695368, stack(0x00007f443eef0000,0x00007f443eff0000) (1024K)]
  0x00007f450402e8d0 JavaThread "stdout"                            [_thread_in_native, id=695369, stack(0x00007f443edef000,0x00007f443eeef000) (1024K)]
  0x00007f44f40033b0 JavaThread "stderr"                            [_thread_in_native, id=695370, stack(0x00007f443ecee000,0x00007f443edee000) (1024K)]
  0x00007f44f0016af0 JavaThread "stderr"                            [_thread_in_native, id=695371, stack(0x00007f443ebed000,0x00007f443eced000) (1024K)]
  0x00007f44f001c5f0 JavaThread "stdout"                            [_thread_in_native, id=695372, stack(0x00007f443eaec000,0x00007f443ebec000) (1024K)]
  0x00007f449001d820 JavaThread "stderr"                            [_thread_in_native, id=695373, stack(0x00007f443e9eb000,0x00007f443eaeb000) (1024K)]
  0x00007f449001f700 JavaThread "stdout"                            [_thread_in_native, id=695374, stack(0x00007f443e8ea000,0x00007f443e9ea000) (1024K)]
  0x00007f44b000c810 JavaThread "stderr"                            [_thread_in_native, id=695375, stack(0x00007f443e7e9000,0x00007f443e8e9000) (1024K)]
  0x00007f44f40041a0 JavaThread "stdout"                            [_thread_in_native, id=695376, stack(0x00007f443e6e8000,0x00007f443e7e8000) (1024K)]
  0x00007f44a8012570 JavaThread "stderr"                            [_thread_in_native, id=695377, stack(0x00007f443e5e7000,0x00007f443e6e7000) (1024K)]
  0x00007f44f8009b00 JavaThread "stderr"                            [_thread_in_native, id=695378, stack(0x00007f443e4e6000,0x00007f443e5e6000) (1024K)]
  0x00007f44f800b700 JavaThread "stdout"                            [_thread_in_native, id=695379, stack(0x00007f443e3e5000,0x00007f443e4e5000) (1024K)]
  0x00007f44a800bc50 JavaThread "stdout"                            [_thread_in_native, id=695380, stack(0x00007f443e2e4000,0x00007f443e3e4000) (1024K)]
  0x00007f44b000dd70 JavaThread "stdout"                            [_thread_in_native, id=695381, stack(0x00007f443e1e3000,0x00007f443e2e3000) (1024K)]
  0x00007f453800c9b0 JavaThread "Unconstrained build operations Thread 160"        [_thread_blocked, id=695382, stack(0x00007f443e0e2000,0x00007f443e1e2000) (1024K)]
  0x00007f453800da90 JavaThread "Unconstrained build operations Thread 161"        [_thread_blocked, id=695383, stack(0x00007f443dfe1000,0x00007f443e0e1000) (1024K)]
  0x00007f453800f9b0 JavaThread "Unconstrained build operations Thread 162"        [_thread_blocked, id=695384, stack(0x00007f443dee0000,0x00007f443dfe0000) (1024K)]
  0x00007f453800f000 JavaThread "Unconstrained build operations Thread 163"        [_thread_blocked, id=695385, stack(0x00007f443dddf000,0x00007f443dedf000) (1024K)]
  0x00007f4538012700 JavaThread "Unconstrained build operations Thread 164"        [_thread_blocked, id=695386, stack(0x00007f443dcde000,0x00007f443ddde000) (1024K)]
  0x00007f4538013a10 JavaThread "Unconstrained build operations Thread 165"        [_thread_blocked, id=695387, stack(0x00007f443dbdd000,0x00007f443dcdd000) (1024K)]
  0x00007f4538014f80 JavaThread "Unconstrained build operations Thread 166"        [_thread_blocked, id=695388, stack(0x00007f443dadc000,0x00007f443dbdc000) (1024K)]
  0x00007f4538016180 JavaThread "Unconstrained build operations Thread 167"        [_thread_blocked, id=695389, stack(0x00007f443d9db000,0x00007f443dadb000) (1024K)]
  0x00007f4538017740 JavaThread "Unconstrained build operations Thread 168"        [_thread_blocked, id=695390, stack(0x00007f443d8da000,0x00007f443d9da000) (1024K)]
  0x00007f45380188e0 JavaThread "Unconstrained build operations Thread 169"        [_thread_blocked, id=695391, stack(0x00007f443d7d9000,0x00007f443d8d9000) (1024K)]
  0x00007f4538019a90 JavaThread "Unconstrained build operations Thread 170"        [_thread_blocked, id=695392, stack(0x00007f443d6d8000,0x00007f443d7d8000) (1024K)]
  0x00007f453801b010 JavaThread "Unconstrained build operations Thread 171"        [_thread_blocked, id=695393, stack(0x00007f443d5d7000,0x00007f443d6d7000) (1024K)]
  0x00007f453801c1e0 JavaThread "Unconstrained build operations Thread 172"        [_thread_blocked, id=695394, stack(0x00007f443d4d6000,0x00007f443d5d6000) (1024K)]
  0x00007f453801d380 JavaThread "Unconstrained build operations Thread 173"        [_thread_blocked, id=695395, stack(0x00007f443d3d5000,0x00007f443d4d5000) (1024K)]
  0x00007f453801e530 JavaThread "Unconstrained build operations Thread 174"        [_thread_blocked, id=695396, stack(0x00007f443d2d4000,0x00007f443d3d4000) (1024K)]
  0x00007f453801fab0 JavaThread "Unconstrained build operations Thread 175"        [_thread_blocked, id=695397, stack(0x00007f443d1d3000,0x00007f443d2d3000) (1024K)]
  0x00007f4538021040 JavaThread "Unconstrained build operations Thread 176"        [_thread_blocked, id=695398, stack(0x00007f443d0d2000,0x00007f443d1d2000) (1024K)]
  0x00007f45380225d0 JavaThread "Unconstrained build operations Thread 177"        [_thread_blocked, id=695399, stack(0x00007f443cfd1000,0x00007f443d0d1000) (1024K)]
  0x00007f4538024910 JavaThread "Unconstrained build operations Thread 178"        [_thread_blocked, id=695400, stack(0x00007f443ced0000,0x00007f443cfd0000) (1024K)]
  0x00007f4538025070 JavaThread "Unconstrained build operations Thread 179"        [_thread_blocked, id=695401, stack(0x00007f443cdcf000,0x00007f443cecf000) (1024K)]
  0x00007f4538025e90 JavaThread "Unconstrained build operations Thread 180"        [_thread_blocked, id=695402, stack(0x00007f443ccce000,0x00007f443cdce000) (1024K)]
  0x00007f4538027690 JavaThread "Unconstrained build operations Thread 181"        [_thread_blocked, id=695403, stack(0x00007f443cbcd000,0x00007f443cccd000) (1024K)]
  0x00007f45380287e0 JavaThread "Unconstrained build operations Thread 182"        [_thread_blocked, id=695404, stack(0x00007f443cacc000,0x00007f443cbcc000) (1024K)]
  0x00007f4538029980 JavaThread "Unconstrained build operations Thread 183"        [_thread_blocked, id=695405, stack(0x00007f443c9cb000,0x00007f443cacb000) (1024K)]
  0x00007f453802ab50 JavaThread "Unconstrained build operations Thread 184"        [_thread_blocked, id=695406, stack(0x00007f443c8ca000,0x00007f443c9ca000) (1024K)]
  0x00007f453802c450 JavaThread "Unconstrained build operations Thread 185"        [_thread_blocked, id=695407, stack(0x00007f443c7c9000,0x00007f443c8c9000) (1024K)]
  0x00007f453802cfe0 JavaThread "Unconstrained build operations Thread 186"        [_thread_blocked, id=695408, stack(0x00007f443c6c8000,0x00007f443c7c8000) (1024K)]
  0x00007f453802e3e0 JavaThread "Unconstrained build operations Thread 187"        [_thread_blocked, id=695409, stack(0x00007f443c5c7000,0x00007f443c6c7000) (1024K)]
  0x00007f453802f590 JavaThread "Unconstrained build operations Thread 188"        [_thread_blocked, id=695410, stack(0x00007f443c4c6000,0x00007f443c5c6000) (1024K)]
  0x00007f4538030740 JavaThread "Unconstrained build operations Thread 189"        [_thread_blocked, id=695411, stack(0x00007f443c3c5000,0x00007f443c4c5000) (1024K)]
  0x00007f4538031cd0 JavaThread "Unconstrained build operations Thread 190"        [_thread_blocked, id=695412, stack(0x00007f443c2c4000,0x00007f443c3c4000) (1024K)]
  0x00007f4538033230 JavaThread "Unconstrained build operations Thread 191"        [_thread_blocked, id=695413, stack(0x00007f443c1c3000,0x00007f443c2c3000) (1024K)]
  0x00007f45380343d0 JavaThread "Unconstrained build operations Thread 192"        [_thread_blocked, id=695414, stack(0x00007f443c0c2000,0x00007f443c1c2000) (1024K)]
  0x00007f45380355c0 JavaThread "Unconstrained build operations Thread 193"        [_thread_blocked, id=695415, stack(0x00007f4437f00000,0x00007f4438000000) (1024K)]
  0x00007f4538036ee0 JavaThread "Unconstrained build operations Thread 194"        [_thread_blocked, id=695416, stack(0x00007f4437dff000,0x00007f4437eff000) (1024K)]
  0x00007f4538037960 JavaThread "Unconstrained build operations Thread 195"        [_thread_blocked, id=695417, stack(0x00007f4437cfe000,0x00007f4437dfe000) (1024K)]
  0x00007f45380389e0 JavaThread "Unconstrained build operations Thread 196"        [_thread_blocked, id=695418, stack(0x00007f4437bfd000,0x00007f4437cfd000) (1024K)]
  0x00007f4538039e00 JavaThread "Unconstrained build operations Thread 197"        [_thread_blocked, id=695419, stack(0x00007f4437afc000,0x00007f4437bfc000) (1024K)]
  0x00007f453803afb0 JavaThread "Unconstrained build operations Thread 198"        [_thread_blocked, id=695420, stack(0x00007f44379fb000,0x00007f4437afb000) (1024K)]
  0x00007f453803c140 JavaThread "Unconstrained build operations Thread 199"        [_thread_blocked, id=695421, stack(0x00007f44378fa000,0x00007f44379fa000) (1024K)]
  0x00007f453803d6d0 JavaThread "Unconstrained build operations Thread 200"        [_thread_blocked, id=695422, stack(0x00007f44377f9000,0x00007f44378f9000) (1024K)]
  0x00007f453803e870 JavaThread "Unconstrained build operations Thread 201"        [_thread_blocked, id=695423, stack(0x00007f44376f8000,0x00007f44377f8000) (1024K)]
  0x00007f453803fa20 JavaThread "Unconstrained build operations Thread 202"        [_thread_blocked, id=695424, stack(0x00007f44375f7000,0x00007f44376f7000) (1024K)]
  0x00007f4538042f50 JavaThread "Unconstrained build operations Thread 203"        [_thread_blocked, id=695425, stack(0x00007f44374f6000,0x00007f44375f6000) (1024K)]
  0x00007f4538042480 JavaThread "Unconstrained build operations Thread 204"        [_thread_blocked, id=695426, stack(0x00007f44373f5000,0x00007f44374f5000) (1024K)]
  0x00007f4538043720 JavaThread "Unconstrained build operations Thread 205"        [_thread_blocked, id=695427, stack(0x00007f44372f4000,0x00007f44373f4000) (1024K)]
  0x00007f4538044c80 JavaThread "Unconstrained build operations Thread 206"        [_thread_blocked, id=695428, stack(0x00007f44371f3000,0x00007f44372f3000) (1024K)]
  0x00007f45380485e0 JavaThread "Unconstrained build operations Thread 207"        [_thread_blocked, id=695429, stack(0x00007f44370f2000,0x00007f44371f2000) (1024K)]
  0x00007f4538047af0 JavaThread "Unconstrained build operations Thread 208"        [_thread_blocked, id=695430, stack(0x00007f4436ff1000,0x00007f44370f1000) (1024K)]
  0x00007f4538048d90 JavaThread "Unconstrained build operations Thread 209"        [_thread_blocked, id=695431, stack(0x00007f4436ef0000,0x00007f4436ff0000) (1024K)]
  0x00007f4538049ba0 JavaThread "Unconstrained build operations Thread 210"        [_thread_blocked, id=695432, stack(0x00007f4436def000,0x00007f4436eef000) (1024K)]
  0x00007f453804b040 JavaThread "Unconstrained build operations Thread 211"        [_thread_blocked, id=695433, stack(0x00007f4436cee000,0x00007f4436dee000) (1024K)]
  0x00007f453804c1e0 JavaThread "Unconstrained build operations Thread 212"        [_thread_blocked, id=695434, stack(0x00007f4436bed000,0x00007f4436ced000) (1024K)]
  0x00007f453804d9e0 JavaThread "Unconstrained build operations Thread 213"        [_thread_blocked, id=695435, stack(0x00007f4436aec000,0x00007f4436bec000) (1024K)]
  0x00007f453804ef70 JavaThread "Unconstrained build operations Thread 214"        [_thread_blocked, id=695436, stack(0x00007f44369eb000,0x00007f4436aeb000) (1024K)]
  0x00007f4538050110 JavaThread "Unconstrained build operations Thread 215"        [_thread_blocked, id=695437, stack(0x00007f44368ea000,0x00007f44369ea000) (1024K)]
  0x00007f45380516b0 JavaThread "Unconstrained build operations Thread 216"        [_thread_blocked, id=695438, stack(0x00007f44367e9000,0x00007f44368e9000) (1024K)]
  0x00007f4538052c30 JavaThread "Unconstrained build operations Thread 217"        [_thread_blocked, id=695439, stack(0x00007f44366e8000,0x00007f44367e8000) (1024K)]
  0x00007f45380541c0 JavaThread "Unconstrained build operations Thread 218"        [_thread_blocked, id=695440, stack(0x00007f44365e7000,0x00007f44366e7000) (1024K)]
  0x00007f4538055740 JavaThread "Unconstrained build operations Thread 219"        [_thread_blocked, id=695441, stack(0x00007f44364e6000,0x00007f44365e6000) (1024K)]
  0x00007f45380568f0 JavaThread "Unconstrained build operations Thread 220"        [_thread_blocked, id=695442, stack(0x00007f44363e5000,0x00007f44364e5000) (1024K)]
  0x00007f4538057e80 JavaThread "Unconstrained build operations Thread 221"        [_thread_blocked, id=695443, stack(0x00007f44362e4000,0x00007f44363e4000) (1024K)]
  0x00007f45380f4870 JavaThread "WorkerExecutor Queue Thread 33"        [_thread_blocked, id=695450, stack(0x00007f44361e3000,0x00007f44362e3000) (1024K)]
  0x00007f45380f60b0 JavaThread "Unconstrained build operations Thread 222"        [_thread_blocked, id=695451, stack(0x00007f44360e2000,0x00007f44361e2000) (1024K)]
  0x00007f45380f5540 JavaThread "Unconstrained build operations Thread 223"        [_thread_blocked, id=695452, stack(0x00007f4435fe1000,0x00007f44360e1000) (1024K)]
  0x00007f45380f6cc0 JavaThread "Unconstrained build operations Thread 224"        [_thread_blocked, id=695453, stack(0x00007f4435ee0000,0x00007f4435fe0000) (1024K)]
  0x00007f45380f7e70 JavaThread "Unconstrained build operations Thread 225"        [_thread_blocked, id=695454, stack(0x00007f4435ddf000,0x00007f4435edf000) (1024K)]
  0x00007f45380f9000 JavaThread "Unconstrained build operations Thread 226"        [_thread_blocked, id=695455, stack(0x00007f4435cde000,0x00007f4435dde000) (1024K)]
  0x00007f45380fa1a0 JavaThread "Unconstrained build operations Thread 227"        [_thread_blocked, id=695456, stack(0x00007f4435bdd000,0x00007f4435cdd000) (1024K)]
  0x00007f45380fb5c0 JavaThread "Unconstrained build operations Thread 228"        [_thread_blocked, id=695457, stack(0x00007f4435adc000,0x00007f4435bdc000) (1024K)]
  0x00007f45380fd920 JavaThread "Unconstrained build operations Thread 229"        [_thread_blocked, id=695458, stack(0x00007f44359db000,0x00007f4435adb000) (1024K)]
  0x00007f45380fc740 JavaThread "Unconstrained build operations Thread 230"        [_thread_blocked, id=695459, stack(0x00007f44358da000,0x00007f44359da000) (1024K)]
  0x00007f45380ffa70 JavaThread "Unconstrained build operations Thread 231"        [_thread_blocked, id=695460, stack(0x00007f44357d9000,0x00007f44358d9000) (1024K)]
  0x00007f4538100640 JavaThread "Unconstrained build operations Thread 232"        [_thread_blocked, id=695461, stack(0x00007f44356d8000,0x00007f44357d8000) (1024K)]
  0x00007f4538101200 JavaThread "Unconstrained build operations Thread 233"        [_thread_blocked, id=695462, stack(0x00007f44355d7000,0x00007f44356d7000) (1024K)]
  0x00007f4538102370 JavaThread "Unconstrained build operations Thread 234"        [_thread_blocked, id=695463, stack(0x00007f44354d6000,0x00007f44355d6000) (1024K)]
  0x00007f4538103900 JavaThread "Unconstrained build operations Thread 235"        [_thread_blocked, id=695464, stack(0x00007f44353d5000,0x00007f44354d5000) (1024K)]
  0x00007f4538104e90 JavaThread "Unconstrained build operations Thread 236"        [_thread_blocked, id=695465, stack(0x00007f44352d4000,0x00007f44353d4000) (1024K)]
  0x00007f4538106430 JavaThread "Unconstrained build operations Thread 237"        [_thread_blocked, id=695466, stack(0x00007f44351d3000,0x00007f44352d3000) (1024K)]
  0x00007f45381079b0 JavaThread "Unconstrained build operations Thread 238"        [_thread_blocked, id=695467, stack(0x00007f44350d2000,0x00007f44351d2000) (1024K)]
  0x00007f4538108f40 JavaThread "Unconstrained build operations Thread 239"        [_thread_blocked, id=695468, stack(0x00007f4434fd1000,0x00007f44350d1000) (1024K)]
  0x00007f453810a0d0 JavaThread "Unconstrained build operations Thread 240"        [_thread_blocked, id=695469, stack(0x00007f4434ed0000,0x00007f4434fd0000) (1024K)]
  0x00007f453810b270 JavaThread "Unconstrained build operations Thread 241"        [_thread_blocked, id=695470, stack(0x00007f4434dcf000,0x00007f4434ecf000) (1024K)]
  0x00007f453810c410 JavaThread "Unconstrained build operations Thread 242"        [_thread_blocked, id=695471, stack(0x00007f4434cce000,0x00007f4434dce000) (1024K)]
  0x00007f453810d5c0 JavaThread "Unconstrained build operations Thread 243"        [_thread_blocked, id=695472, stack(0x00007f4434bcd000,0x00007f4434ccd000) (1024K)]
  0x00007f453810e9f0 JavaThread "Unconstrained build operations Thread 244"        [_thread_blocked, id=695473, stack(0x00007f4434acc000,0x00007f4434bcc000) (1024K)]
  0x00007f453810ff60 JavaThread "Unconstrained build operations Thread 245"        [_thread_blocked, id=695474, stack(0x00007f44349cb000,0x00007f4434acb000) (1024K)]
  0x00007f45381110f0 JavaThread "Unconstrained build operations Thread 246"        [_thread_blocked, id=695475, stack(0x00007f44348ca000,0x00007f44349ca000) (1024K)]
  0x00007f4538112690 JavaThread "Unconstrained build operations Thread 247"        [_thread_blocked, id=695476, stack(0x00007f44347c9000,0x00007f44348c9000) (1024K)]
  0x00007f4538113c10 JavaThread "Unconstrained build operations Thread 248"        [_thread_blocked, id=695477, stack(0x00007f44346c8000,0x00007f44347c8000) (1024K)]
  0x00007f45381151a0 JavaThread "Unconstrained build operations Thread 249"        [_thread_blocked, id=695478, stack(0x00007f44345c7000,0x00007f44346c7000) (1024K)]
  0x00007f4538116730 JavaThread "Unconstrained build operations Thread 250"        [_thread_blocked, id=695479, stack(0x00007f44344c6000,0x00007f44345c6000) (1024K)]
  0x00007f4538117cd0 JavaThread "Unconstrained build operations Thread 251"        [_thread_blocked, id=695480, stack(0x00007f44343c5000,0x00007f44344c5000) (1024K)]
  0x00007f4538118e70 JavaThread "Unconstrained build operations Thread 252"        [_thread_blocked, id=695481, stack(0x00007f44342c4000,0x00007f44343c4000) (1024K)]
  0x00007f4528003960 JavaThread "Unconstrained build operations Thread 253"        [_thread_blocked, id=695482, stack(0x00007f44341c3000,0x00007f44342c3000) (1024K)]
  0x00007f4528005320 JavaThread "Unconstrained build operations Thread 254"        [_thread_blocked, id=695483, stack(0x00007f44340c2000,0x00007f44341c2000) (1024K)]
  0x00007f4528004690 JavaThread "Unconstrained build operations Thread 255"        [_thread_blocked, id=695484, stack(0x00007f4433fc1000,0x00007f44340c1000) (1024K)]
  0x00007f4528006490 JavaThread "Unconstrained build operations Thread 256"        [_thread_blocked, id=695485, stack(0x00007f4433ec0000,0x00007f4433fc0000) (1024K)]
  0x00007f4528007640 JavaThread "Unconstrained build operations Thread 257"        [_thread_blocked, id=695486, stack(0x00007f4433dbf000,0x00007f4433ebf000) (1024K)]
  0x00007f45280087f0 JavaThread "Unconstrained build operations Thread 258"        [_thread_blocked, id=695487, stack(0x00007f4433cbe000,0x00007f4433dbe000) (1024K)]
  0x00007f4528009990 JavaThread "Unconstrained build operations Thread 259"        [_thread_blocked, id=695488, stack(0x00007f4433bbd000,0x00007f4433cbd000) (1024K)]
  0x00007f452800ad80 JavaThread "Unconstrained build operations Thread 260"        [_thread_blocked, id=695489, stack(0x00007f4433abc000,0x00007f4433bbc000) (1024K)]
  0x00007f452800c310 JavaThread "Unconstrained build operations Thread 261"        [_thread_blocked, id=695490, stack(0x00007f44339bb000,0x00007f4433abb000) (1024K)]
  0x00007f452800d8a0 JavaThread "Unconstrained build operations Thread 262"        [_thread_blocked, id=695491, stack(0x00007f44338ba000,0x00007f44339ba000) (1024K)]
  0x00007f452800ee40 JavaThread "Unconstrained build operations Thread 263"        [_thread_blocked, id=695492, stack(0x00007f44337b9000,0x00007f44338b9000) (1024K)]
  0x00007f45280103c0 JavaThread "Unconstrained build operations Thread 264"        [_thread_blocked, id=695493, stack(0x00007f44336b8000,0x00007f44337b8000) (1024K)]
  0x00007f4528011950 JavaThread "Unconstrained build operations Thread 265"        [_thread_blocked, id=695494, stack(0x00007f44335b7000,0x00007f44336b7000) (1024K)]
  0x00007f4528012ee0 JavaThread "Unconstrained build operations Thread 266"        [_thread_blocked, id=695495, stack(0x00007f44334b6000,0x00007f44335b6000) (1024K)]
  0x00007f4528014480 JavaThread "Unconstrained build operations Thread 267"        [_thread_blocked, id=695496, stack(0x00007f44333b5000,0x00007f44334b5000) (1024K)]
  0x00007f4528015a00 JavaThread "Unconstrained build operations Thread 268"        [_thread_blocked, id=695497, stack(0x00007f44332b4000,0x00007f44333b4000) (1024K)]
  0x00007f4528016ba0 JavaThread "Unconstrained build operations Thread 269"        [_thread_blocked, id=695498, stack(0x00007f44331b3000,0x00007f44332b3000) (1024K)]
  0x00007f4528017d40 JavaThread "Unconstrained build operations Thread 270"        [_thread_blocked, id=695499, stack(0x00007f44330b2000,0x00007f44331b2000) (1024K)]
  0x00007f4528018ef0 JavaThread "Unconstrained build operations Thread 271"        [_thread_blocked, id=695500, stack(0x00007f4432fb1000,0x00007f44330b1000) (1024K)]
  0x00007f452801c360 JavaThread "Unconstrained build operations Thread 272"        [_thread_blocked, id=695501, stack(0x00007f4432eb0000,0x00007f4432fb0000) (1024K)]
  0x00007f452801b660 JavaThread "Unconstrained build operations Thread 273"        [_thread_blocked, id=695502, stack(0x00007f4432daf000,0x00007f4432eaf000) (1024K)]
  0x00007f452801ce20 JavaThread "Unconstrained build operations Thread 274"        [_thread_blocked, id=695503, stack(0x00007f4432cae000,0x00007f4432dae000) (1024K)]
  0x00007f452801e130 JavaThread "Unconstrained build operations Thread 275"        [_thread_blocked, id=695504, stack(0x00007f4432bad000,0x00007f4432cad000) (1024K)]
  0x00007f452801f940 JavaThread "Unconstrained build operations Thread 276"        [_thread_blocked, id=695505, stack(0x00007f4432aac000,0x00007f4432bac000) (1024K)]
  0x00007f4528020ee0 JavaThread "Unconstrained build operations Thread 277"        [_thread_blocked, id=695506, stack(0x00007f44329ab000,0x00007f4432aab000) (1024K)]
  0x00007f4528022070 JavaThread "Unconstrained build operations Thread 278"        [_thread_blocked, id=695507, stack(0x00007f44328aa000,0x00007f44329aa000) (1024K)]
  0x00007f4528023600 JavaThread "Unconstrained build operations Thread 279"        [_thread_blocked, id=695508, stack(0x00007f44327a9000,0x00007f44328a9000) (1024K)]
  0x00007f4528024b90 JavaThread "Unconstrained build operations Thread 280"        [_thread_blocked, id=695509, stack(0x00007f44326a8000,0x00007f44327a8000) (1024K)]
  0x00007f4528027c90 JavaThread "Unconstrained build operations Thread 281"        [_thread_blocked, id=695510, stack(0x00007f44325a7000,0x00007f44326a7000) (1024K)]
  0x00007f4528026ed0 JavaThread "Unconstrained build operations Thread 282"        [_thread_blocked, id=695511, stack(0x00007f44324a6000,0x00007f44325a6000) (1024K)]
  0x00007f4528029cc0 JavaThread "Unconstrained build operations Thread 283"        [_thread_blocked, id=695512, stack(0x00007f44323a5000,0x00007f44324a5000) (1024K)]
  0x00007f4550007830 JavaThread "Unconstrained build operations Thread 284"        [_thread_blocked, id=695513, stack(0x00007f44322a4000,0x00007f44323a4000) (1024K)]
  0x00007f4550009570 JavaThread "Unconstrained build operations Thread 285"        [_thread_blocked, id=695514, stack(0x00007f44321a3000,0x00007f44322a3000) (1024K)]
  0x00007f45500087e0 JavaThread "Unconstrained build operations Thread 286"        [_thread_blocked, id=695515, stack(0x00007f44320a2000,0x00007f44321a2000) (1024K)]
  0x00007f455000a6e0 JavaThread "Unconstrained build operations Thread 287"        [_thread_blocked, id=695516, stack(0x00007f4431fa1000,0x00007f44320a1000) (1024K)]
  0x00007f455000b880 JavaThread "Unconstrained build operations Thread 288"        [_thread_blocked, id=695517, stack(0x00007f4431ea0000,0x00007f4431fa0000) (1024K)]
  0x00007f455000ca30 JavaThread "Unconstrained build operations Thread 289"        [_thread_blocked, id=695518, stack(0x00007f4431d9f000,0x00007f4431e9f000) (1024K)]
  0x00007f455000dbe0 JavaThread "Unconstrained build operations Thread 290"        [_thread_blocked, id=695519, stack(0x00007f4431c9e000,0x00007f4431d9e000) (1024K)]
  0x00007f455000ed80 JavaThread "Unconstrained build operations Thread 291"        [_thread_blocked, id=695520, stack(0x00007f4431b9d000,0x00007f4431c9d000) (1024K)]
  0x00007f4550010170 JavaThread "Unconstrained build operations Thread 292"        [_thread_blocked, id=695521, stack(0x00007f4431a9c000,0x00007f4431b9c000) (1024K)]
  0x00007f4550011700 JavaThread "Unconstrained build operations Thread 293"        [_thread_blocked, id=695522, stack(0x00007f443199b000,0x00007f4431a9b000) (1024K)]
  0x00007f4550012c90 JavaThread "Unconstrained build operations Thread 294"        [_thread_blocked, id=695523, stack(0x00007f443189a000,0x00007f443199a000) (1024K)]
  0x00007f4550014230 JavaThread "Unconstrained build operations Thread 295"        [_thread_blocked, id=695524, stack(0x00007f4431799000,0x00007f4431899000) (1024K)]
  0x00007f45500157b0 JavaThread "Unconstrained build operations Thread 296"        [_thread_blocked, id=695525, stack(0x00007f4431698000,0x00007f4431798000) (1024K)]
  0x00007f4550016960 JavaThread "Unconstrained build operations Thread 297"        [_thread_blocked, id=695526, stack(0x00007f4431597000,0x00007f4431697000) (1024K)]
  0x00007f4550017af0 JavaThread "Unconstrained build operations Thread 298"        [_thread_blocked, id=695527, stack(0x00007f4431496000,0x00007f4431596000) (1024K)]
  0x00007f4550019090 JavaThread "Unconstrained build operations Thread 299"        [_thread_blocked, id=695528, stack(0x00007f4431395000,0x00007f4431495000) (1024K)]
  0x00007f455001a230 JavaThread "Unconstrained build operations Thread 300"        [_thread_blocked, id=695529, stack(0x00007f4431294000,0x00007f4431394000) (1024K)]
  0x00007f455001b3e0 JavaThread "Unconstrained build operations Thread 301"        [_thread_blocked, id=695530, stack(0x00007f4431193000,0x00007f4431293000) (1024K)]
  0x00007f455001c590 JavaThread "Unconstrained build operations Thread 302"        [_thread_blocked, id=695531, stack(0x00007f4431092000,0x00007f4431192000) (1024K)]
  0x00007f455001d730 JavaThread "Unconstrained build operations Thread 303"        [_thread_blocked, id=695532, stack(0x00007f4430f91000,0x00007f4431091000) (1024K)]
  0x00007f455001ec90 JavaThread "Unconstrained build operations Thread 304"        [_thread_blocked, id=695533, stack(0x00007f4430e90000,0x00007f4430f90000) (1024K)]
  0x00007f455001fe30 JavaThread "Unconstrained build operations Thread 305"        [_thread_blocked, id=695534, stack(0x00007f4430d8f000,0x00007f4430e8f000) (1024K)]
  0x00007f4550020fd0 JavaThread "Unconstrained build operations Thread 306"        [_thread_blocked, id=695535, stack(0x00007f4430c8e000,0x00007f4430d8e000) (1024K)]
  0x00007f4550022180 JavaThread "Unconstrained build operations Thread 307"        [_thread_blocked, id=695536, stack(0x00007f4430b8d000,0x00007f4430c8d000) (1024K)]
  0x00007f4550023590 JavaThread "Unconstrained build operations Thread 308"        [_thread_blocked, id=695537, stack(0x00007f4430a8c000,0x00007f4430b8c000) (1024K)]
  0x00007f4550024730 JavaThread "Unconstrained build operations Thread 309"        [_thread_blocked, id=695538, stack(0x00007f443098b000,0x00007f4430a8b000) (1024K)]
  0x00007f45500258d0 JavaThread "Unconstrained build operations Thread 310"        [_thread_blocked, id=695539, stack(0x00007f443088a000,0x00007f443098a000) (1024K)]
  0x00007f4550026a80 JavaThread "Unconstrained build operations Thread 311"        [_thread_blocked, id=695540, stack(0x00007f4430789000,0x00007f4430889000) (1024K)]
  0x00007f4550027c10 JavaThread "Unconstrained build operations Thread 312"        [_thread_blocked, id=695541, stack(0x00007f4430688000,0x00007f4430788000) (1024K)]
  0x00007f4550028db0 JavaThread "Unconstrained build operations Thread 313"        [_thread_blocked, id=695542, stack(0x00007f4430587000,0x00007f4430687000) (1024K)]
  0x00007f4550029f50 JavaThread "Unconstrained build operations Thread 314"        [_thread_blocked, id=695543, stack(0x00007f4430486000,0x00007f4430586000) (1024K)]
  0x00007f4524004f20 JavaThread "Unconstrained build operations Thread 315"        [_thread_blocked, id=695544, stack(0x00007f4430385000,0x00007f4430485000) (1024K)]
  0x00007f4524006e20 JavaThread "Unconstrained build operations Thread 316"        [_thread_blocked, id=695545, stack(0x00007f4430284000,0x00007f4430384000) (1024K)]
  0x00007f4524005fa0 JavaThread "Unconstrained build operations Thread 317"        [_thread_blocked, id=695546, stack(0x00007f4430183000,0x00007f4430283000) (1024K)]
  0x00007f4524007f90 JavaThread "Unconstrained build operations Thread 318"        [_thread_blocked, id=695547, stack(0x00007f4430082000,0x00007f4430182000) (1024K)]
  0x00007f4524009130 JavaThread "Unconstrained build operations Thread 319"        [_thread_blocked, id=695548, stack(0x00007f442ff81000,0x00007f4430081000) (1024K)]
  0x00007f452400a2d0 JavaThread "Unconstrained build operations Thread 320"        [_thread_blocked, id=695549, stack(0x00007f442fe80000,0x00007f442ff80000) (1024K)]
  0x00007f4498006170 JavaThread "Exec process Thread 5"             [_thread_blocked, id=695550, stack(0x00007f442fd7f000,0x00007f442fe7f000) (1024K)]
  0x00007f44bc021230 JavaThread "Exec process Thread 4"             [_thread_blocked, id=695551, stack(0x00007f442fc7e000,0x00007f442fd7e000) (1024K)]
  0x00007f44a4005ac0 JavaThread "Exec process Thread 6"             [_thread_blocked, id=695552, stack(0x00007f442fb7d000,0x00007f442fc7d000) (1024K)]
  0x00007f44b00055f0 JavaThread "Exec process Thread 8"             [_thread_blocked, id=695553, stack(0x00007f442fa7c000,0x00007f442fb7c000) (1024K)]
  0x00007f44f00210a0 JavaThread "Exec process Thread 7"             [_thread_blocked, id=695555, stack(0x00007f442f97b000,0x00007f442fa7b000) (1024K)]
  0x00007f44b8004cd0 JavaThread "Exec process Thread 9"             [_thread_blocked, id=695556, stack(0x00007f442f87a000,0x00007f442f97a000) (1024K)]
  0x00007f4460062c70 JavaThread "Exec process Thread 10"            [_thread_blocked, id=695557, stack(0x00007f442f779000,0x00007f442f879000) (1024K)]
  0x00007f44d0013090 JavaThread "Exec process Thread 11"            [_thread_blocked, id=695558, stack(0x00007f442f678000,0x00007f442f778000) (1024K)]
  0x00007f44d40205f0 JavaThread "Exec process Thread 12"            [_thread_blocked, id=695559, stack(0x00007f442f577000,0x00007f442f677000) (1024K)]
  0x00007f44ac011940 JavaThread "Exec process Thread 13"            [_thread_blocked, id=695560, stack(0x00007f442f476000,0x00007f442f576000) (1024K)]
  0x00007f44c8021f60 JavaThread "Exec process Thread 14"            [_thread_blocked, id=695561, stack(0x00007f442f375000,0x00007f442f475000) (1024K)]
  0x00007f44dc006700 JavaThread "Exec process Thread 15"            [_thread_blocked, id=695562, stack(0x00007f442f274000,0x00007f442f374000) (1024K)]
  0x00007f44e000adf0 JavaThread "Exec process Thread 16"            [_thread_blocked, id=695563, stack(0x00007f442f173000,0x00007f442f273000) (1024K)]
  0x00007f458000b950 JavaThread "process reaper"             daemon [_thread_blocked, id=695564, stack(0x00007f4894dcc000,0x00007f4894dee000) (136K)]
  0x00007f458000d770 JavaThread "Exec process Thread 17"            [_thread_blocked, id=695565, stack(0x00007f442f072000,0x00007f442f172000) (1024K)]
  0x00007f458000c850 JavaThread "Exec process Thread 18"            [_thread_blocked, id=695567, stack(0x00007f442ef71000,0x00007f442f071000) (1024K)]
  0x00007f48a0009860 JavaThread "process reaper"             daemon [_thread_blocked, id=695568, stack(0x00007f4894da9000,0x00007f4894dcb000) (136K)]
  0x00007f48a000b950 JavaThread "Exec process Thread 19"            [_thread_blocked, id=695569, stack(0x00007f442ee70000,0x00007f442ef70000) (1024K)]
  0x00007f48a000aa40 JavaThread "Exec process Thread 20"            [_thread_blocked, id=695571, stack(0x00007f442ed6f000,0x00007f442ee6f000) (1024K)]
  0x00007f48980060f0 JavaThread "process reaper"             daemon [_thread_blocked, id=695572, stack(0x00007f4894d86000,0x00007f4894da8000) (136K)]
  0x00007f48980082e0 JavaThread "Exec process Thread 21"            [_thread_blocked, id=695573, stack(0x00007f442ec6e000,0x00007f442ed6e000) (1024K)]
  0x00007f48980073b0 JavaThread "Exec process Thread 22"            [_thread_blocked, id=695574, stack(0x00007f442eb6d000,0x00007f442ec6d000) (1024K)]
  0x00007f489c02fa90 JavaThread "process reaper"             daemon [_thread_blocked, id=695576, stack(0x00007f48940d7000,0x00007f48940f9000) (136K)]
  0x00007f4824001d90 JavaThread "process reaper"             daemon [_thread_blocked, id=695586, stack(0x00007f48940b4000,0x00007f48940d6000) (136K)]
  0x00007f44b405de20 JavaThread "RMI Scheduler(0)"           daemon [_thread_blocked, id=695599, stack(0x00007f4842afc000,0x00007f4842bfc000) (1024K)]
  0x00007f44b4067e80 JavaThread "RMI GC Daemon"              daemon [_thread_blocked, id=695601, stack(0x00007f448f7f9000,0x00007f448f8f9000) (1024K)]
  0x00007f44b4079df0 JavaThread "RMI TCP Accept-0"           daemon [_thread_in_native, id=695603, stack(0x00007f448f6f8000,0x00007f448f7f8000) (1024K)]
  0x00007f44b4068870 JavaThread "RMI Reaper"                        [_thread_blocked, id=695604, stack(0x00007f442ccd0000,0x00007f442cdd0000) (1024K)]
  0x00007f4474009300 JavaThread "RMI TCP Connection(1)-127.0.0.1" daemon [_thread_in_native, id=695606, stack(0x00007f442cbcf000,0x00007f442cccf000) (1024K)]
  0x00007f44e413d5f0 JavaThread "ForkJoinPool-1-worker-1"    daemon [_thread_in_vm, id=695624, stack(0x00007f459d8ea000,0x00007f459d9ea000) (1024K)]
  0x00007f44e413f100 JavaThread "ForkJoinPool-1-worker-2"    daemon [_thread_in_Java, id=695625, stack(0x00007f4841500000,0x00007f4841600000) (1024K)]
  0x00007f4478009160 JavaThread "ForkJoinPool-1-worker-3"    daemon [_thread_blocked, id=695626, stack(0x00007f448d4d6000,0x00007f448d5d6000) (1024K)]
  0x00007f4484008fc0 JavaThread "ForkJoinPool-1-worker-4"    daemon [_thread_in_Java, id=695627, stack(0x00007f4842dff000,0x00007f4842eff000) (1024K)]
  0x00007f44e413e1a0 JavaThread "ForkJoinPool-1-worker-5"    daemon [_thread_blocked, id=695628, stack(0x00007f442cace000,0x00007f442cbce000) (1024K)]
  0x00007f44800087a0 JavaThread "ForkJoinPool-1-worker-6"    daemon [_thread_blocked, id=695629, stack(0x00007f442c9cd000,0x00007f442cacd000) (1024K)]
  0x00007f448800cc10 JavaThread "ForkJoinPool-1-worker-7"    daemon [_thread_blocked, id=695630, stack(0x00007f442c8cc000,0x00007f442c9cc000) (1024K)]
  0x00007f4494073570 JavaThread "ForkJoinPool-1-worker-8"    daemon [_thread_in_Java, id=695631, stack(0x00007f442c7cb000,0x00007f442c8cb000) (1024K)]
  0x00007f44a1073640 JavaThread "Periodic tasks thread"      daemon [_thread_blocked, id=695648, stack(0x00007f442c6ca000,0x00007f442c7ca000) (1024K)]
  0x00007f44a1094070 JavaThread "ApplicationImpl pooled thread 1"        [_thread_blocked, id=695649, stack(0x00007f442c5c9000,0x00007f442c6c9000) (1024K)]
  0x00007f48146182a0 JavaThread "C2 CompilerThread1"         daemon [_thread_in_native, id=695677, stack(0x00007f442c4c8000,0x00007f442c5c8000) (1024K)]
  0x00007f44a26e0490 JavaThread "Keep-Alive-Timer"           daemon [_thread_blocked, id=695697, stack(0x00007f442c3c7000,0x00007f442c4c7000) (1024K)]
Total: 497

Other Threads:
  0x00007f48c02d66c0 VMThread "VM Thread"                           [id=694928, stack(0x00007f4894ef0000,0x00007f4894ff0000) (1024K)]
  0x00007f48c02c3e00 WatcherThread "VM Periodic Task Thread"        [id=694927, stack(0x00007f4894ff1000,0x00007f48950f1000) (1024K)]
  0x00007f48c0078e00 WorkerThread "GC Thread#0"                     [id=694920, stack(0x00007f48a4d00000,0x00007f48a4e00000) (1024K)]
  0x00007f483c00aff0 WorkerThread "GC Thread#1"                     [id=694945, stack(0x00007f48426f8000,0x00007f48427f8000) (1024K)]
  0x00007f483c00bb30 WorkerThread "GC Thread#2"                     [id=694946, stack(0x00007f48425f7000,0x00007f48426f7000) (1024K)]
  0x00007f483c00c670 WorkerThread "GC Thread#3"                     [id=694947, stack(0x00007f48424f6000,0x00007f48425f6000) (1024K)]
  0x00007f483c00d1b0 WorkerThread "GC Thread#4"                     [id=694948, stack(0x00007f48423f5000,0x00007f48424f5000) (1024K)]
  0x00007f483c00dcf0 WorkerThread "GC Thread#5"                     [id=694949, stack(0x00007f48422f4000,0x00007f48423f4000) (1024K)]
  0x00007f483c00e830 WorkerThread "GC Thread#6"                     [id=694950, stack(0x00007f48421f3000,0x00007f48422f3000) (1024K)]
  0x00007f483c00f370 WorkerThread "GC Thread#7"                     [id=694951, stack(0x00007f48420f2000,0x00007f48421f2000) (1024K)]
  0x00007f483c00feb0 WorkerThread "GC Thread#8"                     [id=694952, stack(0x00007f4841ff1000,0x00007f48420f1000) (1024K)]
  0x00007f483c0109f0 WorkerThread "GC Thread#9"                     [id=694953, stack(0x00007f4841ef0000,0x00007f4841ff0000) (1024K)]
  0x00007f483c011530 WorkerThread "GC Thread#10"                    [id=694954, stack(0x00007f4841def000,0x00007f4841eef000) (1024K)]
  0x00007f483c012070 WorkerThread "GC Thread#11"                    [id=694955, stack(0x00007f4841cee000,0x00007f4841dee000) (1024K)]
  0x00007f483c014250 WorkerThread "GC Thread#12"                    [id=694978, stack(0x00007f48408f4000,0x00007f48409f4000) (1024K)]
  0x00007f483c014bd0 WorkerThread "GC Thread#13"                    [id=694979, stack(0x00007f48407f3000,0x00007f48408f3000) (1024K)]
  0x00007f483c0156d0 WorkerThread "GC Thread#14"                    [id=694980, stack(0x00007f48406f2000,0x00007f48407f2000) (1024K)]
  0x00007f483c0163c0 WorkerThread "GC Thread#15"                    [id=694981, stack(0x00007f48405f1000,0x00007f48406f1000) (1024K)]
  0x00007f483c016ec0 WorkerThread "GC Thread#16"                    [id=694982, stack(0x00007f48404f0000,0x00007f48405f0000) (1024K)]
  0x00007f483c0179c0 WorkerThread "GC Thread#17"                    [id=694983, stack(0x00007f48403ef000,0x00007f48404ef000) (1024K)]
  0x00007f483c018630 WorkerThread "GC Thread#18"                    [id=694984, stack(0x00007f48402ee000,0x00007f48403ee000) (1024K)]
  0x00007f483c019130 WorkerThread "GC Thread#19"                    [id=694985, stack(0x00007f48401ed000,0x00007f48402ed000) (1024K)]
  0x00007f483c019c30 WorkerThread "GC Thread#20"                    [id=694986, stack(0x00007f48400ec000,0x00007f48401ec000) (1024K)]
  0x00007f483c01c030 WorkerThread "GC Thread#21"                    [id=694987, stack(0x00007f477bf00000,0x00007f477c000000) (1024K)]
  0x00007f483c01cb50 WorkerThread "GC Thread#22"                    [id=694988, stack(0x00007f477bdff000,0x00007f477beff000) (1024K)]
  0x00007f48c008a3d0 ConcurrentGCThread "G1 Main Marker"            [id=694921, stack(0x00007f48a4bff000,0x00007f48a4cff000) (1024K)]
  0x00007f48c008b2f0 WorkerThread "G1 Conc#0"                       [id=694922, stack(0x00007f48a4afe000,0x00007f48a4bfe000) (1024K)]
  0x00007f4898000cf0 WorkerThread "G1 Conc#1"                       [id=694989, stack(0x00007f477bcfe000,0x00007f477bdfe000) (1024K)]
  0x00007f4898001c20 WorkerThread "G1 Conc#2"                       [id=694990, stack(0x00007f477bbfd000,0x00007f477bcfd000) (1024K)]
  0x00007f4898002b50 WorkerThread "G1 Conc#3"                       [id=694991, stack(0x00007f477bafc000,0x00007f477bbfc000) (1024K)]
  0x00007f4898003ab0 WorkerThread "G1 Conc#4"                       [id=694992, stack(0x00007f477b9fb000,0x00007f477bafb000) (1024K)]
  0x00007f4898004620 WorkerThread "G1 Conc#5"                       [id=694993, stack(0x00007f477b8fa000,0x00007f477b9fa000) (1024K)]
  0x00007f48c02b02e0 ConcurrentGCThread "G1 Refine#0"               [id=694925, stack(0x00007f48951f3000,0x00007f48952f3000) (1024K)]
  0x00007f48c02b11e0 ConcurrentGCThread "G1 Service"                [id=694926, stack(0x00007f48950f2000,0x00007f48951f2000) (1024K)]
Total: 34

Threads with active compile tasks:
C2 CompilerThread0  26591 67546       4       com.android.tools.r8.ir.optimize.F::a (343 bytes)
C2 CompilerThread1  26591 67544       4       com.android.tools.r8.internal.lv::a (473 bytes)
Total: 2

VM state: at safepoint (normal execution)

VM Mutex/Monitor currently owned by a thread:  ([mutex/lock_event])
[0x00007f48c65290f8] Threads_lock - owner thread: 0x00007f48c02d66c0

Heap address: 0x0000000080000000, size: 2048 MB, Compressed Oops mode: 32-bit

CDS archive(s) mapped at: [0x00007f4847000000-0x00007f4847c9b000-0x00007f4847c9b000), size 13217792, SharedBaseAddress: 0x00007f4847000000, ArchiveRelocationMode: 1.
Compressed class space mapped at: 0x00007f4848000000-0x00007f4888000000, reserved size: 1073741824
Narrow klass base: 0x00007f4847000000, Narrow klass shift: 0, Narrow klass range: 0x100000000

GC Precious Log:
 CardTable entry size: 512
 Card Set container configuration: InlinePtr #cards 5 size 8 Array Of Cards #cards 12 size 40 Howl #buckets 4 coarsen threshold 1843 Howl Bitmap #cards 512 size 80 coarsen threshold 460 Card regions per heap region 1 cards per card region 2048
 CPUs: 32 total, 32 available
 Memory: 31781M
 Large Page Support: Disabled
 NUMA Support: Disabled
 Compressed Oops: Enabled (32-bit)
 Heap Region Size: 1M
 Heap Min Capacity: 8M
 Heap Initial Capacity: 498M
 Heap Max Capacity: 2G
 Pre-touch: Disabled
 Parallel Workers: 23
 Concurrent Workers: 6
 Concurrent Refinement Workers: 23
 Periodic GC: Disabled

Heap:
 garbage-first heap   total 1727488K, used 1587490K [0x0000000080000000, 0x0000000100000000)
  region size 1024K, 851 young (871424K), 57 survivors (58368K)
 Metaspace       used 312894K, committed 316096K, reserved 1376256K
  class space    used 38810K, committed 40384K, reserved 1048576K

Heap Regions: E=young(eden), S=young(survivor), O=old, HS=humongous(starts), HC=humongous(continues), CS=collection set, F=free, TAMS=top-at-mark-start, PB=parsable bottom
|   0|0x0000000080000000, 0x0000000080100000, 0x0000000080100000|100%|HS|  |TAMS 0x0000000080000000| PB 0x0000000080000000| Complete 
|   1|0x0000000080100000, 0x0000000080200000, 0x0000000080200000|100%|HC|  |TAMS 0x0000000080100000| PB 0x0000000080100000| Complete 
|   2|0x0000000080200000, 0x0000000080300000, 0x0000000080300000|100%|HC|  |TAMS 0x0000000080200000| PB 0x0000000080200000| Complete 
|   3|0x0000000080300000, 0x0000000080400000, 0x0000000080400000|100%|HC|  |TAMS 0x0000000080300000| PB 0x0000000080300000| Complete 
|   4|0x0000000080400000, 0x0000000080500000, 0x0000000080500000|100%| O|  |TAMS 0x0000000080400000| PB 0x0000000080400000| Untracked 
|   5|0x0000000080500000, 0x0000000080600000, 0x0000000080600000|100%| O|  |TAMS 0x0000000080500000| PB 0x0000000080500000| Untracked 
|   6|0x0000000080600000, 0x0000000080700000, 0x0000000080700000|100%| O|  |TAMS 0x0000000080600000| PB 0x0000000080600000| Untracked 
|   7|0x0000000080700000, 0x0000000080800000, 0x0000000080800000|100%|HS|  |TAMS 0x0000000080700000| PB 0x0000000080700000| Complete 
|   8|0x0000000080800000, 0x0000000080900000, 0x0000000080900000|100%| O|  |TAMS 0x0000000080800000| PB 0x0000000080800000| Untracked 
|   9|0x0000000080900000, 0x0000000080a00000, 0x0000000080a00000|100%| O|  |TAMS 0x0000000080900000| PB 0x0000000080900000| Untracked 
|  10|0x0000000080a00000, 0x0000000080b00000, 0x0000000080b00000|100%| O|  |TAMS 0x0000000080a00000| PB 0x0000000080a00000| Untracked 
|  11|0x0000000080b00000, 0x0000000080c00000, 0x0000000080c00000|100%| O|  |TAMS 0x0000000080b00000| PB 0x0000000080b00000| Untracked 
|  12|0x0000000080c00000, 0x0000000080d00000, 0x0000000080d00000|100%| O|  |TAMS 0x0000000080c00000| PB 0x0000000080c00000| Untracked 
|  13|0x0000000080d00000, 0x0000000080e00000, 0x0000000080e00000|100%| O|  |TAMS 0x0000000080d00000| PB 0x0000000080d00000| Untracked 
|  14|0x0000000080e00000, 0x0000000080f00000, 0x0000000080f00000|100%| O|  |TAMS 0x0000000080e00000| PB 0x0000000080e00000| Untracked 
|  15|0x0000000080f00000, 0x0000000081000000, 0x0000000081000000|100%| O|  |TAMS 0x0000000080f00000| PB 0x0000000080f00000| Untracked 
|  16|0x0000000081000000, 0x0000000081100000, 0x0000000081100000|100%| O|  |TAMS 0x0000000081000000| PB 0x0000000081000000| Untracked 
|  17|0x0000000081100000, 0x0000000081200000, 0x0000000081200000|100%| O|  |TAMS 0x0000000081100000| PB 0x0000000081100000| Untracked 
|  18|0x0000000081200000, 0x0000000081300000, 0x0000000081300000|100%| O|  |TAMS 0x0000000081200000| PB 0x0000000081200000| Untracked 
|  19|0x0000000081300000, 0x0000000081400000, 0x0000000081400000|100%| O|  |TAMS 0x0000000081300000| PB 0x0000000081300000| Untracked 
|  20|0x0000000081400000, 0x0000000081500000, 0x0000000081500000|100%| O|  |TAMS 0x0000000081400000| PB 0x0000000081400000| Untracked 
|  21|0x0000000081500000, 0x0000000081600000, 0x0000000081600000|100%| O|  |TAMS 0x0000000081500000| PB 0x0000000081500000| Untracked 
|  22|0x0000000081600000, 0x0000000081600000, 0x0000000081700000|  0%| F|  |TAMS 0x0000000081600000| PB 0x0000000081600000| Untracked 
|  23|0x0000000081700000, 0x0000000081800000, 0x0000000081800000|100%| O|  |TAMS 0x0000000081700000| PB 0x0000000081700000| Untracked 
|  24|0x0000000081800000, 0x0000000081900000, 0x0000000081900000|100%| O|  |TAMS 0x0000000081800000| PB 0x0000000081800000| Untracked 
|  25|0x0000000081900000, 0x0000000081a00000, 0x0000000081a00000|100%|HS|  |TAMS 0x0000000081900000| PB 0x0000000081900000| Complete 
|  26|0x0000000081a00000, 0x0000000081b00000, 0x0000000081b00000|100%|HS|  |TAMS 0x0000000081a00000| PB 0x0000000081a00000| Complete 
|  27|0x0000000081b00000, 0x0000000081c00000, 0x0000000081c00000|100%|HS|  |TAMS 0x0000000081b00000| PB 0x0000000081b00000| Complete 
|  28|0x0000000081c00000, 0x0000000081d00000, 0x0000000081d00000|100%|HC|  |TAMS 0x0000000081c00000| PB 0x0000000081c00000| Complete 
|  29|0x0000000081d00000, 0x0000000081e00000, 0x0000000081e00000|100%| O|  |TAMS 0x0000000081d00000| PB 0x0000000081d00000| Untracked 
|  30|0x0000000081e00000, 0x0000000081f00000, 0x0000000081f00000|100%| O|  |TAMS 0x0000000081e00000| PB 0x0000000081e00000| Untracked 
|  31|0x0000000081f00000, 0x0000000081f00000, 0x0000000082000000|  0%| F|  |TAMS 0x0000000081f00000| PB 0x0000000081f00000| Untracked 
|  32|0x0000000082000000, 0x0000000082100000, 0x0000000082100000|100%| O|  |TAMS 0x0000000082000000| PB 0x0000000082000000| Untracked 
|  33|0x0000000082100000, 0x0000000082200000, 0x0000000082200000|100%|HS|  |TAMS 0x0000000082100000| PB 0x0000000082100000| Complete 
|  34|0x0000000082200000, 0x0000000082300000, 0x0000000082300000|100%|HC|  |TAMS 0x0000000082200000| PB 0x0000000082200000| Complete 
|  35|0x0000000082300000, 0x0000000082400000, 0x0000000082400000|100%|HS|  |TAMS 0x0000000082300000| PB 0x0000000082300000| Complete 
|  36|0x0000000082400000, 0x0000000082500000, 0x0000000082500000|100%|HS|  |TAMS 0x0000000082400000| PB 0x0000000082400000| Complete 
|  37|0x0000000082500000, 0x0000000082600000, 0x0000000082600000|100%| O|  |TAMS 0x0000000082500000| PB 0x0000000082500000| Untracked 
|  38|0x0000000082600000, 0x0000000082700000, 0x0000000082700000|100%|HS|  |TAMS 0x0000000082600000| PB 0x0000000082600000| Complete 
|  39|0x0000000082700000, 0x0000000082800000, 0x0000000082800000|100%|HS|  |TAMS 0x0000000082700000| PB 0x0000000082700000| Complete 
|  40|0x0000000082800000, 0x0000000082900000, 0x0000000082900000|100%| O|  |TAMS 0x0000000082800000| PB 0x0000000082800000| Untracked 
|  41|0x0000000082900000, 0x0000000082a00000, 0x0000000082a00000|100%| O|  |TAMS 0x0000000082900000| PB 0x0000000082900000| Untracked 
|  42|0x0000000082a00000, 0x0000000082b00000, 0x0000000082b00000|100%| O|  |TAMS 0x0000000082a00000| PB 0x0000000082a00000| Untracked 
|  43|0x0000000082b00000, 0x0000000082c00000, 0x0000000082c00000|100%| O|  |TAMS 0x0000000082b00000| PB 0x0000000082b00000| Untracked 
|  44|0x0000000082c00000, 0x0000000082c00000, 0x0000000082d00000|  0%| F|  |TAMS 0x0000000082c00000| PB 0x0000000082c00000| Untracked 
|  45|0x0000000082d00000, 0x0000000082e00000, 0x0000000082e00000|100%| O|  |TAMS 0x0000000082d00000| PB 0x0000000082d00000| Untracked 
|  46|0x0000000082e00000, 0x0000000082f00000, 0x0000000082f00000|100%| O|  |TAMS 0x0000000082e00000| PB 0x0000000082e00000| Untracked 
|  47|0x0000000082f00000, 0x0000000083000000, 0x0000000083000000|100%| O|  |TAMS 0x0000000082f00000| PB 0x0000000082f00000| Untracked 
|  48|0x0000000083000000, 0x0000000083100000, 0x0000000083100000|100%| O|  |TAMS 0x0000000083000000| PB 0x0000000083000000| Untracked 
|  49|0x0000000083100000, 0x0000000083200000, 0x0000000083200000|100%| O|  |TAMS 0x0000000083100000| PB 0x0000000083100000| Untracked 
|  50|0x0000000083200000, 0x0000000083300000, 0x0000000083300000|100%| O|  |TAMS 0x0000000083200000| PB 0x0000000083200000| Untracked 
|  51|0x0000000083300000, 0x0000000083400000, 0x0000000083400000|100%| O|  |TAMS 0x0000000083300000| PB 0x0000000083300000| Untracked 
|  52|0x0000000083400000, 0x0000000083500000, 0x0000000083500000|100%| O|  |TAMS 0x0000000083400000| PB 0x0000000083400000| Untracked 
|  53|0x0000000083500000, 0x0000000083600000, 0x0000000083600000|100%|HS|  |TAMS 0x0000000083500000| PB 0x0000000083500000| Complete 
|  54|0x0000000083600000, 0x0000000083700000, 0x0000000083700000|100%| O|  |TAMS 0x0000000083600000| PB 0x0000000083600000| Untracked 
|  55|0x0000000083700000, 0x0000000083800000, 0x0000000083800000|100%| O|  |TAMS 0x0000000083700000| PB 0x0000000083700000| Untracked 
|  56|0x0000000083800000, 0x0000000083900000, 0x0000000083900000|100%| O|  |TAMS 0x0000000083800000| PB 0x0000000083800000| Untracked 
|  57|0x0000000083900000, 0x0000000083a00000, 0x0000000083a00000|100%| O|  |TAMS 0x0000000083900000| PB 0x0000000083900000| Untracked 
|  58|0x0000000083a00000, 0x0000000083b00000, 0x0000000083b00000|100%| O|  |TAMS 0x0000000083a00000| PB 0x0000000083a00000| Untracked 
|  59|0x0000000083b00000, 0x0000000083c00000, 0x0000000083c00000|100%| O|  |TAMS 0x0000000083b00000| PB 0x0000000083b00000| Untracked 
|  60|0x0000000083c00000, 0x0000000083d00000, 0x0000000083d00000|100%| O|  |TAMS 0x0000000083c00000| PB 0x0000000083c00000| Untracked 
|  61|0x0000000083d00000, 0x0000000083e00000, 0x0000000083e00000|100%| O|  |TAMS 0x0000000083d00000| PB 0x0000000083d00000| Untracked 
|  62|0x0000000083e00000, 0x0000000083f00000, 0x0000000083f00000|100%| O|  |TAMS 0x0000000083e00000| PB 0x0000000083e00000| Untracked 
|  63|0x0000000083f00000, 0x0000000084000000, 0x0000000084000000|100%| O|  |TAMS 0x0000000083f00000| PB 0x0000000083f00000| Untracked 
|  64|0x0000000084000000, 0x0000000084100000, 0x0000000084100000|100%| O|  |TAMS 0x0000000084000000| PB 0x0000000084000000| Untracked 
|  65|0x0000000084100000, 0x0000000084200000, 0x0000000084200000|100%| O|  |TAMS 0x0000000084100000| PB 0x0000000084100000| Untracked 
|  66|0x0000000084200000, 0x0000000084300000, 0x0000000084300000|100%| O|  |TAMS 0x0000000084200000| PB 0x0000000084200000| Untracked 
|  67|0x0000000084300000, 0x0000000084400000, 0x0000000084400000|100%| O|  |TAMS 0x0000000084300000| PB 0x0000000084300000| Untracked 
|  68|0x0000000084400000, 0x0000000084500000, 0x0000000084500000|100%| O|  |TAMS 0x0000000084400000| PB 0x0000000084400000| Untracked 
|  69|0x0000000084500000, 0x0000000084600000, 0x0000000084600000|100%| O|  |TAMS 0x0000000084500000| PB 0x0000000084500000| Untracked 
|  70|0x0000000084600000, 0x0000000084700000, 0x0000000084700000|100%| O|  |TAMS 0x0000000084600000| PB 0x0000000084600000| Untracked 
|  71|0x0000000084700000, 0x0000000084800000, 0x0000000084800000|100%| O|  |TAMS 0x0000000084700000| PB 0x0000000084700000| Untracked 
|  72|0x0000000084800000, 0x0000000084900000, 0x0000000084900000|100%| O|  |TAMS 0x0000000084800000| PB 0x0000000084800000| Untracked 
|  73|0x0000000084900000, 0x0000000084a00000, 0x0000000084a00000|100%| O|  |TAMS 0x0000000084900000| PB 0x0000000084900000| Untracked 
|  74|0x0000000084a00000, 0x0000000084b00000, 0x0000000084b00000|100%| O|  |TAMS 0x0000000084a00000| PB 0x0000000084a00000| Untracked 
|  75|0x0000000084b00000, 0x0000000084c00000, 0x0000000084c00000|100%| O|  |TAMS 0x0000000084b00000| PB 0x0000000084b00000| Untracked 
|  76|0x0000000084c00000, 0x0000000084d00000, 0x0000000084d00000|100%| O|  |TAMS 0x0000000084c00000| PB 0x0000000084c00000| Untracked 
|  77|0x0000000084d00000, 0x0000000084e00000, 0x0000000084e00000|100%| O|  |TAMS 0x0000000084d00000| PB 0x0000000084d00000| Untracked 
|  78|0x0000000084e00000, 0x0000000084f00000, 0x0000000084f00000|100%| O|  |TAMS 0x0000000084e00000| PB 0x0000000084e00000| Untracked 
|  79|0x0000000084f00000, 0x0000000085000000, 0x0000000085000000|100%| O|  |TAMS 0x0000000084f00000| PB 0x0000000084f00000| Untracked 
|  80|0x0000000085000000, 0x0000000085100000, 0x0000000085100000|100%| O|  |TAMS 0x0000000085000000| PB 0x0000000085000000| Untracked 
|  81|0x0000000085100000, 0x0000000085200000, 0x0000000085200000|100%| O|  |TAMS 0x0000000085100000| PB 0x0000000085100000| Untracked 
|  82|0x0000000085200000, 0x0000000085300000, 0x0000000085300000|100%| O|  |TAMS 0x0000000085200000| PB 0x0000000085200000| Untracked 
|  83|0x0000000085300000, 0x0000000085400000, 0x0000000085400000|100%| O|  |TAMS 0x0000000085300000| PB 0x0000000085300000| Untracked 
|  84|0x0000000085400000, 0x0000000085500000, 0x0000000085500000|100%| O|  |TAMS 0x0000000085400000| PB 0x0000000085400000| Untracked 
|  85|0x0000000085500000, 0x0000000085600000, 0x0000000085600000|100%| O|  |TAMS 0x0000000085500000| PB 0x0000000085500000| Untracked 
|  86|0x0000000085600000, 0x0000000085700000, 0x0000000085700000|100%| O|  |TAMS 0x0000000085600000| PB 0x0000000085600000| Untracked 
|  87|0x0000000085700000, 0x0000000085800000, 0x0000000085800000|100%| O|  |TAMS 0x0000000085700000| PB 0x0000000085700000| Untracked 
|  88|0x0000000085800000, 0x0000000085900000, 0x0000000085900000|100%| O|  |TAMS 0x0000000085800000| PB 0x0000000085800000| Untracked 
|  89|0x0000000085900000, 0x0000000085a00000, 0x0000000085a00000|100%| O|  |TAMS 0x0000000085900000| PB 0x0000000085900000| Untracked 
|  90|0x0000000085a00000, 0x0000000085b00000, 0x0000000085b00000|100%| O|  |TAMS 0x0000000085a00000| PB 0x0000000085a00000| Untracked 
|  91|0x0000000085b00000, 0x0000000085c00000, 0x0000000085c00000|100%| O|  |TAMS 0x0000000085b00000| PB 0x0000000085b00000| Untracked 
|  92|0x0000000085c00000, 0x0000000085d00000, 0x0000000085d00000|100%| O|  |TAMS 0x0000000085c00000| PB 0x0000000085c00000| Untracked 
|  93|0x0000000085d00000, 0x0000000085e00000, 0x0000000085e00000|100%| O|  |TAMS 0x0000000085d00000| PB 0x0000000085d00000| Untracked 
|  94|0x0000000085e00000, 0x0000000085f00000, 0x0000000085f00000|100%| O|  |TAMS 0x0000000085e00000| PB 0x0000000085e00000| Untracked 
|  95|0x0000000085f00000, 0x0000000086000000, 0x0000000086000000|100%| O|  |TAMS 0x0000000085f00000| PB 0x0000000085f00000| Untracked 
|  96|0x0000000086000000, 0x0000000086100000, 0x0000000086100000|100%| O|  |TAMS 0x0000000086000000| PB 0x0000000086000000| Untracked 
|  97|0x0000000086100000, 0x0000000086200000, 0x0000000086200000|100%| O|  |TAMS 0x0000000086100000| PB 0x0000000086100000| Untracked 
|  98|0x0000000086200000, 0x0000000086300000, 0x0000000086300000|100%| O|  |TAMS 0x0000000086200000| PB 0x0000000086200000| Untracked 
|  99|0x0000000086300000, 0x0000000086400000, 0x0000000086400000|100%| O|  |TAMS 0x0000000086300000| PB 0x0000000086300000| Untracked 
| 100|0x0000000086400000, 0x0000000086500000, 0x0000000086500000|100%| O|  |TAMS 0x0000000086400000| PB 0x0000000086400000| Untracked 
| 101|0x0000000086500000, 0x0000000086600000, 0x0000000086600000|100%| O|  |TAMS 0x0000000086500000| PB 0x0000000086500000| Untracked 
| 102|0x0000000086600000, 0x0000000086700000, 0x0000000086700000|100%| O|  |TAMS 0x0000000086600000| PB 0x0000000086600000| Untracked 
| 103|0x0000000086700000, 0x0000000086800000, 0x0000000086800000|100%| O|  |TAMS 0x0000000086700000| PB 0x0000000086700000| Untracked 
| 104|0x0000000086800000, 0x0000000086900000, 0x0000000086900000|100%| O|  |TAMS 0x0000000086800000| PB 0x0000000086800000| Untracked 
| 105|0x0000000086900000, 0x0000000086a00000, 0x0000000086a00000|100%|HS|  |TAMS 0x0000000086900000| PB 0x0000000086900000| Complete 
| 106|0x0000000086a00000, 0x0000000086b00000, 0x0000000086b00000|100%|HC|  |TAMS 0x0000000086a00000| PB 0x0000000086a00000| Complete 
| 107|0x0000000086b00000, 0x0000000086c00000, 0x0000000086c00000|100%|HC|  |TAMS 0x0000000086b00000| PB 0x0000000086b00000| Complete 
| 108|0x0000000086c00000, 0x0000000086d00000, 0x0000000086d00000|100%| O|  |TAMS 0x0000000086c00000| PB 0x0000000086c00000| Untracked 
| 109|0x0000000086d00000, 0x0000000086e00000, 0x0000000086e00000|100%| O|  |TAMS 0x0000000086d00000| PB 0x0000000086d00000| Untracked 
| 110|0x0000000086e00000, 0x0000000086f00000, 0x0000000086f00000|100%|HS|  |TAMS 0x0000000086e00000| PB 0x0000000086e00000| Complete 
| 111|0x0000000086f00000, 0x0000000087000000, 0x0000000087000000|100%|HC|  |TAMS 0x0000000086f00000| PB 0x0000000086f00000| Complete 
| 112|0x0000000087000000, 0x0000000087100000, 0x0000000087100000|100%|HC|  |TAMS 0x0000000087000000| PB 0x0000000087000000| Complete 
| 113|0x0000000087100000, 0x0000000087200000, 0x0000000087200000|100%| O|  |TAMS 0x0000000087100000| PB 0x0000000087100000| Untracked 
| 114|0x0000000087200000, 0x0000000087300000, 0x0000000087300000|100%|HS|  |TAMS 0x0000000087200000| PB 0x0000000087200000| Complete 
| 115|0x0000000087300000, 0x0000000087400000, 0x0000000087400000|100%| O|  |TAMS 0x0000000087300000| PB 0x0000000087300000| Untracked 
| 116|0x0000000087400000, 0x0000000087500000, 0x0000000087500000|100%| O|  |TAMS 0x0000000087400000| PB 0x0000000087400000| Untracked 
| 117|0x0000000087500000, 0x0000000087600000, 0x0000000087600000|100%| O|  |TAMS 0x0000000087500000| PB 0x0000000087500000| Untracked 
| 118|0x0000000087600000, 0x0000000087700000, 0x0000000087700000|100%| O|  |TAMS 0x0000000087600000| PB 0x0000000087600000| Untracked 
| 119|0x0000000087700000, 0x0000000087800000, 0x0000000087800000|100%| O|  |TAMS 0x0000000087700000| PB 0x0000000087700000| Untracked 
| 120|0x0000000087800000, 0x0000000087900000, 0x0000000087900000|100%| O|  |TAMS 0x0000000087800000| PB 0x0000000087800000| Untracked 
| 121|0x0000000087900000, 0x0000000087a00000, 0x0000000087a00000|100%| O|  |TAMS 0x0000000087900000| PB 0x0000000087900000| Untracked 
| 122|0x0000000087a00000, 0x0000000087a00000, 0x0000000087b00000|  0%| F|  |TAMS 0x0000000087a00000| PB 0x0000000087a00000| Untracked 
| 123|0x0000000087b00000, 0x0000000087c00000, 0x0000000087c00000|100%| O|  |TAMS 0x0000000087b00000| PB 0x0000000087b00000| Untracked 
| 124|0x0000000087c00000, 0x0000000087d00000, 0x0000000087d00000|100%| O|  |TAMS 0x0000000087c00000| PB 0x0000000087c00000| Untracked 
| 125|0x0000000087d00000, 0x0000000087e00000, 0x0000000087e00000|100%| O|  |TAMS 0x0000000087d00000| PB 0x0000000087d00000| Untracked 
| 126|0x0000000087e00000, 0x0000000087f00000, 0x0000000087f00000|100%| O|  |TAMS 0x0000000087e00000| PB 0x0000000087e00000| Untracked 
| 127|0x0000000087f00000, 0x0000000088000000, 0x0000000088000000|100%| O|  |TAMS 0x0000000087f00000| PB 0x0000000087f00000| Untracked 
| 128|0x0000000088000000, 0x0000000088100000, 0x0000000088100000|100%| O|  |TAMS 0x0000000088000000| PB 0x0000000088000000| Untracked 
| 129|0x0000000088100000, 0x0000000088200000, 0x0000000088200000|100%| O|  |TAMS 0x0000000088100000| PB 0x0000000088100000| Untracked 
| 130|0x0000000088200000, 0x0000000088300000, 0x0000000088300000|100%| O|  |TAMS 0x0000000088200000| PB 0x0000000088200000| Untracked 
| 131|0x0000000088300000, 0x0000000088400000, 0x0000000088400000|100%| O|  |TAMS 0x0000000088300000| PB 0x0000000088300000| Untracked 
| 132|0x0000000088400000, 0x0000000088500000, 0x0000000088500000|100%| O|  |TAMS 0x0000000088400000| PB 0x0000000088400000| Untracked 
| 133|0x0000000088500000, 0x0000000088600000, 0x0000000088600000|100%| O|  |TAMS 0x0000000088500000| PB 0x0000000088500000| Untracked 
| 134|0x0000000088600000, 0x0000000088700000, 0x0000000088700000|100%| O|  |TAMS 0x0000000088600000| PB 0x0000000088600000| Untracked 
| 135|0x0000000088700000, 0x0000000088800000, 0x0000000088800000|100%| O|  |TAMS 0x0000000088700000| PB 0x0000000088700000| Untracked 
| 136|0x0000000088800000, 0x0000000088900000, 0x0000000088900000|100%| O|  |TAMS 0x0000000088800000| PB 0x0000000088800000| Untracked 
| 137|0x0000000088900000, 0x0000000088a00000, 0x0000000088a00000|100%| O|  |TAMS 0x0000000088900000| PB 0x0000000088900000| Untracked 
| 138|0x0000000088a00000, 0x0000000088b00000, 0x0000000088b00000|100%| O|  |TAMS 0x0000000088a00000| PB 0x0000000088a00000| Untracked 
| 139|0x0000000088b00000, 0x0000000088c00000, 0x0000000088c00000|100%| O|  |TAMS 0x0000000088b00000| PB 0x0000000088b00000| Untracked 
| 140|0x0000000088c00000, 0x0000000088d00000, 0x0000000088d00000|100%| O|  |TAMS 0x0000000088c00000| PB 0x0000000088c00000| Untracked 
| 141|0x0000000088d00000, 0x0000000088e00000, 0x0000000088e00000|100%| O|  |TAMS 0x0000000088d00000| PB 0x0000000088d00000| Untracked 
| 142|0x0000000088e00000, 0x0000000088f00000, 0x0000000088f00000|100%| O|  |TAMS 0x0000000088e00000| PB 0x0000000088e00000| Untracked 
| 143|0x0000000088f00000, 0x0000000089000000, 0x0000000089000000|100%| O|  |TAMS 0x0000000088f00000| PB 0x0000000088f00000| Untracked 
| 144|0x0000000089000000, 0x0000000089100000, 0x0000000089100000|100%| O|  |TAMS 0x0000000089000000| PB 0x0000000089000000| Untracked 
| 145|0x0000000089100000, 0x0000000089200000, 0x0000000089200000|100%| O|  |TAMS 0x0000000089100000| PB 0x0000000089100000| Untracked 
| 146|0x0000000089200000, 0x0000000089300000, 0x0000000089300000|100%| O|  |TAMS 0x0000000089200000| PB 0x0000000089200000| Untracked 
| 147|0x0000000089300000, 0x0000000089400000, 0x0000000089400000|100%| O|  |TAMS 0x0000000089300000| PB 0x0000000089300000| Untracked 
| 148|0x0000000089400000, 0x0000000089500000, 0x0000000089500000|100%| O|  |TAMS 0x0000000089400000| PB 0x0000000089400000| Untracked 
| 149|0x0000000089500000, 0x0000000089600000, 0x0000000089600000|100%| O|  |TAMS 0x0000000089500000| PB 0x0000000089500000| Untracked 
| 150|0x0000000089600000, 0x0000000089700000, 0x0000000089700000|100%| O|  |TAMS 0x0000000089600000| PB 0x0000000089600000| Untracked 
| 151|0x0000000089700000, 0x0000000089800000, 0x0000000089800000|100%| O|  |TAMS 0x0000000089700000| PB 0x0000000089700000| Untracked 
| 152|0x0000000089800000, 0x0000000089900000, 0x0000000089900000|100%| O|  |TAMS 0x0000000089800000| PB 0x0000000089800000| Untracked 
| 153|0x0000000089900000, 0x0000000089900000, 0x0000000089a00000|  0%| F|  |TAMS 0x0000000089900000| PB 0x0000000089900000| Untracked 
| 154|0x0000000089a00000, 0x0000000089b00000, 0x0000000089b00000|100%| O|  |TAMS 0x0000000089a00000| PB 0x0000000089a00000| Untracked 
| 155|0x0000000089b00000, 0x0000000089c00000, 0x0000000089c00000|100%| O|  |TAMS 0x0000000089b00000| PB 0x0000000089b00000| Untracked 
| 156|0x0000000089c00000, 0x0000000089d00000, 0x0000000089d00000|100%| O|  |TAMS 0x0000000089c00000| PB 0x0000000089c00000| Untracked 
| 157|0x0000000089d00000, 0x0000000089e00000, 0x0000000089e00000|100%| O|  |TAMS 0x0000000089d00000| PB 0x0000000089d00000| Untracked 
| 158|0x0000000089e00000, 0x0000000089f00000, 0x0000000089f00000|100%| O|  |TAMS 0x0000000089e00000| PB 0x0000000089e00000| Untracked 
| 159|0x0000000089f00000, 0x000000008a000000, 0x000000008a000000|100%| O|  |TAMS 0x0000000089f00000| PB 0x0000000089f00000| Untracked 
| 160|0x000000008a000000, 0x000000008a100000, 0x000000008a100000|100%| O|  |TAMS 0x000000008a000000| PB 0x000000008a000000| Untracked 
| 161|0x000000008a100000, 0x000000008a200000, 0x000000008a200000|100%| O|  |TAMS 0x000000008a100000| PB 0x000000008a100000| Untracked 
| 162|0x000000008a200000, 0x000000008a300000, 0x000000008a300000|100%| O|  |TAMS 0x000000008a200000| PB 0x000000008a200000| Untracked 
| 163|0x000000008a300000, 0x000000008a400000, 0x000000008a400000|100%| O|  |TAMS 0x000000008a300000| PB 0x000000008a300000| Untracked 
| 164|0x000000008a400000, 0x000000008a500000, 0x000000008a500000|100%|HS|  |TAMS 0x000000008a400000| PB 0x000000008a400000| Complete 
| 165|0x000000008a500000, 0x000000008a600000, 0x000000008a600000|100%|HC|  |TAMS 0x000000008a500000| PB 0x000000008a500000| Complete 
| 166|0x000000008a600000, 0x000000008a700000, 0x000000008a700000|100%| O|  |TAMS 0x000000008a600000| PB 0x000000008a600000| Untracked 
| 167|0x000000008a700000, 0x000000008a800000, 0x000000008a800000|100%| O|  |TAMS 0x000000008a700000| PB 0x000000008a700000| Untracked 
| 168|0x000000008a800000, 0x000000008a900000, 0x000000008a900000|100%| O|  |TAMS 0x000000008a800000| PB 0x000000008a800000| Untracked 
| 169|0x000000008a900000, 0x000000008aa00000, 0x000000008aa00000|100%| O|  |TAMS 0x000000008a900000| PB 0x000000008a900000| Untracked 
| 170|0x000000008aa00000, 0x000000008ab00000, 0x000000008ab00000|100%| O|  |TAMS 0x000000008aa00000| PB 0x000000008aa00000| Untracked 
| 171|0x000000008ab00000, 0x000000008ac00000, 0x000000008ac00000|100%| O|  |TAMS 0x000000008ab00000| PB 0x000000008ab00000| Untracked 
| 172|0x000000008ac00000, 0x000000008ad00000, 0x000000008ad00000|100%| O|  |TAMS 0x000000008ac00000| PB 0x000000008ac00000| Untracked 
| 173|0x000000008ad00000, 0x000000008ae00000, 0x000000008ae00000|100%| O|  |TAMS 0x000000008ad00000| PB 0x000000008ad00000| Untracked 
| 174|0x000000008ae00000, 0x000000008af00000, 0x000000008af00000|100%| O|  |TAMS 0x000000008ae00000| PB 0x000000008ae00000| Untracked 
| 175|0x000000008af00000, 0x000000008b000000, 0x000000008b000000|100%| O|  |TAMS 0x000000008af00000| PB 0x000000008af00000| Untracked 
| 176|0x000000008b000000, 0x000000008b100000, 0x000000008b100000|100%| O|  |TAMS 0x000000008b000000| PB 0x000000008b000000| Untracked 
| 177|0x000000008b100000, 0x000000008b200000, 0x000000008b200000|100%| O|  |TAMS 0x000000008b100000| PB 0x000000008b100000| Untracked 
| 178|0x000000008b200000, 0x000000008b300000, 0x000000008b300000|100%| O|  |TAMS 0x000000008b200000| PB 0x000000008b200000| Untracked 
| 179|0x000000008b300000, 0x000000008b400000, 0x000000008b400000|100%| O|  |TAMS 0x000000008b300000| PB 0x000000008b300000| Untracked 
| 180|0x000000008b400000, 0x000000008b500000, 0x000000008b500000|100%| O|  |TAMS 0x000000008b400000| PB 0x000000008b400000| Untracked 
| 181|0x000000008b500000, 0x000000008b600000, 0x000000008b600000|100%| O|  |TAMS 0x000000008b500000| PB 0x000000008b500000| Untracked 
| 182|0x000000008b600000, 0x000000008b700000, 0x000000008b700000|100%| O|  |TAMS 0x000000008b600000| PB 0x000000008b600000| Untracked 
| 183|0x000000008b700000, 0x000000008b800000, 0x000000008b800000|100%| O|  |TAMS 0x000000008b700000| PB 0x000000008b700000| Untracked 
| 184|0x000000008b800000, 0x000000008b900000, 0x000000008b900000|100%| O|  |TAMS 0x000000008b800000| PB 0x000000008b800000| Untracked 
| 185|0x000000008b900000, 0x000000008ba00000, 0x000000008ba00000|100%| O|  |TAMS 0x000000008b900000| PB 0x000000008b900000| Untracked 
| 186|0x000000008ba00000, 0x000000008bb00000, 0x000000008bb00000|100%| O|  |TAMS 0x000000008ba00000| PB 0x000000008ba00000| Untracked 
| 187|0x000000008bb00000, 0x000000008bc00000, 0x000000008bc00000|100%| O|  |TAMS 0x000000008bb00000| PB 0x000000008bb00000| Untracked 
| 188|0x000000008bc00000, 0x000000008bd00000, 0x000000008bd00000|100%| O|  |TAMS 0x000000008bc00000| PB 0x000000008bc00000| Untracked 
| 189|0x000000008bd00000, 0x000000008be00000, 0x000000008be00000|100%| O|  |TAMS 0x000000008bd00000| PB 0x000000008bd00000| Untracked 
| 190|0x000000008be00000, 0x000000008bf00000, 0x000000008bf00000|100%| O|  |TAMS 0x000000008be00000| PB 0x000000008be00000| Untracked 
| 191|0x000000008bf00000, 0x000000008c000000, 0x000000008c000000|100%| O|  |TAMS 0x000000008bf00000| PB 0x000000008bf00000| Untracked 
| 192|0x000000008c000000, 0x000000008c100000, 0x000000008c100000|100%| O|  |TAMS 0x000000008c000000| PB 0x000000008c000000| Untracked 
| 193|0x000000008c100000, 0x000000008c200000, 0x000000008c200000|100%| O|  |TAMS 0x000000008c100000| PB 0x000000008c100000| Untracked 
| 194|0x000000008c200000, 0x000000008c300000, 0x000000008c300000|100%| O|  |TAMS 0x000000008c200000| PB 0x000000008c200000| Untracked 
| 195|0x000000008c300000, 0x000000008c400000, 0x000000008c400000|100%| O|  |TAMS 0x000000008c300000| PB 0x000000008c300000| Untracked 
| 196|0x000000008c400000, 0x000000008c500000, 0x000000008c500000|100%| O|  |TAMS 0x000000008c400000| PB 0x000000008c400000| Untracked 
| 197|0x000000008c500000, 0x000000008c600000, 0x000000008c600000|100%| O|  |TAMS 0x000000008c500000| PB 0x000000008c500000| Untracked 
| 198|0x000000008c600000, 0x000000008c700000, 0x000000008c700000|100%| O|  |TAMS 0x000000008c600000| PB 0x000000008c600000| Untracked 
| 199|0x000000008c700000, 0x000000008c800000, 0x000000008c800000|100%| O|  |TAMS 0x000000008c700000| PB 0x000000008c700000| Untracked 
| 200|0x000000008c800000, 0x000000008c900000, 0x000000008c900000|100%| O|  |TAMS 0x000000008c800000| PB 0x000000008c800000| Untracked 
| 201|0x000000008c900000, 0x000000008ca00000, 0x000000008ca00000|100%| O|  |TAMS 0x000000008c900000| PB 0x000000008c900000| Untracked 
| 202|0x000000008ca00000, 0x000000008cb00000, 0x000000008cb00000|100%| O|  |TAMS 0x000000008ca00000| PB 0x000000008ca00000| Untracked 
| 203|0x000000008cb00000, 0x000000008cc00000, 0x000000008cc00000|100%| O|  |TAMS 0x000000008cb00000| PB 0x000000008cb00000| Untracked 
| 204|0x000000008cc00000, 0x000000008cd00000, 0x000000008cd00000|100%| O|  |TAMS 0x000000008cc00000| PB 0x000000008cc00000| Untracked 
| 205|0x000000008cd00000, 0x000000008ce00000, 0x000000008ce00000|100%| O|  |TAMS 0x000000008cd00000| PB 0x000000008cd00000| Untracked 
| 206|0x000000008ce00000, 0x000000008cf00000, 0x000000008cf00000|100%| O|  |TAMS 0x000000008ce00000| PB 0x000000008ce00000| Untracked 
| 207|0x000000008cf00000, 0x000000008d000000, 0x000000008d000000|100%| O|  |TAMS 0x000000008cf00000| PB 0x000000008cf00000| Untracked 
| 208|0x000000008d000000, 0x000000008d100000, 0x000000008d100000|100%| O|  |TAMS 0x000000008d000000| PB 0x000000008d000000| Untracked 
| 209|0x000000008d100000, 0x000000008d200000, 0x000000008d200000|100%| O|  |TAMS 0x000000008d100000| PB 0x000000008d100000| Untracked 
| 210|0x000000008d200000, 0x000000008d300000, 0x000000008d300000|100%| O|  |TAMS 0x000000008d200000| PB 0x000000008d200000| Untracked 
| 211|0x000000008d300000, 0x000000008d400000, 0x000000008d400000|100%| O|  |TAMS 0x000000008d300000| PB 0x000000008d300000| Untracked 
| 212|0x000000008d400000, 0x000000008d500000, 0x000000008d500000|100%| O|  |TAMS 0x000000008d400000| PB 0x000000008d400000| Untracked 
| 213|0x000000008d500000, 0x000000008d600000, 0x000000008d600000|100%| O|  |TAMS 0x000000008d500000| PB 0x000000008d500000| Untracked 
| 214|0x000000008d600000, 0x000000008d700000, 0x000000008d700000|100%| O|  |TAMS 0x000000008d600000| PB 0x000000008d600000| Untracked 
| 215|0x000000008d700000, 0x000000008d800000, 0x000000008d800000|100%| O|  |TAMS 0x000000008d700000| PB 0x000000008d700000| Untracked 
| 216|0x000000008d800000, 0x000000008d900000, 0x000000008d900000|100%| O|  |TAMS 0x000000008d800000| PB 0x000000008d800000| Untracked 
| 217|0x000000008d900000, 0x000000008da00000, 0x000000008da00000|100%| O|  |TAMS 0x000000008d900000| PB 0x000000008d900000| Untracked 
| 218|0x000000008da00000, 0x000000008db00000, 0x000000008db00000|100%| O|  |TAMS 0x000000008da00000| PB 0x000000008da00000| Untracked 
| 219|0x000000008db00000, 0x000000008dc00000, 0x000000008dc00000|100%| O|  |TAMS 0x000000008db00000| PB 0x000000008db00000| Untracked 
| 220|0x000000008dc00000, 0x000000008dd00000, 0x000000008dd00000|100%| O|  |TAMS 0x000000008dc00000| PB 0x000000008dc00000| Untracked 
| 221|0x000000008dd00000, 0x000000008de00000, 0x000000008de00000|100%| O|  |TAMS 0x000000008dd00000| PB 0x000000008dd00000| Untracked 
| 222|0x000000008de00000, 0x000000008df00000, 0x000000008df00000|100%| O|  |TAMS 0x000000008de00000| PB 0x000000008de00000| Untracked 
| 223|0x000000008df00000, 0x000000008e000000, 0x000000008e000000|100%| O|  |TAMS 0x000000008df00000| PB 0x000000008df00000| Untracked 
| 224|0x000000008e000000, 0x000000008e100000, 0x000000008e100000|100%| O|  |TAMS 0x000000008e000000| PB 0x000000008e000000| Untracked 
| 225|0x000000008e100000, 0x000000008e200000, 0x000000008e200000|100%| O|  |TAMS 0x000000008e100000| PB 0x000000008e100000| Untracked 
| 226|0x000000008e200000, 0x000000008e300000, 0x000000008e300000|100%| O|  |TAMS 0x000000008e200000| PB 0x000000008e200000| Untracked 
| 227|0x000000008e300000, 0x000000008e400000, 0x000000008e400000|100%| O|  |TAMS 0x000000008e300000| PB 0x000000008e300000| Untracked 
| 228|0x000000008e400000, 0x000000008e400000, 0x000000008e500000|  0%| F|  |TAMS 0x000000008e400000| PB 0x000000008e400000| Untracked 
| 229|0x000000008e500000, 0x000000008e600000, 0x000000008e600000|100%| O|  |TAMS 0x000000008e500000| PB 0x000000008e500000| Untracked 
| 230|0x000000008e600000, 0x000000008e700000, 0x000000008e700000|100%| O|  |TAMS 0x000000008e600000| PB 0x000000008e600000| Untracked 
| 231|0x000000008e700000, 0x000000008e800000, 0x000000008e800000|100%| O|  |TAMS 0x000000008e700000| PB 0x000000008e700000| Untracked 
| 232|0x000000008e800000, 0x000000008e900000, 0x000000008e900000|100%| O|  |TAMS 0x000000008e800000| PB 0x000000008e800000| Untracked 
| 233|0x000000008e900000, 0x000000008ea00000, 0x000000008ea00000|100%| O|  |TAMS 0x000000008e900000| PB 0x000000008e900000| Untracked 
| 234|0x000000008ea00000, 0x000000008eb00000, 0x000000008eb00000|100%| O|  |TAMS 0x000000008ea00000| PB 0x000000008ea00000| Untracked 
| 235|0x000000008eb00000, 0x000000008ec00000, 0x000000008ec00000|100%| O|  |TAMS 0x000000008eb00000| PB 0x000000008eb00000| Untracked 
| 236|0x000000008ec00000, 0x000000008ed00000, 0x000000008ed00000|100%| O|  |TAMS 0x000000008ec00000| PB 0x000000008ec00000| Untracked 
| 237|0x000000008ed00000, 0x000000008ee00000, 0x000000008ee00000|100%| O|  |TAMS 0x000000008ed00000| PB 0x000000008ed00000| Untracked 
| 238|0x000000008ee00000, 0x000000008ef00000, 0x000000008ef00000|100%| O|  |TAMS 0x000000008ee00000| PB 0x000000008ee00000| Untracked 
| 239|0x000000008ef00000, 0x000000008f000000, 0x000000008f000000|100%| O|  |TAMS 0x000000008ef00000| PB 0x000000008ef00000| Untracked 
| 240|0x000000008f000000, 0x000000008f100000, 0x000000008f100000|100%| O|  |TAMS 0x000000008f000000| PB 0x000000008f000000| Untracked 
| 241|0x000000008f100000, 0x000000008f200000, 0x000000008f200000|100%| O|  |TAMS 0x000000008f100000| PB 0x000000008f100000| Untracked 
| 242|0x000000008f200000, 0x000000008f300000, 0x000000008f300000|100%| O|  |TAMS 0x000000008f200000| PB 0x000000008f200000| Untracked 
| 243|0x000000008f300000, 0x000000008f300000, 0x000000008f400000|  0%| F|  |TAMS 0x000000008f300000| PB 0x000000008f300000| Untracked 
| 244|0x000000008f400000, 0x000000008f500000, 0x000000008f500000|100%| O|  |TAMS 0x000000008f400000| PB 0x000000008f400000| Untracked 
| 245|0x000000008f500000, 0x000000008f600000, 0x000000008f600000|100%| O|  |TAMS 0x000000008f500000| PB 0x000000008f500000| Untracked 
| 246|0x000000008f600000, 0x000000008f700000, 0x000000008f700000|100%| O|  |TAMS 0x000000008f600000| PB 0x000000008f600000| Untracked 
| 247|0x000000008f700000, 0x000000008f800000, 0x000000008f800000|100%| O|  |TAMS 0x000000008f700000| PB 0x000000008f700000| Untracked 
| 248|0x000000008f800000, 0x000000008f900000, 0x000000008f900000|100%| O|  |TAMS 0x000000008f800000| PB 0x000000008f800000| Untracked 
| 249|0x000000008f900000, 0x000000008fa00000, 0x000000008fa00000|100%| O|  |TAMS 0x000000008f900000| PB 0x000000008f900000| Untracked 
| 250|0x000000008fa00000, 0x000000008fb00000, 0x000000008fb00000|100%| O|  |TAMS 0x000000008fa00000| PB 0x000000008fa00000| Untracked 
| 251|0x000000008fb00000, 0x000000008fc00000, 0x000000008fc00000|100%| O|  |TAMS 0x000000008fb00000| PB 0x000000008fb00000| Untracked 
| 252|0x000000008fc00000, 0x000000008fd00000, 0x000000008fd00000|100%|HS|  |TAMS 0x000000008fc00000| PB 0x000000008fc00000| Complete 
| 253|0x000000008fd00000, 0x000000008fe00000, 0x000000008fe00000|100%| O|  |TAMS 0x000000008fd00000| PB 0x000000008fd00000| Untracked 
| 254|0x000000008fe00000, 0x000000008ff00000, 0x000000008ff00000|100%| O|  |TAMS 0x000000008fe00000| PB 0x000000008fe00000| Untracked 
| 255|0x000000008ff00000, 0x000000008ff00000, 0x0000000090000000|  0%| F|  |TAMS 0x000000008ff00000| PB 0x000000008ff00000| Untracked 
| 256|0x0000000090000000, 0x0000000090100000, 0x0000000090100000|100%| O|  |TAMS 0x0000000090000000| PB 0x0000000090000000| Untracked 
| 257|0x0000000090100000, 0x0000000090200000, 0x0000000090200000|100%| O|  |TAMS 0x0000000090100000| PB 0x0000000090100000| Untracked 
| 258|0x0000000090200000, 0x0000000090300000, 0x0000000090300000|100%| O|  |TAMS 0x0000000090200000| PB 0x0000000090200000| Untracked 
| 259|0x0000000090300000, 0x0000000090400000, 0x0000000090400000|100%| O|  |TAMS 0x0000000090300000| PB 0x0000000090300000| Untracked 
| 260|0x0000000090400000, 0x0000000090500000, 0x0000000090500000|100%| O|  |TAMS 0x0000000090400000| PB 0x0000000090400000| Untracked 
| 261|0x0000000090500000, 0x0000000090600000, 0x0000000090600000|100%| O|  |TAMS 0x0000000090500000| PB 0x0000000090500000| Untracked 
| 262|0x0000000090600000, 0x0000000090700000, 0x0000000090700000|100%| O|  |TAMS 0x0000000090600000| PB 0x0000000090600000| Untracked 
| 263|0x0000000090700000, 0x0000000090800000, 0x0000000090800000|100%| O|  |TAMS 0x0000000090700000| PB 0x0000000090700000| Untracked 
| 264|0x0000000090800000, 0x0000000090900000, 0x0000000090900000|100%| O|  |TAMS 0x0000000090800000| PB 0x0000000090800000| Untracked 
| 265|0x0000000090900000, 0x0000000090a00000, 0x0000000090a00000|100%| O|  |TAMS 0x0000000090900000| PB 0x0000000090900000| Untracked 
| 266|0x0000000090a00000, 0x0000000090b00000, 0x0000000090b00000|100%| O|  |TAMS 0x0000000090a00000| PB 0x0000000090a00000| Untracked 
| 267|0x0000000090b00000, 0x0000000090c00000, 0x0000000090c00000|100%| O|  |TAMS 0x0000000090b00000| PB 0x0000000090b00000| Untracked 
| 268|0x0000000090c00000, 0x0000000090d00000, 0x0000000090d00000|100%| O|  |TAMS 0x0000000090c00000| PB 0x0000000090c00000| Untracked 
| 269|0x0000000090d00000, 0x0000000090e00000, 0x0000000090e00000|100%| O|  |TAMS 0x0000000090d00000| PB 0x0000000090d00000| Untracked 
| 270|0x0000000090e00000, 0x0000000090f00000, 0x0000000090f00000|100%| O|  |TAMS 0x0000000090e00000| PB 0x0000000090e00000| Untracked 
| 271|0x0000000090f00000, 0x0000000091000000, 0x0000000091000000|100%| O|  |TAMS 0x0000000090f00000| PB 0x0000000090f00000| Untracked 
| 272|0x0000000091000000, 0x0000000091100000, 0x0000000091100000|100%| O|  |TAMS 0x0000000091000000| PB 0x0000000091000000| Untracked 
| 273|0x0000000091100000, 0x0000000091200000, 0x0000000091200000|100%| O|  |TAMS 0x0000000091100000| PB 0x0000000091100000| Untracked 
| 274|0x0000000091200000, 0x0000000091300000, 0x0000000091300000|100%| O|  |TAMS 0x0000000091200000| PB 0x0000000091200000| Untracked 
| 275|0x0000000091300000, 0x0000000091400000, 0x0000000091400000|100%| O|  |TAMS 0x0000000091300000| PB 0x0000000091300000| Untracked 
| 276|0x0000000091400000, 0x0000000091500000, 0x0000000091500000|100%| O|  |TAMS 0x0000000091400000| PB 0x0000000091400000| Untracked 
| 277|0x0000000091500000, 0x0000000091600000, 0x0000000091600000|100%| O|  |TAMS 0x0000000091500000| PB 0x0000000091500000| Untracked 
| 278|0x0000000091600000, 0x0000000091700000, 0x0000000091700000|100%| O|  |TAMS 0x0000000091600000| PB 0x0000000091600000| Untracked 
| 279|0x0000000091700000, 0x0000000091800000, 0x0000000091800000|100%| O|  |TAMS 0x0000000091700000| PB 0x0000000091700000| Untracked 
| 280|0x0000000091800000, 0x0000000091900000, 0x0000000091900000|100%| O|  |TAMS 0x0000000091800000| PB 0x0000000091800000| Untracked 
| 281|0x0000000091900000, 0x0000000091a00000, 0x0000000091a00000|100%| O|  |TAMS 0x0000000091900000| PB 0x0000000091900000| Untracked 
| 282|0x0000000091a00000, 0x0000000091b00000, 0x0000000091b00000|100%| O|  |TAMS 0x0000000091a00000| PB 0x0000000091a00000| Untracked 
| 283|0x0000000091b00000, 0x0000000091c00000, 0x0000000091c00000|100%| O|  |TAMS 0x0000000091b00000| PB 0x0000000091b00000| Untracked 
| 284|0x0000000091c00000, 0x0000000091d00000, 0x0000000091d00000|100%| O|  |TAMS 0x0000000091c00000| PB 0x0000000091c00000| Untracked 
| 285|0x0000000091d00000, 0x0000000091e00000, 0x0000000091e00000|100%| O|  |TAMS 0x0000000091d00000| PB 0x0000000091d00000| Untracked 
| 286|0x0000000091e00000, 0x0000000091f00000, 0x0000000091f00000|100%| O|  |TAMS 0x0000000091e00000| PB 0x0000000091e00000| Untracked 
| 287|0x0000000091f00000, 0x0000000092000000, 0x0000000092000000|100%| O|  |TAMS 0x0000000091f00000| PB 0x0000000091f00000| Untracked 
| 288|0x0000000092000000, 0x0000000092100000, 0x0000000092100000|100%| O|  |TAMS 0x0000000092000000| PB 0x0000000092000000| Untracked 
| 289|0x0000000092100000, 0x0000000092200000, 0x0000000092200000|100%| O|  |TAMS 0x0000000092100000| PB 0x0000000092100000| Untracked 
| 290|0x0000000092200000, 0x0000000092300000, 0x0000000092300000|100%| O|  |TAMS 0x0000000092200000| PB 0x0000000092200000| Untracked 
| 291|0x0000000092300000, 0x0000000092400000, 0x0000000092400000|100%| O|  |TAMS 0x0000000092300000| PB 0x0000000092300000| Untracked 
| 292|0x0000000092400000, 0x0000000092500000, 0x0000000092500000|100%| O|  |TAMS 0x0000000092400000| PB 0x0000000092400000| Untracked 
| 293|0x0000000092500000, 0x0000000092600000, 0x0000000092600000|100%| O|  |TAMS 0x0000000092500000| PB 0x0000000092500000| Untracked 
| 294|0x0000000092600000, 0x0000000092700000, 0x0000000092700000|100%| O|  |TAMS 0x0000000092600000| PB 0x0000000092600000| Untracked 
| 295|0x0000000092700000, 0x0000000092800000, 0x0000000092800000|100%| O|  |TAMS 0x0000000092700000| PB 0x0000000092700000| Untracked 
| 296|0x0000000092800000, 0x0000000092900000, 0x0000000092900000|100%| O|  |TAMS 0x0000000092800000| PB 0x0000000092800000| Untracked 
| 297|0x0000000092900000, 0x0000000092a00000, 0x0000000092a00000|100%| O|  |TAMS 0x0000000092900000| PB 0x0000000092900000| Untracked 
| 298|0x0000000092a00000, 0x0000000092b00000, 0x0000000092b00000|100%| O|  |TAMS 0x0000000092a00000| PB 0x0000000092a00000| Untracked 
| 299|0x0000000092b00000, 0x0000000092c00000, 0x0000000092c00000|100%| O|  |TAMS 0x0000000092b00000| PB 0x0000000092b00000| Untracked 
| 300|0x0000000092c00000, 0x0000000092d00000, 0x0000000092d00000|100%| O|  |TAMS 0x0000000092c00000| PB 0x0000000092c00000| Untracked 
| 301|0x0000000092d00000, 0x0000000092e00000, 0x0000000092e00000|100%| O|  |TAMS 0x0000000092d00000| PB 0x0000000092d00000| Untracked 
| 302|0x0000000092e00000, 0x0000000092f00000, 0x0000000092f00000|100%| O|  |TAMS 0x0000000092e00000| PB 0x0000000092e00000| Untracked 
| 303|0x0000000092f00000, 0x0000000093000000, 0x0000000093000000|100%| O|  |TAMS 0x0000000092f00000| PB 0x0000000092f00000| Untracked 
| 304|0x0000000093000000, 0x0000000093100000, 0x0000000093100000|100%| O|  |TAMS 0x0000000093000000| PB 0x0000000093000000| Untracked 
| 305|0x0000000093100000, 0x0000000093200000, 0x0000000093200000|100%| O|  |TAMS 0x0000000093100000| PB 0x0000000093100000| Untracked 
| 306|0x0000000093200000, 0x0000000093300000, 0x0000000093300000|100%| O|  |TAMS 0x0000000093200000| PB 0x0000000093200000| Untracked 
| 307|0x0000000093300000, 0x0000000093400000, 0x0000000093400000|100%| O|  |TAMS 0x0000000093300000| PB 0x0000000093300000| Untracked 
| 308|0x0000000093400000, 0x0000000093500000, 0x0000000093500000|100%| O|  |TAMS 0x0000000093400000| PB 0x0000000093400000| Untracked 
| 309|0x0000000093500000, 0x0000000093600000, 0x0000000093600000|100%| O|  |TAMS 0x0000000093500000| PB 0x0000000093500000| Untracked 
| 310|0x0000000093600000, 0x0000000093700000, 0x0000000093700000|100%| O|  |TAMS 0x0000000093600000| PB 0x0000000093600000| Untracked 
| 311|0x0000000093700000, 0x0000000093800000, 0x0000000093800000|100%| O|  |TAMS 0x0000000093700000| PB 0x0000000093700000| Untracked 
| 312|0x0000000093800000, 0x0000000093900000, 0x0000000093900000|100%| O|  |TAMS 0x0000000093800000| PB 0x0000000093800000| Untracked 
| 313|0x0000000093900000, 0x0000000093a00000, 0x0000000093a00000|100%| O|  |TAMS 0x0000000093900000| PB 0x0000000093900000| Untracked 
| 314|0x0000000093a00000, 0x0000000093b00000, 0x0000000093b00000|100%| O|  |TAMS 0x0000000093a00000| PB 0x0000000093a00000| Untracked 
| 315|0x0000000093b00000, 0x0000000093c00000, 0x0000000093c00000|100%| O|  |TAMS 0x0000000093b00000| PB 0x0000000093b00000| Untracked 
| 316|0x0000000093c00000, 0x0000000093d00000, 0x0000000093d00000|100%| O|  |TAMS 0x0000000093c00000| PB 0x0000000093c00000| Untracked 
| 317|0x0000000093d00000, 0x0000000093e00000, 0x0000000093e00000|100%| O|  |TAMS 0x0000000093d00000| PB 0x0000000093d00000| Untracked 
| 318|0x0000000093e00000, 0x0000000093f00000, 0x0000000093f00000|100%| O|  |TAMS 0x0000000093e00000| PB 0x0000000093e00000| Untracked 
| 319|0x0000000093f00000, 0x0000000094000000, 0x0000000094000000|100%| O|  |TAMS 0x0000000093f00000| PB 0x0000000093f00000| Untracked 
| 320|0x0000000094000000, 0x0000000094100000, 0x0000000094100000|100%| O|  |TAMS 0x0000000094000000| PB 0x0000000094000000| Untracked 
| 321|0x0000000094100000, 0x0000000094200000, 0x0000000094200000|100%| O|  |TAMS 0x0000000094100000| PB 0x0000000094100000| Untracked 
| 322|0x0000000094200000, 0x0000000094300000, 0x0000000094300000|100%| O|  |TAMS 0x0000000094200000| PB 0x0000000094200000| Untracked 
| 323|0x0000000094300000, 0x0000000094400000, 0x0000000094400000|100%| O|  |TAMS 0x0000000094300000| PB 0x0000000094300000| Untracked 
| 324|0x0000000094400000, 0x0000000094500000, 0x0000000094500000|100%| O|  |TAMS 0x0000000094400000| PB 0x0000000094400000| Untracked 
| 325|0x0000000094500000, 0x0000000094600000, 0x0000000094600000|100%| O|  |TAMS 0x0000000094500000| PB 0x0000000094500000| Untracked 
| 326|0x0000000094600000, 0x0000000094700000, 0x0000000094700000|100%| O|  |TAMS 0x0000000094600000| PB 0x0000000094600000| Untracked 
| 327|0x0000000094700000, 0x0000000094800000, 0x0000000094800000|100%| O|  |TAMS 0x0000000094700000| PB 0x0000000094700000| Untracked 
| 328|0x0000000094800000, 0x0000000094900000, 0x0000000094900000|100%| O|  |TAMS 0x0000000094800000| PB 0x0000000094800000| Untracked 
| 329|0x0000000094900000, 0x0000000094a00000, 0x0000000094a00000|100%| O|  |TAMS 0x0000000094900000| PB 0x0000000094900000| Untracked 
| 330|0x0000000094a00000, 0x0000000094b00000, 0x0000000094b00000|100%| O|  |TAMS 0x0000000094a00000| PB 0x0000000094a00000| Untracked 
| 331|0x0000000094b00000, 0x0000000094c00000, 0x0000000094c00000|100%| O|  |TAMS 0x0000000094b00000| PB 0x0000000094b00000| Untracked 
| 332|0x0000000094c00000, 0x0000000094d00000, 0x0000000094d00000|100%| O|  |TAMS 0x0000000094c00000| PB 0x0000000094c00000| Untracked 
| 333|0x0000000094d00000, 0x0000000094e00000, 0x0000000094e00000|100%| O|  |TAMS 0x0000000094d00000| PB 0x0000000094d00000| Untracked 
| 334|0x0000000094e00000, 0x0000000094f00000, 0x0000000094f00000|100%| O|  |TAMS 0x0000000094e00000| PB 0x0000000094e00000| Untracked 
| 335|0x0000000094f00000, 0x0000000095000000, 0x0000000095000000|100%| O|  |TAMS 0x0000000094f00000| PB 0x0000000094f00000| Untracked 
| 336|0x0000000095000000, 0x0000000095100000, 0x0000000095100000|100%| O|  |TAMS 0x0000000095000000| PB 0x0000000095000000| Untracked 
| 337|0x0000000095100000, 0x0000000095200000, 0x0000000095200000|100%| O|  |TAMS 0x0000000095100000| PB 0x0000000095100000| Untracked 
| 338|0x0000000095200000, 0x0000000095300000, 0x0000000095300000|100%| O|  |TAMS 0x0000000095200000| PB 0x0000000095200000| Untracked 
| 339|0x0000000095300000, 0x0000000095400000, 0x0000000095400000|100%| O|  |TAMS 0x0000000095300000| PB 0x0000000095300000| Untracked 
| 340|0x0000000095400000, 0x0000000095500000, 0x0000000095500000|100%| O|  |TAMS 0x0000000095400000| PB 0x0000000095400000| Untracked 
| 341|0x0000000095500000, 0x0000000095600000, 0x0000000095600000|100%| O|  |TAMS 0x0000000095500000| PB 0x0000000095500000| Untracked 
| 342|0x0000000095600000, 0x0000000095600000, 0x0000000095700000|  0%| F|  |TAMS 0x0000000095600000| PB 0x0000000095600000| Untracked 
| 343|0x0000000095700000, 0x0000000095800000, 0x0000000095800000|100%| O|  |TAMS 0x0000000095700000| PB 0x0000000095700000| Untracked 
| 344|0x0000000095800000, 0x0000000095900000, 0x0000000095900000|100%|HS|  |TAMS 0x0000000095800000| PB 0x0000000095800000| Complete 
| 345|0x0000000095900000, 0x0000000095a00000, 0x0000000095a00000|100%|HC|  |TAMS 0x0000000095900000| PB 0x0000000095900000| Complete 
| 346|0x0000000095a00000, 0x0000000095b00000, 0x0000000095b00000|100%| O|  |TAMS 0x0000000095a00000| PB 0x0000000095a00000| Untracked 
| 347|0x0000000095b00000, 0x0000000095c00000, 0x0000000095c00000|100%| O|  |TAMS 0x0000000095b00000| PB 0x0000000095b00000| Untracked 
| 348|0x0000000095c00000, 0x0000000095d00000, 0x0000000095d00000|100%| O|  |TAMS 0x0000000095c00000| PB 0x0000000095c00000| Untracked 
| 349|0x0000000095d00000, 0x0000000095e00000, 0x0000000095e00000|100%| O|  |TAMS 0x0000000095d00000| PB 0x0000000095d00000| Untracked 
| 350|0x0000000095e00000, 0x0000000095f00000, 0x0000000095f00000|100%| O|  |TAMS 0x0000000095e00000| PB 0x0000000095e00000| Untracked 
| 351|0x0000000095f00000, 0x0000000096000000, 0x0000000096000000|100%| O|  |TAMS 0x0000000095f00000| PB 0x0000000095f00000| Untracked 
| 352|0x0000000096000000, 0x0000000096100000, 0x0000000096100000|100%| O|  |TAMS 0x0000000096000000| PB 0x0000000096000000| Untracked 
| 353|0x0000000096100000, 0x0000000096200000, 0x0000000096200000|100%| O|  |TAMS 0x0000000096100000| PB 0x0000000096100000| Untracked 
| 354|0x0000000096200000, 0x0000000096300000, 0x0000000096300000|100%| O|  |TAMS 0x0000000096200000| PB 0x0000000096200000| Untracked 
| 355|0x0000000096300000, 0x0000000096400000, 0x0000000096400000|100%| O|  |TAMS 0x0000000096300000| PB 0x0000000096300000| Untracked 
| 356|0x0000000096400000, 0x0000000096400000, 0x0000000096500000|  0%| F|  |TAMS 0x0000000096400000| PB 0x0000000096400000| Untracked 
| 357|0x0000000096500000, 0x0000000096600000, 0x0000000096600000|100%| O|  |TAMS 0x0000000096500000| PB 0x0000000096500000| Untracked 
| 358|0x0000000096600000, 0x0000000096700000, 0x0000000096700000|100%| O|  |TAMS 0x0000000096600000| PB 0x0000000096600000| Untracked 
| 359|0x0000000096700000, 0x0000000096800000, 0x0000000096800000|100%| O|  |TAMS 0x0000000096700000| PB 0x0000000096700000| Untracked 
| 360|0x0000000096800000, 0x0000000096900000, 0x0000000096900000|100%| O|  |TAMS 0x0000000096800000| PB 0x0000000096800000| Untracked 
| 361|0x0000000096900000, 0x0000000096a00000, 0x0000000096a00000|100%| O|  |TAMS 0x0000000096900000| PB 0x0000000096900000| Untracked 
| 362|0x0000000096a00000, 0x0000000096b00000, 0x0000000096b00000|100%| O|  |TAMS 0x0000000096a00000| PB 0x0000000096a00000| Untracked 
| 363|0x0000000096b00000, 0x0000000096c00000, 0x0000000096c00000|100%| O|  |TAMS 0x0000000096b00000| PB 0x0000000096b00000| Untracked 
| 364|0x0000000096c00000, 0x0000000096d00000, 0x0000000096d00000|100%| O|  |TAMS 0x0000000096c00000| PB 0x0000000096c00000| Untracked 
| 365|0x0000000096d00000, 0x0000000096e00000, 0x0000000096e00000|100%| O|  |TAMS 0x0000000096d00000| PB 0x0000000096d00000| Untracked 
| 366|0x0000000096e00000, 0x0000000096f00000, 0x0000000096f00000|100%| O|  |TAMS 0x0000000096e00000| PB 0x0000000096e00000| Untracked 
| 367|0x0000000096f00000, 0x0000000097000000, 0x0000000097000000|100%| O|  |TAMS 0x0000000096f00000| PB 0x0000000096f00000| Untracked 
| 368|0x0000000097000000, 0x0000000097100000, 0x0000000097100000|100%| O|  |TAMS 0x0000000097000000| PB 0x0000000097000000| Untracked 
| 369|0x0000000097100000, 0x0000000097100000, 0x0000000097200000|  0%| F|  |TAMS 0x0000000097100000| PB 0x0000000097100000| Untracked 
| 370|0x0000000097200000, 0x0000000097300000, 0x0000000097300000|100%| O|  |TAMS 0x0000000097200000| PB 0x0000000097200000| Untracked 
| 371|0x0000000097300000, 0x0000000097400000, 0x0000000097400000|100%| O|  |TAMS 0x0000000097300000| PB 0x0000000097300000| Untracked 
| 372|0x0000000097400000, 0x0000000097500000, 0x0000000097500000|100%| O|  |TAMS 0x0000000097400000| PB 0x0000000097400000| Untracked 
| 373|0x0000000097500000, 0x0000000097600000, 0x0000000097600000|100%| O|  |TAMS 0x0000000097500000| PB 0x0000000097500000| Untracked 
| 374|0x0000000097600000, 0x0000000097700000, 0x0000000097700000|100%| O|  |TAMS 0x0000000097600000| PB 0x0000000097600000| Untracked 
| 375|0x0000000097700000, 0x0000000097800000, 0x0000000097800000|100%|HS|  |TAMS 0x0000000097700000| PB 0x0000000097700000| Complete 
| 376|0x0000000097800000, 0x0000000097900000, 0x0000000097900000|100%| O|  |TAMS 0x0000000097800000| PB 0x0000000097800000| Untracked 
| 377|0x0000000097900000, 0x0000000097a00000, 0x0000000097a00000|100%| O|  |TAMS 0x0000000097900000| PB 0x0000000097900000| Untracked 
| 378|0x0000000097a00000, 0x0000000097b00000, 0x0000000097b00000|100%| O|  |TAMS 0x0000000097a00000| PB 0x0000000097a00000| Untracked 
| 379|0x0000000097b00000, 0x0000000097c00000, 0x0000000097c00000|100%|HS|  |TAMS 0x0000000097b00000| PB 0x0000000097b00000| Complete 
| 380|0x0000000097c00000, 0x0000000097d00000, 0x0000000097d00000|100%|HC|  |TAMS 0x0000000097c00000| PB 0x0000000097c00000| Complete 
| 381|0x0000000097d00000, 0x0000000097e00000, 0x0000000097e00000|100%| O|  |TAMS 0x0000000097d00000| PB 0x0000000097d00000| Untracked 
| 382|0x0000000097e00000, 0x0000000097f00000, 0x0000000097f00000|100%| O|  |TAMS 0x0000000097e00000| PB 0x0000000097e00000| Untracked 
| 383|0x0000000097f00000, 0x0000000098000000, 0x0000000098000000|100%| O|  |TAMS 0x0000000097f00000| PB 0x0000000097f00000| Untracked 
| 384|0x0000000098000000, 0x0000000098100000, 0x0000000098100000|100%| O|  |TAMS 0x0000000098000000| PB 0x0000000098000000| Untracked 
| 385|0x0000000098100000, 0x0000000098200000, 0x0000000098200000|100%| O|  |TAMS 0x0000000098100000| PB 0x0000000098100000| Untracked 
| 386|0x0000000098200000, 0x0000000098300000, 0x0000000098300000|100%| O|  |TAMS 0x0000000098200000| PB 0x0000000098200000| Untracked 
| 387|0x0000000098300000, 0x0000000098300000, 0x0000000098400000|  0%| F|  |TAMS 0x0000000098300000| PB 0x0000000098300000| Untracked 
| 388|0x0000000098400000, 0x0000000098500000, 0x0000000098500000|100%| O|  |TAMS 0x0000000098400000| PB 0x0000000098400000| Untracked 
| 389|0x0000000098500000, 0x0000000098600000, 0x0000000098600000|100%| O|  |TAMS 0x0000000098500000| PB 0x0000000098500000| Untracked 
| 390|0x0000000098600000, 0x0000000098700000, 0x0000000098700000|100%| O|  |TAMS 0x0000000098600000| PB 0x0000000098600000| Untracked 
| 391|0x0000000098700000, 0x0000000098800000, 0x0000000098800000|100%| O|  |TAMS 0x0000000098700000| PB 0x0000000098700000| Untracked 
| 392|0x0000000098800000, 0x0000000098900000, 0x0000000098900000|100%| O|  |TAMS 0x0000000098800000| PB 0x0000000098800000| Untracked 
| 393|0x0000000098900000, 0x0000000098a00000, 0x0000000098a00000|100%| O|  |TAMS 0x0000000098900000| PB 0x0000000098900000| Untracked 
| 394|0x0000000098a00000, 0x0000000098b00000, 0x0000000098b00000|100%| O|  |TAMS 0x0000000098a00000| PB 0x0000000098a00000| Untracked 
| 395|0x0000000098b00000, 0x0000000098c00000, 0x0000000098c00000|100%| O|  |TAMS 0x0000000098b00000| PB 0x0000000098b00000| Untracked 
| 396|0x0000000098c00000, 0x0000000098d00000, 0x0000000098d00000|100%| O|  |TAMS 0x0000000098c00000| PB 0x0000000098c00000| Untracked 
| 397|0x0000000098d00000, 0x0000000098e00000, 0x0000000098e00000|100%| O|  |TAMS 0x0000000098d00000| PB 0x0000000098d00000| Untracked 
| 398|0x0000000098e00000, 0x0000000098f00000, 0x0000000098f00000|100%| O|  |TAMS 0x0000000098e00000| PB 0x0000000098e00000| Untracked 
| 399|0x0000000098f00000, 0x0000000099000000, 0x0000000099000000|100%| O|  |TAMS 0x0000000098f00000| PB 0x0000000098f00000| Untracked 
| 400|0x0000000099000000, 0x0000000099100000, 0x0000000099100000|100%| O|  |TAMS 0x0000000099000000| PB 0x0000000099000000| Untracked 
| 401|0x0000000099100000, 0x0000000099200000, 0x0000000099200000|100%| O|  |TAMS 0x0000000099100000| PB 0x0000000099100000| Untracked 
| 402|0x0000000099200000, 0x0000000099300000, 0x0000000099300000|100%| O|  |TAMS 0x0000000099200000| PB 0x0000000099200000| Untracked 
| 403|0x0000000099300000, 0x0000000099400000, 0x0000000099400000|100%| O|  |TAMS 0x0000000099300000| PB 0x0000000099300000| Untracked 
| 404|0x0000000099400000, 0x0000000099400000, 0x0000000099500000|  0%| F|  |TAMS 0x0000000099400000| PB 0x0000000099400000| Untracked 
| 405|0x0000000099500000, 0x0000000099600000, 0x0000000099600000|100%| O|  |TAMS 0x0000000099500000| PB 0x0000000099500000| Untracked 
| 406|0x0000000099600000, 0x0000000099700000, 0x0000000099700000|100%| O|  |TAMS 0x0000000099600000| PB 0x0000000099600000| Untracked 
| 407|0x0000000099700000, 0x0000000099800000, 0x0000000099800000|100%| O|  |TAMS 0x0000000099700000| PB 0x0000000099700000| Untracked 
| 408|0x0000000099800000, 0x0000000099900000, 0x0000000099900000|100%| O|  |TAMS 0x0000000099800000| PB 0x0000000099800000| Untracked 
| 409|0x0000000099900000, 0x0000000099a00000, 0x0000000099a00000|100%| O|  |TAMS 0x0000000099900000| PB 0x0000000099900000| Untracked 
| 410|0x0000000099a00000, 0x0000000099b00000, 0x0000000099b00000|100%| O|  |TAMS 0x0000000099a00000| PB 0x0000000099a00000| Untracked 
| 411|0x0000000099b00000, 0x0000000099b00000, 0x0000000099c00000|  0%| F|  |TAMS 0x0000000099b00000| PB 0x0000000099b00000| Untracked 
| 412|0x0000000099c00000, 0x0000000099c00000, 0x0000000099d00000|  0%| F|  |TAMS 0x0000000099c00000| PB 0x0000000099c00000| Untracked 
| 413|0x0000000099d00000, 0x0000000099e00000, 0x0000000099e00000|100%| O|  |TAMS 0x0000000099d00000| PB 0x0000000099d00000| Untracked 
| 414|0x0000000099e00000, 0x0000000099f00000, 0x0000000099f00000|100%| O|  |TAMS 0x0000000099e00000| PB 0x0000000099e00000| Untracked 
| 415|0x0000000099f00000, 0x000000009a000000, 0x000000009a000000|100%| O|  |TAMS 0x0000000099f00000| PB 0x0000000099f00000| Untracked 
| 416|0x000000009a000000, 0x000000009a100000, 0x000000009a100000|100%| O|  |TAMS 0x000000009a000000| PB 0x000000009a000000| Untracked 
| 417|0x000000009a100000, 0x000000009a200000, 0x000000009a200000|100%| O|  |TAMS 0x000000009a100000| PB 0x000000009a100000| Untracked 
| 418|0x000000009a200000, 0x000000009a300000, 0x000000009a300000|100%| O|  |TAMS 0x000000009a200000| PB 0x000000009a200000| Untracked 
| 419|0x000000009a300000, 0x000000009a400000, 0x000000009a400000|100%| O|  |TAMS 0x000000009a300000| PB 0x000000009a300000| Untracked 
| 420|0x000000009a400000, 0x000000009a500000, 0x000000009a500000|100%| O|  |TAMS 0x000000009a400000| PB 0x000000009a400000| Untracked 
| 421|0x000000009a500000, 0x000000009a600000, 0x000000009a600000|100%|HS|  |TAMS 0x000000009a500000| PB 0x000000009a500000| Complete 
| 422|0x000000009a600000, 0x000000009a700000, 0x000000009a700000|100%|HC|  |TAMS 0x000000009a600000| PB 0x000000009a600000| Complete 
| 423|0x000000009a700000, 0x000000009a800000, 0x000000009a800000|100%| O|  |TAMS 0x000000009a700000| PB 0x000000009a700000| Untracked 
| 424|0x000000009a800000, 0x000000009a900000, 0x000000009a900000|100%| O|  |TAMS 0x000000009a800000| PB 0x000000009a800000| Untracked 
| 425|0x000000009a900000, 0x000000009aa00000, 0x000000009aa00000|100%| O|  |TAMS 0x000000009a900000| PB 0x000000009a900000| Untracked 
| 426|0x000000009aa00000, 0x000000009ab00000, 0x000000009ab00000|100%| O|  |TAMS 0x000000009aa00000| PB 0x000000009aa00000| Untracked 
| 427|0x000000009ab00000, 0x000000009ac00000, 0x000000009ac00000|100%| O|  |TAMS 0x000000009ab00000| PB 0x000000009ab00000| Untracked 
| 428|0x000000009ac00000, 0x000000009ad00000, 0x000000009ad00000|100%| O|  |TAMS 0x000000009ac00000| PB 0x000000009ac00000| Untracked 
| 429|0x000000009ad00000, 0x000000009ae00000, 0x000000009ae00000|100%| O|  |TAMS 0x000000009ad00000| PB 0x000000009ad00000| Untracked 
| 430|0x000000009ae00000, 0x000000009af00000, 0x000000009af00000|100%| O|  |TAMS 0x000000009ae00000| PB 0x000000009ae00000| Untracked 
| 431|0x000000009af00000, 0x000000009b000000, 0x000000009b000000|100%| O|  |TAMS 0x000000009af00000| PB 0x000000009af00000| Untracked 
| 432|0x000000009b000000, 0x000000009b100000, 0x000000009b100000|100%| O|  |TAMS 0x000000009b000000| PB 0x000000009b000000| Untracked 
| 433|0x000000009b100000, 0x000000009b200000, 0x000000009b200000|100%| O|  |TAMS 0x000000009b100000| PB 0x000000009b100000| Untracked 
| 434|0x000000009b200000, 0x000000009b300000, 0x000000009b300000|100%| O|  |TAMS 0x000000009b200000| PB 0x000000009b200000| Untracked 
| 435|0x000000009b300000, 0x000000009b400000, 0x000000009b400000|100%| O|  |TAMS 0x000000009b300000| PB 0x000000009b300000| Untracked 
| 436|0x000000009b400000, 0x000000009b500000, 0x000000009b500000|100%| O|  |TAMS 0x000000009b400000| PB 0x000000009b400000| Untracked 
| 437|0x000000009b500000, 0x000000009b600000, 0x000000009b600000|100%| O|  |TAMS 0x000000009b500000| PB 0x000000009b500000| Untracked 
| 438|0x000000009b600000, 0x000000009b700000, 0x000000009b700000|100%| O|  |TAMS 0x000000009b600000| PB 0x000000009b600000| Untracked 
| 439|0x000000009b700000, 0x000000009b800000, 0x000000009b800000|100%| O|  |TAMS 0x000000009b700000| PB 0x000000009b700000| Untracked 
| 440|0x000000009b800000, 0x000000009b900000, 0x000000009b900000|100%| O|  |TAMS 0x000000009b800000| PB 0x000000009b800000| Untracked 
| 441|0x000000009b900000, 0x000000009ba00000, 0x000000009ba00000|100%| O|  |TAMS 0x000000009b900000| PB 0x000000009b900000| Untracked 
| 442|0x000000009ba00000, 0x000000009bb00000, 0x000000009bb00000|100%| O|  |TAMS 0x000000009ba00000| PB 0x000000009ba00000| Untracked 
| 443|0x000000009bb00000, 0x000000009bc00000, 0x000000009bc00000|100%|HS|  |TAMS 0x000000009bb00000| PB 0x000000009bb00000| Complete 
| 444|0x000000009bc00000, 0x000000009bd00000, 0x000000009bd00000|100%| O|  |TAMS 0x000000009bc00000| PB 0x000000009bc00000| Untracked 
| 445|0x000000009bd00000, 0x000000009be00000, 0x000000009be00000|100%| O|  |TAMS 0x000000009bd00000| PB 0x000000009bd00000| Untracked 
| 446|0x000000009be00000, 0x000000009bf00000, 0x000000009bf00000|100%| O|  |TAMS 0x000000009be00000| PB 0x000000009be00000| Untracked 
| 447|0x000000009bf00000, 0x000000009c000000, 0x000000009c000000|100%| O|  |TAMS 0x000000009bf00000| PB 0x000000009bf00000| Untracked 
| 448|0x000000009c000000, 0x000000009c100000, 0x000000009c100000|100%| O|  |TAMS 0x000000009c000000| PB 0x000000009c000000| Untracked 
| 449|0x000000009c100000, 0x000000009c200000, 0x000000009c200000|100%| O|  |TAMS 0x000000009c100000| PB 0x000000009c100000| Untracked 
| 450|0x000000009c200000, 0x000000009c300000, 0x000000009c300000|100%| O|  |TAMS 0x000000009c200000| PB 0x000000009c200000| Untracked 
| 451|0x000000009c300000, 0x000000009c300000, 0x000000009c400000|  0%| F|  |TAMS 0x000000009c300000| PB 0x000000009c300000| Untracked 
| 452|0x000000009c400000, 0x000000009c500000, 0x000000009c500000|100%| O|  |TAMS 0x000000009c400000| PB 0x000000009c400000| Untracked 
| 453|0x000000009c500000, 0x000000009c600000, 0x000000009c600000|100%| O|  |TAMS 0x000000009c500000| PB 0x000000009c500000| Untracked 
| 454|0x000000009c600000, 0x000000009c700000, 0x000000009c700000|100%| O|  |TAMS 0x000000009c600000| PB 0x000000009c600000| Untracked 
| 455|0x000000009c700000, 0x000000009c700000, 0x000000009c800000|  0%| F|  |TAMS 0x000000009c700000| PB 0x000000009c700000| Untracked 
| 456|0x000000009c800000, 0x000000009c900000, 0x000000009c900000|100%| O|  |TAMS 0x000000009c800000| PB 0x000000009c800000| Untracked 
| 457|0x000000009c900000, 0x000000009ca00000, 0x000000009ca00000|100%| O|  |TAMS 0x000000009c900000| PB 0x000000009c900000| Untracked 
| 458|0x000000009ca00000, 0x000000009cb00000, 0x000000009cb00000|100%| O|  |TAMS 0x000000009ca00000| PB 0x000000009ca00000| Untracked 
| 459|0x000000009cb00000, 0x000000009cc00000, 0x000000009cc00000|100%| O|  |TAMS 0x000000009cb00000| PB 0x000000009cb00000| Untracked 
| 460|0x000000009cc00000, 0x000000009cd00000, 0x000000009cd00000|100%| O|  |TAMS 0x000000009cc00000| PB 0x000000009cc00000| Untracked 
| 461|0x000000009cd00000, 0x000000009ce00000, 0x000000009ce00000|100%| O|  |TAMS 0x000000009cd00000| PB 0x000000009cd00000| Untracked 
| 462|0x000000009ce00000, 0x000000009cf00000, 0x000000009cf00000|100%| O|  |TAMS 0x000000009ce00000| PB 0x000000009ce00000| Untracked 
| 463|0x000000009cf00000, 0x000000009d000000, 0x000000009d000000|100%| O|  |TAMS 0x000000009cf00000| PB 0x000000009cf00000| Untracked 
| 464|0x000000009d000000, 0x000000009d100000, 0x000000009d100000|100%| O|  |TAMS 0x000000009d000000| PB 0x000000009d000000| Untracked 
| 465|0x000000009d100000, 0x000000009d200000, 0x000000009d200000|100%| O|  |TAMS 0x000000009d100000| PB 0x000000009d100000| Untracked 
| 466|0x000000009d200000, 0x000000009d300000, 0x000000009d300000|100%| O|  |TAMS 0x000000009d200000| PB 0x000000009d200000| Untracked 
| 467|0x000000009d300000, 0x000000009d400000, 0x000000009d400000|100%| O|  |TAMS 0x000000009d300000| PB 0x000000009d300000| Untracked 
| 468|0x000000009d400000, 0x000000009d500000, 0x000000009d500000|100%| O|  |TAMS 0x000000009d400000| PB 0x000000009d400000| Untracked 
| 469|0x000000009d500000, 0x000000009d600000, 0x000000009d600000|100%| O|  |TAMS 0x000000009d500000| PB 0x000000009d500000| Untracked 
| 470|0x000000009d600000, 0x000000009d700000, 0x000000009d700000|100%| O|  |TAMS 0x000000009d600000| PB 0x000000009d600000| Untracked 
| 471|0x000000009d700000, 0x000000009d800000, 0x000000009d800000|100%| O|  |TAMS 0x000000009d700000| PB 0x000000009d700000| Untracked 
| 472|0x000000009d800000, 0x000000009d900000, 0x000000009d900000|100%| O|  |TAMS 0x000000009d800000| PB 0x000000009d800000| Untracked 
| 473|0x000000009d900000, 0x000000009da00000, 0x000000009da00000|100%| O|  |TAMS 0x000000009d900000| PB 0x000000009d900000| Untracked 
| 474|0x000000009da00000, 0x000000009db00000, 0x000000009db00000|100%| O|  |TAMS 0x000000009da00000| PB 0x000000009da00000| Untracked 
| 475|0x000000009db00000, 0x000000009db00000, 0x000000009dc00000|  0%| F|  |TAMS 0x000000009db00000| PB 0x000000009db00000| Untracked 
| 476|0x000000009dc00000, 0x000000009dd00000, 0x000000009dd00000|100%| O|  |TAMS 0x000000009dc00000| PB 0x000000009dc00000| Untracked 
| 477|0x000000009dd00000, 0x000000009de00000, 0x000000009de00000|100%| O|  |TAMS 0x000000009dd00000| PB 0x000000009dd00000| Untracked 
| 478|0x000000009de00000, 0x000000009df00000, 0x000000009df00000|100%| O|  |TAMS 0x000000009de00000| PB 0x000000009de00000| Untracked 
| 479|0x000000009df00000, 0x000000009e000000, 0x000000009e000000|100%| O|  |TAMS 0x000000009df00000| PB 0x000000009df00000| Untracked 
| 480|0x000000009e000000, 0x000000009e100000, 0x000000009e100000|100%| O|  |TAMS 0x000000009e000000| PB 0x000000009e000000| Untracked 
| 481|0x000000009e100000, 0x000000009e200000, 0x000000009e200000|100%| O|  |TAMS 0x000000009e100000| PB 0x000000009e100000| Untracked 
| 482|0x000000009e200000, 0x000000009e300000, 0x000000009e300000|100%| O|  |TAMS 0x000000009e200000| PB 0x000000009e200000| Untracked 
| 483|0x000000009e300000, 0x000000009e400000, 0x000000009e400000|100%| O|  |TAMS 0x000000009e300000| PB 0x000000009e300000| Untracked 
| 484|0x000000009e400000, 0x000000009e500000, 0x000000009e500000|100%| O|  |TAMS 0x000000009e400000| PB 0x000000009e400000| Untracked 
| 485|0x000000009e500000, 0x000000009e600000, 0x000000009e600000|100%| O|  |TAMS 0x000000009e500000| PB 0x000000009e500000| Untracked 
| 486|0x000000009e600000, 0x000000009e700000, 0x000000009e700000|100%| O|  |TAMS 0x000000009e600000| PB 0x000000009e600000| Untracked 
| 487|0x000000009e700000, 0x000000009e800000, 0x000000009e800000|100%| O|  |TAMS 0x000000009e700000| PB 0x000000009e700000| Untracked 
| 488|0x000000009e800000, 0x000000009e900000, 0x000000009e900000|100%| O|  |TAMS 0x000000009e800000| PB 0x000000009e800000| Untracked 
| 489|0x000000009e900000, 0x000000009ea00000, 0x000000009ea00000|100%| O|  |TAMS 0x000000009e900000| PB 0x000000009e900000| Untracked 
| 490|0x000000009ea00000, 0x000000009eb00000, 0x000000009eb00000|100%| O|  |TAMS 0x000000009ea00000| PB 0x000000009ea00000| Untracked 
| 491|0x000000009eb00000, 0x000000009ec00000, 0x000000009ec00000|100%| O|  |TAMS 0x000000009eb00000| PB 0x000000009eb00000| Untracked 
| 492|0x000000009ec00000, 0x000000009ed00000, 0x000000009ed00000|100%| O|  |TAMS 0x000000009ec00000| PB 0x000000009ec00000| Untracked 
| 493|0x000000009ed00000, 0x000000009ee00000, 0x000000009ee00000|100%| O|  |TAMS 0x000000009ed00000| PB 0x000000009ed00000| Untracked 
| 494|0x000000009ee00000, 0x000000009ef00000, 0x000000009ef00000|100%| O|  |TAMS 0x000000009ee00000| PB 0x000000009ee00000| Untracked 
| 495|0x000000009ef00000, 0x000000009ef00000, 0x000000009f000000|  0%| F|  |TAMS 0x000000009ef00000| PB 0x000000009ef00000| Untracked 
| 496|0x000000009f000000, 0x000000009f100000, 0x000000009f100000|100%| O|  |TAMS 0x000000009f000000| PB 0x000000009f000000| Untracked 
| 497|0x000000009f100000, 0x000000009f200000, 0x000000009f200000|100%| O|  |TAMS 0x000000009f100000| PB 0x000000009f100000| Untracked 
| 498|0x000000009f200000, 0x000000009f300000, 0x000000009f300000|100%| O|  |TAMS 0x000000009f200000| PB 0x000000009f200000| Untracked 
| 499|0x000000009f300000, 0x000000009f400000, 0x000000009f400000|100%| O|  |TAMS 0x000000009f300000| PB 0x000000009f300000| Untracked 
| 500|0x000000009f400000, 0x000000009f500000, 0x000000009f500000|100%| O|  |TAMS 0x000000009f400000| PB 0x000000009f400000| Untracked 
| 501|0x000000009f500000, 0x000000009f600000, 0x000000009f600000|100%| O|  |TAMS 0x000000009f500000| PB 0x000000009f500000| Untracked 
| 502|0x000000009f600000, 0x000000009f700000, 0x000000009f700000|100%| O|  |TAMS 0x000000009f600000| PB 0x000000009f600000| Untracked 
| 503|0x000000009f700000, 0x000000009f700000, 0x000000009f800000|  0%| F|  |TAMS 0x000000009f700000| PB 0x000000009f700000| Untracked 
| 504|0x000000009f800000, 0x000000009f900000, 0x000000009f900000|100%| O|  |TAMS 0x000000009f800000| PB 0x000000009f800000| Untracked 
| 505|0x000000009f900000, 0x000000009fa00000, 0x000000009fa00000|100%| O|  |TAMS 0x000000009f900000| PB 0x000000009f900000| Untracked 
| 506|0x000000009fa00000, 0x000000009fb00000, 0x000000009fb00000|100%| O|  |TAMS 0x000000009fa00000| PB 0x000000009fa00000| Untracked 
| 507|0x000000009fb00000, 0x000000009fc00000, 0x000000009fc00000|100%| O|  |TAMS 0x000000009fb00000| PB 0x000000009fb00000| Untracked 
| 508|0x000000009fc00000, 0x000000009fd00000, 0x000000009fd00000|100%| O|  |TAMS 0x000000009fc00000| PB 0x000000009fc00000| Untracked 
| 509|0x000000009fd00000, 0x000000009fe00000, 0x000000009fe00000|100%| O|  |TAMS 0x000000009fd00000| PB 0x000000009fd00000| Untracked 
| 510|0x000000009fe00000, 0x000000009fe00000, 0x000000009ff00000|  0%| F|  |TAMS 0x000000009fe00000| PB 0x000000009fe00000| Untracked 
| 511|0x000000009ff00000, 0x00000000a0000000, 0x00000000a0000000|100%| O|  |TAMS 0x000000009ff00000| PB 0x000000009ff00000| Untracked 
| 512|0x00000000a0000000, 0x00000000a0100000, 0x00000000a0100000|100%| O|  |TAMS 0x00000000a0000000| PB 0x00000000a0000000| Untracked 
| 513|0x00000000a0100000, 0x00000000a0200000, 0x00000000a0200000|100%| O|  |TAMS 0x00000000a0100000| PB 0x00000000a0100000| Untracked 
| 514|0x00000000a0200000, 0x00000000a0300000, 0x00000000a0300000|100%| O|  |TAMS 0x00000000a0200000| PB 0x00000000a0200000| Untracked 
| 515|0x00000000a0300000, 0x00000000a0400000, 0x00000000a0400000|100%| O|  |TAMS 0x00000000a0300000| PB 0x00000000a0300000| Untracked 
| 516|0x00000000a0400000, 0x00000000a0500000, 0x00000000a0500000|100%| O|  |TAMS 0x00000000a0400000| PB 0x00000000a0400000| Untracked 
| 517|0x00000000a0500000, 0x00000000a0600000, 0x00000000a0600000|100%| O|  |TAMS 0x00000000a0500000| PB 0x00000000a0500000| Untracked 
| 518|0x00000000a0600000, 0x00000000a0700000, 0x00000000a0700000|100%| O|  |TAMS 0x00000000a0600000| PB 0x00000000a0600000| Untracked 
| 519|0x00000000a0700000, 0x00000000a0800000, 0x00000000a0800000|100%| O|  |TAMS 0x00000000a0700000| PB 0x00000000a0700000| Untracked 
| 520|0x00000000a0800000, 0x00000000a0900000, 0x00000000a0900000|100%| O|  |TAMS 0x00000000a0800000| PB 0x00000000a0800000| Untracked 
| 521|0x00000000a0900000, 0x00000000a0a00000, 0x00000000a0a00000|100%| O|  |TAMS 0x00000000a0900000| PB 0x00000000a0900000| Untracked 
| 522|0x00000000a0a00000, 0x00000000a0a48800, 0x00000000a0b00000| 28%| O|  |TAMS 0x00000000a0a00000| PB 0x00000000a0a00000| Untracked 
| 523|0x00000000a0b00000, 0x00000000a0c00000, 0x00000000a0c00000|100%| O|  |TAMS 0x00000000a0b00000| PB 0x00000000a0b00000| Untracked 
| 524|0x00000000a0c00000, 0x00000000a0c00000, 0x00000000a0d00000|  0%| F|  |TAMS 0x00000000a0c00000| PB 0x00000000a0c00000| Untracked 
| 525|0x00000000a0d00000, 0x00000000a0e00000, 0x00000000a0e00000|100%| O|  |TAMS 0x00000000a0d00000| PB 0x00000000a0d00000| Untracked 
| 526|0x00000000a0e00000, 0x00000000a0f00000, 0x00000000a0f00000|100%| O|  |TAMS 0x00000000a0e00000| PB 0x00000000a0e00000| Untracked 
| 527|0x00000000a0f00000, 0x00000000a1000000, 0x00000000a1000000|100%| O|  |TAMS 0x00000000a0f00000| PB 0x00000000a0f00000| Untracked 
| 528|0x00000000a1000000, 0x00000000a1100000, 0x00000000a1100000|100%| O|  |TAMS 0x00000000a1000000| PB 0x00000000a1000000| Untracked 
| 529|0x00000000a1100000, 0x00000000a1200000, 0x00000000a1200000|100%| O|  |TAMS 0x00000000a1100000| PB 0x00000000a1100000| Untracked 
| 530|0x00000000a1200000, 0x00000000a1300000, 0x00000000a1300000|100%| O|  |TAMS 0x00000000a1200000| PB 0x00000000a1200000| Untracked 
| 531|0x00000000a1300000, 0x00000000a1300000, 0x00000000a1400000|  0%| F|  |TAMS 0x00000000a1300000| PB 0x00000000a1300000| Untracked 
| 532|0x00000000a1400000, 0x00000000a1500000, 0x00000000a1500000|100%| O|  |TAMS 0x00000000a1400000| PB 0x00000000a1400000| Untracked 
| 533|0x00000000a1500000, 0x00000000a1500000, 0x00000000a1600000|  0%| F|  |TAMS 0x00000000a1500000| PB 0x00000000a1500000| Untracked 
| 534|0x00000000a1600000, 0x00000000a1700000, 0x00000000a1700000|100%| O|  |TAMS 0x00000000a1600000| PB 0x00000000a1600000| Untracked 
| 535|0x00000000a1700000, 0x00000000a1800000, 0x00000000a1800000|100%| O|  |TAMS 0x00000000a1700000| PB 0x00000000a1700000| Untracked 
| 536|0x00000000a1800000, 0x00000000a1800000, 0x00000000a1900000|  0%| F|  |TAMS 0x00000000a1800000| PB 0x00000000a1800000| Untracked 
| 537|0x00000000a1900000, 0x00000000a1900000, 0x00000000a1a00000|  0%| F|  |TAMS 0x00000000a1900000| PB 0x00000000a1900000| Untracked 
| 538|0x00000000a1a00000, 0x00000000a1a00000, 0x00000000a1b00000|  0%| F|  |TAMS 0x00000000a1a00000| PB 0x00000000a1a00000| Untracked 
| 539|0x00000000a1b00000, 0x00000000a1b00000, 0x00000000a1c00000|  0%| F|  |TAMS 0x00000000a1b00000| PB 0x00000000a1b00000| Untracked 
| 540|0x00000000a1c00000, 0x00000000a1d00000, 0x00000000a1d00000|100%| O|  |TAMS 0x00000000a1c00000| PB 0x00000000a1c00000| Untracked 
| 541|0x00000000a1d00000, 0x00000000a1e00000, 0x00000000a1e00000|100%| O|  |TAMS 0x00000000a1d00000| PB 0x00000000a1d00000| Untracked 
| 542|0x00000000a1e00000, 0x00000000a1f00000, 0x00000000a1f00000|100%| O|  |TAMS 0x00000000a1e00000| PB 0x00000000a1e00000| Untracked 
| 543|0x00000000a1f00000, 0x00000000a1f00000, 0x00000000a2000000|  0%| F|  |TAMS 0x00000000a1f00000| PB 0x00000000a1f00000| Untracked 
| 544|0x00000000a2000000, 0x00000000a2100000, 0x00000000a2100000|100%| O|  |TAMS 0x00000000a2000000| PB 0x00000000a2000000| Untracked 
| 545|0x00000000a2100000, 0x00000000a2200000, 0x00000000a2200000|100%| O|  |TAMS 0x00000000a2100000| PB 0x00000000a2100000| Untracked 
| 546|0x00000000a2200000, 0x00000000a2300000, 0x00000000a2300000|100%| O|  |TAMS 0x00000000a2200000| PB 0x00000000a2200000| Untracked 
| 547|0x00000000a2300000, 0x00000000a2400000, 0x00000000a2400000|100%| O|  |TAMS 0x00000000a2300000| PB 0x00000000a2300000| Untracked 
| 548|0x00000000a2400000, 0x00000000a2500000, 0x00000000a2500000|100%| O|  |TAMS 0x00000000a2400000| PB 0x00000000a2400000| Untracked 
| 549|0x00000000a2500000, 0x00000000a2600000, 0x00000000a2600000|100%| O|  |TAMS 0x00000000a2500000| PB 0x00000000a2500000| Untracked 
| 550|0x00000000a2600000, 0x00000000a2700000, 0x00000000a2700000|100%| O|  |TAMS 0x00000000a2600000| PB 0x00000000a2600000| Untracked 
| 551|0x00000000a2700000, 0x00000000a2700000, 0x00000000a2800000|  0%| F|  |TAMS 0x00000000a2700000| PB 0x00000000a2700000| Untracked 
| 552|0x00000000a2800000, 0x00000000a2800000, 0x00000000a2900000|  0%| F|  |TAMS 0x00000000a2800000| PB 0x00000000a2800000| Untracked 
| 553|0x00000000a2900000, 0x00000000a2a00000, 0x00000000a2a00000|100%| O|  |TAMS 0x00000000a2900000| PB 0x00000000a2900000| Untracked 
| 554|0x00000000a2a00000, 0x00000000a2a00000, 0x00000000a2b00000|  0%| F|  |TAMS 0x00000000a2a00000| PB 0x00000000a2a00000| Untracked 
| 555|0x00000000a2b00000, 0x00000000a2c00000, 0x00000000a2c00000|100%| O|  |TAMS 0x00000000a2b00000| PB 0x00000000a2b00000| Untracked 
| 556|0x00000000a2c00000, 0x00000000a2d00000, 0x00000000a2d00000|100%| S|CS|TAMS 0x00000000a2c00000| PB 0x00000000a2c00000| Complete 
| 557|0x00000000a2d00000, 0x00000000a2e00000, 0x00000000a2e00000|100%| O|  |TAMS 0x00000000a2d00000| PB 0x00000000a2d00000| Untracked 
| 558|0x00000000a2e00000, 0x00000000a2f00000, 0x00000000a2f00000|100%| O|  |TAMS 0x00000000a2e00000| PB 0x00000000a2e00000| Untracked 
| 559|0x00000000a2f00000, 0x00000000a3000000, 0x00000000a3000000|100%| O|  |TAMS 0x00000000a2f00000| PB 0x00000000a2f00000| Untracked 
| 560|0x00000000a3000000, 0x00000000a3000000, 0x00000000a3100000|  0%| F|  |TAMS 0x00000000a3000000| PB 0x00000000a3000000| Untracked 
| 561|0x00000000a3100000, 0x00000000a3200000, 0x00000000a3200000|100%| O|  |TAMS 0x00000000a3100000| PB 0x00000000a3100000| Untracked 
| 562|0x00000000a3200000, 0x00000000a3200000, 0x00000000a3300000|  0%| F|  |TAMS 0x00000000a3200000| PB 0x00000000a3200000| Untracked 
| 563|0x00000000a3300000, 0x00000000a3300000, 0x00000000a3400000|  0%| F|  |TAMS 0x00000000a3300000| PB 0x00000000a3300000| Untracked 
| 564|0x00000000a3400000, 0x00000000a3500000, 0x00000000a3500000|100%| S|CS|TAMS 0x00000000a3400000| PB 0x00000000a3400000| Complete 
| 565|0x00000000a3500000, 0x00000000a3500000, 0x00000000a3600000|  0%| F|  |TAMS 0x00000000a3500000| PB 0x00000000a3500000| Untracked 
| 566|0x00000000a3600000, 0x00000000a3600000, 0x00000000a3700000|  0%| F|  |TAMS 0x00000000a3600000| PB 0x00000000a3600000| Untracked 
| 567|0x00000000a3700000, 0x00000000a3800000, 0x00000000a3800000|100%| O|  |TAMS 0x00000000a3700000| PB 0x00000000a3700000| Untracked 
| 568|0x00000000a3800000, 0x00000000a3900000, 0x00000000a3900000|100%| O|  |TAMS 0x00000000a3800000| PB 0x00000000a3800000| Untracked 
| 569|0x00000000a3900000, 0x00000000a3900000, 0x00000000a3a00000|  0%| F|  |TAMS 0x00000000a3900000| PB 0x00000000a3900000| Untracked 
| 570|0x00000000a3a00000, 0x00000000a3b00000, 0x00000000a3b00000|100%| O|  |TAMS 0x00000000a3a00000| PB 0x00000000a3a00000| Untracked 
| 571|0x00000000a3b00000, 0x00000000a3c00000, 0x00000000a3c00000|100%| O|  |TAMS 0x00000000a3b00000| PB 0x00000000a3b00000| Untracked 
| 572|0x00000000a3c00000, 0x00000000a3d00000, 0x00000000a3d00000|100%| O|  |TAMS 0x00000000a3c00000| PB 0x00000000a3c00000| Untracked 
| 573|0x00000000a3d00000, 0x00000000a3d00000, 0x00000000a3e00000|  0%| F|  |TAMS 0x00000000a3d00000| PB 0x00000000a3d00000| Untracked 
| 574|0x00000000a3e00000, 0x00000000a3f00000, 0x00000000a3f00000|100%| O|  |TAMS 0x00000000a3e00000| PB 0x00000000a3e00000| Untracked 
| 575|0x00000000a3f00000, 0x00000000a3f00000, 0x00000000a4000000|  0%| F|  |TAMS 0x00000000a3f00000| PB 0x00000000a3f00000| Untracked 
| 576|0x00000000a4000000, 0x00000000a4000000, 0x00000000a4100000|  0%| F|  |TAMS 0x00000000a4000000| PB 0x00000000a4000000| Untracked 
| 577|0x00000000a4100000, 0x00000000a4100000, 0x00000000a4200000|  0%| F|  |TAMS 0x00000000a4100000| PB 0x00000000a4100000| Untracked 
| 578|0x00000000a4200000, 0x00000000a4200000, 0x00000000a4300000|  0%| F|  |TAMS 0x00000000a4200000| PB 0x00000000a4200000| Untracked 
| 579|0x00000000a4300000, 0x00000000a4400000, 0x00000000a4400000|100%| O|  |TAMS 0x00000000a4300000| PB 0x00000000a4300000| Untracked 
| 580|0x00000000a4400000, 0x00000000a4500000, 0x00000000a4500000|100%| O|  |TAMS 0x00000000a4400000| PB 0x00000000a4400000| Untracked 
| 581|0x00000000a4500000, 0x00000000a4600000, 0x00000000a4600000|100%| O|  |TAMS 0x00000000a4500000| PB 0x00000000a4500000| Untracked 
| 582|0x00000000a4600000, 0x00000000a4600000, 0x00000000a4700000|  0%| F|  |TAMS 0x00000000a4600000| PB 0x00000000a4600000| Untracked 
| 583|0x00000000a4700000, 0x00000000a4800000, 0x00000000a4800000|100%| O|  |TAMS 0x00000000a4700000| PB 0x00000000a4700000| Untracked 
| 584|0x00000000a4800000, 0x00000000a4900000, 0x00000000a4900000|100%| O|  |TAMS 0x00000000a4800000| PB 0x00000000a4800000| Untracked 
| 585|0x00000000a4900000, 0x00000000a4900000, 0x00000000a4a00000|  0%| F|  |TAMS 0x00000000a4900000| PB 0x00000000a4900000| Untracked 
| 586|0x00000000a4a00000, 0x00000000a4a00000, 0x00000000a4b00000|  0%| F|  |TAMS 0x00000000a4a00000| PB 0x00000000a4a00000| Untracked 
| 587|0x00000000a4b00000, 0x00000000a4c00000, 0x00000000a4c00000|100%| S|CS|TAMS 0x00000000a4b00000| PB 0x00000000a4b00000| Complete 
| 588|0x00000000a4c00000, 0x00000000a4d00000, 0x00000000a4d00000|100%| O|  |TAMS 0x00000000a4c00000| PB 0x00000000a4c00000| Untracked 
| 589|0x00000000a4d00000, 0x00000000a4d00000, 0x00000000a4e00000|  0%| F|  |TAMS 0x00000000a4d00000| PB 0x00000000a4d00000| Untracked 
| 590|0x00000000a4e00000, 0x00000000a4e00000, 0x00000000a4f00000|  0%| F|  |TAMS 0x00000000a4e00000| PB 0x00000000a4e00000| Untracked 
| 591|0x00000000a4f00000, 0x00000000a4f00000, 0x00000000a5000000|  0%| F|  |TAMS 0x00000000a4f00000| PB 0x00000000a4f00000| Untracked 
| 592|0x00000000a5000000, 0x00000000a5100000, 0x00000000a5100000|100%|HS|  |TAMS 0x00000000a5000000| PB 0x00000000a5000000| Complete 
| 593|0x00000000a5100000, 0x00000000a5200000, 0x00000000a5200000|100%|HC|  |TAMS 0x00000000a5100000| PB 0x00000000a5100000| Complete 
| 594|0x00000000a5200000, 0x00000000a5300000, 0x00000000a5300000|100%|HC|  |TAMS 0x00000000a5200000| PB 0x00000000a5200000| Complete 
| 595|0x00000000a5300000, 0x00000000a5400000, 0x00000000a5400000|100%|HC|  |TAMS 0x00000000a5300000| PB 0x00000000a5300000| Complete 
| 596|0x00000000a5400000, 0x00000000a5500000, 0x00000000a5500000|100%|HC|  |TAMS 0x00000000a5400000| PB 0x00000000a5400000| Complete 
| 597|0x00000000a5500000, 0x00000000a5600000, 0x00000000a5600000|100%|HC|  |TAMS 0x00000000a5500000| PB 0x00000000a5500000| Complete 
| 598|0x00000000a5600000, 0x00000000a5700000, 0x00000000a5700000|100%|HC|  |TAMS 0x00000000a5600000| PB 0x00000000a5600000| Complete 
| 599|0x00000000a5700000, 0x00000000a5700000, 0x00000000a5800000|  0%| F|  |TAMS 0x00000000a5700000| PB 0x00000000a5700000| Untracked 
| 600|0x00000000a5800000, 0x00000000a5800000, 0x00000000a5900000|  0%| F|  |TAMS 0x00000000a5800000| PB 0x00000000a5800000| Untracked 
| 601|0x00000000a5900000, 0x00000000a5900000, 0x00000000a5a00000|  0%| F|  |TAMS 0x00000000a5900000| PB 0x00000000a5900000| Untracked 
| 602|0x00000000a5a00000, 0x00000000a5a00000, 0x00000000a5b00000|  0%| F|  |TAMS 0x00000000a5a00000| PB 0x00000000a5a00000| Untracked 
| 603|0x00000000a5b00000, 0x00000000a5b00000, 0x00000000a5c00000|  0%| F|  |TAMS 0x00000000a5b00000| PB 0x00000000a5b00000| Untracked 
| 604|0x00000000a5c00000, 0x00000000a5c00000, 0x00000000a5d00000|  0%| F|  |TAMS 0x00000000a5c00000| PB 0x00000000a5c00000| Untracked 
| 605|0x00000000a5d00000, 0x00000000a5e00000, 0x00000000a5e00000|100%| S|CS|TAMS 0x00000000a5d00000| PB 0x00000000a5d00000| Complete 
| 606|0x00000000a5e00000, 0x00000000a5f00000, 0x00000000a5f00000|100%| O|  |TAMS 0x00000000a5e00000| PB 0x00000000a5e00000| Untracked 
| 607|0x00000000a5f00000, 0x00000000a5f00000, 0x00000000a6000000|  0%| F|  |TAMS 0x00000000a5f00000| PB 0x00000000a5f00000| Untracked 
| 608|0x00000000a6000000, 0x00000000a6000000, 0x00000000a6100000|  0%| F|  |TAMS 0x00000000a6000000| PB 0x00000000a6000000| Untracked 
| 609|0x00000000a6100000, 0x00000000a6100000, 0x00000000a6200000|  0%| F|  |TAMS 0x00000000a6100000| PB 0x00000000a6100000| Untracked 
| 610|0x00000000a6200000, 0x00000000a6200000, 0x00000000a6300000|  0%| F|  |TAMS 0x00000000a6200000| PB 0x00000000a6200000| Untracked 
| 611|0x00000000a6300000, 0x00000000a6400000, 0x00000000a6400000|100%| O|  |TAMS 0x00000000a6300000| PB 0x00000000a6300000| Untracked 
| 612|0x00000000a6400000, 0x00000000a6400000, 0x00000000a6500000|  0%| F|  |TAMS 0x00000000a6400000| PB 0x00000000a6400000| Untracked 
| 613|0x00000000a6500000, 0x00000000a6500000, 0x00000000a6600000|  0%| F|  |TAMS 0x00000000a6500000| PB 0x00000000a6500000| Untracked 
| 614|0x00000000a6600000, 0x00000000a6700000, 0x00000000a6700000|100%| O|  |TAMS 0x00000000a6600000| PB 0x00000000a6600000| Untracked 
| 615|0x00000000a6700000, 0x00000000a6800000, 0x00000000a6800000|100%| S|CS|TAMS 0x00000000a6700000| PB 0x00000000a6700000| Complete 
| 616|0x00000000a6800000, 0x00000000a6900000, 0x00000000a6900000|100%| O|  |TAMS 0x00000000a6800000| PB 0x00000000a6800000| Untracked 
| 617|0x00000000a6900000, 0x00000000a6a00000, 0x00000000a6a00000|100%| O|  |TAMS 0x00000000a6900000| PB 0x00000000a6900000| Untracked 
| 618|0x00000000a6a00000, 0x00000000a6b00000, 0x00000000a6b00000|100%| O|  |TAMS 0x00000000a6a00000| PB 0x00000000a6a00000| Untracked 
| 619|0x00000000a6b00000, 0x00000000a6c00000, 0x00000000a6c00000|100%| O|  |TAMS 0x00000000a6b00000| PB 0x00000000a6b00000| Untracked 
| 620|0x00000000a6c00000, 0x00000000a6d00000, 0x00000000a6d00000|100%| O|  |TAMS 0x00000000a6c00000| PB 0x00000000a6c00000| Untracked 
| 621|0x00000000a6d00000, 0x00000000a6e00000, 0x00000000a6e00000|100%| O|  |TAMS 0x00000000a6d00000| PB 0x00000000a6d00000| Untracked 
| 622|0x00000000a6e00000, 0x00000000a6f00000, 0x00000000a6f00000|100%| O|  |TAMS 0x00000000a6e00000| PB 0x00000000a6e00000| Untracked 
| 623|0x00000000a6f00000, 0x00000000a7000000, 0x00000000a7000000|100%| O|  |TAMS 0x00000000a6f00000| PB 0x00000000a6f00000| Untracked 
| 624|0x00000000a7000000, 0x00000000a7000000, 0x00000000a7100000|  0%| F|  |TAMS 0x00000000a7000000| PB 0x00000000a7000000| Untracked 
| 625|0x00000000a7100000, 0x00000000a7200000, 0x00000000a7200000|100%| O|  |TAMS 0x00000000a7100000| PB 0x00000000a7100000| Untracked 
| 626|0x00000000a7200000, 0x00000000a7200000, 0x00000000a7300000|  0%| F|  |TAMS 0x00000000a7200000| PB 0x00000000a7200000| Untracked 
| 627|0x00000000a7300000, 0x00000000a7300000, 0x00000000a7400000|  0%| F|  |TAMS 0x00000000a7300000| PB 0x00000000a7300000| Untracked 
| 628|0x00000000a7400000, 0x00000000a7400000, 0x00000000a7500000|  0%| F|  |TAMS 0x00000000a7400000| PB 0x00000000a7400000| Untracked 
| 629|0x00000000a7500000, 0x00000000a7600000, 0x00000000a7600000|100%| S|CS|TAMS 0x00000000a7500000| PB 0x00000000a7500000| Complete 
| 630|0x00000000a7600000, 0x00000000a7700000, 0x00000000a7700000|100%| O|  |TAMS 0x00000000a7600000| PB 0x00000000a7600000| Untracked 
| 631|0x00000000a7700000, 0x00000000a7800000, 0x00000000a7800000|100%| O|  |TAMS 0x00000000a7700000| PB 0x00000000a7700000| Untracked 
| 632|0x00000000a7800000, 0x00000000a7900000, 0x00000000a7900000|100%| O|  |TAMS 0x00000000a7800000| PB 0x00000000a7800000| Untracked 
| 633|0x00000000a7900000, 0x00000000a7a00000, 0x00000000a7a00000|100%| O|  |TAMS 0x00000000a7900000| PB 0x00000000a7900000| Untracked 
| 634|0x00000000a7a00000, 0x00000000a7b00000, 0x00000000a7b00000|100%| O|  |TAMS 0x00000000a7a00000| PB 0x00000000a7a00000| Untracked 
| 635|0x00000000a7b00000, 0x00000000a7c00000, 0x00000000a7c00000|100%| O|  |TAMS 0x00000000a7b00000| PB 0x00000000a7b00000| Untracked 
| 636|0x00000000a7c00000, 0x00000000a7d00000, 0x00000000a7d00000|100%| O|  |TAMS 0x00000000a7c00000| PB 0x00000000a7c00000| Untracked 
| 637|0x00000000a7d00000, 0x00000000a7e00000, 0x00000000a7e00000|100%| O|  |TAMS 0x00000000a7d00000| PB 0x00000000a7d00000| Untracked 
| 638|0x00000000a7e00000, 0x00000000a7f00000, 0x00000000a7f00000|100%| O|  |TAMS 0x00000000a7e00000| PB 0x00000000a7e00000| Untracked 
| 639|0x00000000a7f00000, 0x00000000a8000000, 0x00000000a8000000|100%| O|  |TAMS 0x00000000a7f00000| PB 0x00000000a7f00000| Untracked 
| 640|0x00000000a8000000, 0x00000000a8100000, 0x00000000a8100000|100%| O|  |TAMS 0x00000000a8000000| PB 0x00000000a8000000| Untracked 
| 641|0x00000000a8100000, 0x00000000a8200000, 0x00000000a8200000|100%| O|  |TAMS 0x00000000a8100000| PB 0x00000000a8100000| Untracked 
| 642|0x00000000a8200000, 0x00000000a8300000, 0x00000000a8300000|100%| O|  |TAMS 0x00000000a8200000| PB 0x00000000a8200000| Untracked 
| 643|0x00000000a8300000, 0x00000000a8300000, 0x00000000a8400000|  0%| F|  |TAMS 0x00000000a8300000| PB 0x00000000a8300000| Untracked 
| 644|0x00000000a8400000, 0x00000000a8400000, 0x00000000a8500000|  0%| F|  |TAMS 0x00000000a8400000| PB 0x00000000a8400000| Untracked 
| 645|0x00000000a8500000, 0x00000000a8500000, 0x00000000a8600000|  0%| F|  |TAMS 0x00000000a8500000| PB 0x00000000a8500000| Untracked 
| 646|0x00000000a8600000, 0x00000000a8600000, 0x00000000a8700000|  0%| F|  |TAMS 0x00000000a8600000| PB 0x00000000a8600000| Untracked 
| 647|0x00000000a8700000, 0x00000000a8700000, 0x00000000a8800000|  0%| F|  |TAMS 0x00000000a8700000| PB 0x00000000a8700000| Untracked 
| 648|0x00000000a8800000, 0x00000000a8800000, 0x00000000a8900000|  0%| F|  |TAMS 0x00000000a8800000| PB 0x00000000a8800000| Untracked 
| 649|0x00000000a8900000, 0x00000000a8900000, 0x00000000a8a00000|  0%| F|  |TAMS 0x00000000a8900000| PB 0x00000000a8900000| Untracked 
| 650|0x00000000a8a00000, 0x00000000a8a00000, 0x00000000a8b00000|  0%| F|  |TAMS 0x00000000a8a00000| PB 0x00000000a8a00000| Untracked 
| 651|0x00000000a8b00000, 0x00000000a8c00000, 0x00000000a8c00000|100%| S|CS|TAMS 0x00000000a8b00000| PB 0x00000000a8b00000| Complete 
| 652|0x00000000a8c00000, 0x00000000a8d00000, 0x00000000a8d00000|100%| S|CS|TAMS 0x00000000a8c00000| PB 0x00000000a8c00000| Complete 
| 653|0x00000000a8d00000, 0x00000000a8e00000, 0x00000000a8e00000|100%| S|CS|TAMS 0x00000000a8d00000| PB 0x00000000a8d00000| Complete 
| 654|0x00000000a8e00000, 0x00000000a8f00000, 0x00000000a8f00000|100%| S|CS|TAMS 0x00000000a8e00000| PB 0x00000000a8e00000| Complete 
| 655|0x00000000a8f00000, 0x00000000a9000000, 0x00000000a9000000|100%| S|CS|TAMS 0x00000000a8f00000| PB 0x00000000a8f00000| Complete 
| 656|0x00000000a9000000, 0x00000000a9100000, 0x00000000a9100000|100%| S|CS|TAMS 0x00000000a9000000| PB 0x00000000a9000000| Complete 
| 657|0x00000000a9100000, 0x00000000a9200000, 0x00000000a9200000|100%| S|CS|TAMS 0x00000000a9100000| PB 0x00000000a9100000| Complete 
| 658|0x00000000a9200000, 0x00000000a9300000, 0x00000000a9300000|100%| S|CS|TAMS 0x00000000a9200000| PB 0x00000000a9200000| Complete 
| 659|0x00000000a9300000, 0x00000000a9400000, 0x00000000a9400000|100%| S|CS|TAMS 0x00000000a9300000| PB 0x00000000a9300000| Complete 
| 660|0x00000000a9400000, 0x00000000a9500000, 0x00000000a9500000|100%| S|CS|TAMS 0x00000000a9400000| PB 0x00000000a9400000| Complete 
| 661|0x00000000a9500000, 0x00000000a9600000, 0x00000000a9600000|100%| S|CS|TAMS 0x00000000a9500000| PB 0x00000000a9500000| Complete 
| 662|0x00000000a9600000, 0x00000000a9700000, 0x00000000a9700000|100%| S|CS|TAMS 0x00000000a9600000| PB 0x00000000a9600000| Complete 
| 663|0x00000000a9700000, 0x00000000a9800000, 0x00000000a9800000|100%| S|CS|TAMS 0x00000000a9700000| PB 0x00000000a9700000| Complete 
| 664|0x00000000a9800000, 0x00000000a9900000, 0x00000000a9900000|100%| S|CS|TAMS 0x00000000a9800000| PB 0x00000000a9800000| Complete 
| 665|0x00000000a9900000, 0x00000000a9a00000, 0x00000000a9a00000|100%| S|CS|TAMS 0x00000000a9900000| PB 0x00000000a9900000| Complete 
| 666|0x00000000a9a00000, 0x00000000a9b00000, 0x00000000a9b00000|100%| S|CS|TAMS 0x00000000a9a00000| PB 0x00000000a9a00000| Complete 
| 667|0x00000000a9b00000, 0x00000000a9c00000, 0x00000000a9c00000|100%| O|  |TAMS 0x00000000a9b00000| PB 0x00000000a9b00000| Untracked 
| 668|0x00000000a9c00000, 0x00000000a9d00000, 0x00000000a9d00000|100%| S|CS|TAMS 0x00000000a9c00000| PB 0x00000000a9c00000| Complete 
| 669|0x00000000a9d00000, 0x00000000a9e00000, 0x00000000a9e00000|100%| O|  |TAMS 0x00000000a9d00000| PB 0x00000000a9d00000| Untracked 
| 670|0x00000000a9e00000, 0x00000000a9f00000, 0x00000000a9f00000|100%| S|CS|TAMS 0x00000000a9e00000| PB 0x00000000a9e00000| Complete 
| 671|0x00000000a9f00000, 0x00000000aa000000, 0x00000000aa000000|100%| S|CS|TAMS 0x00000000a9f00000| PB 0x00000000a9f00000| Complete 
| 672|0x00000000aa000000, 0x00000000aa100000, 0x00000000aa100000|100%| S|CS|TAMS 0x00000000aa000000| PB 0x00000000aa000000| Complete 
| 673|0x00000000aa100000, 0x00000000aa200000, 0x00000000aa200000|100%| S|CS|TAMS 0x00000000aa100000| PB 0x00000000aa100000| Complete 
| 674|0x00000000aa200000, 0x00000000aa300000, 0x00000000aa300000|100%| S|CS|TAMS 0x00000000aa200000| PB 0x00000000aa200000| Complete 
| 675|0x00000000aa300000, 0x00000000aa300000, 0x00000000aa400000|  0%| F|  |TAMS 0x00000000aa300000| PB 0x00000000aa300000| Untracked 
| 676|0x00000000aa400000, 0x00000000aa500000, 0x00000000aa500000|100%| S|CS|TAMS 0x00000000aa400000| PB 0x00000000aa400000| Complete 
| 677|0x00000000aa500000, 0x00000000aa600000, 0x00000000aa600000|100%| S|CS|TAMS 0x00000000aa500000| PB 0x00000000aa500000| Complete 
| 678|0x00000000aa600000, 0x00000000aa700000, 0x00000000aa700000|100%| S|CS|TAMS 0x00000000aa600000| PB 0x00000000aa600000| Complete 
| 679|0x00000000aa700000, 0x00000000aa800000, 0x00000000aa800000|100%| S|CS|TAMS 0x00000000aa700000| PB 0x00000000aa700000| Complete 
| 680|0x00000000aa800000, 0x00000000aa900000, 0x00000000aa900000|100%| S|CS|TAMS 0x00000000aa800000| PB 0x00000000aa800000| Complete 
| 681|0x00000000aa900000, 0x00000000aaa00000, 0x00000000aaa00000|100%| S|CS|TAMS 0x00000000aa900000| PB 0x00000000aa900000| Complete 
| 682|0x00000000aaa00000, 0x00000000aab00000, 0x00000000aab00000|100%| S|CS|TAMS 0x00000000aaa00000| PB 0x00000000aaa00000| Complete 
| 683|0x00000000aab00000, 0x00000000aac00000, 0x00000000aac00000|100%| S|CS|TAMS 0x00000000aab00000| PB 0x00000000aab00000| Complete 
| 684|0x00000000aac00000, 0x00000000aad00000, 0x00000000aad00000|100%| S|CS|TAMS 0x00000000aac00000| PB 0x00000000aac00000| Complete 
| 685|0x00000000aad00000, 0x00000000aae00000, 0x00000000aae00000|100%| S|CS|TAMS 0x00000000aad00000| PB 0x00000000aad00000| Complete 
| 686|0x00000000aae00000, 0x00000000aaf00000, 0x00000000aaf00000|100%| S|CS|TAMS 0x00000000aae00000| PB 0x00000000aae00000| Complete 
| 687|0x00000000aaf00000, 0x00000000ab000000, 0x00000000ab000000|100%| O|  |TAMS 0x00000000aaf00000| PB 0x00000000aaf00000| Untracked 
| 688|0x00000000ab000000, 0x00000000ab100000, 0x00000000ab100000|100%| O|  |TAMS 0x00000000ab000000| PB 0x00000000ab000000| Untracked 
| 689|0x00000000ab100000, 0x00000000ab200000, 0x00000000ab200000|100%| S|CS|TAMS 0x00000000ab100000| PB 0x00000000ab100000| Complete 
| 690|0x00000000ab200000, 0x00000000ab300000, 0x00000000ab300000|100%| O|  |TAMS 0x00000000ab200000| PB 0x00000000ab200000| Untracked 
| 691|0x00000000ab300000, 0x00000000ab400000, 0x00000000ab400000|100%| O|  |TAMS 0x00000000ab300000| PB 0x00000000ab300000| Untracked 
| 692|0x00000000ab400000, 0x00000000ab500000, 0x00000000ab500000|100%| O|  |TAMS 0x00000000ab400000| PB 0x00000000ab400000| Untracked 
| 693|0x00000000ab500000, 0x00000000ab600000, 0x00000000ab600000|100%| S|CS|TAMS 0x00000000ab500000| PB 0x00000000ab500000| Complete 
| 694|0x00000000ab600000, 0x00000000ab700000, 0x00000000ab700000|100%| O|  |TAMS 0x00000000ab600000| PB 0x00000000ab600000| Untracked 
| 695|0x00000000ab700000, 0x00000000ab800000, 0x00000000ab800000|100%| S|CS|TAMS 0x00000000ab700000| PB 0x00000000ab700000| Complete 
| 696|0x00000000ab800000, 0x00000000ab900000, 0x00000000ab900000|100%| O|  |TAMS 0x00000000ab800000| PB 0x00000000ab800000| Untracked 
| 697|0x00000000ab900000, 0x00000000aba00000, 0x00000000aba00000|100%| S|CS|TAMS 0x00000000ab900000| PB 0x00000000ab900000| Complete 
| 698|0x00000000aba00000, 0x00000000abb00000, 0x00000000abb00000|100%| S|CS|TAMS 0x00000000aba00000| PB 0x00000000aba00000| Complete 
| 699|0x00000000abb00000, 0x00000000abc00000, 0x00000000abc00000|100%| S|CS|TAMS 0x00000000abb00000| PB 0x00000000abb00000| Complete 
| 700|0x00000000abc00000, 0x00000000abd00000, 0x00000000abd00000|100%| O|  |TAMS 0x00000000abc00000| PB 0x00000000abc00000| Untracked 
| 701|0x00000000abd00000, 0x00000000abe00000, 0x00000000abe00000|100%| S|CS|TAMS 0x00000000abd00000| PB 0x00000000abd00000| Complete 
| 702|0x00000000abe00000, 0x00000000abf00000, 0x00000000abf00000|100%| S|CS|TAMS 0x00000000abe00000| PB 0x00000000abe00000| Complete 
| 703|0x00000000abf00000, 0x00000000ac000000, 0x00000000ac000000|100%| S|CS|TAMS 0x00000000abf00000| PB 0x00000000abf00000| Complete 
| 704|0x00000000ac000000, 0x00000000ac100000, 0x00000000ac100000|100%| O|  |TAMS 0x00000000ac000000| PB 0x00000000ac000000| Untracked 
| 705|0x00000000ac100000, 0x00000000ac200000, 0x00000000ac200000|100%| O|  |TAMS 0x00000000ac100000| PB 0x00000000ac100000| Untracked 
| 706|0x00000000ac200000, 0x00000000ac300000, 0x00000000ac300000|100%| O|  |TAMS 0x00000000ac200000| PB 0x00000000ac200000| Untracked 
| 707|0x00000000ac300000, 0x00000000ac400000, 0x00000000ac400000|100%| S|CS|TAMS 0x00000000ac300000| PB 0x00000000ac300000| Complete 
| 708|0x00000000ac400000, 0x00000000ac500000, 0x00000000ac500000|100%| O|  |TAMS 0x00000000ac400000| PB 0x00000000ac400000| Untracked 
| 709|0x00000000ac500000, 0x00000000ac600000, 0x00000000ac600000|100%| O|  |TAMS 0x00000000ac500000| PB 0x00000000ac500000| Untracked 
| 710|0x00000000ac600000, 0x00000000ac700000, 0x00000000ac700000|100%| O|  |TAMS 0x00000000ac600000| PB 0x00000000ac600000| Untracked 
| 711|0x00000000ac700000, 0x00000000ac800000, 0x00000000ac800000|100%| O|  |TAMS 0x00000000ac700000| PB 0x00000000ac700000| Untracked 
| 712|0x00000000ac800000, 0x00000000ac900000, 0x00000000ac900000|100%| O|  |TAMS 0x00000000ac800000| PB 0x00000000ac800000| Untracked 
| 713|0x00000000ac900000, 0x00000000aca00000, 0x00000000aca00000|100%| O|  |TAMS 0x00000000ac900000| PB 0x00000000ac900000| Untracked 
| 714|0x00000000aca00000, 0x00000000acb00000, 0x00000000acb00000|100%| O|  |TAMS 0x00000000aca00000| PB 0x00000000aca00000| Untracked 
| 715|0x00000000acb00000, 0x00000000acc00000, 0x00000000acc00000|100%| O|  |TAMS 0x00000000acb00000| PB 0x00000000acb00000| Untracked 
| 716|0x00000000acc00000, 0x00000000acd00000, 0x00000000acd00000|100%| O|  |TAMS 0x00000000acc00000| PB 0x00000000acc00000| Untracked 
| 717|0x00000000acd00000, 0x00000000ace00000, 0x00000000ace00000|100%| O|  |TAMS 0x00000000acd00000| PB 0x00000000acd00000| Untracked 
| 718|0x00000000ace00000, 0x00000000acf00000, 0x00000000acf00000|100%| S|CS|TAMS 0x00000000ace00000| PB 0x00000000ace00000| Complete 
| 719|0x00000000acf00000, 0x00000000ad000000, 0x00000000ad000000|100%| S|CS|TAMS 0x00000000acf00000| PB 0x00000000acf00000| Complete 
| 720|0x00000000ad000000, 0x00000000ad100000, 0x00000000ad100000|100%| S|CS|TAMS 0x00000000ad000000| PB 0x00000000ad000000| Complete 
| 721|0x00000000ad100000, 0x00000000ad200000, 0x00000000ad200000|100%| S|CS|TAMS 0x00000000ad100000| PB 0x00000000ad100000| Complete 
| 722|0x00000000ad200000, 0x00000000ad300000, 0x00000000ad300000|100%| S|CS|TAMS 0x00000000ad200000| PB 0x00000000ad200000| Complete 
| 723|0x00000000ad300000, 0x00000000ad300000, 0x00000000ad400000|  0%| F|  |TAMS 0x00000000ad300000| PB 0x00000000ad300000| Untracked 
| 724|0x00000000ad400000, 0x00000000ad400000, 0x00000000ad500000|  0%| F|  |TAMS 0x00000000ad400000| PB 0x00000000ad400000| Untracked 
| 725|0x00000000ad500000, 0x00000000ad500000, 0x00000000ad600000|  0%| F|  |TAMS 0x00000000ad500000| PB 0x00000000ad500000| Untracked 
| 726|0x00000000ad600000, 0x00000000ad600000, 0x00000000ad700000|  0%| F|  |TAMS 0x00000000ad600000| PB 0x00000000ad600000| Untracked 
| 727|0x00000000ad700000, 0x00000000ad700000, 0x00000000ad800000|  0%| F|  |TAMS 0x00000000ad700000| PB 0x00000000ad700000| Untracked 
| 728|0x00000000ad800000, 0x00000000ad800000, 0x00000000ad900000|  0%| F|  |TAMS 0x00000000ad800000| PB 0x00000000ad800000| Untracked 
| 729|0x00000000ad900000, 0x00000000ad900000, 0x00000000ada00000|  0%| F|  |TAMS 0x00000000ad900000| PB 0x00000000ad900000| Untracked 
| 730|0x00000000ada00000, 0x00000000ada00000, 0x00000000adb00000|  0%| F|  |TAMS 0x00000000ada00000| PB 0x00000000ada00000| Untracked 
| 731|0x00000000adb00000, 0x00000000adb00000, 0x00000000adc00000|  0%| F|  |TAMS 0x00000000adb00000| PB 0x00000000adb00000| Untracked 
| 732|0x00000000adc00000, 0x00000000adc00000, 0x00000000add00000|  0%| F|  |TAMS 0x00000000adc00000| PB 0x00000000adc00000| Untracked 
| 733|0x00000000add00000, 0x00000000add00000, 0x00000000ade00000|  0%| F|  |TAMS 0x00000000add00000| PB 0x00000000add00000| Untracked 
| 734|0x00000000ade00000, 0x00000000ade00000, 0x00000000adf00000|  0%| F|  |TAMS 0x00000000ade00000| PB 0x00000000ade00000| Untracked 
| 735|0x00000000adf00000, 0x00000000adf00000, 0x00000000ae000000|  0%| F|  |TAMS 0x00000000adf00000| PB 0x00000000adf00000| Untracked 
| 736|0x00000000ae000000, 0x00000000ae100000, 0x00000000ae100000|100%| S|CS|TAMS 0x00000000ae000000| PB 0x00000000ae000000| Complete 
| 737|0x00000000ae100000, 0x00000000ae200000, 0x00000000ae200000|100%| S|CS|TAMS 0x00000000ae100000| PB 0x00000000ae100000| Complete 
| 738|0x00000000ae200000, 0x00000000ae300000, 0x00000000ae300000|100%| S|CS|TAMS 0x00000000ae200000| PB 0x00000000ae200000| Complete 
| 739|0x00000000ae300000, 0x00000000ae300000, 0x00000000ae400000|  0%| F|  |TAMS 0x00000000ae300000| PB 0x00000000ae300000| Untracked 
| 740|0x00000000ae400000, 0x00000000ae400000, 0x00000000ae500000|  0%| F|  |TAMS 0x00000000ae400000| PB 0x00000000ae400000| Untracked 
| 741|0x00000000ae500000, 0x00000000ae500000, 0x00000000ae600000|  0%| F|  |TAMS 0x00000000ae500000| PB 0x00000000ae500000| Untracked 
| 742|0x00000000ae600000, 0x00000000ae700000, 0x00000000ae700000|100%| O|  |TAMS 0x00000000ae600000| PB 0x00000000ae600000| Untracked 
| 743|0x00000000ae700000, 0x00000000ae700000, 0x00000000ae800000|  0%| F|  |TAMS 0x00000000ae700000| PB 0x00000000ae700000| Untracked 
| 744|0x00000000ae800000, 0x00000000ae800000, 0x00000000ae900000|  0%| F|  |TAMS 0x00000000ae800000| PB 0x00000000ae800000| Untracked 
| 745|0x00000000ae900000, 0x00000000ae900000, 0x00000000aea00000|  0%| F|  |TAMS 0x00000000ae900000| PB 0x00000000ae900000| Untracked 
| 746|0x00000000aea00000, 0x00000000aea00000, 0x00000000aeb00000|  0%| F|  |TAMS 0x00000000aea00000| PB 0x00000000aea00000| Untracked 
| 747|0x00000000aeb00000, 0x00000000aeb00000, 0x00000000aec00000|  0%| F|  |TAMS 0x00000000aeb00000| PB 0x00000000aeb00000| Untracked 
| 748|0x00000000aec00000, 0x00000000aec00000, 0x00000000aed00000|  0%| F|  |TAMS 0x00000000aec00000| PB 0x00000000aec00000| Untracked 
| 749|0x00000000aed00000, 0x00000000aee00000, 0x00000000aee00000|100%| O|  |TAMS 0x00000000aed00000| PB 0x00000000aed00000| Untracked 
| 750|0x00000000aee00000, 0x00000000aee00000, 0x00000000aef00000|  0%| F|  |TAMS 0x00000000aee00000| PB 0x00000000aee00000| Untracked 
| 751|0x00000000aef00000, 0x00000000af000000, 0x00000000af000000|100%| O|  |TAMS 0x00000000aef00000| PB 0x00000000aef00000| Untracked 
| 752|0x00000000af000000, 0x00000000af000000, 0x00000000af100000|  0%| F|  |TAMS 0x00000000af000000| PB 0x00000000af000000| Untracked 
| 753|0x00000000af100000, 0x00000000af200000, 0x00000000af200000|100%| O|  |TAMS 0x00000000af100000| PB 0x00000000af100000| Untracked 
| 754|0x00000000af200000, 0x00000000af300000, 0x00000000af300000|100%| O|  |TAMS 0x00000000af200000| PB 0x00000000af200000| Untracked 
| 755|0x00000000af300000, 0x00000000af400000, 0x00000000af400000|100%| O|  |TAMS 0x00000000af300000| PB 0x00000000af300000| Untracked 
| 756|0x00000000af400000, 0x00000000af500000, 0x00000000af500000|100%| O|  |TAMS 0x00000000af400000| PB 0x00000000af400000| Untracked 
| 757|0x00000000af500000, 0x00000000af600000, 0x00000000af600000|100%| O|  |TAMS 0x00000000af500000| PB 0x00000000af500000| Untracked 
| 758|0x00000000af600000, 0x00000000af700000, 0x00000000af700000|100%| O|  |TAMS 0x00000000af600000| PB 0x00000000af600000| Untracked 
| 759|0x00000000af700000, 0x00000000af800000, 0x00000000af800000|100%| O|  |TAMS 0x00000000af700000| PB 0x00000000af700000| Untracked 
| 760|0x00000000af800000, 0x00000000af800000, 0x00000000af900000|  0%| F|  |TAMS 0x00000000af800000| PB 0x00000000af800000| Untracked 
| 761|0x00000000af900000, 0x00000000af900000, 0x00000000afa00000|  0%| F|  |TAMS 0x00000000af900000| PB 0x00000000af900000| Untracked 
| 762|0x00000000afa00000, 0x00000000afa00000, 0x00000000afb00000|  0%| F|  |TAMS 0x00000000afa00000| PB 0x00000000afa00000| Untracked 
| 763|0x00000000afb00000, 0x00000000afb00000, 0x00000000afc00000|  0%| F|  |TAMS 0x00000000afb00000| PB 0x00000000afb00000| Untracked 
| 764|0x00000000afc00000, 0x00000000afc00000, 0x00000000afd00000|  0%| F|  |TAMS 0x00000000afc00000| PB 0x00000000afc00000| Untracked 
| 765|0x00000000afd00000, 0x00000000afd00000, 0x00000000afe00000|  0%| F|  |TAMS 0x00000000afd00000| PB 0x00000000afd00000| Untracked 
| 766|0x00000000afe00000, 0x00000000afe00000, 0x00000000aff00000|  0%| F|  |TAMS 0x00000000afe00000| PB 0x00000000afe00000| Untracked 
| 767|0x00000000aff00000, 0x00000000aff00000, 0x00000000b0000000|  0%| F|  |TAMS 0x00000000aff00000| PB 0x00000000aff00000| Untracked 
| 768|0x00000000b0000000, 0x00000000b0100000, 0x00000000b0100000|100%| O|  |TAMS 0x00000000b0000000| PB 0x00000000b0000000| Untracked 
| 769|0x00000000b0100000, 0x00000000b0100000, 0x00000000b0200000|  0%| F|  |TAMS 0x00000000b0100000| PB 0x00000000b0100000| Untracked 
| 770|0x00000000b0200000, 0x00000000b0200000, 0x00000000b0300000|  0%| F|  |TAMS 0x00000000b0200000| PB 0x00000000b0200000| Untracked 
| 771|0x00000000b0300000, 0x00000000b0300000, 0x00000000b0400000|  0%| F|  |TAMS 0x00000000b0300000| PB 0x00000000b0300000| Untracked 
| 772|0x00000000b0400000, 0x00000000b0400000, 0x00000000b0500000|  0%| F|  |TAMS 0x00000000b0400000| PB 0x00000000b0400000| Untracked 
| 773|0x00000000b0500000, 0x00000000b0500000, 0x00000000b0600000|  0%| F|  |TAMS 0x00000000b0500000| PB 0x00000000b0500000| Untracked 
| 774|0x00000000b0600000, 0x00000000b0600000, 0x00000000b0700000|  0%| F|  |TAMS 0x00000000b0600000| PB 0x00000000b0600000| Untracked 
| 775|0x00000000b0700000, 0x00000000b0700000, 0x00000000b0800000|  0%| F|  |TAMS 0x00000000b0700000| PB 0x00000000b0700000| Untracked 
| 776|0x00000000b0800000, 0x00000000b0800000, 0x00000000b0900000|  0%| F|  |TAMS 0x00000000b0800000| PB 0x00000000b0800000| Untracked 
| 777|0x00000000b0900000, 0x00000000b0900000, 0x00000000b0a00000|  0%| F|  |TAMS 0x00000000b0900000| PB 0x00000000b0900000| Untracked 
| 778|0x00000000b0a00000, 0x00000000b0a00000, 0x00000000b0b00000|  0%| F|  |TAMS 0x00000000b0a00000| PB 0x00000000b0a00000| Untracked 
| 779|0x00000000b0b00000, 0x00000000b0b00000, 0x00000000b0c00000|  0%| F|  |TAMS 0x00000000b0b00000| PB 0x00000000b0b00000| Untracked 
| 780|0x00000000b0c00000, 0x00000000b0c00000, 0x00000000b0d00000|  0%| F|  |TAMS 0x00000000b0c00000| PB 0x00000000b0c00000| Untracked 
| 781|0x00000000b0d00000, 0x00000000b0d00000, 0x00000000b0e00000|  0%| F|  |TAMS 0x00000000b0d00000| PB 0x00000000b0d00000| Untracked 
| 782|0x00000000b0e00000, 0x00000000b0f00000, 0x00000000b0f00000|100%| O|  |TAMS 0x00000000b0e00000| PB 0x00000000b0e00000| Untracked 
| 783|0x00000000b0f00000, 0x00000000b1000000, 0x00000000b1000000|100%| E|  |TAMS 0x00000000b0f00000| PB 0x00000000b0f00000| Complete 
| 784|0x00000000b1000000, 0x00000000b1100000, 0x00000000b1100000|100%| O|  |TAMS 0x00000000b1000000| PB 0x00000000b1000000| Untracked 
| 785|0x00000000b1100000, 0x00000000b1200000, 0x00000000b1200000|100%| O|  |TAMS 0x00000000b1100000| PB 0x00000000b1100000| Untracked 
| 786|0x00000000b1200000, 0x00000000b1300000, 0x00000000b1300000|100%| E|CS|TAMS 0x00000000b1200000| PB 0x00000000b1200000| Complete 
| 787|0x00000000b1300000, 0x00000000b1400000, 0x00000000b1400000|100%| E|CS|TAMS 0x00000000b1300000| PB 0x00000000b1300000| Complete 
| 788|0x00000000b1400000, 0x00000000b1500000, 0x00000000b1500000|100%| O|  |TAMS 0x00000000b1400000| PB 0x00000000b1400000| Untracked 
| 789|0x00000000b1500000, 0x00000000b1600000, 0x00000000b1600000|100%| E|CS|TAMS 0x00000000b1500000| PB 0x00000000b1500000| Complete 
| 790|0x00000000b1600000, 0x00000000b1700000, 0x00000000b1700000|100%| O|  |TAMS 0x00000000b1600000| PB 0x00000000b1600000| Untracked 
| 791|0x00000000b1700000, 0x00000000b1800000, 0x00000000b1800000|100%| E|CS|TAMS 0x00000000b1700000| PB 0x00000000b1700000| Complete 
| 792|0x00000000b1800000, 0x00000000b1900000, 0x00000000b1900000|100%| E|CS|TAMS 0x00000000b1800000| PB 0x00000000b1800000| Complete 
| 793|0x00000000b1900000, 0x00000000b1a00000, 0x00000000b1a00000|100%| E|CS|TAMS 0x00000000b1900000| PB 0x00000000b1900000| Complete 
| 794|0x00000000b1a00000, 0x00000000b1b00000, 0x00000000b1b00000|100%| E|CS|TAMS 0x00000000b1a00000| PB 0x00000000b1a00000| Complete 
| 795|0x00000000b1b00000, 0x00000000b1c00000, 0x00000000b1c00000|100%| E|CS|TAMS 0x00000000b1b00000| PB 0x00000000b1b00000| Complete 
| 796|0x00000000b1c00000, 0x00000000b1d00000, 0x00000000b1d00000|100%| E|CS|TAMS 0x00000000b1c00000| PB 0x00000000b1c00000| Complete 
| 797|0x00000000b1d00000, 0x00000000b1e00000, 0x00000000b1e00000|100%| E|CS|TAMS 0x00000000b1d00000| PB 0x00000000b1d00000| Complete 
| 798|0x00000000b1e00000, 0x00000000b1f00000, 0x00000000b1f00000|100%| E|CS|TAMS 0x00000000b1e00000| PB 0x00000000b1e00000| Complete 
| 799|0x00000000b1f00000, 0x00000000b2000000, 0x00000000b2000000|100%| E|CS|TAMS 0x00000000b1f00000| PB 0x00000000b1f00000| Complete 
| 800|0x00000000b2000000, 0x00000000b2100000, 0x00000000b2100000|100%| E|CS|TAMS 0x00000000b2000000| PB 0x00000000b2000000| Complete 
| 801|0x00000000b2100000, 0x00000000b2200000, 0x00000000b2200000|100%| E|CS|TAMS 0x00000000b2100000| PB 0x00000000b2100000| Complete 
| 802|0x00000000b2200000, 0x00000000b2300000, 0x00000000b2300000|100%| E|CS|TAMS 0x00000000b2200000| PB 0x00000000b2200000| Complete 
| 803|0x00000000b2300000, 0x00000000b2400000, 0x00000000b2400000|100%| E|CS|TAMS 0x00000000b2300000| PB 0x00000000b2300000| Complete 
| 804|0x00000000b2400000, 0x00000000b2500000, 0x00000000b2500000|100%| E|CS|TAMS 0x00000000b2400000| PB 0x00000000b2400000| Complete 
| 805|0x00000000b2500000, 0x00000000b2600000, 0x00000000b2600000|100%| E|CS|TAMS 0x00000000b2500000| PB 0x00000000b2500000| Complete 
| 806|0x00000000b2600000, 0x00000000b2700000, 0x00000000b2700000|100%| E|CS|TAMS 0x00000000b2600000| PB 0x00000000b2600000| Complete 
| 807|0x00000000b2700000, 0x00000000b2800000, 0x00000000b2800000|100%| E|CS|TAMS 0x00000000b2700000| PB 0x00000000b2700000| Complete 
| 808|0x00000000b2800000, 0x00000000b2900000, 0x00000000b2900000|100%| E|CS|TAMS 0x00000000b2800000| PB 0x00000000b2800000| Complete 
| 809|0x00000000b2900000, 0x00000000b2a00000, 0x00000000b2a00000|100%| E|CS|TAMS 0x00000000b2900000| PB 0x00000000b2900000| Complete 
| 810|0x00000000b2a00000, 0x00000000b2b00000, 0x00000000b2b00000|100%| E|CS|TAMS 0x00000000b2a00000| PB 0x00000000b2a00000| Complete 
| 811|0x00000000b2b00000, 0x00000000b2c00000, 0x00000000b2c00000|100%| E|CS|TAMS 0x00000000b2b00000| PB 0x00000000b2b00000| Complete 
| 812|0x00000000b2c00000, 0x00000000b2d00000, 0x00000000b2d00000|100%| E|CS|TAMS 0x00000000b2c00000| PB 0x00000000b2c00000| Complete 
| 813|0x00000000b2d00000, 0x00000000b2e00000, 0x00000000b2e00000|100%| E|CS|TAMS 0x00000000b2d00000| PB 0x00000000b2d00000| Complete 
| 814|0x00000000b2e00000, 0x00000000b2f00000, 0x00000000b2f00000|100%| E|CS|TAMS 0x00000000b2e00000| PB 0x00000000b2e00000| Complete 
| 815|0x00000000b2f00000, 0x00000000b3000000, 0x00000000b3000000|100%| E|CS|TAMS 0x00000000b2f00000| PB 0x00000000b2f00000| Complete 
| 816|0x00000000b3000000, 0x00000000b3100000, 0x00000000b3100000|100%| E|CS|TAMS 0x00000000b3000000| PB 0x00000000b3000000| Complete 
| 817|0x00000000b3100000, 0x00000000b3200000, 0x00000000b3200000|100%| O|  |TAMS 0x00000000b3100000| PB 0x00000000b3100000| Untracked 
| 818|0x00000000b3200000, 0x00000000b3300000, 0x00000000b3300000|100%| O|  |TAMS 0x00000000b3200000| PB 0x00000000b3200000| Untracked 
| 819|0x00000000b3300000, 0x00000000b3400000, 0x00000000b3400000|100%| O|  |TAMS 0x00000000b3300000| PB 0x00000000b3300000| Untracked 
| 820|0x00000000b3400000, 0x00000000b3500000, 0x00000000b3500000|100%| O|  |TAMS 0x00000000b3400000| PB 0x00000000b3400000| Untracked 
| 821|0x00000000b3500000, 0x00000000b3600000, 0x00000000b3600000|100%| O|  |TAMS 0x00000000b3500000| PB 0x00000000b3500000| Untracked 
| 822|0x00000000b3600000, 0x00000000b3700000, 0x00000000b3700000|100%| O|  |TAMS 0x00000000b3600000| PB 0x00000000b3600000| Untracked 
| 823|0x00000000b3700000, 0x00000000b3800000, 0x00000000b3800000|100%| O|  |TAMS 0x00000000b3700000| PB 0x00000000b3700000| Untracked 
| 824|0x00000000b3800000, 0x00000000b3900000, 0x00000000b3900000|100%| O|  |TAMS 0x00000000b3800000| PB 0x00000000b3800000| Untracked 
| 825|0x00000000b3900000, 0x00000000b3a00000, 0x00000000b3a00000|100%| O|  |TAMS 0x00000000b3900000| PB 0x00000000b3900000| Untracked 
| 826|0x00000000b3a00000, 0x00000000b3b00000, 0x00000000b3b00000|100%| O|  |TAMS 0x00000000b3a00000| PB 0x00000000b3a00000| Untracked 
| 827|0x00000000b3b00000, 0x00000000b3c00000, 0x00000000b3c00000|100%| O|  |TAMS 0x00000000b3b00000| PB 0x00000000b3b00000| Untracked 
| 828|0x00000000b3c00000, 0x00000000b3d00000, 0x00000000b3d00000|100%| O|  |TAMS 0x00000000b3c00000| PB 0x00000000b3c00000| Untracked 
| 829|0x00000000b3d00000, 0x00000000b3e00000, 0x00000000b3e00000|100%| O|  |TAMS 0x00000000b3d00000| PB 0x00000000b3d00000| Untracked 
| 830|0x00000000b3e00000, 0x00000000b3f00000, 0x00000000b3f00000|100%| O|  |TAMS 0x00000000b3e00000| PB 0x00000000b3e00000| Untracked 
| 831|0x00000000b3f00000, 0x00000000b4000000, 0x00000000b4000000|100%| O|  |TAMS 0x00000000b3f00000| PB 0x00000000b3f00000| Untracked 
| 832|0x00000000b4000000, 0x00000000b4100000, 0x00000000b4100000|100%| O|  |TAMS 0x00000000b4000000| PB 0x00000000b4000000| Untracked 
| 833|0x00000000b4100000, 0x00000000b4200000, 0x00000000b4200000|100%| O|  |TAMS 0x00000000b4100000| PB 0x00000000b4100000| Untracked 
| 834|0x00000000b4200000, 0x00000000b4300000, 0x00000000b4300000|100%| O|  |TAMS 0x00000000b4200000| PB 0x00000000b4200000| Untracked 
| 835|0x00000000b4300000, 0x00000000b4400000, 0x00000000b4400000|100%| O|  |TAMS 0x00000000b4300000| PB 0x00000000b4300000| Untracked 
| 836|0x00000000b4400000, 0x00000000b4500000, 0x00000000b4500000|100%| E|CS|TAMS 0x00000000b4400000| PB 0x00000000b4400000| Complete 
| 837|0x00000000b4500000, 0x00000000b4600000, 0x00000000b4600000|100%| E|CS|TAMS 0x00000000b4500000| PB 0x00000000b4500000| Complete 
| 838|0x00000000b4600000, 0x00000000b4700000, 0x00000000b4700000|100%| E|CS|TAMS 0x00000000b4600000| PB 0x00000000b4600000| Complete 
| 839|0x00000000b4700000, 0x00000000b4800000, 0x00000000b4800000|100%| E|CS|TAMS 0x00000000b4700000| PB 0x00000000b4700000| Complete 
| 840|0x00000000b4800000, 0x00000000b4900000, 0x00000000b4900000|100%| E|CS|TAMS 0x00000000b4800000| PB 0x00000000b4800000| Complete 
| 841|0x00000000b4900000, 0x00000000b4a00000, 0x00000000b4a00000|100%| E|CS|TAMS 0x00000000b4900000| PB 0x00000000b4900000| Complete 
| 842|0x00000000b4a00000, 0x00000000b4b00000, 0x00000000b4b00000|100%| E|CS|TAMS 0x00000000b4a00000| PB 0x00000000b4a00000| Complete 
| 843|0x00000000b4b00000, 0x00000000b4c00000, 0x00000000b4c00000|100%| E|CS|TAMS 0x00000000b4b00000| PB 0x00000000b4b00000| Complete 
| 844|0x00000000b4c00000, 0x00000000b4d00000, 0x00000000b4d00000|100%| E|CS|TAMS 0x00000000b4c00000| PB 0x00000000b4c00000| Complete 
| 845|0x00000000b4d00000, 0x00000000b4e00000, 0x00000000b4e00000|100%| E|CS|TAMS 0x00000000b4d00000| PB 0x00000000b4d00000| Complete 
| 846|0x00000000b4e00000, 0x00000000b4f00000, 0x00000000b4f00000|100%| E|CS|TAMS 0x00000000b4e00000| PB 0x00000000b4e00000| Complete 
| 847|0x00000000b4f00000, 0x00000000b5000000, 0x00000000b5000000|100%| E|CS|TAMS 0x00000000b4f00000| PB 0x00000000b4f00000| Complete 
| 848|0x00000000b5000000, 0x00000000b5100000, 0x00000000b5100000|100%| E|CS|TAMS 0x00000000b5000000| PB 0x00000000b5000000| Complete 
| 849|0x00000000b5100000, 0x00000000b5200000, 0x00000000b5200000|100%| E|CS|TAMS 0x00000000b5100000| PB 0x00000000b5100000| Complete 
| 850|0x00000000b5200000, 0x00000000b5300000, 0x00000000b5300000|100%| E|CS|TAMS 0x00000000b5200000| PB 0x00000000b5200000| Complete 
| 851|0x00000000b5300000, 0x00000000b5400000, 0x00000000b5400000|100%| E|CS|TAMS 0x00000000b5300000| PB 0x00000000b5300000| Complete 
| 852|0x00000000b5400000, 0x00000000b5500000, 0x00000000b5500000|100%| E|CS|TAMS 0x00000000b5400000| PB 0x00000000b5400000| Complete 
| 853|0x00000000b5500000, 0x00000000b5600000, 0x00000000b5600000|100%| E|CS|TAMS 0x00000000b5500000| PB 0x00000000b5500000| Complete 
| 854|0x00000000b5600000, 0x00000000b5700000, 0x00000000b5700000|100%| E|CS|TAMS 0x00000000b5600000| PB 0x00000000b5600000| Complete 
| 855|0x00000000b5700000, 0x00000000b5800000, 0x00000000b5800000|100%| E|CS|TAMS 0x00000000b5700000| PB 0x00000000b5700000| Complete 
| 856|0x00000000b5800000, 0x00000000b5900000, 0x00000000b5900000|100%| E|CS|TAMS 0x00000000b5800000| PB 0x00000000b5800000| Complete 
| 857|0x00000000b5900000, 0x00000000b5a00000, 0x00000000b5a00000|100%| E|CS|TAMS 0x00000000b5900000| PB 0x00000000b5900000| Complete 
| 858|0x00000000b5a00000, 0x00000000b5b00000, 0x00000000b5b00000|100%| E|CS|TAMS 0x00000000b5a00000| PB 0x00000000b5a00000| Complete 
| 859|0x00000000b5b00000, 0x00000000b5c00000, 0x00000000b5c00000|100%| E|CS|TAMS 0x00000000b5b00000| PB 0x00000000b5b00000| Complete 
| 860|0x00000000b5c00000, 0x00000000b5d00000, 0x00000000b5d00000|100%| E|CS|TAMS 0x00000000b5c00000| PB 0x00000000b5c00000| Complete 
| 861|0x00000000b5d00000, 0x00000000b5e00000, 0x00000000b5e00000|100%| E|CS|TAMS 0x00000000b5d00000| PB 0x00000000b5d00000| Complete 
| 862|0x00000000b5e00000, 0x00000000b5f00000, 0x00000000b5f00000|100%| E|CS|TAMS 0x00000000b5e00000| PB 0x00000000b5e00000| Complete 
| 863|0x00000000b5f00000, 0x00000000b6000000, 0x00000000b6000000|100%| E|CS|TAMS 0x00000000b5f00000| PB 0x00000000b5f00000| Complete 
| 864|0x00000000b6000000, 0x00000000b6100000, 0x00000000b6100000|100%| E|CS|TAMS 0x00000000b6000000| PB 0x00000000b6000000| Complete 
| 865|0x00000000b6100000, 0x00000000b6200000, 0x00000000b6200000|100%| E|CS|TAMS 0x00000000b6100000| PB 0x00000000b6100000| Complete 
| 866|0x00000000b6200000, 0x00000000b6300000, 0x00000000b6300000|100%| E|CS|TAMS 0x00000000b6200000| PB 0x00000000b6200000| Complete 
| 867|0x00000000b6300000, 0x00000000b6400000, 0x00000000b6400000|100%| E|CS|TAMS 0x00000000b6300000| PB 0x00000000b6300000| Complete 
| 868|0x00000000b6400000, 0x00000000b6500000, 0x00000000b6500000|100%| E|CS|TAMS 0x00000000b6400000| PB 0x00000000b6400000| Complete 
| 869|0x00000000b6500000, 0x00000000b6600000, 0x00000000b6600000|100%| E|CS|TAMS 0x00000000b6500000| PB 0x00000000b6500000| Complete 
| 870|0x00000000b6600000, 0x00000000b6700000, 0x00000000b6700000|100%| E|CS|TAMS 0x00000000b6600000| PB 0x00000000b6600000| Complete 
| 871|0x00000000b6700000, 0x00000000b6800000, 0x00000000b6800000|100%| E|CS|TAMS 0x00000000b6700000| PB 0x00000000b6700000| Complete 
| 872|0x00000000b6800000, 0x00000000b6900000, 0x00000000b6900000|100%| E|CS|TAMS 0x00000000b6800000| PB 0x00000000b6800000| Complete 
| 873|0x00000000b6900000, 0x00000000b6a00000, 0x00000000b6a00000|100%| E|CS|TAMS 0x00000000b6900000| PB 0x00000000b6900000| Complete 
| 874|0x00000000b6a00000, 0x00000000b6b00000, 0x00000000b6b00000|100%| E|CS|TAMS 0x00000000b6a00000| PB 0x00000000b6a00000| Complete 
| 875|0x00000000b6b00000, 0x00000000b6c00000, 0x00000000b6c00000|100%| E|CS|TAMS 0x00000000b6b00000| PB 0x00000000b6b00000| Complete 
| 876|0x00000000b6c00000, 0x00000000b6d00000, 0x00000000b6d00000|100%| E|CS|TAMS 0x00000000b6c00000| PB 0x00000000b6c00000| Complete 
| 877|0x00000000b6d00000, 0x00000000b6e00000, 0x00000000b6e00000|100%| E|CS|TAMS 0x00000000b6d00000| PB 0x00000000b6d00000| Complete 
| 878|0x00000000b6e00000, 0x00000000b6f00000, 0x00000000b6f00000|100%| E|CS|TAMS 0x00000000b6e00000| PB 0x00000000b6e00000| Complete 
| 879|0x00000000b6f00000, 0x00000000b7000000, 0x00000000b7000000|100%| E|CS|TAMS 0x00000000b6f00000| PB 0x00000000b6f00000| Complete 
| 880|0x00000000b7000000, 0x00000000b7100000, 0x00000000b7100000|100%| E|CS|TAMS 0x00000000b7000000| PB 0x00000000b7000000| Complete 
| 881|0x00000000b7100000, 0x00000000b7200000, 0x00000000b7200000|100%| E|CS|TAMS 0x00000000b7100000| PB 0x00000000b7100000| Complete 
| 882|0x00000000b7200000, 0x00000000b7300000, 0x00000000b7300000|100%| E|CS|TAMS 0x00000000b7200000| PB 0x00000000b7200000| Complete 
| 883|0x00000000b7300000, 0x00000000b7400000, 0x00000000b7400000|100%| E|CS|TAMS 0x00000000b7300000| PB 0x00000000b7300000| Complete 
| 884|0x00000000b7400000, 0x00000000b7500000, 0x00000000b7500000|100%| E|CS|TAMS 0x00000000b7400000| PB 0x00000000b7400000| Complete 
| 885|0x00000000b7500000, 0x00000000b7600000, 0x00000000b7600000|100%| E|CS|TAMS 0x00000000b7500000| PB 0x00000000b7500000| Complete 
| 886|0x00000000b7600000, 0x00000000b7700000, 0x00000000b7700000|100%| E|CS|TAMS 0x00000000b7600000| PB 0x00000000b7600000| Complete 
| 887|0x00000000b7700000, 0x00000000b7800000, 0x00000000b7800000|100%| E|CS|TAMS 0x00000000b7700000| PB 0x00000000b7700000| Complete 
| 888|0x00000000b7800000, 0x00000000b7900000, 0x00000000b7900000|100%| E|CS|TAMS 0x00000000b7800000| PB 0x00000000b7800000| Complete 
| 889|0x00000000b7900000, 0x00000000b7a00000, 0x00000000b7a00000|100%| E|CS|TAMS 0x00000000b7900000| PB 0x00000000b7900000| Complete 
| 890|0x00000000b7a00000, 0x00000000b7b00000, 0x00000000b7b00000|100%| E|CS|TAMS 0x00000000b7a00000| PB 0x00000000b7a00000| Complete 
| 891|0x00000000b7b00000, 0x00000000b7c00000, 0x00000000b7c00000|100%| E|CS|TAMS 0x00000000b7b00000| PB 0x00000000b7b00000| Complete 
| 892|0x00000000b7c00000, 0x00000000b7d00000, 0x00000000b7d00000|100%| E|CS|TAMS 0x00000000b7c00000| PB 0x00000000b7c00000| Complete 
| 893|0x00000000b7d00000, 0x00000000b7e00000, 0x00000000b7e00000|100%| E|CS|TAMS 0x00000000b7d00000| PB 0x00000000b7d00000| Complete 
| 894|0x00000000b7e00000, 0x00000000b7f00000, 0x00000000b7f00000|100%| E|CS|TAMS 0x00000000b7e00000| PB 0x00000000b7e00000| Complete 
| 895|0x00000000b7f00000, 0x00000000b8000000, 0x00000000b8000000|100%| E|CS|TAMS 0x00000000b7f00000| PB 0x00000000b7f00000| Complete 
| 896|0x00000000b8000000, 0x00000000b8100000, 0x00000000b8100000|100%| E|CS|TAMS 0x00000000b8000000| PB 0x00000000b8000000| Complete 
| 897|0x00000000b8100000, 0x00000000b8200000, 0x00000000b8200000|100%| E|CS|TAMS 0x00000000b8100000| PB 0x00000000b8100000| Complete 
| 898|0x00000000b8200000, 0x00000000b8300000, 0x00000000b8300000|100%| E|CS|TAMS 0x00000000b8200000| PB 0x00000000b8200000| Complete 
| 899|0x00000000b8300000, 0x00000000b8400000, 0x00000000b8400000|100%| E|CS|TAMS 0x00000000b8300000| PB 0x00000000b8300000| Complete 
| 900|0x00000000b8400000, 0x00000000b8500000, 0x00000000b8500000|100%| E|CS|TAMS 0x00000000b8400000| PB 0x00000000b8400000| Complete 
| 901|0x00000000b8500000, 0x00000000b8600000, 0x00000000b8600000|100%| E|CS|TAMS 0x00000000b8500000| PB 0x00000000b8500000| Complete 
| 902|0x00000000b8600000, 0x00000000b8700000, 0x00000000b8700000|100%| E|CS|TAMS 0x00000000b8600000| PB 0x00000000b8600000| Complete 
| 903|0x00000000b8700000, 0x00000000b8800000, 0x00000000b8800000|100%| E|CS|TAMS 0x00000000b8700000| PB 0x00000000b8700000| Complete 
| 904|0x00000000b8800000, 0x00000000b8900000, 0x00000000b8900000|100%| E|CS|TAMS 0x00000000b8800000| PB 0x00000000b8800000| Complete 
| 905|0x00000000b8900000, 0x00000000b8a00000, 0x00000000b8a00000|100%| E|CS|TAMS 0x00000000b8900000| PB 0x00000000b8900000| Complete 
| 906|0x00000000b8a00000, 0x00000000b8b00000, 0x00000000b8b00000|100%| E|CS|TAMS 0x00000000b8a00000| PB 0x00000000b8a00000| Complete 
| 907|0x00000000b8b00000, 0x00000000b8c00000, 0x00000000b8c00000|100%| E|CS|TAMS 0x00000000b8b00000| PB 0x00000000b8b00000| Complete 
| 908|0x00000000b8c00000, 0x00000000b8d00000, 0x00000000b8d00000|100%| E|CS|TAMS 0x00000000b8c00000| PB 0x00000000b8c00000| Complete 
| 909|0x00000000b8d00000, 0x00000000b8e00000, 0x00000000b8e00000|100%| E|CS|TAMS 0x00000000b8d00000| PB 0x00000000b8d00000| Complete 
| 910|0x00000000b8e00000, 0x00000000b8f00000, 0x00000000b8f00000|100%| E|CS|TAMS 0x00000000b8e00000| PB 0x00000000b8e00000| Complete 
| 911|0x00000000b8f00000, 0x00000000b9000000, 0x00000000b9000000|100%| E|CS|TAMS 0x00000000b8f00000| PB 0x00000000b8f00000| Complete 
| 912|0x00000000b9000000, 0x00000000b9100000, 0x00000000b9100000|100%| E|CS|TAMS 0x00000000b9000000| PB 0x00000000b9000000| Complete 
| 913|0x00000000b9100000, 0x00000000b9200000, 0x00000000b9200000|100%| E|CS|TAMS 0x00000000b9100000| PB 0x00000000b9100000| Complete 
| 914|0x00000000b9200000, 0x00000000b9300000, 0x00000000b9300000|100%| E|CS|TAMS 0x00000000b9200000| PB 0x00000000b9200000| Complete 
| 915|0x00000000b9300000, 0x00000000b9400000, 0x00000000b9400000|100%| E|CS|TAMS 0x00000000b9300000| PB 0x00000000b9300000| Complete 
| 916|0x00000000b9400000, 0x00000000b9500000, 0x00000000b9500000|100%| E|CS|TAMS 0x00000000b9400000| PB 0x00000000b9400000| Complete 
| 917|0x00000000b9500000, 0x00000000b9600000, 0x00000000b9600000|100%| E|CS|TAMS 0x00000000b9500000| PB 0x00000000b9500000| Complete 
| 918|0x00000000b9600000, 0x00000000b9700000, 0x00000000b9700000|100%| E|CS|TAMS 0x00000000b9600000| PB 0x00000000b9600000| Complete 
| 919|0x00000000b9700000, 0x00000000b9800000, 0x00000000b9800000|100%| E|CS|TAMS 0x00000000b9700000| PB 0x00000000b9700000| Complete 
| 920|0x00000000b9800000, 0x00000000b9900000, 0x00000000b9900000|100%| E|CS|TAMS 0x00000000b9800000| PB 0x00000000b9800000| Complete 
| 921|0x00000000b9900000, 0x00000000b9a00000, 0x00000000b9a00000|100%| E|CS|TAMS 0x00000000b9900000| PB 0x00000000b9900000| Complete 
| 922|0x00000000b9a00000, 0x00000000b9b00000, 0x00000000b9b00000|100%| E|CS|TAMS 0x00000000b9a00000| PB 0x00000000b9a00000| Complete 
| 923|0x00000000b9b00000, 0x00000000b9c00000, 0x00000000b9c00000|100%| E|CS|TAMS 0x00000000b9b00000| PB 0x00000000b9b00000| Complete 
| 924|0x00000000b9c00000, 0x00000000b9d00000, 0x00000000b9d00000|100%| E|CS|TAMS 0x00000000b9c00000| PB 0x00000000b9c00000| Complete 
| 925|0x00000000b9d00000, 0x00000000b9e00000, 0x00000000b9e00000|100%| E|CS|TAMS 0x00000000b9d00000| PB 0x00000000b9d00000| Complete 
| 926|0x00000000b9e00000, 0x00000000b9f00000, 0x00000000b9f00000|100%| E|CS|TAMS 0x00000000b9e00000| PB 0x00000000b9e00000| Complete 
| 927|0x00000000b9f00000, 0x00000000ba000000, 0x00000000ba000000|100%| E|CS|TAMS 0x00000000b9f00000| PB 0x00000000b9f00000| Complete 
| 928|0x00000000ba000000, 0x00000000ba100000, 0x00000000ba100000|100%| E|CS|TAMS 0x00000000ba000000| PB 0x00000000ba000000| Complete 
| 929|0x00000000ba100000, 0x00000000ba200000, 0x00000000ba200000|100%| E|CS|TAMS 0x00000000ba100000| PB 0x00000000ba100000| Complete 
| 930|0x00000000ba200000, 0x00000000ba300000, 0x00000000ba300000|100%| E|CS|TAMS 0x00000000ba200000| PB 0x00000000ba200000| Complete 
| 931|0x00000000ba300000, 0x00000000ba400000, 0x00000000ba400000|100%| E|CS|TAMS 0x00000000ba300000| PB 0x00000000ba300000| Complete 
| 932|0x00000000ba400000, 0x00000000ba500000, 0x00000000ba500000|100%| E|CS|TAMS 0x00000000ba400000| PB 0x00000000ba400000| Complete 
| 933|0x00000000ba500000, 0x00000000ba600000, 0x00000000ba600000|100%| E|CS|TAMS 0x00000000ba500000| PB 0x00000000ba500000| Complete 
| 934|0x00000000ba600000, 0x00000000ba700000, 0x00000000ba700000|100%| E|CS|TAMS 0x00000000ba600000| PB 0x00000000ba600000| Complete 
| 935|0x00000000ba700000, 0x00000000ba800000, 0x00000000ba800000|100%| E|CS|TAMS 0x00000000ba700000| PB 0x00000000ba700000| Complete 
| 936|0x00000000ba800000, 0x00000000ba900000, 0x00000000ba900000|100%| E|CS|TAMS 0x00000000ba800000| PB 0x00000000ba800000| Complete 
| 937|0x00000000ba900000, 0x00000000baa00000, 0x00000000baa00000|100%| E|CS|TAMS 0x00000000ba900000| PB 0x00000000ba900000| Complete 
| 938|0x00000000baa00000, 0x00000000bab00000, 0x00000000bab00000|100%| E|CS|TAMS 0x00000000baa00000| PB 0x00000000baa00000| Complete 
| 939|0x00000000bab00000, 0x00000000bac00000, 0x00000000bac00000|100%| E|CS|TAMS 0x00000000bab00000| PB 0x00000000bab00000| Complete 
| 940|0x00000000bac00000, 0x00000000bad00000, 0x00000000bad00000|100%| E|CS|TAMS 0x00000000bac00000| PB 0x00000000bac00000| Complete 
| 941|0x00000000bad00000, 0x00000000bae00000, 0x00000000bae00000|100%| E|CS|TAMS 0x00000000bad00000| PB 0x00000000bad00000| Complete 
| 942|0x00000000bae00000, 0x00000000baf00000, 0x00000000baf00000|100%| E|CS|TAMS 0x00000000bae00000| PB 0x00000000bae00000| Complete 
| 943|0x00000000baf00000, 0x00000000bb000000, 0x00000000bb000000|100%| E|CS|TAMS 0x00000000baf00000| PB 0x00000000baf00000| Complete 
| 944|0x00000000bb000000, 0x00000000bb100000, 0x00000000bb100000|100%| E|CS|TAMS 0x00000000bb000000| PB 0x00000000bb000000| Complete 
| 945|0x00000000bb100000, 0x00000000bb200000, 0x00000000bb200000|100%| E|CS|TAMS 0x00000000bb100000| PB 0x00000000bb100000| Complete 
| 946|0x00000000bb200000, 0x00000000bb300000, 0x00000000bb300000|100%| E|CS|TAMS 0x00000000bb200000| PB 0x00000000bb200000| Complete 
| 947|0x00000000bb300000, 0x00000000bb400000, 0x00000000bb400000|100%| E|CS|TAMS 0x00000000bb300000| PB 0x00000000bb300000| Complete 
| 948|0x00000000bb400000, 0x00000000bb500000, 0x00000000bb500000|100%| E|CS|TAMS 0x00000000bb400000| PB 0x00000000bb400000| Complete 
| 949|0x00000000bb500000, 0x00000000bb600000, 0x00000000bb600000|100%| E|CS|TAMS 0x00000000bb500000| PB 0x00000000bb500000| Complete 
| 950|0x00000000bb600000, 0x00000000bb700000, 0x00000000bb700000|100%| E|CS|TAMS 0x00000000bb600000| PB 0x00000000bb600000| Complete 
| 951|0x00000000bb700000, 0x00000000bb800000, 0x00000000bb800000|100%| E|CS|TAMS 0x00000000bb700000| PB 0x00000000bb700000| Complete 
| 952|0x00000000bb800000, 0x00000000bb900000, 0x00000000bb900000|100%| E|CS|TAMS 0x00000000bb800000| PB 0x00000000bb800000| Complete 
| 953|0x00000000bb900000, 0x00000000bba00000, 0x00000000bba00000|100%| E|CS|TAMS 0x00000000bb900000| PB 0x00000000bb900000| Complete 
| 954|0x00000000bba00000, 0x00000000bbb00000, 0x00000000bbb00000|100%| E|CS|TAMS 0x00000000bba00000| PB 0x00000000bba00000| Complete 
| 955|0x00000000bbb00000, 0x00000000bbc00000, 0x00000000bbc00000|100%| E|CS|TAMS 0x00000000bbb00000| PB 0x00000000bbb00000| Complete 
| 956|0x00000000bbc00000, 0x00000000bbd00000, 0x00000000bbd00000|100%| E|CS|TAMS 0x00000000bbc00000| PB 0x00000000bbc00000| Complete 
| 957|0x00000000bbd00000, 0x00000000bbe00000, 0x00000000bbe00000|100%| E|CS|TAMS 0x00000000bbd00000| PB 0x00000000bbd00000| Complete 
| 958|0x00000000bbe00000, 0x00000000bbf00000, 0x00000000bbf00000|100%| E|CS|TAMS 0x00000000bbe00000| PB 0x00000000bbe00000| Complete 
| 959|0x00000000bbf00000, 0x00000000bc000000, 0x00000000bc000000|100%| E|CS|TAMS 0x00000000bbf00000| PB 0x00000000bbf00000| Complete 
| 960|0x00000000bc000000, 0x00000000bc100000, 0x00000000bc100000|100%| E|CS|TAMS 0x00000000bc000000| PB 0x00000000bc000000| Complete 
| 961|0x00000000bc100000, 0x00000000bc200000, 0x00000000bc200000|100%| E|CS|TAMS 0x00000000bc100000| PB 0x00000000bc100000| Complete 
| 962|0x00000000bc200000, 0x00000000bc300000, 0x00000000bc300000|100%| E|CS|TAMS 0x00000000bc200000| PB 0x00000000bc200000| Complete 
| 963|0x00000000bc300000, 0x00000000bc400000, 0x00000000bc400000|100%| E|CS|TAMS 0x00000000bc300000| PB 0x00000000bc300000| Complete 
| 964|0x00000000bc400000, 0x00000000bc500000, 0x00000000bc500000|100%| E|CS|TAMS 0x00000000bc400000| PB 0x00000000bc400000| Complete 
| 965|0x00000000bc500000, 0x00000000bc600000, 0x00000000bc600000|100%| E|CS|TAMS 0x00000000bc500000| PB 0x00000000bc500000| Complete 
| 966|0x00000000bc600000, 0x00000000bc700000, 0x00000000bc700000|100%| E|CS|TAMS 0x00000000bc600000| PB 0x00000000bc600000| Complete 
| 967|0x00000000bc700000, 0x00000000bc800000, 0x00000000bc800000|100%| E|CS|TAMS 0x00000000bc700000| PB 0x00000000bc700000| Complete 
| 968|0x00000000bc800000, 0x00000000bc900000, 0x00000000bc900000|100%| E|CS|TAMS 0x00000000bc800000| PB 0x00000000bc800000| Complete 
| 969|0x00000000bc900000, 0x00000000bca00000, 0x00000000bca00000|100%| E|CS|TAMS 0x00000000bc900000| PB 0x00000000bc900000| Complete 
| 970|0x00000000bca00000, 0x00000000bcb00000, 0x00000000bcb00000|100%| E|CS|TAMS 0x00000000bca00000| PB 0x00000000bca00000| Complete 
| 971|0x00000000bcb00000, 0x00000000bcc00000, 0x00000000bcc00000|100%| E|CS|TAMS 0x00000000bcb00000| PB 0x00000000bcb00000| Complete 
| 972|0x00000000bcc00000, 0x00000000bcd00000, 0x00000000bcd00000|100%| E|CS|TAMS 0x00000000bcc00000| PB 0x00000000bcc00000| Complete 
| 973|0x00000000bcd00000, 0x00000000bce00000, 0x00000000bce00000|100%| E|CS|TAMS 0x00000000bcd00000| PB 0x00000000bcd00000| Complete 
| 974|0x00000000bce00000, 0x00000000bcf00000, 0x00000000bcf00000|100%| E|CS|TAMS 0x00000000bce00000| PB 0x00000000bce00000| Complete 
| 975|0x00000000bcf00000, 0x00000000bd000000, 0x00000000bd000000|100%| E|CS|TAMS 0x00000000bcf00000| PB 0x00000000bcf00000| Complete 
| 976|0x00000000bd000000, 0x00000000bd100000, 0x00000000bd100000|100%| E|CS|TAMS 0x00000000bd000000| PB 0x00000000bd000000| Complete 
| 977|0x00000000bd100000, 0x00000000bd200000, 0x00000000bd200000|100%| E|CS|TAMS 0x00000000bd100000| PB 0x00000000bd100000| Complete 
| 978|0x00000000bd200000, 0x00000000bd300000, 0x00000000bd300000|100%| E|CS|TAMS 0x00000000bd200000| PB 0x00000000bd200000| Complete 
| 979|0x00000000bd300000, 0x00000000bd400000, 0x00000000bd400000|100%| E|CS|TAMS 0x00000000bd300000| PB 0x00000000bd300000| Complete 
| 980|0x00000000bd400000, 0x00000000bd500000, 0x00000000bd500000|100%| E|CS|TAMS 0x00000000bd400000| PB 0x00000000bd400000| Complete 
| 981|0x00000000bd500000, 0x00000000bd600000, 0x00000000bd600000|100%| E|CS|TAMS 0x00000000bd500000| PB 0x00000000bd500000| Complete 
| 982|0x00000000bd600000, 0x00000000bd700000, 0x00000000bd700000|100%| E|CS|TAMS 0x00000000bd600000| PB 0x00000000bd600000| Complete 
| 983|0x00000000bd700000, 0x00000000bd800000, 0x00000000bd800000|100%| E|CS|TAMS 0x00000000bd700000| PB 0x00000000bd700000| Complete 
| 984|0x00000000bd800000, 0x00000000bd900000, 0x00000000bd900000|100%| E|CS|TAMS 0x00000000bd800000| PB 0x00000000bd800000| Complete 
| 985|0x00000000bd900000, 0x00000000bda00000, 0x00000000bda00000|100%| E|CS|TAMS 0x00000000bd900000| PB 0x00000000bd900000| Complete 
| 986|0x00000000bda00000, 0x00000000bdb00000, 0x00000000bdb00000|100%| E|CS|TAMS 0x00000000bda00000| PB 0x00000000bda00000| Complete 
| 987|0x00000000bdb00000, 0x00000000bdc00000, 0x00000000bdc00000|100%| E|CS|TAMS 0x00000000bdb00000| PB 0x00000000bdb00000| Complete 
| 988|0x00000000bdc00000, 0x00000000bdd00000, 0x00000000bdd00000|100%| E|CS|TAMS 0x00000000bdc00000| PB 0x00000000bdc00000| Complete 
| 989|0x00000000bdd00000, 0x00000000bde00000, 0x00000000bde00000|100%| E|CS|TAMS 0x00000000bdd00000| PB 0x00000000bdd00000| Complete 
| 990|0x00000000bde00000, 0x00000000bdf00000, 0x00000000bdf00000|100%| E|CS|TAMS 0x00000000bde00000| PB 0x00000000bde00000| Complete 
| 991|0x00000000bdf00000, 0x00000000be000000, 0x00000000be000000|100%| E|CS|TAMS 0x00000000bdf00000| PB 0x00000000bdf00000| Complete 
| 992|0x00000000be000000, 0x00000000be100000, 0x00000000be100000|100%| E|CS|TAMS 0x00000000be000000| PB 0x00000000be000000| Complete 
| 993|0x00000000be100000, 0x00000000be200000, 0x00000000be200000|100%| E|CS|TAMS 0x00000000be100000| PB 0x00000000be100000| Complete 
| 994|0x00000000be200000, 0x00000000be300000, 0x00000000be300000|100%| E|CS|TAMS 0x00000000be200000| PB 0x00000000be200000| Complete 
| 995|0x00000000be300000, 0x00000000be400000, 0x00000000be400000|100%| E|CS|TAMS 0x00000000be300000| PB 0x00000000be300000| Complete 
| 996|0x00000000be400000, 0x00000000be500000, 0x00000000be500000|100%| E|CS|TAMS 0x00000000be400000| PB 0x00000000be400000| Complete 
| 997|0x00000000be500000, 0x00000000be600000, 0x00000000be600000|100%| E|CS|TAMS 0x00000000be500000| PB 0x00000000be500000| Complete 
| 998|0x00000000be600000, 0x00000000be700000, 0x00000000be700000|100%| E|CS|TAMS 0x00000000be600000| PB 0x00000000be600000| Complete 
| 999|0x00000000be700000, 0x00000000be800000, 0x00000000be800000|100%| E|CS|TAMS 0x00000000be700000| PB 0x00000000be700000| Complete 
|1000|0x00000000be800000, 0x00000000be900000, 0x00000000be900000|100%| E|CS|TAMS 0x00000000be800000| PB 0x00000000be800000| Complete 
|1001|0x00000000be900000, 0x00000000bea00000, 0x00000000bea00000|100%| E|CS|TAMS 0x00000000be900000| PB 0x00000000be900000| Complete 
|1002|0x00000000bea00000, 0x00000000beb00000, 0x00000000beb00000|100%| E|CS|TAMS 0x00000000bea00000| PB 0x00000000bea00000| Complete 
|1003|0x00000000beb00000, 0x00000000bec00000, 0x00000000bec00000|100%| E|CS|TAMS 0x00000000beb00000| PB 0x00000000beb00000| Complete 
|1004|0x00000000bec00000, 0x00000000bed00000, 0x00000000bed00000|100%| E|CS|TAMS 0x00000000bec00000| PB 0x00000000bec00000| Complete 
|1005|0x00000000bed00000, 0x00000000bee00000, 0x00000000bee00000|100%| E|CS|TAMS 0x00000000bed00000| PB 0x00000000bed00000| Complete 
|1006|0x00000000bee00000, 0x00000000bef00000, 0x00000000bef00000|100%| E|CS|TAMS 0x00000000bee00000| PB 0x00000000bee00000| Complete 
|1007|0x00000000bef00000, 0x00000000bf000000, 0x00000000bf000000|100%| E|CS|TAMS 0x00000000bef00000| PB 0x00000000bef00000| Complete 
|1008|0x00000000bf000000, 0x00000000bf100000, 0x00000000bf100000|100%| E|CS|TAMS 0x00000000bf000000| PB 0x00000000bf000000| Complete 
|1009|0x00000000bf100000, 0x00000000bf200000, 0x00000000bf200000|100%| E|CS|TAMS 0x00000000bf100000| PB 0x00000000bf100000| Complete 
|1010|0x00000000bf200000, 0x00000000bf300000, 0x00000000bf300000|100%| E|CS|TAMS 0x00000000bf200000| PB 0x00000000bf200000| Complete 
|1011|0x00000000bf300000, 0x00000000bf400000, 0x00000000bf400000|100%| E|CS|TAMS 0x00000000bf300000| PB 0x00000000bf300000| Complete 
|1012|0x00000000bf400000, 0x00000000bf500000, 0x00000000bf500000|100%| E|CS|TAMS 0x00000000bf400000| PB 0x00000000bf400000| Complete 
|1013|0x00000000bf500000, 0x00000000bf600000, 0x00000000bf600000|100%| E|CS|TAMS 0x00000000bf500000| PB 0x00000000bf500000| Complete 
|1014|0x00000000bf600000, 0x00000000bf700000, 0x00000000bf700000|100%| E|CS|TAMS 0x00000000bf600000| PB 0x00000000bf600000| Complete 
|1015|0x00000000bf700000, 0x00000000bf800000, 0x00000000bf800000|100%| E|CS|TAMS 0x00000000bf700000| PB 0x00000000bf700000| Complete 
|1016|0x00000000bf800000, 0x00000000bf900000, 0x00000000bf900000|100%| E|CS|TAMS 0x00000000bf800000| PB 0x00000000bf800000| Complete 
|1017|0x00000000bf900000, 0x00000000bfa00000, 0x00000000bfa00000|100%| E|CS|TAMS 0x00000000bf900000| PB 0x00000000bf900000| Complete 
|1018|0x00000000bfa00000, 0x00000000bfb00000, 0x00000000bfb00000|100%| E|CS|TAMS 0x00000000bfa00000| PB 0x00000000bfa00000| Complete 
|1019|0x00000000bfb00000, 0x00000000bfc00000, 0x00000000bfc00000|100%| E|CS|TAMS 0x00000000bfb00000| PB 0x00000000bfb00000| Complete 
|1020|0x00000000bfc00000, 0x00000000bfd00000, 0x00000000bfd00000|100%| E|CS|TAMS 0x00000000bfc00000| PB 0x00000000bfc00000| Complete 
|1021|0x00000000bfd00000, 0x00000000bfe00000, 0x00000000bfe00000|100%| E|CS|TAMS 0x00000000bfd00000| PB 0x00000000bfd00000| Complete 
|1022|0x00000000bfe00000, 0x00000000bff00000, 0x00000000bff00000|100%| E|CS|TAMS 0x00000000bfe00000| PB 0x00000000bfe00000| Complete 
|1023|0x00000000bff00000, 0x00000000c0000000, 0x00000000c0000000|100%| E|CS|TAMS 0x00000000bff00000| PB 0x00000000bff00000| Complete 
|1024|0x00000000c0000000, 0x00000000c0100000, 0x00000000c0100000|100%| E|CS|TAMS 0x00000000c0000000| PB 0x00000000c0000000| Complete 
|1025|0x00000000c0100000, 0x00000000c0200000, 0x00000000c0200000|100%| E|CS|TAMS 0x00000000c0100000| PB 0x00000000c0100000| Complete 
|1026|0x00000000c0200000, 0x00000000c0300000, 0x00000000c0300000|100%| E|CS|TAMS 0x00000000c0200000| PB 0x00000000c0200000| Complete 
|1027|0x00000000c0300000, 0x00000000c0400000, 0x00000000c0400000|100%| E|CS|TAMS 0x00000000c0300000| PB 0x00000000c0300000| Complete 
|1028|0x00000000c0400000, 0x00000000c0500000, 0x00000000c0500000|100%| E|CS|TAMS 0x00000000c0400000| PB 0x00000000c0400000| Complete 
|1029|0x00000000c0500000, 0x00000000c0600000, 0x00000000c0600000|100%| E|CS|TAMS 0x00000000c0500000| PB 0x00000000c0500000| Complete 
|1030|0x00000000c0600000, 0x00000000c0700000, 0x00000000c0700000|100%| E|CS|TAMS 0x00000000c0600000| PB 0x00000000c0600000| Complete 
|1031|0x00000000c0700000, 0x00000000c0800000, 0x00000000c0800000|100%| E|CS|TAMS 0x00000000c0700000| PB 0x00000000c0700000| Complete 
|1032|0x00000000c0800000, 0x00000000c0900000, 0x00000000c0900000|100%| E|CS|TAMS 0x00000000c0800000| PB 0x00000000c0800000| Complete 
|1033|0x00000000c0900000, 0x00000000c0a00000, 0x00000000c0a00000|100%| E|CS|TAMS 0x00000000c0900000| PB 0x00000000c0900000| Complete 
|1034|0x00000000c0a00000, 0x00000000c0b00000, 0x00000000c0b00000|100%| E|CS|TAMS 0x00000000c0a00000| PB 0x00000000c0a00000| Complete 
|1035|0x00000000c0b00000, 0x00000000c0c00000, 0x00000000c0c00000|100%| E|CS|TAMS 0x00000000c0b00000| PB 0x00000000c0b00000| Complete 
|1036|0x00000000c0c00000, 0x00000000c0d00000, 0x00000000c0d00000|100%| E|CS|TAMS 0x00000000c0c00000| PB 0x00000000c0c00000| Complete 
|1037|0x00000000c0d00000, 0x00000000c0e00000, 0x00000000c0e00000|100%| E|CS|TAMS 0x00000000c0d00000| PB 0x00000000c0d00000| Complete 
|1038|0x00000000c0e00000, 0x00000000c0f00000, 0x00000000c0f00000|100%| E|CS|TAMS 0x00000000c0e00000| PB 0x00000000c0e00000| Complete 
|1039|0x00000000c0f00000, 0x00000000c1000000, 0x00000000c1000000|100%| E|CS|TAMS 0x00000000c0f00000| PB 0x00000000c0f00000| Complete 
|1040|0x00000000c1000000, 0x00000000c1100000, 0x00000000c1100000|100%| E|CS|TAMS 0x00000000c1000000| PB 0x00000000c1000000| Complete 
|1041|0x00000000c1100000, 0x00000000c1200000, 0x00000000c1200000|100%| E|CS|TAMS 0x00000000c1100000| PB 0x00000000c1100000| Complete 
|1042|0x00000000c1200000, 0x00000000c1300000, 0x00000000c1300000|100%| E|CS|TAMS 0x00000000c1200000| PB 0x00000000c1200000| Complete 
|1043|0x00000000c1300000, 0x00000000c1400000, 0x00000000c1400000|100%| E|CS|TAMS 0x00000000c1300000| PB 0x00000000c1300000| Complete 
|1044|0x00000000c1400000, 0x00000000c1500000, 0x00000000c1500000|100%| E|CS|TAMS 0x00000000c1400000| PB 0x00000000c1400000| Complete 
|1045|0x00000000c1500000, 0x00000000c1600000, 0x00000000c1600000|100%| E|CS|TAMS 0x00000000c1500000| PB 0x00000000c1500000| Complete 
|1046|0x00000000c1600000, 0x00000000c1700000, 0x00000000c1700000|100%| E|CS|TAMS 0x00000000c1600000| PB 0x00000000c1600000| Complete 
|1047|0x00000000c1700000, 0x00000000c1800000, 0x00000000c1800000|100%| E|CS|TAMS 0x00000000c1700000| PB 0x00000000c1700000| Complete 
|1048|0x00000000c1800000, 0x00000000c1900000, 0x00000000c1900000|100%| E|CS|TAMS 0x00000000c1800000| PB 0x00000000c1800000| Complete 
|1049|0x00000000c1900000, 0x00000000c1a00000, 0x00000000c1a00000|100%| E|CS|TAMS 0x00000000c1900000| PB 0x00000000c1900000| Complete 
|1050|0x00000000c1a00000, 0x00000000c1b00000, 0x00000000c1b00000|100%| E|CS|TAMS 0x00000000c1a00000| PB 0x00000000c1a00000| Complete 
|1051|0x00000000c1b00000, 0x00000000c1c00000, 0x00000000c1c00000|100%| E|CS|TAMS 0x00000000c1b00000| PB 0x00000000c1b00000| Complete 
|1052|0x00000000c1c00000, 0x00000000c1d00000, 0x00000000c1d00000|100%| E|CS|TAMS 0x00000000c1c00000| PB 0x00000000c1c00000| Complete 
|1053|0x00000000c1d00000, 0x00000000c1e00000, 0x00000000c1e00000|100%| E|CS|TAMS 0x00000000c1d00000| PB 0x00000000c1d00000| Complete 
|1054|0x00000000c1e00000, 0x00000000c1f00000, 0x00000000c1f00000|100%| E|CS|TAMS 0x00000000c1e00000| PB 0x00000000c1e00000| Complete 
|1055|0x00000000c1f00000, 0x00000000c2000000, 0x00000000c2000000|100%| E|CS|TAMS 0x00000000c1f00000| PB 0x00000000c1f00000| Complete 
|1056|0x00000000c2000000, 0x00000000c2100000, 0x00000000c2100000|100%| E|CS|TAMS 0x00000000c2000000| PB 0x00000000c2000000| Complete 
|1057|0x00000000c2100000, 0x00000000c2200000, 0x00000000c2200000|100%| E|CS|TAMS 0x00000000c2100000| PB 0x00000000c2100000| Complete 
|1058|0x00000000c2200000, 0x00000000c2300000, 0x00000000c2300000|100%| E|CS|TAMS 0x00000000c2200000| PB 0x00000000c2200000| Complete 
|1059|0x00000000c2300000, 0x00000000c2400000, 0x00000000c2400000|100%| E|CS|TAMS 0x00000000c2300000| PB 0x00000000c2300000| Complete 
|1060|0x00000000c2400000, 0x00000000c2500000, 0x00000000c2500000|100%| E|CS|TAMS 0x00000000c2400000| PB 0x00000000c2400000| Complete 
|1061|0x00000000c2500000, 0x00000000c2600000, 0x00000000c2600000|100%| E|CS|TAMS 0x00000000c2500000| PB 0x00000000c2500000| Complete 
|1062|0x00000000c2600000, 0x00000000c2700000, 0x00000000c2700000|100%| E|CS|TAMS 0x00000000c2600000| PB 0x00000000c2600000| Complete 
|1063|0x00000000c2700000, 0x00000000c2800000, 0x00000000c2800000|100%| E|CS|TAMS 0x00000000c2700000| PB 0x00000000c2700000| Complete 
|1064|0x00000000c2800000, 0x00000000c2900000, 0x00000000c2900000|100%| E|CS|TAMS 0x00000000c2800000| PB 0x00000000c2800000| Complete 
|1065|0x00000000c2900000, 0x00000000c2a00000, 0x00000000c2a00000|100%| E|CS|TAMS 0x00000000c2900000| PB 0x00000000c2900000| Complete 
|1066|0x00000000c2a00000, 0x00000000c2b00000, 0x00000000c2b00000|100%| E|CS|TAMS 0x00000000c2a00000| PB 0x00000000c2a00000| Complete 
|1067|0x00000000c2b00000, 0x00000000c2c00000, 0x00000000c2c00000|100%| E|CS|TAMS 0x00000000c2b00000| PB 0x00000000c2b00000| Complete 
|1068|0x00000000c2c00000, 0x00000000c2d00000, 0x00000000c2d00000|100%| E|CS|TAMS 0x00000000c2c00000| PB 0x00000000c2c00000| Complete 
|1069|0x00000000c2d00000, 0x00000000c2e00000, 0x00000000c2e00000|100%| E|CS|TAMS 0x00000000c2d00000| PB 0x00000000c2d00000| Complete 
|1070|0x00000000c2e00000, 0x00000000c2f00000, 0x00000000c2f00000|100%| E|CS|TAMS 0x00000000c2e00000| PB 0x00000000c2e00000| Complete 
|1071|0x00000000c2f00000, 0x00000000c3000000, 0x00000000c3000000|100%| E|CS|TAMS 0x00000000c2f00000| PB 0x00000000c2f00000| Complete 
|1072|0x00000000c3000000, 0x00000000c3100000, 0x00000000c3100000|100%| E|CS|TAMS 0x00000000c3000000| PB 0x00000000c3000000| Complete 
|1073|0x00000000c3100000, 0x00000000c3200000, 0x00000000c3200000|100%| E|CS|TAMS 0x00000000c3100000| PB 0x00000000c3100000| Complete 
|1074|0x00000000c3200000, 0x00000000c3300000, 0x00000000c3300000|100%| E|CS|TAMS 0x00000000c3200000| PB 0x00000000c3200000| Complete 
|1075|0x00000000c3300000, 0x00000000c3400000, 0x00000000c3400000|100%| E|CS|TAMS 0x00000000c3300000| PB 0x00000000c3300000| Complete 
|1076|0x00000000c3400000, 0x00000000c3500000, 0x00000000c3500000|100%| E|CS|TAMS 0x00000000c3400000| PB 0x00000000c3400000| Complete 
|1077|0x00000000c3500000, 0x00000000c3600000, 0x00000000c3600000|100%| E|CS|TAMS 0x00000000c3500000| PB 0x00000000c3500000| Complete 
|1078|0x00000000c3600000, 0x00000000c3700000, 0x00000000c3700000|100%| E|CS|TAMS 0x00000000c3600000| PB 0x00000000c3600000| Complete 
|1079|0x00000000c3700000, 0x00000000c3800000, 0x00000000c3800000|100%| E|CS|TAMS 0x00000000c3700000| PB 0x00000000c3700000| Complete 
|1080|0x00000000c3800000, 0x00000000c3900000, 0x00000000c3900000|100%| E|CS|TAMS 0x00000000c3800000| PB 0x00000000c3800000| Complete 
|1081|0x00000000c3900000, 0x00000000c3a00000, 0x00000000c3a00000|100%| E|CS|TAMS 0x00000000c3900000| PB 0x00000000c3900000| Complete 
|1082|0x00000000c3a00000, 0x00000000c3b00000, 0x00000000c3b00000|100%| E|CS|TAMS 0x00000000c3a00000| PB 0x00000000c3a00000| Complete 
|1083|0x00000000c3b00000, 0x00000000c3c00000, 0x00000000c3c00000|100%| E|CS|TAMS 0x00000000c3b00000| PB 0x00000000c3b00000| Complete 
|1084|0x00000000c3c00000, 0x00000000c3d00000, 0x00000000c3d00000|100%| E|CS|TAMS 0x00000000c3c00000| PB 0x00000000c3c00000| Complete 
|1085|0x00000000c3d00000, 0x00000000c3e00000, 0x00000000c3e00000|100%| E|CS|TAMS 0x00000000c3d00000| PB 0x00000000c3d00000| Complete 
|1086|0x00000000c3e00000, 0x00000000c3f00000, 0x00000000c3f00000|100%| E|CS|TAMS 0x00000000c3e00000| PB 0x00000000c3e00000| Complete 
|1087|0x00000000c3f00000, 0x00000000c4000000, 0x00000000c4000000|100%| E|CS|TAMS 0x00000000c3f00000| PB 0x00000000c3f00000| Complete 
|1088|0x00000000c4000000, 0x00000000c4100000, 0x00000000c4100000|100%| E|CS|TAMS 0x00000000c4000000| PB 0x00000000c4000000| Complete 
|1089|0x00000000c4100000, 0x00000000c4200000, 0x00000000c4200000|100%| E|CS|TAMS 0x00000000c4100000| PB 0x00000000c4100000| Complete 
|1090|0x00000000c4200000, 0x00000000c4300000, 0x00000000c4300000|100%| E|CS|TAMS 0x00000000c4200000| PB 0x00000000c4200000| Complete 
|1091|0x00000000c4300000, 0x00000000c4400000, 0x00000000c4400000|100%| E|CS|TAMS 0x00000000c4300000| PB 0x00000000c4300000| Complete 
|1092|0x00000000c4400000, 0x00000000c4500000, 0x00000000c4500000|100%| E|CS|TAMS 0x00000000c4400000| PB 0x00000000c4400000| Complete 
|1093|0x00000000c4500000, 0x00000000c4600000, 0x00000000c4600000|100%| E|CS|TAMS 0x00000000c4500000| PB 0x00000000c4500000| Complete 
|1094|0x00000000c4600000, 0x00000000c4700000, 0x00000000c4700000|100%| E|CS|TAMS 0x00000000c4600000| PB 0x00000000c4600000| Complete 
|1095|0x00000000c4700000, 0x00000000c4800000, 0x00000000c4800000|100%| E|CS|TAMS 0x00000000c4700000| PB 0x00000000c4700000| Complete 
|1096|0x00000000c4800000, 0x00000000c4900000, 0x00000000c4900000|100%| E|CS|TAMS 0x00000000c4800000| PB 0x00000000c4800000| Complete 
|1097|0x00000000c4900000, 0x00000000c4a00000, 0x00000000c4a00000|100%| E|CS|TAMS 0x00000000c4900000| PB 0x00000000c4900000| Complete 
|1098|0x00000000c4a00000, 0x00000000c4b00000, 0x00000000c4b00000|100%| E|CS|TAMS 0x00000000c4a00000| PB 0x00000000c4a00000| Complete 
|1099|0x00000000c4b00000, 0x00000000c4c00000, 0x00000000c4c00000|100%| E|CS|TAMS 0x00000000c4b00000| PB 0x00000000c4b00000| Complete 
|1100|0x00000000c4c00000, 0x00000000c4d00000, 0x00000000c4d00000|100%| E|CS|TAMS 0x00000000c4c00000| PB 0x00000000c4c00000| Complete 
|1101|0x00000000c4d00000, 0x00000000c4e00000, 0x00000000c4e00000|100%| E|CS|TAMS 0x00000000c4d00000| PB 0x00000000c4d00000| Complete 
|1102|0x00000000c4e00000, 0x00000000c4f00000, 0x00000000c4f00000|100%| E|CS|TAMS 0x00000000c4e00000| PB 0x00000000c4e00000| Complete 
|1103|0x00000000c4f00000, 0x00000000c5000000, 0x00000000c5000000|100%| E|CS|TAMS 0x00000000c4f00000| PB 0x00000000c4f00000| Complete 
|1104|0x00000000c5000000, 0x00000000c5100000, 0x00000000c5100000|100%| E|CS|TAMS 0x00000000c5000000| PB 0x00000000c5000000| Complete 
|1105|0x00000000c5100000, 0x00000000c5200000, 0x00000000c5200000|100%| E|CS|TAMS 0x00000000c5100000| PB 0x00000000c5100000| Complete 
|1106|0x00000000c5200000, 0x00000000c5300000, 0x00000000c5300000|100%| E|CS|TAMS 0x00000000c5200000| PB 0x00000000c5200000| Complete 
|1107|0x00000000c5300000, 0x00000000c5400000, 0x00000000c5400000|100%| E|CS|TAMS 0x00000000c5300000| PB 0x00000000c5300000| Complete 
|1108|0x00000000c5400000, 0x00000000c5500000, 0x00000000c5500000|100%| E|CS|TAMS 0x00000000c5400000| PB 0x00000000c5400000| Complete 
|1109|0x00000000c5500000, 0x00000000c5600000, 0x00000000c5600000|100%| E|CS|TAMS 0x00000000c5500000| PB 0x00000000c5500000| Complete 
|1110|0x00000000c5600000, 0x00000000c5700000, 0x00000000c5700000|100%| E|CS|TAMS 0x00000000c5600000| PB 0x00000000c5600000| Complete 
|1111|0x00000000c5700000, 0x00000000c5800000, 0x00000000c5800000|100%| E|CS|TAMS 0x00000000c5700000| PB 0x00000000c5700000| Complete 
|1112|0x00000000c5800000, 0x00000000c5900000, 0x00000000c5900000|100%| E|CS|TAMS 0x00000000c5800000| PB 0x00000000c5800000| Complete 
|1113|0x00000000c5900000, 0x00000000c5a00000, 0x00000000c5a00000|100%| E|CS|TAMS 0x00000000c5900000| PB 0x00000000c5900000| Complete 
|1114|0x00000000c5a00000, 0x00000000c5b00000, 0x00000000c5b00000|100%| E|CS|TAMS 0x00000000c5a00000| PB 0x00000000c5a00000| Complete 
|1115|0x00000000c5b00000, 0x00000000c5c00000, 0x00000000c5c00000|100%| E|CS|TAMS 0x00000000c5b00000| PB 0x00000000c5b00000| Complete 
|1116|0x00000000c5c00000, 0x00000000c5d00000, 0x00000000c5d00000|100%| E|CS|TAMS 0x00000000c5c00000| PB 0x00000000c5c00000| Complete 
|1117|0x00000000c5d00000, 0x00000000c5e00000, 0x00000000c5e00000|100%| E|CS|TAMS 0x00000000c5d00000| PB 0x00000000c5d00000| Complete 
|1118|0x00000000c5e00000, 0x00000000c5f00000, 0x00000000c5f00000|100%| E|CS|TAMS 0x00000000c5e00000| PB 0x00000000c5e00000| Complete 
|1119|0x00000000c5f00000, 0x00000000c6000000, 0x00000000c6000000|100%| E|CS|TAMS 0x00000000c5f00000| PB 0x00000000c5f00000| Complete 
|1120|0x00000000c6000000, 0x00000000c6100000, 0x00000000c6100000|100%| E|CS|TAMS 0x00000000c6000000| PB 0x00000000c6000000| Complete 
|1121|0x00000000c6100000, 0x00000000c6200000, 0x00000000c6200000|100%| E|CS|TAMS 0x00000000c6100000| PB 0x00000000c6100000| Complete 
|1122|0x00000000c6200000, 0x00000000c6300000, 0x00000000c6300000|100%| E|CS|TAMS 0x00000000c6200000| PB 0x00000000c6200000| Complete 
|1123|0x00000000c6300000, 0x00000000c6400000, 0x00000000c6400000|100%| E|CS|TAMS 0x00000000c6300000| PB 0x00000000c6300000| Complete 
|1124|0x00000000c6400000, 0x00000000c6500000, 0x00000000c6500000|100%| E|CS|TAMS 0x00000000c6400000| PB 0x00000000c6400000| Complete 
|1125|0x00000000c6500000, 0x00000000c6600000, 0x00000000c6600000|100%| E|CS|TAMS 0x00000000c6500000| PB 0x00000000c6500000| Complete 
|1126|0x00000000c6600000, 0x00000000c6700000, 0x00000000c6700000|100%| E|CS|TAMS 0x00000000c6600000| PB 0x00000000c6600000| Complete 
|1127|0x00000000c6700000, 0x00000000c6800000, 0x00000000c6800000|100%| E|CS|TAMS 0x00000000c6700000| PB 0x00000000c6700000| Complete 
|1128|0x00000000c6800000, 0x00000000c6900000, 0x00000000c6900000|100%| E|CS|TAMS 0x00000000c6800000| PB 0x00000000c6800000| Complete 
|1129|0x00000000c6900000, 0x00000000c6a00000, 0x00000000c6a00000|100%| E|CS|TAMS 0x00000000c6900000| PB 0x00000000c6900000| Complete 
|1130|0x00000000c6a00000, 0x00000000c6b00000, 0x00000000c6b00000|100%| E|CS|TAMS 0x00000000c6a00000| PB 0x00000000c6a00000| Complete 
|1131|0x00000000c6b00000, 0x00000000c6c00000, 0x00000000c6c00000|100%| E|CS|TAMS 0x00000000c6b00000| PB 0x00000000c6b00000| Complete 
|1132|0x00000000c6c00000, 0x00000000c6d00000, 0x00000000c6d00000|100%| E|CS|TAMS 0x00000000c6c00000| PB 0x00000000c6c00000| Complete 
|1133|0x00000000c6d00000, 0x00000000c6e00000, 0x00000000c6e00000|100%| E|CS|TAMS 0x00000000c6d00000| PB 0x00000000c6d00000| Complete 
|1134|0x00000000c6e00000, 0x00000000c6f00000, 0x00000000c6f00000|100%| E|CS|TAMS 0x00000000c6e00000| PB 0x00000000c6e00000| Complete 
|1135|0x00000000c6f00000, 0x00000000c7000000, 0x00000000c7000000|100%| E|CS|TAMS 0x00000000c6f00000| PB 0x00000000c6f00000| Complete 
|1136|0x00000000c7000000, 0x00000000c7100000, 0x00000000c7100000|100%| E|CS|TAMS 0x00000000c7000000| PB 0x00000000c7000000| Complete 
|1137|0x00000000c7100000, 0x00000000c7200000, 0x00000000c7200000|100%| E|CS|TAMS 0x00000000c7100000| PB 0x00000000c7100000| Complete 
|1138|0x00000000c7200000, 0x00000000c7300000, 0x00000000c7300000|100%| E|CS|TAMS 0x00000000c7200000| PB 0x00000000c7200000| Complete 
|1139|0x00000000c7300000, 0x00000000c7400000, 0x00000000c7400000|100%| E|CS|TAMS 0x00000000c7300000| PB 0x00000000c7300000| Complete 
|1140|0x00000000c7400000, 0x00000000c7500000, 0x00000000c7500000|100%| E|CS|TAMS 0x00000000c7400000| PB 0x00000000c7400000| Complete 
|1141|0x00000000c7500000, 0x00000000c7600000, 0x00000000c7600000|100%| E|CS|TAMS 0x00000000c7500000| PB 0x00000000c7500000| Complete 
|1142|0x00000000c7600000, 0x00000000c7700000, 0x00000000c7700000|100%| E|CS|TAMS 0x00000000c7600000| PB 0x00000000c7600000| Complete 
|1143|0x00000000c7700000, 0x00000000c7800000, 0x00000000c7800000|100%| E|CS|TAMS 0x00000000c7700000| PB 0x00000000c7700000| Complete 
|1144|0x00000000c7800000, 0x00000000c7900000, 0x00000000c7900000|100%| E|CS|TAMS 0x00000000c7800000| PB 0x00000000c7800000| Complete 
|1145|0x00000000c7900000, 0x00000000c7a00000, 0x00000000c7a00000|100%| E|CS|TAMS 0x00000000c7900000| PB 0x00000000c7900000| Complete 
|1146|0x00000000c7a00000, 0x00000000c7b00000, 0x00000000c7b00000|100%| E|CS|TAMS 0x00000000c7a00000| PB 0x00000000c7a00000| Complete 
|1147|0x00000000c7b00000, 0x00000000c7c00000, 0x00000000c7c00000|100%| E|CS|TAMS 0x00000000c7b00000| PB 0x00000000c7b00000| Complete 
|1148|0x00000000c7c00000, 0x00000000c7d00000, 0x00000000c7d00000|100%| E|CS|TAMS 0x00000000c7c00000| PB 0x00000000c7c00000| Complete 
|1149|0x00000000c7d00000, 0x00000000c7e00000, 0x00000000c7e00000|100%| E|CS|TAMS 0x00000000c7d00000| PB 0x00000000c7d00000| Complete 
|1150|0x00000000c7e00000, 0x00000000c7f00000, 0x00000000c7f00000|100%| E|CS|TAMS 0x00000000c7e00000| PB 0x00000000c7e00000| Complete 
|1151|0x00000000c7f00000, 0x00000000c8000000, 0x00000000c8000000|100%| E|CS|TAMS 0x00000000c7f00000| PB 0x00000000c7f00000| Complete 
|1152|0x00000000c8000000, 0x00000000c8100000, 0x00000000c8100000|100%| E|CS|TAMS 0x00000000c8000000| PB 0x00000000c8000000| Complete 
|1153|0x00000000c8100000, 0x00000000c8200000, 0x00000000c8200000|100%| E|CS|TAMS 0x00000000c8100000| PB 0x00000000c8100000| Complete 
|1154|0x00000000c8200000, 0x00000000c8300000, 0x00000000c8300000|100%| E|CS|TAMS 0x00000000c8200000| PB 0x00000000c8200000| Complete 
|1155|0x00000000c8300000, 0x00000000c8400000, 0x00000000c8400000|100%| E|CS|TAMS 0x00000000c8300000| PB 0x00000000c8300000| Complete 
|1156|0x00000000c8400000, 0x00000000c8500000, 0x00000000c8500000|100%| E|CS|TAMS 0x00000000c8400000| PB 0x00000000c8400000| Complete 
|1157|0x00000000c8500000, 0x00000000c8600000, 0x00000000c8600000|100%| E|CS|TAMS 0x00000000c8500000| PB 0x00000000c8500000| Complete 
|1158|0x00000000c8600000, 0x00000000c8700000, 0x00000000c8700000|100%| E|CS|TAMS 0x00000000c8600000| PB 0x00000000c8600000| Complete 
|1159|0x00000000c8700000, 0x00000000c8800000, 0x00000000c8800000|100%| E|CS|TAMS 0x00000000c8700000| PB 0x00000000c8700000| Complete 
|1160|0x00000000c8800000, 0x00000000c8900000, 0x00000000c8900000|100%| E|CS|TAMS 0x00000000c8800000| PB 0x00000000c8800000| Complete 
|1161|0x00000000c8900000, 0x00000000c8a00000, 0x00000000c8a00000|100%| E|CS|TAMS 0x00000000c8900000| PB 0x00000000c8900000| Complete 
|1162|0x00000000c8a00000, 0x00000000c8b00000, 0x00000000c8b00000|100%| E|CS|TAMS 0x00000000c8a00000| PB 0x00000000c8a00000| Complete 
|1163|0x00000000c8b00000, 0x00000000c8c00000, 0x00000000c8c00000|100%| E|CS|TAMS 0x00000000c8b00000| PB 0x00000000c8b00000| Complete 
|1164|0x00000000c8c00000, 0x00000000c8d00000, 0x00000000c8d00000|100%| E|CS|TAMS 0x00000000c8c00000| PB 0x00000000c8c00000| Complete 
|1165|0x00000000c8d00000, 0x00000000c8e00000, 0x00000000c8e00000|100%| E|CS|TAMS 0x00000000c8d00000| PB 0x00000000c8d00000| Complete 
|1166|0x00000000c8e00000, 0x00000000c8f00000, 0x00000000c8f00000|100%| E|CS|TAMS 0x00000000c8e00000| PB 0x00000000c8e00000| Complete 
|1167|0x00000000c8f00000, 0x00000000c9000000, 0x00000000c9000000|100%| E|CS|TAMS 0x00000000c8f00000| PB 0x00000000c8f00000| Complete 
|1168|0x00000000c9000000, 0x00000000c9100000, 0x00000000c9100000|100%| E|CS|TAMS 0x00000000c9000000| PB 0x00000000c9000000| Complete 
|1169|0x00000000c9100000, 0x00000000c9200000, 0x00000000c9200000|100%| E|CS|TAMS 0x00000000c9100000| PB 0x00000000c9100000| Complete 
|1170|0x00000000c9200000, 0x00000000c9300000, 0x00000000c9300000|100%| E|CS|TAMS 0x00000000c9200000| PB 0x00000000c9200000| Complete 
|1171|0x00000000c9300000, 0x00000000c9400000, 0x00000000c9400000|100%| E|CS|TAMS 0x00000000c9300000| PB 0x00000000c9300000| Complete 
|1172|0x00000000c9400000, 0x00000000c9500000, 0x00000000c9500000|100%| E|CS|TAMS 0x00000000c9400000| PB 0x00000000c9400000| Complete 
|1173|0x00000000c9500000, 0x00000000c9600000, 0x00000000c9600000|100%| E|CS|TAMS 0x00000000c9500000| PB 0x00000000c9500000| Complete 
|1174|0x00000000c9600000, 0x00000000c9700000, 0x00000000c9700000|100%| E|CS|TAMS 0x00000000c9600000| PB 0x00000000c9600000| Complete 
|1175|0x00000000c9700000, 0x00000000c9800000, 0x00000000c9800000|100%| E|CS|TAMS 0x00000000c9700000| PB 0x00000000c9700000| Complete 
|1176|0x00000000c9800000, 0x00000000c9900000, 0x00000000c9900000|100%| E|CS|TAMS 0x00000000c9800000| PB 0x00000000c9800000| Complete 
|1177|0x00000000c9900000, 0x00000000c9a00000, 0x00000000c9a00000|100%| E|CS|TAMS 0x00000000c9900000| PB 0x00000000c9900000| Complete 
|1178|0x00000000c9a00000, 0x00000000c9b00000, 0x00000000c9b00000|100%| E|CS|TAMS 0x00000000c9a00000| PB 0x00000000c9a00000| Complete 
|1179|0x00000000c9b00000, 0x00000000c9c00000, 0x00000000c9c00000|100%| E|CS|TAMS 0x00000000c9b00000| PB 0x00000000c9b00000| Complete 
|1180|0x00000000c9c00000, 0x00000000c9d00000, 0x00000000c9d00000|100%| E|CS|TAMS 0x00000000c9c00000| PB 0x00000000c9c00000| Complete 
|1181|0x00000000c9d00000, 0x00000000c9e00000, 0x00000000c9e00000|100%| E|CS|TAMS 0x00000000c9d00000| PB 0x00000000c9d00000| Complete 
|1182|0x00000000c9e00000, 0x00000000c9f00000, 0x00000000c9f00000|100%| E|CS|TAMS 0x00000000c9e00000| PB 0x00000000c9e00000| Complete 
|1183|0x00000000c9f00000, 0x00000000ca000000, 0x00000000ca000000|100%| E|CS|TAMS 0x00000000c9f00000| PB 0x00000000c9f00000| Complete 
|1184|0x00000000ca000000, 0x00000000ca100000, 0x00000000ca100000|100%| E|CS|TAMS 0x00000000ca000000| PB 0x00000000ca000000| Complete 
|1185|0x00000000ca100000, 0x00000000ca200000, 0x00000000ca200000|100%| E|CS|TAMS 0x00000000ca100000| PB 0x00000000ca100000| Complete 
|1186|0x00000000ca200000, 0x00000000ca300000, 0x00000000ca300000|100%| E|CS|TAMS 0x00000000ca200000| PB 0x00000000ca200000| Complete 
|1187|0x00000000ca300000, 0x00000000ca400000, 0x00000000ca400000|100%| E|CS|TAMS 0x00000000ca300000| PB 0x00000000ca300000| Complete 
|1188|0x00000000ca400000, 0x00000000ca500000, 0x00000000ca500000|100%| E|CS|TAMS 0x00000000ca400000| PB 0x00000000ca400000| Complete 
|1189|0x00000000ca500000, 0x00000000ca600000, 0x00000000ca600000|100%| E|CS|TAMS 0x00000000ca500000| PB 0x00000000ca500000| Complete 
|1190|0x00000000ca600000, 0x00000000ca700000, 0x00000000ca700000|100%| E|CS|TAMS 0x00000000ca600000| PB 0x00000000ca600000| Complete 
|1191|0x00000000ca700000, 0x00000000ca800000, 0x00000000ca800000|100%| E|CS|TAMS 0x00000000ca700000| PB 0x00000000ca700000| Complete 
|1192|0x00000000ca800000, 0x00000000ca900000, 0x00000000ca900000|100%| E|CS|TAMS 0x00000000ca800000| PB 0x00000000ca800000| Complete 
|1193|0x00000000ca900000, 0x00000000caa00000, 0x00000000caa00000|100%| E|CS|TAMS 0x00000000ca900000| PB 0x00000000ca900000| Complete 
|1194|0x00000000caa00000, 0x00000000cab00000, 0x00000000cab00000|100%| E|CS|TAMS 0x00000000caa00000| PB 0x00000000caa00000| Complete 
|1195|0x00000000cab00000, 0x00000000cac00000, 0x00000000cac00000|100%| E|CS|TAMS 0x00000000cab00000| PB 0x00000000cab00000| Complete 
|1196|0x00000000cac00000, 0x00000000cad00000, 0x00000000cad00000|100%| E|CS|TAMS 0x00000000cac00000| PB 0x00000000cac00000| Complete 
|1197|0x00000000cad00000, 0x00000000cae00000, 0x00000000cae00000|100%| E|CS|TAMS 0x00000000cad00000| PB 0x00000000cad00000| Complete 
|1198|0x00000000cae00000, 0x00000000caf00000, 0x00000000caf00000|100%| E|CS|TAMS 0x00000000cae00000| PB 0x00000000cae00000| Complete 
|1199|0x00000000caf00000, 0x00000000cb000000, 0x00000000cb000000|100%| E|CS|TAMS 0x00000000caf00000| PB 0x00000000caf00000| Complete 
|1200|0x00000000cb000000, 0x00000000cb100000, 0x00000000cb100000|100%| E|CS|TAMS 0x00000000cb000000| PB 0x00000000cb000000| Complete 
|1201|0x00000000cb100000, 0x00000000cb200000, 0x00000000cb200000|100%| E|CS|TAMS 0x00000000cb100000| PB 0x00000000cb100000| Complete 
|1202|0x00000000cb200000, 0x00000000cb300000, 0x00000000cb300000|100%| E|CS|TAMS 0x00000000cb200000| PB 0x00000000cb200000| Complete 
|1203|0x00000000cb300000, 0x00000000cb400000, 0x00000000cb400000|100%| E|CS|TAMS 0x00000000cb300000| PB 0x00000000cb300000| Complete 
|1204|0x00000000cb400000, 0x00000000cb500000, 0x00000000cb500000|100%| E|CS|TAMS 0x00000000cb400000| PB 0x00000000cb400000| Complete 
|1205|0x00000000cb500000, 0x00000000cb600000, 0x00000000cb600000|100%| E|CS|TAMS 0x00000000cb500000| PB 0x00000000cb500000| Complete 
|1206|0x00000000cb600000, 0x00000000cb700000, 0x00000000cb700000|100%| E|CS|TAMS 0x00000000cb600000| PB 0x00000000cb600000| Complete 
|1207|0x00000000cb700000, 0x00000000cb800000, 0x00000000cb800000|100%| E|CS|TAMS 0x00000000cb700000| PB 0x00000000cb700000| Complete 
|1208|0x00000000cb800000, 0x00000000cb900000, 0x00000000cb900000|100%| E|CS|TAMS 0x00000000cb800000| PB 0x00000000cb800000| Complete 
|1209|0x00000000cb900000, 0x00000000cba00000, 0x00000000cba00000|100%| E|CS|TAMS 0x00000000cb900000| PB 0x00000000cb900000| Complete 
|1210|0x00000000cba00000, 0x00000000cbb00000, 0x00000000cbb00000|100%| E|CS|TAMS 0x00000000cba00000| PB 0x00000000cba00000| Complete 
|1211|0x00000000cbb00000, 0x00000000cbc00000, 0x00000000cbc00000|100%| E|CS|TAMS 0x00000000cbb00000| PB 0x00000000cbb00000| Complete 
|1212|0x00000000cbc00000, 0x00000000cbd00000, 0x00000000cbd00000|100%| E|CS|TAMS 0x00000000cbc00000| PB 0x00000000cbc00000| Complete 
|1213|0x00000000cbd00000, 0x00000000cbe00000, 0x00000000cbe00000|100%| E|CS|TAMS 0x00000000cbd00000| PB 0x00000000cbd00000| Complete 
|1214|0x00000000cbe00000, 0x00000000cbf00000, 0x00000000cbf00000|100%| E|CS|TAMS 0x00000000cbe00000| PB 0x00000000cbe00000| Complete 
|1215|0x00000000cbf00000, 0x00000000cc000000, 0x00000000cc000000|100%| E|CS|TAMS 0x00000000cbf00000| PB 0x00000000cbf00000| Complete 
|1216|0x00000000cc000000, 0x00000000cc100000, 0x00000000cc100000|100%| E|CS|TAMS 0x00000000cc000000| PB 0x00000000cc000000| Complete 
|1217|0x00000000cc100000, 0x00000000cc200000, 0x00000000cc200000|100%| E|CS|TAMS 0x00000000cc100000| PB 0x00000000cc100000| Complete 
|1218|0x00000000cc200000, 0x00000000cc300000, 0x00000000cc300000|100%| E|CS|TAMS 0x00000000cc200000| PB 0x00000000cc200000| Complete 
|1219|0x00000000cc300000, 0x00000000cc400000, 0x00000000cc400000|100%| E|CS|TAMS 0x00000000cc300000| PB 0x00000000cc300000| Complete 
|1220|0x00000000cc400000, 0x00000000cc500000, 0x00000000cc500000|100%| E|CS|TAMS 0x00000000cc400000| PB 0x00000000cc400000| Complete 
|1221|0x00000000cc500000, 0x00000000cc600000, 0x00000000cc600000|100%| E|CS|TAMS 0x00000000cc500000| PB 0x00000000cc500000| Complete 
|1222|0x00000000cc600000, 0x00000000cc700000, 0x00000000cc700000|100%| E|CS|TAMS 0x00000000cc600000| PB 0x00000000cc600000| Complete 
|1223|0x00000000cc700000, 0x00000000cc800000, 0x00000000cc800000|100%| E|CS|TAMS 0x00000000cc700000| PB 0x00000000cc700000| Complete 
|1224|0x00000000cc800000, 0x00000000cc900000, 0x00000000cc900000|100%| E|CS|TAMS 0x00000000cc800000| PB 0x00000000cc800000| Complete 
|1225|0x00000000cc900000, 0x00000000cca00000, 0x00000000cca00000|100%| E|CS|TAMS 0x00000000cc900000| PB 0x00000000cc900000| Complete 
|1226|0x00000000cca00000, 0x00000000ccb00000, 0x00000000ccb00000|100%| E|CS|TAMS 0x00000000cca00000| PB 0x00000000cca00000| Complete 
|1227|0x00000000ccb00000, 0x00000000ccc00000, 0x00000000ccc00000|100%| E|CS|TAMS 0x00000000ccb00000| PB 0x00000000ccb00000| Complete 
|1228|0x00000000ccc00000, 0x00000000ccd00000, 0x00000000ccd00000|100%| E|CS|TAMS 0x00000000ccc00000| PB 0x00000000ccc00000| Complete 
|1229|0x00000000ccd00000, 0x00000000cce00000, 0x00000000cce00000|100%| E|CS|TAMS 0x00000000ccd00000| PB 0x00000000ccd00000| Complete 
|1230|0x00000000cce00000, 0x00000000ccf00000, 0x00000000ccf00000|100%| E|CS|TAMS 0x00000000cce00000| PB 0x00000000cce00000| Complete 
|1231|0x00000000ccf00000, 0x00000000cd000000, 0x00000000cd000000|100%| E|CS|TAMS 0x00000000ccf00000| PB 0x00000000ccf00000| Complete 
|1232|0x00000000cd000000, 0x00000000cd100000, 0x00000000cd100000|100%| E|CS|TAMS 0x00000000cd000000| PB 0x00000000cd000000| Complete 
|1233|0x00000000cd100000, 0x00000000cd200000, 0x00000000cd200000|100%| E|CS|TAMS 0x00000000cd100000| PB 0x00000000cd100000| Complete 
|1234|0x00000000cd200000, 0x00000000cd300000, 0x00000000cd300000|100%| E|CS|TAMS 0x00000000cd200000| PB 0x00000000cd200000| Complete 
|1235|0x00000000cd300000, 0x00000000cd400000, 0x00000000cd400000|100%| E|CS|TAMS 0x00000000cd300000| PB 0x00000000cd300000| Complete 
|1236|0x00000000cd400000, 0x00000000cd500000, 0x00000000cd500000|100%| E|CS|TAMS 0x00000000cd400000| PB 0x00000000cd400000| Complete 
|1237|0x00000000cd500000, 0x00000000cd600000, 0x00000000cd600000|100%| E|CS|TAMS 0x00000000cd500000| PB 0x00000000cd500000| Complete 
|1238|0x00000000cd600000, 0x00000000cd700000, 0x00000000cd700000|100%| E|CS|TAMS 0x00000000cd600000| PB 0x00000000cd600000| Complete 
|1239|0x00000000cd700000, 0x00000000cd800000, 0x00000000cd800000|100%| E|CS|TAMS 0x00000000cd700000| PB 0x00000000cd700000| Complete 
|1240|0x00000000cd800000, 0x00000000cd900000, 0x00000000cd900000|100%| E|CS|TAMS 0x00000000cd800000| PB 0x00000000cd800000| Complete 
|1241|0x00000000cd900000, 0x00000000cda00000, 0x00000000cda00000|100%| E|CS|TAMS 0x00000000cd900000| PB 0x00000000cd900000| Complete 
|1242|0x00000000cda00000, 0x00000000cdb00000, 0x00000000cdb00000|100%| E|CS|TAMS 0x00000000cda00000| PB 0x00000000cda00000| Complete 
|1243|0x00000000cdb00000, 0x00000000cdc00000, 0x00000000cdc00000|100%| E|CS|TAMS 0x00000000cdb00000| PB 0x00000000cdb00000| Complete 
|1244|0x00000000cdc00000, 0x00000000cdd00000, 0x00000000cdd00000|100%| E|CS|TAMS 0x00000000cdc00000| PB 0x00000000cdc00000| Complete 
|1245|0x00000000cdd00000, 0x00000000cde00000, 0x00000000cde00000|100%| E|CS|TAMS 0x00000000cdd00000| PB 0x00000000cdd00000| Complete 
|1246|0x00000000cde00000, 0x00000000cdf00000, 0x00000000cdf00000|100%| E|CS|TAMS 0x00000000cde00000| PB 0x00000000cde00000| Complete 
|1247|0x00000000cdf00000, 0x00000000ce000000, 0x00000000ce000000|100%| E|CS|TAMS 0x00000000cdf00000| PB 0x00000000cdf00000| Complete 
|1248|0x00000000ce000000, 0x00000000ce100000, 0x00000000ce100000|100%| E|CS|TAMS 0x00000000ce000000| PB 0x00000000ce000000| Complete 
|1249|0x00000000ce100000, 0x00000000ce200000, 0x00000000ce200000|100%| E|CS|TAMS 0x00000000ce100000| PB 0x00000000ce100000| Complete 
|1250|0x00000000ce200000, 0x00000000ce300000, 0x00000000ce300000|100%| E|CS|TAMS 0x00000000ce200000| PB 0x00000000ce200000| Complete 
|1251|0x00000000ce300000, 0x00000000ce400000, 0x00000000ce400000|100%| E|CS|TAMS 0x00000000ce300000| PB 0x00000000ce300000| Complete 
|1252|0x00000000ce400000, 0x00000000ce500000, 0x00000000ce500000|100%| E|CS|TAMS 0x00000000ce400000| PB 0x00000000ce400000| Complete 
|1253|0x00000000ce500000, 0x00000000ce600000, 0x00000000ce600000|100%| E|CS|TAMS 0x00000000ce500000| PB 0x00000000ce500000| Complete 
|1254|0x00000000ce600000, 0x00000000ce700000, 0x00000000ce700000|100%| E|CS|TAMS 0x00000000ce600000| PB 0x00000000ce600000| Complete 
|1255|0x00000000ce700000, 0x00000000ce800000, 0x00000000ce800000|100%| E|CS|TAMS 0x00000000ce700000| PB 0x00000000ce700000| Complete 
|1256|0x00000000ce800000, 0x00000000ce900000, 0x00000000ce900000|100%| E|CS|TAMS 0x00000000ce800000| PB 0x00000000ce800000| Complete 
|1257|0x00000000ce900000, 0x00000000cea00000, 0x00000000cea00000|100%| E|CS|TAMS 0x00000000ce900000| PB 0x00000000ce900000| Complete 
|1258|0x00000000cea00000, 0x00000000ceb00000, 0x00000000ceb00000|100%| E|CS|TAMS 0x00000000cea00000| PB 0x00000000cea00000| Complete 
|1259|0x00000000ceb00000, 0x00000000cec00000, 0x00000000cec00000|100%| E|CS|TAMS 0x00000000ceb00000| PB 0x00000000ceb00000| Complete 
|1260|0x00000000cec00000, 0x00000000ced00000, 0x00000000ced00000|100%| E|CS|TAMS 0x00000000cec00000| PB 0x00000000cec00000| Complete 
|1261|0x00000000ced00000, 0x00000000cee00000, 0x00000000cee00000|100%| E|CS|TAMS 0x00000000ced00000| PB 0x00000000ced00000| Complete 
|1262|0x00000000cee00000, 0x00000000cef00000, 0x00000000cef00000|100%| E|CS|TAMS 0x00000000cee00000| PB 0x00000000cee00000| Complete 
|1263|0x00000000cef00000, 0x00000000cf000000, 0x00000000cf000000|100%| E|CS|TAMS 0x00000000cef00000| PB 0x00000000cef00000| Complete 
|1264|0x00000000cf000000, 0x00000000cf100000, 0x00000000cf100000|100%| E|CS|TAMS 0x00000000cf000000| PB 0x00000000cf000000| Complete 
|1265|0x00000000cf100000, 0x00000000cf200000, 0x00000000cf200000|100%| E|CS|TAMS 0x00000000cf100000| PB 0x00000000cf100000| Complete 
|1266|0x00000000cf200000, 0x00000000cf300000, 0x00000000cf300000|100%| E|CS|TAMS 0x00000000cf200000| PB 0x00000000cf200000| Complete 
|1267|0x00000000cf300000, 0x00000000cf400000, 0x00000000cf400000|100%| E|CS|TAMS 0x00000000cf300000| PB 0x00000000cf300000| Complete 
|1268|0x00000000cf400000, 0x00000000cf500000, 0x00000000cf500000|100%| E|CS|TAMS 0x00000000cf400000| PB 0x00000000cf400000| Complete 
|1269|0x00000000cf500000, 0x00000000cf600000, 0x00000000cf600000|100%| E|CS|TAMS 0x00000000cf500000| PB 0x00000000cf500000| Complete 
|1270|0x00000000cf600000, 0x00000000cf700000, 0x00000000cf700000|100%| E|CS|TAMS 0x00000000cf600000| PB 0x00000000cf600000| Complete 
|1271|0x00000000cf700000, 0x00000000cf800000, 0x00000000cf800000|100%| E|CS|TAMS 0x00000000cf700000| PB 0x00000000cf700000| Complete 
|1272|0x00000000cf800000, 0x00000000cf900000, 0x00000000cf900000|100%| E|CS|TAMS 0x00000000cf800000| PB 0x00000000cf800000| Complete 
|1273|0x00000000cf900000, 0x00000000cfa00000, 0x00000000cfa00000|100%| E|CS|TAMS 0x00000000cf900000| PB 0x00000000cf900000| Complete 
|1274|0x00000000cfa00000, 0x00000000cfb00000, 0x00000000cfb00000|100%| E|CS|TAMS 0x00000000cfa00000| PB 0x00000000cfa00000| Complete 
|1275|0x00000000cfb00000, 0x00000000cfc00000, 0x00000000cfc00000|100%| E|CS|TAMS 0x00000000cfb00000| PB 0x00000000cfb00000| Complete 
|1276|0x00000000cfc00000, 0x00000000cfd00000, 0x00000000cfd00000|100%| E|CS|TAMS 0x00000000cfc00000| PB 0x00000000cfc00000| Complete 
|1277|0x00000000cfd00000, 0x00000000cfe00000, 0x00000000cfe00000|100%| E|CS|TAMS 0x00000000cfd00000| PB 0x00000000cfd00000| Complete 
|1278|0x00000000cfe00000, 0x00000000cff00000, 0x00000000cff00000|100%| E|CS|TAMS 0x00000000cfe00000| PB 0x00000000cfe00000| Complete 
|1279|0x00000000cff00000, 0x00000000d0000000, 0x00000000d0000000|100%| E|CS|TAMS 0x00000000cff00000| PB 0x00000000cff00000| Complete 
|1280|0x00000000d0000000, 0x00000000d0100000, 0x00000000d0100000|100%| E|CS|TAMS 0x00000000d0000000| PB 0x00000000d0000000| Complete 
|1281|0x00000000d0100000, 0x00000000d0200000, 0x00000000d0200000|100%| E|CS|TAMS 0x00000000d0100000| PB 0x00000000d0100000| Complete 
|1282|0x00000000d0200000, 0x00000000d0300000, 0x00000000d0300000|100%| E|CS|TAMS 0x00000000d0200000| PB 0x00000000d0200000| Complete 
|1283|0x00000000d0300000, 0x00000000d0400000, 0x00000000d0400000|100%| E|CS|TAMS 0x00000000d0300000| PB 0x00000000d0300000| Complete 
|1284|0x00000000d0400000, 0x00000000d0500000, 0x00000000d0500000|100%| E|CS|TAMS 0x00000000d0400000| PB 0x00000000d0400000| Complete 
|1285|0x00000000d0500000, 0x00000000d0600000, 0x00000000d0600000|100%| E|CS|TAMS 0x00000000d0500000| PB 0x00000000d0500000| Complete 
|1286|0x00000000d0600000, 0x00000000d0700000, 0x00000000d0700000|100%| E|CS|TAMS 0x00000000d0600000| PB 0x00000000d0600000| Complete 
|1287|0x00000000d0700000, 0x00000000d0800000, 0x00000000d0800000|100%| E|CS|TAMS 0x00000000d0700000| PB 0x00000000d0700000| Complete 
|1288|0x00000000d0800000, 0x00000000d0900000, 0x00000000d0900000|100%| E|CS|TAMS 0x00000000d0800000| PB 0x00000000d0800000| Complete 
|1289|0x00000000d0900000, 0x00000000d0a00000, 0x00000000d0a00000|100%| E|CS|TAMS 0x00000000d0900000| PB 0x00000000d0900000| Complete 
|1290|0x00000000d0a00000, 0x00000000d0b00000, 0x00000000d0b00000|100%| E|CS|TAMS 0x00000000d0a00000| PB 0x00000000d0a00000| Complete 
|1291|0x00000000d0b00000, 0x00000000d0c00000, 0x00000000d0c00000|100%| E|CS|TAMS 0x00000000d0b00000| PB 0x00000000d0b00000| Complete 
|1292|0x00000000d0c00000, 0x00000000d0d00000, 0x00000000d0d00000|100%| E|CS|TAMS 0x00000000d0c00000| PB 0x00000000d0c00000| Complete 
|1293|0x00000000d0d00000, 0x00000000d0e00000, 0x00000000d0e00000|100%| E|CS|TAMS 0x00000000d0d00000| PB 0x00000000d0d00000| Complete 
|1294|0x00000000d0e00000, 0x00000000d0f00000, 0x00000000d0f00000|100%| E|CS|TAMS 0x00000000d0e00000| PB 0x00000000d0e00000| Complete 
|1295|0x00000000d0f00000, 0x00000000d1000000, 0x00000000d1000000|100%| E|CS|TAMS 0x00000000d0f00000| PB 0x00000000d0f00000| Complete 
|1296|0x00000000d1000000, 0x00000000d1100000, 0x00000000d1100000|100%| E|CS|TAMS 0x00000000d1000000| PB 0x00000000d1000000| Complete 
|1297|0x00000000d1100000, 0x00000000d1200000, 0x00000000d1200000|100%| E|CS|TAMS 0x00000000d1100000| PB 0x00000000d1100000| Complete 
|1298|0x00000000d1200000, 0x00000000d1300000, 0x00000000d1300000|100%| E|CS|TAMS 0x00000000d1200000| PB 0x00000000d1200000| Complete 
|1299|0x00000000d1300000, 0x00000000d1400000, 0x00000000d1400000|100%| E|CS|TAMS 0x00000000d1300000| PB 0x00000000d1300000| Complete 
|1300|0x00000000d1400000, 0x00000000d1500000, 0x00000000d1500000|100%| E|CS|TAMS 0x00000000d1400000| PB 0x00000000d1400000| Complete 
|1301|0x00000000d1500000, 0x00000000d1600000, 0x00000000d1600000|100%| E|CS|TAMS 0x00000000d1500000| PB 0x00000000d1500000| Complete 
|1302|0x00000000d1600000, 0x00000000d1700000, 0x00000000d1700000|100%| E|CS|TAMS 0x00000000d1600000| PB 0x00000000d1600000| Complete 
|1303|0x00000000d1700000, 0x00000000d1800000, 0x00000000d1800000|100%| E|CS|TAMS 0x00000000d1700000| PB 0x00000000d1700000| Complete 
|1304|0x00000000d1800000, 0x00000000d1900000, 0x00000000d1900000|100%| E|CS|TAMS 0x00000000d1800000| PB 0x00000000d1800000| Complete 
|1305|0x00000000d1900000, 0x00000000d1a00000, 0x00000000d1a00000|100%| E|CS|TAMS 0x00000000d1900000| PB 0x00000000d1900000| Complete 
|1306|0x00000000d1a00000, 0x00000000d1b00000, 0x00000000d1b00000|100%| E|CS|TAMS 0x00000000d1a00000| PB 0x00000000d1a00000| Complete 
|1307|0x00000000d1b00000, 0x00000000d1c00000, 0x00000000d1c00000|100%| E|CS|TAMS 0x00000000d1b00000| PB 0x00000000d1b00000| Complete 
|1308|0x00000000d1c00000, 0x00000000d1d00000, 0x00000000d1d00000|100%| E|CS|TAMS 0x00000000d1c00000| PB 0x00000000d1c00000| Complete 
|1309|0x00000000d1d00000, 0x00000000d1e00000, 0x00000000d1e00000|100%| E|CS|TAMS 0x00000000d1d00000| PB 0x00000000d1d00000| Complete 
|1310|0x00000000d1e00000, 0x00000000d1f00000, 0x00000000d1f00000|100%| E|CS|TAMS 0x00000000d1e00000| PB 0x00000000d1e00000| Complete 
|1311|0x00000000d1f00000, 0x00000000d2000000, 0x00000000d2000000|100%| E|CS|TAMS 0x00000000d1f00000| PB 0x00000000d1f00000| Complete 
|1312|0x00000000d2000000, 0x00000000d2100000, 0x00000000d2100000|100%| E|CS|TAMS 0x00000000d2000000| PB 0x00000000d2000000| Complete 
|1313|0x00000000d2100000, 0x00000000d2200000, 0x00000000d2200000|100%| E|CS|TAMS 0x00000000d2100000| PB 0x00000000d2100000| Complete 
|1314|0x00000000d2200000, 0x00000000d2300000, 0x00000000d2300000|100%| E|CS|TAMS 0x00000000d2200000| PB 0x00000000d2200000| Complete 
|1315|0x00000000d2300000, 0x00000000d2400000, 0x00000000d2400000|100%| E|CS|TAMS 0x00000000d2300000| PB 0x00000000d2300000| Complete 
|1316|0x00000000d2400000, 0x00000000d2500000, 0x00000000d2500000|100%| E|CS|TAMS 0x00000000d2400000| PB 0x00000000d2400000| Complete 
|1317|0x00000000d2500000, 0x00000000d2600000, 0x00000000d2600000|100%| E|CS|TAMS 0x00000000d2500000| PB 0x00000000d2500000| Complete 
|1318|0x00000000d2600000, 0x00000000d2700000, 0x00000000d2700000|100%| E|CS|TAMS 0x00000000d2600000| PB 0x00000000d2600000| Complete 
|1319|0x00000000d2700000, 0x00000000d2800000, 0x00000000d2800000|100%| E|CS|TAMS 0x00000000d2700000| PB 0x00000000d2700000| Complete 
|1320|0x00000000d2800000, 0x00000000d2900000, 0x00000000d2900000|100%| E|CS|TAMS 0x00000000d2800000| PB 0x00000000d2800000| Complete 
|1321|0x00000000d2900000, 0x00000000d2a00000, 0x00000000d2a00000|100%| E|CS|TAMS 0x00000000d2900000| PB 0x00000000d2900000| Complete 
|1322|0x00000000d2a00000, 0x00000000d2b00000, 0x00000000d2b00000|100%| E|CS|TAMS 0x00000000d2a00000| PB 0x00000000d2a00000| Complete 
|1323|0x00000000d2b00000, 0x00000000d2c00000, 0x00000000d2c00000|100%| E|CS|TAMS 0x00000000d2b00000| PB 0x00000000d2b00000| Complete 
|1324|0x00000000d2c00000, 0x00000000d2d00000, 0x00000000d2d00000|100%| E|CS|TAMS 0x00000000d2c00000| PB 0x00000000d2c00000| Complete 
|1325|0x00000000d2d00000, 0x00000000d2e00000, 0x00000000d2e00000|100%| E|CS|TAMS 0x00000000d2d00000| PB 0x00000000d2d00000| Complete 
|1326|0x00000000d2e00000, 0x00000000d2f00000, 0x00000000d2f00000|100%| E|CS|TAMS 0x00000000d2e00000| PB 0x00000000d2e00000| Complete 
|1327|0x00000000d2f00000, 0x00000000d3000000, 0x00000000d3000000|100%| E|CS|TAMS 0x00000000d2f00000| PB 0x00000000d2f00000| Complete 
|1328|0x00000000d3000000, 0x00000000d3100000, 0x00000000d3100000|100%| E|CS|TAMS 0x00000000d3000000| PB 0x00000000d3000000| Complete 
|1329|0x00000000d3100000, 0x00000000d3200000, 0x00000000d3200000|100%| E|CS|TAMS 0x00000000d3100000| PB 0x00000000d3100000| Complete 
|1330|0x00000000d3200000, 0x00000000d3300000, 0x00000000d3300000|100%| E|CS|TAMS 0x00000000d3200000| PB 0x00000000d3200000| Complete 
|1331|0x00000000d3300000, 0x00000000d3400000, 0x00000000d3400000|100%| E|CS|TAMS 0x00000000d3300000| PB 0x00000000d3300000| Complete 
|1332|0x00000000d3400000, 0x00000000d3500000, 0x00000000d3500000|100%| E|CS|TAMS 0x00000000d3400000| PB 0x00000000d3400000| Complete 
|1333|0x00000000d3500000, 0x00000000d3600000, 0x00000000d3600000|100%| E|CS|TAMS 0x00000000d3500000| PB 0x00000000d3500000| Complete 
|1334|0x00000000d3600000, 0x00000000d3700000, 0x00000000d3700000|100%| E|CS|TAMS 0x00000000d3600000| PB 0x00000000d3600000| Complete 
|1335|0x00000000d3700000, 0x00000000d3800000, 0x00000000d3800000|100%| E|CS|TAMS 0x00000000d3700000| PB 0x00000000d3700000| Complete 
|1336|0x00000000d3800000, 0x00000000d3900000, 0x00000000d3900000|100%| E|CS|TAMS 0x00000000d3800000| PB 0x00000000d3800000| Complete 
|1337|0x00000000d3900000, 0x00000000d3a00000, 0x00000000d3a00000|100%| E|CS|TAMS 0x00000000d3900000| PB 0x00000000d3900000| Complete 
|1338|0x00000000d3a00000, 0x00000000d3b00000, 0x00000000d3b00000|100%| E|CS|TAMS 0x00000000d3a00000| PB 0x00000000d3a00000| Complete 
|1339|0x00000000d3b00000, 0x00000000d3c00000, 0x00000000d3c00000|100%| E|CS|TAMS 0x00000000d3b00000| PB 0x00000000d3b00000| Complete 
|1340|0x00000000d3c00000, 0x00000000d3d00000, 0x00000000d3d00000|100%| E|CS|TAMS 0x00000000d3c00000| PB 0x00000000d3c00000| Complete 
|1341|0x00000000d3d00000, 0x00000000d3e00000, 0x00000000d3e00000|100%| E|CS|TAMS 0x00000000d3d00000| PB 0x00000000d3d00000| Complete 
|1342|0x00000000d3e00000, 0x00000000d3f00000, 0x00000000d3f00000|100%| E|CS|TAMS 0x00000000d3e00000| PB 0x00000000d3e00000| Complete 
|1343|0x00000000d3f00000, 0x00000000d4000000, 0x00000000d4000000|100%| E|CS|TAMS 0x00000000d3f00000| PB 0x00000000d3f00000| Complete 
|1344|0x00000000d4000000, 0x00000000d4100000, 0x00000000d4100000|100%| E|CS|TAMS 0x00000000d4000000| PB 0x00000000d4000000| Complete 
|1345|0x00000000d4100000, 0x00000000d4200000, 0x00000000d4200000|100%| E|CS|TAMS 0x00000000d4100000| PB 0x00000000d4100000| Complete 
|1346|0x00000000d4200000, 0x00000000d4300000, 0x00000000d4300000|100%| E|CS|TAMS 0x00000000d4200000| PB 0x00000000d4200000| Complete 
|1347|0x00000000d4300000, 0x00000000d4400000, 0x00000000d4400000|100%| E|CS|TAMS 0x00000000d4300000| PB 0x00000000d4300000| Complete 
|1348|0x00000000d4400000, 0x00000000d4500000, 0x00000000d4500000|100%| E|CS|TAMS 0x00000000d4400000| PB 0x00000000d4400000| Complete 
|1349|0x00000000d4500000, 0x00000000d4600000, 0x00000000d4600000|100%| E|CS|TAMS 0x00000000d4500000| PB 0x00000000d4500000| Complete 
|1350|0x00000000d4600000, 0x00000000d4700000, 0x00000000d4700000|100%| E|CS|TAMS 0x00000000d4600000| PB 0x00000000d4600000| Complete 
|1351|0x00000000d4700000, 0x00000000d4800000, 0x00000000d4800000|100%| E|CS|TAMS 0x00000000d4700000| PB 0x00000000d4700000| Complete 
|1352|0x00000000d4800000, 0x00000000d4900000, 0x00000000d4900000|100%| E|CS|TAMS 0x00000000d4800000| PB 0x00000000d4800000| Complete 
|1353|0x00000000d4900000, 0x00000000d4a00000, 0x00000000d4a00000|100%| E|CS|TAMS 0x00000000d4900000| PB 0x00000000d4900000| Complete 
|1354|0x00000000d4a00000, 0x00000000d4b00000, 0x00000000d4b00000|100%| E|CS|TAMS 0x00000000d4a00000| PB 0x00000000d4a00000| Complete 
|1355|0x00000000d4b00000, 0x00000000d4c00000, 0x00000000d4c00000|100%| E|CS|TAMS 0x00000000d4b00000| PB 0x00000000d4b00000| Complete 
|1356|0x00000000d4c00000, 0x00000000d4d00000, 0x00000000d4d00000|100%| E|CS|TAMS 0x00000000d4c00000| PB 0x00000000d4c00000| Complete 
|1357|0x00000000d4d00000, 0x00000000d4e00000, 0x00000000d4e00000|100%| E|CS|TAMS 0x00000000d4d00000| PB 0x00000000d4d00000| Complete 
|1358|0x00000000d4e00000, 0x00000000d4f00000, 0x00000000d4f00000|100%| E|CS|TAMS 0x00000000d4e00000| PB 0x00000000d4e00000| Complete 
|1359|0x00000000d4f00000, 0x00000000d5000000, 0x00000000d5000000|100%| E|CS|TAMS 0x00000000d4f00000| PB 0x00000000d4f00000| Complete 
|1360|0x00000000d5000000, 0x00000000d5100000, 0x00000000d5100000|100%| E|CS|TAMS 0x00000000d5000000| PB 0x00000000d5000000| Complete 
|1361|0x00000000d5100000, 0x00000000d5200000, 0x00000000d5200000|100%| E|CS|TAMS 0x00000000d5100000| PB 0x00000000d5100000| Complete 
|1362|0x00000000d5200000, 0x00000000d5300000, 0x00000000d5300000|100%| E|CS|TAMS 0x00000000d5200000| PB 0x00000000d5200000| Complete 
|1363|0x00000000d5300000, 0x00000000d5400000, 0x00000000d5400000|100%| E|CS|TAMS 0x00000000d5300000| PB 0x00000000d5300000| Complete 
|1364|0x00000000d5400000, 0x00000000d5500000, 0x00000000d5500000|100%| E|CS|TAMS 0x00000000d5400000| PB 0x00000000d5400000| Complete 
|1365|0x00000000d5500000, 0x00000000d5600000, 0x00000000d5600000|100%| E|CS|TAMS 0x00000000d5500000| PB 0x00000000d5500000| Complete 
|1366|0x00000000d5600000, 0x00000000d5700000, 0x00000000d5700000|100%| E|CS|TAMS 0x00000000d5600000| PB 0x00000000d5600000| Complete 
|1367|0x00000000d5700000, 0x00000000d5800000, 0x00000000d5800000|100%| E|CS|TAMS 0x00000000d5700000| PB 0x00000000d5700000| Complete 
|1368|0x00000000d5800000, 0x00000000d5900000, 0x00000000d5900000|100%| E|CS|TAMS 0x00000000d5800000| PB 0x00000000d5800000| Complete 
|1369|0x00000000d5900000, 0x00000000d5a00000, 0x00000000d5a00000|100%| E|CS|TAMS 0x00000000d5900000| PB 0x00000000d5900000| Complete 
|1370|0x00000000d5a00000, 0x00000000d5b00000, 0x00000000d5b00000|100%| E|CS|TAMS 0x00000000d5a00000| PB 0x00000000d5a00000| Complete 
|1371|0x00000000d5b00000, 0x00000000d5c00000, 0x00000000d5c00000|100%| E|CS|TAMS 0x00000000d5b00000| PB 0x00000000d5b00000| Complete 
|1372|0x00000000d5c00000, 0x00000000d5d00000, 0x00000000d5d00000|100%| E|CS|TAMS 0x00000000d5c00000| PB 0x00000000d5c00000| Complete 
|1373|0x00000000d5d00000, 0x00000000d5e00000, 0x00000000d5e00000|100%| E|CS|TAMS 0x00000000d5d00000| PB 0x00000000d5d00000| Complete 
|1374|0x00000000d5e00000, 0x00000000d5f00000, 0x00000000d5f00000|100%| E|CS|TAMS 0x00000000d5e00000| PB 0x00000000d5e00000| Complete 
|1375|0x00000000d5f00000, 0x00000000d6000000, 0x00000000d6000000|100%| E|CS|TAMS 0x00000000d5f00000| PB 0x00000000d5f00000| Complete 
|1376|0x00000000d6000000, 0x00000000d6100000, 0x00000000d6100000|100%| E|CS|TAMS 0x00000000d6000000| PB 0x00000000d6000000| Complete 
|1377|0x00000000d6100000, 0x00000000d6200000, 0x00000000d6200000|100%| E|CS|TAMS 0x00000000d6100000| PB 0x00000000d6100000| Complete 
|1378|0x00000000d6200000, 0x00000000d6300000, 0x00000000d6300000|100%| E|CS|TAMS 0x00000000d6200000| PB 0x00000000d6200000| Complete 
|1379|0x00000000d6300000, 0x00000000d6400000, 0x00000000d6400000|100%| E|CS|TAMS 0x00000000d6300000| PB 0x00000000d6300000| Complete 
|1380|0x00000000d6400000, 0x00000000d6500000, 0x00000000d6500000|100%| E|CS|TAMS 0x00000000d6400000| PB 0x00000000d6400000| Complete 
|1381|0x00000000d6500000, 0x00000000d6600000, 0x00000000d6600000|100%| E|CS|TAMS 0x00000000d6500000| PB 0x00000000d6500000| Complete 
|1382|0x00000000d6600000, 0x00000000d6700000, 0x00000000d6700000|100%| E|CS|TAMS 0x00000000d6600000| PB 0x00000000d6600000| Complete 
|1383|0x00000000d6700000, 0x00000000d6800000, 0x00000000d6800000|100%| E|CS|TAMS 0x00000000d6700000| PB 0x00000000d6700000| Complete 
|1384|0x00000000d6800000, 0x00000000d6900000, 0x00000000d6900000|100%| E|CS|TAMS 0x00000000d6800000| PB 0x00000000d6800000| Complete 
|1385|0x00000000d6900000, 0x00000000d6a00000, 0x00000000d6a00000|100%| E|CS|TAMS 0x00000000d6900000| PB 0x00000000d6900000| Complete 
|1386|0x00000000d6a00000, 0x00000000d6b00000, 0x00000000d6b00000|100%| E|CS|TAMS 0x00000000d6a00000| PB 0x00000000d6a00000| Complete 
|1387|0x00000000d6b00000, 0x00000000d6c00000, 0x00000000d6c00000|100%| E|CS|TAMS 0x00000000d6b00000| PB 0x00000000d6b00000| Complete 
|1388|0x00000000d6c00000, 0x00000000d6d00000, 0x00000000d6d00000|100%| E|CS|TAMS 0x00000000d6c00000| PB 0x00000000d6c00000| Complete 
|1389|0x00000000d6d00000, 0x00000000d6e00000, 0x00000000d6e00000|100%| E|CS|TAMS 0x00000000d6d00000| PB 0x00000000d6d00000| Complete 
|1390|0x00000000d6e00000, 0x00000000d6f00000, 0x00000000d6f00000|100%| E|CS|TAMS 0x00000000d6e00000| PB 0x00000000d6e00000| Complete 
|1391|0x00000000d6f00000, 0x00000000d7000000, 0x00000000d7000000|100%| E|CS|TAMS 0x00000000d6f00000| PB 0x00000000d6f00000| Complete 
|1392|0x00000000d7000000, 0x00000000d7100000, 0x00000000d7100000|100%| E|CS|TAMS 0x00000000d7000000| PB 0x00000000d7000000| Complete 
|1393|0x00000000d7100000, 0x00000000d7200000, 0x00000000d7200000|100%| E|CS|TAMS 0x00000000d7100000| PB 0x00000000d7100000| Complete 
|1394|0x00000000d7200000, 0x00000000d7300000, 0x00000000d7300000|100%| E|CS|TAMS 0x00000000d7200000| PB 0x00000000d7200000| Complete 
|1395|0x00000000d7300000, 0x00000000d7400000, 0x00000000d7400000|100%| E|CS|TAMS 0x00000000d7300000| PB 0x00000000d7300000| Complete 
|1396|0x00000000d7400000, 0x00000000d7500000, 0x00000000d7500000|100%| E|CS|TAMS 0x00000000d7400000| PB 0x00000000d7400000| Complete 
|1397|0x00000000d7500000, 0x00000000d7600000, 0x00000000d7600000|100%| E|CS|TAMS 0x00000000d7500000| PB 0x00000000d7500000| Complete 
|1398|0x00000000d7600000, 0x00000000d7700000, 0x00000000d7700000|100%| E|CS|TAMS 0x00000000d7600000| PB 0x00000000d7600000| Complete 
|1399|0x00000000d7700000, 0x00000000d7800000, 0x00000000d7800000|100%| E|CS|TAMS 0x00000000d7700000| PB 0x00000000d7700000| Complete 
|1400|0x00000000d7800000, 0x00000000d7900000, 0x00000000d7900000|100%| E|CS|TAMS 0x00000000d7800000| PB 0x00000000d7800000| Complete 
|1401|0x00000000d7900000, 0x00000000d7a00000, 0x00000000d7a00000|100%| E|CS|TAMS 0x00000000d7900000| PB 0x00000000d7900000| Complete 
|1402|0x00000000d7a00000, 0x00000000d7b00000, 0x00000000d7b00000|100%| E|CS|TAMS 0x00000000d7a00000| PB 0x00000000d7a00000| Complete 
|1403|0x00000000d7b00000, 0x00000000d7c00000, 0x00000000d7c00000|100%| E|CS|TAMS 0x00000000d7b00000| PB 0x00000000d7b00000| Complete 
|1404|0x00000000d7c00000, 0x00000000d7d00000, 0x00000000d7d00000|100%| E|CS|TAMS 0x00000000d7c00000| PB 0x00000000d7c00000| Complete 
|1405|0x00000000d7d00000, 0x00000000d7e00000, 0x00000000d7e00000|100%| E|CS|TAMS 0x00000000d7d00000| PB 0x00000000d7d00000| Complete 
|1406|0x00000000d7e00000, 0x00000000d7f00000, 0x00000000d7f00000|100%| E|CS|TAMS 0x00000000d7e00000| PB 0x00000000d7e00000| Complete 
|1407|0x00000000d7f00000, 0x00000000d8000000, 0x00000000d8000000|100%| E|CS|TAMS 0x00000000d7f00000| PB 0x00000000d7f00000| Complete 
|1408|0x00000000d8000000, 0x00000000d8100000, 0x00000000d8100000|100%| E|CS|TAMS 0x00000000d8000000| PB 0x00000000d8000000| Complete 
|1409|0x00000000d8100000, 0x00000000d8200000, 0x00000000d8200000|100%| E|CS|TAMS 0x00000000d8100000| PB 0x00000000d8100000| Complete 
|1410|0x00000000d8200000, 0x00000000d8300000, 0x00000000d8300000|100%| E|CS|TAMS 0x00000000d8200000| PB 0x00000000d8200000| Complete 
|1411|0x00000000d8300000, 0x00000000d8400000, 0x00000000d8400000|100%| E|CS|TAMS 0x00000000d8300000| PB 0x00000000d8300000| Complete 
|1412|0x00000000d8400000, 0x00000000d8500000, 0x00000000d8500000|100%| E|CS|TAMS 0x00000000d8400000| PB 0x00000000d8400000| Complete 
|1413|0x00000000d8500000, 0x00000000d8600000, 0x00000000d8600000|100%| E|CS|TAMS 0x00000000d8500000| PB 0x00000000d8500000| Complete 
|1414|0x00000000d8600000, 0x00000000d8700000, 0x00000000d8700000|100%| E|CS|TAMS 0x00000000d8600000| PB 0x00000000d8600000| Complete 
|1415|0x00000000d8700000, 0x00000000d8800000, 0x00000000d8800000|100%| E|CS|TAMS 0x00000000d8700000| PB 0x00000000d8700000| Complete 
|1416|0x00000000d8800000, 0x00000000d8900000, 0x00000000d8900000|100%| E|CS|TAMS 0x00000000d8800000| PB 0x00000000d8800000| Complete 
|1417|0x00000000d8900000, 0x00000000d8a00000, 0x00000000d8a00000|100%| E|CS|TAMS 0x00000000d8900000| PB 0x00000000d8900000| Complete 
|1418|0x00000000d8a00000, 0x00000000d8b00000, 0x00000000d8b00000|100%| E|CS|TAMS 0x00000000d8a00000| PB 0x00000000d8a00000| Complete 
|1419|0x00000000d8b00000, 0x00000000d8c00000, 0x00000000d8c00000|100%| E|CS|TAMS 0x00000000d8b00000| PB 0x00000000d8b00000| Complete 
|1420|0x00000000d8c00000, 0x00000000d8d00000, 0x00000000d8d00000|100%| E|CS|TAMS 0x00000000d8c00000| PB 0x00000000d8c00000| Complete 
|1421|0x00000000d8d00000, 0x00000000d8e00000, 0x00000000d8e00000|100%| E|CS|TAMS 0x00000000d8d00000| PB 0x00000000d8d00000| Complete 
|1422|0x00000000d8e00000, 0x00000000d8f00000, 0x00000000d8f00000|100%| E|CS|TAMS 0x00000000d8e00000| PB 0x00000000d8e00000| Complete 
|1423|0x00000000d8f00000, 0x00000000d9000000, 0x00000000d9000000|100%| E|CS|TAMS 0x00000000d8f00000| PB 0x00000000d8f00000| Complete 
|1424|0x00000000d9000000, 0x00000000d9100000, 0x00000000d9100000|100%| E|CS|TAMS 0x00000000d9000000| PB 0x00000000d9000000| Complete 
|1425|0x00000000d9100000, 0x00000000d9200000, 0x00000000d9200000|100%| E|CS|TAMS 0x00000000d9100000| PB 0x00000000d9100000| Complete 
|1426|0x00000000d9200000, 0x00000000d9300000, 0x00000000d9300000|100%| E|CS|TAMS 0x00000000d9200000| PB 0x00000000d9200000| Complete 
|1427|0x00000000d9300000, 0x00000000d9400000, 0x00000000d9400000|100%| E|CS|TAMS 0x00000000d9300000| PB 0x00000000d9300000| Complete 
|1428|0x00000000d9400000, 0x00000000d9500000, 0x00000000d9500000|100%| E|CS|TAMS 0x00000000d9400000| PB 0x00000000d9400000| Complete 
|1429|0x00000000d9500000, 0x00000000d9600000, 0x00000000d9600000|100%| E|CS|TAMS 0x00000000d9500000| PB 0x00000000d9500000| Complete 
|1430|0x00000000d9600000, 0x00000000d9700000, 0x00000000d9700000|100%| E|CS|TAMS 0x00000000d9600000| PB 0x00000000d9600000| Complete 
|1431|0x00000000d9700000, 0x00000000d9800000, 0x00000000d9800000|100%| E|CS|TAMS 0x00000000d9700000| PB 0x00000000d9700000| Complete 
|1432|0x00000000d9800000, 0x00000000d9900000, 0x00000000d9900000|100%| E|CS|TAMS 0x00000000d9800000| PB 0x00000000d9800000| Complete 
|1433|0x00000000d9900000, 0x00000000d9a00000, 0x00000000d9a00000|100%| E|CS|TAMS 0x00000000d9900000| PB 0x00000000d9900000| Complete 
|1434|0x00000000d9a00000, 0x00000000d9b00000, 0x00000000d9b00000|100%| E|CS|TAMS 0x00000000d9a00000| PB 0x00000000d9a00000| Complete 
|1435|0x00000000d9b00000, 0x00000000d9c00000, 0x00000000d9c00000|100%| E|CS|TAMS 0x00000000d9b00000| PB 0x00000000d9b00000| Complete 
|1436|0x00000000d9c00000, 0x00000000d9d00000, 0x00000000d9d00000|100%| E|CS|TAMS 0x00000000d9c00000| PB 0x00000000d9c00000| Complete 
|1437|0x00000000d9d00000, 0x00000000d9e00000, 0x00000000d9e00000|100%| E|CS|TAMS 0x00000000d9d00000| PB 0x00000000d9d00000| Complete 
|1438|0x00000000d9e00000, 0x00000000d9f00000, 0x00000000d9f00000|100%| E|CS|TAMS 0x00000000d9e00000| PB 0x00000000d9e00000| Complete 
|1439|0x00000000d9f00000, 0x00000000da000000, 0x00000000da000000|100%| E|CS|TAMS 0x00000000d9f00000| PB 0x00000000d9f00000| Complete 
|1440|0x00000000da000000, 0x00000000da100000, 0x00000000da100000|100%| E|CS|TAMS 0x00000000da000000| PB 0x00000000da000000| Complete 
|1441|0x00000000da100000, 0x00000000da200000, 0x00000000da200000|100%| E|CS|TAMS 0x00000000da100000| PB 0x00000000da100000| Complete 
|1442|0x00000000da200000, 0x00000000da300000, 0x00000000da300000|100%| E|CS|TAMS 0x00000000da200000| PB 0x00000000da200000| Complete 
|1443|0x00000000da300000, 0x00000000da400000, 0x00000000da400000|100%| E|CS|TAMS 0x00000000da300000| PB 0x00000000da300000| Complete 
|1444|0x00000000da400000, 0x00000000da500000, 0x00000000da500000|100%| E|CS|TAMS 0x00000000da400000| PB 0x00000000da400000| Complete 
|1445|0x00000000da500000, 0x00000000da600000, 0x00000000da600000|100%| E|CS|TAMS 0x00000000da500000| PB 0x00000000da500000| Complete 
|1446|0x00000000da600000, 0x00000000da700000, 0x00000000da700000|100%| E|CS|TAMS 0x00000000da600000| PB 0x00000000da600000| Complete 
|1447|0x00000000da700000, 0x00000000da800000, 0x00000000da800000|100%| E|CS|TAMS 0x00000000da700000| PB 0x00000000da700000| Complete 
|1448|0x00000000da800000, 0x00000000da900000, 0x00000000da900000|100%| E|CS|TAMS 0x00000000da800000| PB 0x00000000da800000| Complete 
|1449|0x00000000da900000, 0x00000000daa00000, 0x00000000daa00000|100%| E|CS|TAMS 0x00000000da900000| PB 0x00000000da900000| Complete 
|1450|0x00000000daa00000, 0x00000000dab00000, 0x00000000dab00000|100%| E|CS|TAMS 0x00000000daa00000| PB 0x00000000daa00000| Complete 
|1451|0x00000000dab00000, 0x00000000dac00000, 0x00000000dac00000|100%| E|CS|TAMS 0x00000000dab00000| PB 0x00000000dab00000| Complete 
|1452|0x00000000dac00000, 0x00000000dad00000, 0x00000000dad00000|100%| E|CS|TAMS 0x00000000dac00000| PB 0x00000000dac00000| Complete 
|1453|0x00000000dad00000, 0x00000000dae00000, 0x00000000dae00000|100%| E|CS|TAMS 0x00000000dad00000| PB 0x00000000dad00000| Complete 
|1454|0x00000000dae00000, 0x00000000daf00000, 0x00000000daf00000|100%| E|CS|TAMS 0x00000000dae00000| PB 0x00000000dae00000| Complete 
|1455|0x00000000daf00000, 0x00000000db000000, 0x00000000db000000|100%| E|CS|TAMS 0x00000000daf00000| PB 0x00000000daf00000| Complete 
|1456|0x00000000db000000, 0x00000000db100000, 0x00000000db100000|100%| E|CS|TAMS 0x00000000db000000| PB 0x00000000db000000| Complete 
|1457|0x00000000db100000, 0x00000000db200000, 0x00000000db200000|100%| E|CS|TAMS 0x00000000db100000| PB 0x00000000db100000| Complete 
|1458|0x00000000db200000, 0x00000000db300000, 0x00000000db300000|100%| E|CS|TAMS 0x00000000db200000| PB 0x00000000db200000| Complete 
|1459|0x00000000db300000, 0x00000000db400000, 0x00000000db400000|100%| E|CS|TAMS 0x00000000db300000| PB 0x00000000db300000| Complete 
|1460|0x00000000db400000, 0x00000000db500000, 0x00000000db500000|100%| E|CS|TAMS 0x00000000db400000| PB 0x00000000db400000| Complete 
|1461|0x00000000db500000, 0x00000000db600000, 0x00000000db600000|100%| E|CS|TAMS 0x00000000db500000| PB 0x00000000db500000| Complete 
|1462|0x00000000db600000, 0x00000000db700000, 0x00000000db700000|100%| E|CS|TAMS 0x00000000db600000| PB 0x00000000db600000| Complete 
|1463|0x00000000db700000, 0x00000000db800000, 0x00000000db800000|100%| E|CS|TAMS 0x00000000db700000| PB 0x00000000db700000| Complete 
|1464|0x00000000db800000, 0x00000000db900000, 0x00000000db900000|100%| E|CS|TAMS 0x00000000db800000| PB 0x00000000db800000| Complete 
|1465|0x00000000db900000, 0x00000000dba00000, 0x00000000dba00000|100%| E|CS|TAMS 0x00000000db900000| PB 0x00000000db900000| Complete 
|1466|0x00000000dba00000, 0x00000000dbb00000, 0x00000000dbb00000|100%| E|CS|TAMS 0x00000000dba00000| PB 0x00000000dba00000| Complete 
|1467|0x00000000dbb00000, 0x00000000dbc00000, 0x00000000dbc00000|100%| E|CS|TAMS 0x00000000dbb00000| PB 0x00000000dbb00000| Complete 
|1468|0x00000000dbc00000, 0x00000000dbd00000, 0x00000000dbd00000|100%| E|CS|TAMS 0x00000000dbc00000| PB 0x00000000dbc00000| Complete 
|1469|0x00000000dbd00000, 0x00000000dbe00000, 0x00000000dbe00000|100%| E|CS|TAMS 0x00000000dbd00000| PB 0x00000000dbd00000| Complete 
|1470|0x00000000dbe00000, 0x00000000dbf00000, 0x00000000dbf00000|100%| E|CS|TAMS 0x00000000dbe00000| PB 0x00000000dbe00000| Complete 
|1471|0x00000000dbf00000, 0x00000000dc000000, 0x00000000dc000000|100%| E|CS|TAMS 0x00000000dbf00000| PB 0x00000000dbf00000| Complete 
|1472|0x00000000dc000000, 0x00000000dc100000, 0x00000000dc100000|100%| E|CS|TAMS 0x00000000dc000000| PB 0x00000000dc000000| Complete 
|1473|0x00000000dc100000, 0x00000000dc200000, 0x00000000dc200000|100%| E|CS|TAMS 0x00000000dc100000| PB 0x00000000dc100000| Complete 
|1474|0x00000000dc200000, 0x00000000dc300000, 0x00000000dc300000|100%| E|CS|TAMS 0x00000000dc200000| PB 0x00000000dc200000| Complete 
|1475|0x00000000dc300000, 0x00000000dc400000, 0x00000000dc400000|100%| E|CS|TAMS 0x00000000dc300000| PB 0x00000000dc300000| Complete 
|1476|0x00000000dc400000, 0x00000000dc500000, 0x00000000dc500000|100%| E|CS|TAMS 0x00000000dc400000| PB 0x00000000dc400000| Complete 
|1477|0x00000000dc500000, 0x00000000dc600000, 0x00000000dc600000|100%| E|CS|TAMS 0x00000000dc500000| PB 0x00000000dc500000| Complete 
|1478|0x00000000dc600000, 0x00000000dc700000, 0x00000000dc700000|100%| E|CS|TAMS 0x00000000dc600000| PB 0x00000000dc600000| Complete 
|1479|0x00000000dc700000, 0x00000000dc800000, 0x00000000dc800000|100%| E|CS|TAMS 0x00000000dc700000| PB 0x00000000dc700000| Complete 
|1480|0x00000000dc800000, 0x00000000dc900000, 0x00000000dc900000|100%| E|CS|TAMS 0x00000000dc800000| PB 0x00000000dc800000| Complete 
|1481|0x00000000dc900000, 0x00000000dca00000, 0x00000000dca00000|100%| E|CS|TAMS 0x00000000dc900000| PB 0x00000000dc900000| Complete 
|1482|0x00000000dca00000, 0x00000000dcb00000, 0x00000000dcb00000|100%| E|CS|TAMS 0x00000000dca00000| PB 0x00000000dca00000| Complete 
|1483|0x00000000dcb00000, 0x00000000dcc00000, 0x00000000dcc00000|100%| E|CS|TAMS 0x00000000dcb00000| PB 0x00000000dcb00000| Complete 
|1484|0x00000000dcc00000, 0x00000000dcd00000, 0x00000000dcd00000|100%| E|CS|TAMS 0x00000000dcc00000| PB 0x00000000dcc00000| Complete 
|1485|0x00000000dcd00000, 0x00000000dce00000, 0x00000000dce00000|100%| E|CS|TAMS 0x00000000dcd00000| PB 0x00000000dcd00000| Complete 
|1486|0x00000000dce00000, 0x00000000dcf00000, 0x00000000dcf00000|100%| E|CS|TAMS 0x00000000dce00000| PB 0x00000000dce00000| Complete 
|1487|0x00000000dcf00000, 0x00000000dd000000, 0x00000000dd000000|100%| E|CS|TAMS 0x00000000dcf00000| PB 0x00000000dcf00000| Complete 
|1488|0x00000000dd000000, 0x00000000dd100000, 0x00000000dd100000|100%| E|CS|TAMS 0x00000000dd000000| PB 0x00000000dd000000| Complete 
|1489|0x00000000dd100000, 0x00000000dd200000, 0x00000000dd200000|100%| E|CS|TAMS 0x00000000dd100000| PB 0x00000000dd100000| Complete 
|1490|0x00000000dd200000, 0x00000000dd300000, 0x00000000dd300000|100%| E|CS|TAMS 0x00000000dd200000| PB 0x00000000dd200000| Complete 
|1491|0x00000000dd300000, 0x00000000dd400000, 0x00000000dd400000|100%| E|CS|TAMS 0x00000000dd300000| PB 0x00000000dd300000| Complete 
|1492|0x00000000dd400000, 0x00000000dd500000, 0x00000000dd500000|100%| E|CS|TAMS 0x00000000dd400000| PB 0x00000000dd400000| Complete 
|1493|0x00000000dd500000, 0x00000000dd600000, 0x00000000dd600000|100%| E|CS|TAMS 0x00000000dd500000| PB 0x00000000dd500000| Complete 
|1494|0x00000000dd600000, 0x00000000dd700000, 0x00000000dd700000|100%| E|CS|TAMS 0x00000000dd600000| PB 0x00000000dd600000| Complete 
|1495|0x00000000dd700000, 0x00000000dd800000, 0x00000000dd800000|100%| E|CS|TAMS 0x00000000dd700000| PB 0x00000000dd700000| Complete 
|1496|0x00000000dd800000, 0x00000000dd900000, 0x00000000dd900000|100%| E|CS|TAMS 0x00000000dd800000| PB 0x00000000dd800000| Complete 
|1497|0x00000000dd900000, 0x00000000dda00000, 0x00000000dda00000|100%| E|CS|TAMS 0x00000000dd900000| PB 0x00000000dd900000| Complete 
|1498|0x00000000dda00000, 0x00000000ddb00000, 0x00000000ddb00000|100%| E|CS|TAMS 0x00000000dda00000| PB 0x00000000dda00000| Complete 
|1499|0x00000000ddb00000, 0x00000000ddc00000, 0x00000000ddc00000|100%| E|CS|TAMS 0x00000000ddb00000| PB 0x00000000ddb00000| Complete 
|1500|0x00000000ddc00000, 0x00000000ddd00000, 0x00000000ddd00000|100%| E|CS|TAMS 0x00000000ddc00000| PB 0x00000000ddc00000| Complete 
|1501|0x00000000ddd00000, 0x00000000dde00000, 0x00000000dde00000|100%| E|CS|TAMS 0x00000000ddd00000| PB 0x00000000ddd00000| Complete 
|1502|0x00000000dde00000, 0x00000000ddf00000, 0x00000000ddf00000|100%| E|CS|TAMS 0x00000000dde00000| PB 0x00000000dde00000| Complete 
|1503|0x00000000ddf00000, 0x00000000de000000, 0x00000000de000000|100%| E|CS|TAMS 0x00000000ddf00000| PB 0x00000000ddf00000| Complete 
|1504|0x00000000de000000, 0x00000000de100000, 0x00000000de100000|100%| E|CS|TAMS 0x00000000de000000| PB 0x00000000de000000| Complete 
|1505|0x00000000de100000, 0x00000000de200000, 0x00000000de200000|100%| E|CS|TAMS 0x00000000de100000| PB 0x00000000de100000| Complete 
|1506|0x00000000de200000, 0x00000000de300000, 0x00000000de300000|100%| E|CS|TAMS 0x00000000de200000| PB 0x00000000de200000| Complete 
|1507|0x00000000de300000, 0x00000000de400000, 0x00000000de400000|100%| E|CS|TAMS 0x00000000de300000| PB 0x00000000de300000| Complete 
|1508|0x00000000de400000, 0x00000000de500000, 0x00000000de500000|100%| E|CS|TAMS 0x00000000de400000| PB 0x00000000de400000| Complete 
|1509|0x00000000de500000, 0x00000000de600000, 0x00000000de600000|100%| E|CS|TAMS 0x00000000de500000| PB 0x00000000de500000| Complete 
|1510|0x00000000de600000, 0x00000000de700000, 0x00000000de700000|100%| E|CS|TAMS 0x00000000de600000| PB 0x00000000de600000| Complete 
|1511|0x00000000de700000, 0x00000000de800000, 0x00000000de800000|100%| E|CS|TAMS 0x00000000de700000| PB 0x00000000de700000| Complete 
|1512|0x00000000de800000, 0x00000000de900000, 0x00000000de900000|100%| E|CS|TAMS 0x00000000de800000| PB 0x00000000de800000| Complete 
|1513|0x00000000de900000, 0x00000000dea00000, 0x00000000dea00000|100%| E|CS|TAMS 0x00000000de900000| PB 0x00000000de900000| Complete 
|1514|0x00000000dea00000, 0x00000000deb00000, 0x00000000deb00000|100%| E|CS|TAMS 0x00000000dea00000| PB 0x00000000dea00000| Complete 
|1515|0x00000000deb00000, 0x00000000dec00000, 0x00000000dec00000|100%| E|CS|TAMS 0x00000000deb00000| PB 0x00000000deb00000| Complete 
|1516|0x00000000dec00000, 0x00000000ded00000, 0x00000000ded00000|100%| E|CS|TAMS 0x00000000dec00000| PB 0x00000000dec00000| Complete 
|1517|0x00000000ded00000, 0x00000000dee00000, 0x00000000dee00000|100%| E|CS|TAMS 0x00000000ded00000| PB 0x00000000ded00000| Complete 
|1518|0x00000000dee00000, 0x00000000def00000, 0x00000000def00000|100%| E|CS|TAMS 0x00000000dee00000| PB 0x00000000dee00000| Complete 
|1519|0x00000000def00000, 0x00000000df000000, 0x00000000df000000|100%| E|CS|TAMS 0x00000000def00000| PB 0x00000000def00000| Complete 
|1520|0x00000000df000000, 0x00000000df100000, 0x00000000df100000|100%| E|CS|TAMS 0x00000000df000000| PB 0x00000000df000000| Complete 
|1521|0x00000000df100000, 0x00000000df200000, 0x00000000df200000|100%| E|CS|TAMS 0x00000000df100000| PB 0x00000000df100000| Complete 
|1522|0x00000000df200000, 0x00000000df300000, 0x00000000df300000|100%| E|CS|TAMS 0x00000000df200000| PB 0x00000000df200000| Complete 
|1523|0x00000000df300000, 0x00000000df400000, 0x00000000df400000|100%| E|CS|TAMS 0x00000000df300000| PB 0x00000000df300000| Complete 
|1524|0x00000000df400000, 0x00000000df500000, 0x00000000df500000|100%| E|CS|TAMS 0x00000000df400000| PB 0x00000000df400000| Complete 
|1525|0x00000000df500000, 0x00000000df600000, 0x00000000df600000|100%| E|CS|TAMS 0x00000000df500000| PB 0x00000000df500000| Complete 
|1526|0x00000000df600000, 0x00000000df700000, 0x00000000df700000|100%| E|CS|TAMS 0x00000000df600000| PB 0x00000000df600000| Complete 
|1527|0x00000000df700000, 0x00000000df800000, 0x00000000df800000|100%| E|CS|TAMS 0x00000000df700000| PB 0x00000000df700000| Complete 
|1528|0x00000000df800000, 0x00000000df900000, 0x00000000df900000|100%| E|CS|TAMS 0x00000000df800000| PB 0x00000000df800000| Complete 
|1529|0x00000000df900000, 0x00000000dfa00000, 0x00000000dfa00000|100%| E|CS|TAMS 0x00000000df900000| PB 0x00000000df900000| Complete 
|1530|0x00000000dfa00000, 0x00000000dfb00000, 0x00000000dfb00000|100%| E|CS|TAMS 0x00000000dfa00000| PB 0x00000000dfa00000| Complete 
|1531|0x00000000dfb00000, 0x00000000dfc00000, 0x00000000dfc00000|100%| E|CS|TAMS 0x00000000dfb00000| PB 0x00000000dfb00000| Complete 
|1532|0x00000000dfc00000, 0x00000000dfd00000, 0x00000000dfd00000|100%| E|CS|TAMS 0x00000000dfc00000| PB 0x00000000dfc00000| Complete 
|1533|0x00000000dfd00000, 0x00000000dfe00000, 0x00000000dfe00000|100%| E|CS|TAMS 0x00000000dfd00000| PB 0x00000000dfd00000| Complete 
|1534|0x00000000dfe00000, 0x00000000dff00000, 0x00000000dff00000|100%| E|CS|TAMS 0x00000000dfe00000| PB 0x00000000dfe00000| Complete 
|1535|0x00000000dff00000, 0x00000000e0000000, 0x00000000e0000000|100%| E|CS|TAMS 0x00000000dff00000| PB 0x00000000dff00000| Complete 
|1536|0x00000000e0000000, 0x00000000e0100000, 0x00000000e0100000|100%| E|CS|TAMS 0x00000000e0000000| PB 0x00000000e0000000| Complete 
|1537|0x00000000e0100000, 0x00000000e0200000, 0x00000000e0200000|100%| E|CS|TAMS 0x00000000e0100000| PB 0x00000000e0100000| Complete 
|1538|0x00000000e0200000, 0x00000000e0300000, 0x00000000e0300000|100%| E|CS|TAMS 0x00000000e0200000| PB 0x00000000e0200000| Complete 
|1539|0x00000000e0300000, 0x00000000e0400000, 0x00000000e0400000|100%| E|CS|TAMS 0x00000000e0300000| PB 0x00000000e0300000| Complete 
|1540|0x00000000e0400000, 0x00000000e0500000, 0x00000000e0500000|100%| E|CS|TAMS 0x00000000e0400000| PB 0x00000000e0400000| Complete 
|1541|0x00000000e0500000, 0x00000000e0600000, 0x00000000e0600000|100%| E|CS|TAMS 0x00000000e0500000| PB 0x00000000e0500000| Complete 
|1542|0x00000000e0600000, 0x00000000e0700000, 0x00000000e0700000|100%| E|CS|TAMS 0x00000000e0600000| PB 0x00000000e0600000| Complete 
|1543|0x00000000e0700000, 0x00000000e0800000, 0x00000000e0800000|100%| E|CS|TAMS 0x00000000e0700000| PB 0x00000000e0700000| Complete 
|1544|0x00000000e0800000, 0x00000000e0900000, 0x00000000e0900000|100%| E|CS|TAMS 0x00000000e0800000| PB 0x00000000e0800000| Complete 
|1545|0x00000000e0900000, 0x00000000e0a00000, 0x00000000e0a00000|100%| E|CS|TAMS 0x00000000e0900000| PB 0x00000000e0900000| Complete 
|1546|0x00000000e0a00000, 0x00000000e0b00000, 0x00000000e0b00000|100%| E|CS|TAMS 0x00000000e0a00000| PB 0x00000000e0a00000| Complete 
|1547|0x00000000e0b00000, 0x00000000e0c00000, 0x00000000e0c00000|100%| E|CS|TAMS 0x00000000e0b00000| PB 0x00000000e0b00000| Complete 
|1548|0x00000000e0c00000, 0x00000000e0d00000, 0x00000000e0d00000|100%| E|CS|TAMS 0x00000000e0c00000| PB 0x00000000e0c00000| Complete 
|1549|0x00000000e0d00000, 0x00000000e0e00000, 0x00000000e0e00000|100%| E|CS|TAMS 0x00000000e0d00000| PB 0x00000000e0d00000| Complete 
|1550|0x00000000e0e00000, 0x00000000e0f00000, 0x00000000e0f00000|100%| E|CS|TAMS 0x00000000e0e00000| PB 0x00000000e0e00000| Complete 
|1551|0x00000000e0f00000, 0x00000000e1000000, 0x00000000e1000000|100%| E|CS|TAMS 0x00000000e0f00000| PB 0x00000000e0f00000| Complete 
|1552|0x00000000e1000000, 0x00000000e1100000, 0x00000000e1100000|100%| E|CS|TAMS 0x00000000e1000000| PB 0x00000000e1000000| Complete 
|1553|0x00000000e1100000, 0x00000000e1200000, 0x00000000e1200000|100%| E|CS|TAMS 0x00000000e1100000| PB 0x00000000e1100000| Complete 
|1554|0x00000000e1200000, 0x00000000e1300000, 0x00000000e1300000|100%| E|CS|TAMS 0x00000000e1200000| PB 0x00000000e1200000| Complete 
|1555|0x00000000e1300000, 0x00000000e1400000, 0x00000000e1400000|100%| E|CS|TAMS 0x00000000e1300000| PB 0x00000000e1300000| Complete 
|1556|0x00000000e1400000, 0x00000000e1500000, 0x00000000e1500000|100%| E|CS|TAMS 0x00000000e1400000| PB 0x00000000e1400000| Complete 
|1557|0x00000000e1500000, 0x00000000e1600000, 0x00000000e1600000|100%| E|CS|TAMS 0x00000000e1500000| PB 0x00000000e1500000| Complete 
|1558|0x00000000e1600000, 0x00000000e1700000, 0x00000000e1700000|100%| E|CS|TAMS 0x00000000e1600000| PB 0x00000000e1600000| Complete 
|1559|0x00000000e1700000, 0x00000000e1800000, 0x00000000e1800000|100%| E|CS|TAMS 0x00000000e1700000| PB 0x00000000e1700000| Complete 
|1560|0x00000000e1800000, 0x00000000e1900000, 0x00000000e1900000|100%| E|CS|TAMS 0x00000000e1800000| PB 0x00000000e1800000| Complete 
|1561|0x00000000e1900000, 0x00000000e1a00000, 0x00000000e1a00000|100%| E|CS|TAMS 0x00000000e1900000| PB 0x00000000e1900000| Complete 
|1562|0x00000000e1a00000, 0x00000000e1b00000, 0x00000000e1b00000|100%| E|CS|TAMS 0x00000000e1a00000| PB 0x00000000e1a00000| Complete 
|1563|0x00000000e1b00000, 0x00000000e1c00000, 0x00000000e1c00000|100%| E|CS|TAMS 0x00000000e1b00000| PB 0x00000000e1b00000| Complete 
|1564|0x00000000e1c00000, 0x00000000e1d00000, 0x00000000e1d00000|100%| E|CS|TAMS 0x00000000e1c00000| PB 0x00000000e1c00000| Complete 
|1565|0x00000000e1d00000, 0x00000000e1e00000, 0x00000000e1e00000|100%| E|CS|TAMS 0x00000000e1d00000| PB 0x00000000e1d00000| Complete 
|1566|0x00000000e1e00000, 0x00000000e1f00000, 0x00000000e1f00000|100%| E|CS|TAMS 0x00000000e1e00000| PB 0x00000000e1e00000| Complete 
|1567|0x00000000e1f00000, 0x00000000e2000000, 0x00000000e2000000|100%| E|CS|TAMS 0x00000000e1f00000| PB 0x00000000e1f00000| Complete 
|1929|0x00000000f8900000, 0x00000000f8a00000, 0x00000000f8a00000|100%| E|CS|TAMS 0x00000000f8900000| PB 0x00000000f8900000| Complete 
|1930|0x00000000f8a00000, 0x00000000f8b00000, 0x00000000f8b00000|100%| O|  |TAMS 0x00000000f8a00000| PB 0x00000000f8a00000| Untracked 
|1931|0x00000000f8b00000, 0x00000000f8c00000, 0x00000000f8c00000|100%| O|  |TAMS 0x00000000f8b00000| PB 0x00000000f8b00000| Untracked 
|1932|0x00000000f8c00000, 0x00000000f8d00000, 0x00000000f8d00000|100%| E|CS|TAMS 0x00000000f8c00000| PB 0x00000000f8c00000| Complete 
|1933|0x00000000f8d00000, 0x00000000f8e00000, 0x00000000f8e00000|100%| E|CS|TAMS 0x00000000f8d00000| PB 0x00000000f8d00000| Complete 
|1934|0x00000000f8e00000, 0x00000000f8f00000, 0x00000000f8f00000|100%| E|CS|TAMS 0x00000000f8e00000| PB 0x00000000f8e00000| Complete 
|1935|0x00000000f8f00000, 0x00000000f9000000, 0x00000000f9000000|100%| O|  |TAMS 0x00000000f8f00000| PB 0x00000000f8f00000| Untracked 
|1936|0x00000000f9000000, 0x00000000f9100000, 0x00000000f9100000|100%| E|CS|TAMS 0x00000000f9000000| PB 0x00000000f9000000| Complete 
|1937|0x00000000f9100000, 0x00000000f9200000, 0x00000000f9200000|100%| E|CS|TAMS 0x00000000f9100000| PB 0x00000000f9100000| Complete 
|1938|0x00000000f9200000, 0x00000000f9300000, 0x00000000f9300000|100%| E|CS|TAMS 0x00000000f9200000| PB 0x00000000f9200000| Complete 
|1939|0x00000000f9300000, 0x00000000f9400000, 0x00000000f9400000|100%| E|CS|TAMS 0x00000000f9300000| PB 0x00000000f9300000| Complete 
|1940|0x00000000f9400000, 0x00000000f9500000, 0x00000000f9500000|100%| E|CS|TAMS 0x00000000f9400000| PB 0x00000000f9400000| Complete 
|1941|0x00000000f9500000, 0x00000000f9600000, 0x00000000f9600000|100%| E|CS|TAMS 0x00000000f9500000| PB 0x00000000f9500000| Complete 
|1942|0x00000000f9600000, 0x00000000f9700000, 0x00000000f9700000|100%| O|  |TAMS 0x00000000f9600000| PB 0x00000000f9600000| Untracked 
|1943|0x00000000f9700000, 0x00000000f9800000, 0x00000000f9800000|100%| E|CS|TAMS 0x00000000f9700000| PB 0x00000000f9700000| Complete 
|1944|0x00000000f9800000, 0x00000000f9900000, 0x00000000f9900000|100%| E|CS|TAMS 0x00000000f9800000| PB 0x00000000f9800000| Complete 
|1945|0x00000000f9900000, 0x00000000f9a00000, 0x00000000f9a00000|100%| E|CS|TAMS 0x00000000f9900000| PB 0x00000000f9900000| Complete 
|1946|0x00000000f9a00000, 0x00000000f9b00000, 0x00000000f9b00000|100%| O|  |TAMS 0x00000000f9a00000| PB 0x00000000f9a00000| Untracked 
|1947|0x00000000f9b00000, 0x00000000f9c00000, 0x00000000f9c00000|100%| E|CS|TAMS 0x00000000f9b00000| PB 0x00000000f9b00000| Complete 
|1948|0x00000000f9c00000, 0x00000000f9d00000, 0x00000000f9d00000|100%| E|CS|TAMS 0x00000000f9c00000| PB 0x00000000f9c00000| Complete 
|1949|0x00000000f9d00000, 0x00000000f9e00000, 0x00000000f9e00000|100%| E|CS|TAMS 0x00000000f9d00000| PB 0x00000000f9d00000| Complete 
|1950|0x00000000f9e00000, 0x00000000f9f00000, 0x00000000f9f00000|100%| O|  |TAMS 0x00000000f9e00000| PB 0x00000000f9e00000| Untracked 
|1951|0x00000000f9f00000, 0x00000000fa000000, 0x00000000fa000000|100%| O|  |TAMS 0x00000000f9f00000| PB 0x00000000f9f00000| Untracked 
|1952|0x00000000fa000000, 0x00000000fa100000, 0x00000000fa100000|100%| E|CS|TAMS 0x00000000fa000000| PB 0x00000000fa000000| Complete 
|1953|0x00000000fa100000, 0x00000000fa200000, 0x00000000fa200000|100%| E|CS|TAMS 0x00000000fa100000| PB 0x00000000fa100000| Complete 
|1954|0x00000000fa200000, 0x00000000fa300000, 0x00000000fa300000|100%| O|  |TAMS 0x00000000fa200000| PB 0x00000000fa200000| Untracked 
|1955|0x00000000fa300000, 0x00000000fa400000, 0x00000000fa400000|100%| O|  |TAMS 0x00000000fa300000| PB 0x00000000fa300000| Untracked 
|1956|0x00000000fa400000, 0x00000000fa500000, 0x00000000fa500000|100%| O|  |TAMS 0x00000000fa400000| PB 0x00000000fa400000| Untracked 
|1957|0x00000000fa500000, 0x00000000fa600000, 0x00000000fa600000|100%| E|CS|TAMS 0x00000000fa500000| PB 0x00000000fa500000| Complete 
|1958|0x00000000fa600000, 0x00000000fa700000, 0x00000000fa700000|100%| E|CS|TAMS 0x00000000fa600000| PB 0x00000000fa600000| Complete 
|1959|0x00000000fa700000, 0x00000000fa800000, 0x00000000fa800000|100%| E|CS|TAMS 0x00000000fa700000| PB 0x00000000fa700000| Complete 
|1960|0x00000000fa800000, 0x00000000fa900000, 0x00000000fa900000|100%| E|CS|TAMS 0x00000000fa800000| PB 0x00000000fa800000| Complete 
|1961|0x00000000fa900000, 0x00000000faa00000, 0x00000000faa00000|100%| E|CS|TAMS 0x00000000fa900000| PB 0x00000000fa900000| Complete 
|1962|0x00000000faa00000, 0x00000000fab00000, 0x00000000fab00000|100%| E|CS|TAMS 0x00000000faa00000| PB 0x00000000faa00000| Complete 
|1963|0x00000000fab00000, 0x00000000fac00000, 0x00000000fac00000|100%| E|CS|TAMS 0x00000000fab00000| PB 0x00000000fab00000| Complete 
|1964|0x00000000fac00000, 0x00000000fad00000, 0x00000000fad00000|100%| E|CS|TAMS 0x00000000fac00000| PB 0x00000000fac00000| Complete 
|1965|0x00000000fad00000, 0x00000000fae00000, 0x00000000fae00000|100%| E|CS|TAMS 0x00000000fad00000| PB 0x00000000fad00000| Complete 
|1966|0x00000000fae00000, 0x00000000faf00000, 0x00000000faf00000|100%| E|CS|TAMS 0x00000000fae00000| PB 0x00000000fae00000| Complete 
|1967|0x00000000faf00000, 0x00000000fb000000, 0x00000000fb000000|100%| E|CS|TAMS 0x00000000faf00000| PB 0x00000000faf00000| Complete 
|1968|0x00000000fb000000, 0x00000000fb100000, 0x00000000fb100000|100%| O|  |TAMS 0x00000000fb000000| PB 0x00000000fb000000| Untracked 
|1969|0x00000000fb100000, 0x00000000fb200000, 0x00000000fb200000|100%| O|  |TAMS 0x00000000fb100000| PB 0x00000000fb100000| Untracked 
|1970|0x00000000fb200000, 0x00000000fb300000, 0x00000000fb300000|100%| O|  |TAMS 0x00000000fb200000| PB 0x00000000fb200000| Untracked 
|1971|0x00000000fb300000, 0x00000000fb400000, 0x00000000fb400000|100%| O|  |TAMS 0x00000000fb300000| PB 0x00000000fb300000| Untracked 
|1972|0x00000000fb400000, 0x00000000fb500000, 0x00000000fb500000|100%| O|  |TAMS 0x00000000fb400000| PB 0x00000000fb400000| Untracked 
|1973|0x00000000fb500000, 0x00000000fb600000, 0x00000000fb600000|100%| O|  |TAMS 0x00000000fb500000| PB 0x00000000fb500000| Untracked 
|1974|0x00000000fb600000, 0x00000000fb700000, 0x00000000fb700000|100%| O|  |TAMS 0x00000000fb600000| PB 0x00000000fb600000| Untracked 
|1975|0x00000000fb700000, 0x00000000fb800000, 0x00000000fb800000|100%| E|CS|TAMS 0x00000000fb700000| PB 0x00000000fb700000| Complete 
|1976|0x00000000fb800000, 0x00000000fb900000, 0x00000000fb900000|100%| E|CS|TAMS 0x00000000fb800000| PB 0x00000000fb800000| Complete 
|1977|0x00000000fb900000, 0x00000000fba00000, 0x00000000fba00000|100%| E|CS|TAMS 0x00000000fb900000| PB 0x00000000fb900000| Complete 
|1978|0x00000000fba00000, 0x00000000fbb00000, 0x00000000fbb00000|100%| E|CS|TAMS 0x00000000fba00000| PB 0x00000000fba00000| Complete 
|1979|0x00000000fbb00000, 0x00000000fbc00000, 0x00000000fbc00000|100%| E|CS|TAMS 0x00000000fbb00000| PB 0x00000000fbb00000| Complete 
|1980|0x00000000fbc00000, 0x00000000fbd00000, 0x00000000fbd00000|100%| E|CS|TAMS 0x00000000fbc00000| PB 0x00000000fbc00000| Complete 
|1981|0x00000000fbd00000, 0x00000000fbe00000, 0x00000000fbe00000|100%| O|  |TAMS 0x00000000fbd00000| PB 0x00000000fbd00000| Untracked 
|1982|0x00000000fbe00000, 0x00000000fbf00000, 0x00000000fbf00000|100%| O|  |TAMS 0x00000000fbe00000| PB 0x00000000fbe00000| Untracked 
|1983|0x00000000fbf00000, 0x00000000fc000000, 0x00000000fc000000|100%| O|  |TAMS 0x00000000fbf00000| PB 0x00000000fbf00000| Untracked 
|1984|0x00000000fc000000, 0x00000000fc100000, 0x00000000fc100000|100%| O|  |TAMS 0x00000000fc000000| PB 0x00000000fc000000| Untracked 
|1985|0x00000000fc100000, 0x00000000fc200000, 0x00000000fc200000|100%| O|  |TAMS 0x00000000fc100000| PB 0x00000000fc100000| Untracked 
|1986|0x00000000fc200000, 0x00000000fc300000, 0x00000000fc300000|100%| O|  |TAMS 0x00000000fc200000| PB 0x00000000fc200000| Untracked 
|1987|0x00000000fc300000, 0x00000000fc400000, 0x00000000fc400000|100%| O|  |TAMS 0x00000000fc300000| PB 0x00000000fc300000| Untracked 
|1988|0x00000000fc400000, 0x00000000fc500000, 0x00000000fc500000|100%| O|  |TAMS 0x00000000fc400000| PB 0x00000000fc400000| Untracked 
|1989|0x00000000fc500000, 0x00000000fc600000, 0x00000000fc600000|100%| O|  |TAMS 0x00000000fc500000| PB 0x00000000fc500000| Untracked 
|1990|0x00000000fc600000, 0x00000000fc700000, 0x00000000fc700000|100%| O|  |TAMS 0x00000000fc600000| PB 0x00000000fc600000| Untracked 
|1991|0x00000000fc700000, 0x00000000fc800000, 0x00000000fc800000|100%| O|  |TAMS 0x00000000fc700000| PB 0x00000000fc700000| Untracked 
|1992|0x00000000fc800000, 0x00000000fc900000, 0x00000000fc900000|100%| O|  |TAMS 0x00000000fc800000| PB 0x00000000fc800000| Untracked 
|1993|0x00000000fc900000, 0x00000000fca00000, 0x00000000fca00000|100%| O|  |TAMS 0x00000000fc900000| PB 0x00000000fc900000| Untracked 
|1994|0x00000000fca00000, 0x00000000fcb00000, 0x00000000fcb00000|100%| O|  |TAMS 0x00000000fca00000| PB 0x00000000fca00000| Untracked 
|1995|0x00000000fcb00000, 0x00000000fcc00000, 0x00000000fcc00000|100%| O|  |TAMS 0x00000000fcb00000| PB 0x00000000fcb00000| Untracked 
|1996|0x00000000fcc00000, 0x00000000fcd00000, 0x00000000fcd00000|100%| O|  |TAMS 0x00000000fcc00000| PB 0x00000000fcc00000| Untracked 
|1997|0x00000000fcd00000, 0x00000000fce00000, 0x00000000fce00000|100%| O|  |TAMS 0x00000000fcd00000| PB 0x00000000fcd00000| Untracked 
|1998|0x00000000fce00000, 0x00000000fcf00000, 0x00000000fcf00000|100%| O|  |TAMS 0x00000000fce00000| PB 0x00000000fce00000| Untracked 
|1999|0x00000000fcf00000, 0x00000000fd000000, 0x00000000fd000000|100%| O|  |TAMS 0x00000000fcf00000| PB 0x00000000fcf00000| Untracked 
|2000|0x00000000fd000000, 0x00000000fd100000, 0x00000000fd100000|100%| O|  |TAMS 0x00000000fd000000| PB 0x00000000fd000000| Untracked 
|2001|0x00000000fd100000, 0x00000000fd200000, 0x00000000fd200000|100%| O|  |TAMS 0x00000000fd100000| PB 0x00000000fd100000| Untracked 
|2002|0x00000000fd200000, 0x00000000fd300000, 0x00000000fd300000|100%| O|  |TAMS 0x00000000fd200000| PB 0x00000000fd200000| Untracked 
|2003|0x00000000fd300000, 0x00000000fd400000, 0x00000000fd400000|100%| O|  |TAMS 0x00000000fd300000| PB 0x00000000fd300000| Untracked 
|2004|0x00000000fd400000, 0x00000000fd500000, 0x00000000fd500000|100%| O|  |TAMS 0x00000000fd400000| PB 0x00000000fd400000| Untracked 
|2005|0x00000000fd500000, 0x00000000fd600000, 0x00000000fd600000|100%| O|  |TAMS 0x00000000fd500000| PB 0x00000000fd500000| Untracked 
|2006|0x00000000fd600000, 0x00000000fd700000, 0x00000000fd700000|100%| O|  |TAMS 0x00000000fd600000| PB 0x00000000fd600000| Untracked 
|2007|0x00000000fd700000, 0x00000000fd800000, 0x00000000fd800000|100%| O|  |TAMS 0x00000000fd700000| PB 0x00000000fd700000| Untracked 
|2008|0x00000000fd800000, 0x00000000fd900000, 0x00000000fd900000|100%| O|  |TAMS 0x00000000fd800000| PB 0x00000000fd800000| Untracked 
|2009|0x00000000fd900000, 0x00000000fda00000, 0x00000000fda00000|100%| O|  |TAMS 0x00000000fd900000| PB 0x00000000fd900000| Untracked 
|2010|0x00000000fda00000, 0x00000000fdb00000, 0x00000000fdb00000|100%| O|  |TAMS 0x00000000fda00000| PB 0x00000000fda00000| Untracked 
|2011|0x00000000fdb00000, 0x00000000fdc00000, 0x00000000fdc00000|100%| O|  |TAMS 0x00000000fdb00000| PB 0x00000000fdb00000| Untracked 
|2012|0x00000000fdc00000, 0x00000000fdd00000, 0x00000000fdd00000|100%| O|  |TAMS 0x00000000fdc00000| PB 0x00000000fdc00000| Untracked 
|2013|0x00000000fdd00000, 0x00000000fde00000, 0x00000000fde00000|100%| O|  |TAMS 0x00000000fdd00000| PB 0x00000000fdd00000| Untracked 
|2014|0x00000000fde00000, 0x00000000fdf00000, 0x00000000fdf00000|100%| O|  |TAMS 0x00000000fde00000| PB 0x00000000fde00000| Untracked 
|2015|0x00000000fdf00000, 0x00000000fe000000, 0x00000000fe000000|100%| O|  |TAMS 0x00000000fdf00000| PB 0x00000000fdf00000| Untracked 
|2016|0x00000000fe000000, 0x00000000fe100000, 0x00000000fe100000|100%| O|  |TAMS 0x00000000fe000000| PB 0x00000000fe000000| Untracked 
|2017|0x00000000fe100000, 0x00000000fe200000, 0x00000000fe200000|100%| O|  |TAMS 0x00000000fe100000| PB 0x00000000fe100000| Untracked 
|2018|0x00000000fe200000, 0x00000000fe300000, 0x00000000fe300000|100%| O|  |TAMS 0x00000000fe200000| PB 0x00000000fe200000| Untracked 
|2019|0x00000000fe300000, 0x00000000fe400000, 0x00000000fe400000|100%| E|CS|TAMS 0x00000000fe300000| PB 0x00000000fe300000| Complete 
|2020|0x00000000fe400000, 0x00000000fe500000, 0x00000000fe500000|100%| E|CS|TAMS 0x00000000fe400000| PB 0x00000000fe400000| Complete 
|2021|0x00000000fe500000, 0x00000000fe600000, 0x00000000fe600000|100%| E|CS|TAMS 0x00000000fe500000| PB 0x00000000fe500000| Complete 
|2022|0x00000000fe600000, 0x00000000fe700000, 0x00000000fe700000|100%| E|CS|TAMS 0x00000000fe600000| PB 0x00000000fe600000| Complete 
|2023|0x00000000fe700000, 0x00000000fe800000, 0x00000000fe800000|100%| E|CS|TAMS 0x00000000fe700000| PB 0x00000000fe700000| Complete 
|2024|0x00000000fe800000, 0x00000000fe900000, 0x00000000fe900000|100%| E|CS|TAMS 0x00000000fe800000| PB 0x00000000fe800000| Complete 
|2025|0x00000000fe900000, 0x00000000fea00000, 0x00000000fea00000|100%| E|CS|TAMS 0x00000000fe900000| PB 0x00000000fe900000| Complete 
|2026|0x00000000fea00000, 0x00000000feb00000, 0x00000000feb00000|100%| E|CS|TAMS 0x00000000fea00000| PB 0x00000000fea00000| Complete 
|2027|0x00000000feb00000, 0x00000000fec00000, 0x00000000fec00000|100%| E|CS|TAMS 0x00000000feb00000| PB 0x00000000feb00000| Complete 
|2028|0x00000000fec00000, 0x00000000fed00000, 0x00000000fed00000|100%| E|CS|TAMS 0x00000000fec00000| PB 0x00000000fec00000| Complete 
|2029|0x00000000fed00000, 0x00000000fee00000, 0x00000000fee00000|100%| E|CS|TAMS 0x00000000fed00000| PB 0x00000000fed00000| Complete 
|2030|0x00000000fee00000, 0x00000000fef00000, 0x00000000fef00000|100%| E|CS|TAMS 0x00000000fee00000| PB 0x00000000fee00000| Complete 
|2031|0x00000000fef00000, 0x00000000ff000000, 0x00000000ff000000|100%| O|  |TAMS 0x00000000fef00000| PB 0x00000000fef00000| Untracked 
|2032|0x00000000ff000000, 0x00000000ff100000, 0x00000000ff100000|100%| O|  |TAMS 0x00000000ff000000| PB 0x00000000ff000000| Untracked 
|2033|0x00000000ff100000, 0x00000000ff200000, 0x00000000ff200000|100%| O|  |TAMS 0x00000000ff100000| PB 0x00000000ff100000| Untracked 
|2034|0x00000000ff200000, 0x00000000ff300000, 0x00000000ff300000|100%| O|  |TAMS 0x00000000ff200000| PB 0x00000000ff200000| Untracked 
|2035|0x00000000ff300000, 0x00000000ff400000, 0x00000000ff400000|100%| O|  |TAMS 0x00000000ff300000| PB 0x00000000ff300000| Untracked 
|2036|0x00000000ff400000, 0x00000000ff500000, 0x00000000ff500000|100%| O|  |TAMS 0x00000000ff400000| PB 0x00000000ff400000| Untracked 
|2037|0x00000000ff500000, 0x00000000ff600000, 0x00000000ff600000|100%| O|  |TAMS 0x00000000ff500000| PB 0x00000000ff500000| Untracked 
|2038|0x00000000ff600000, 0x00000000ff700000, 0x00000000ff700000|100%| O|  |TAMS 0x00000000ff600000| PB 0x00000000ff600000| Untracked 
|2039|0x00000000ff700000, 0x00000000ff800000, 0x00000000ff800000|100%| O|  |TAMS 0x00000000ff700000| PB 0x00000000ff700000| Untracked 
|2040|0x00000000ff800000, 0x00000000ff900000, 0x00000000ff900000|100%| O|  |TAMS 0x00000000ff800000| PB 0x00000000ff800000| Untracked 
|2041|0x00000000ff900000, 0x00000000ffa00000, 0x00000000ffa00000|100%| O|  |TAMS 0x00000000ff900000| PB 0x00000000ff900000| Untracked 
|2042|0x00000000ffa00000, 0x00000000ffb00000, 0x00000000ffb00000|100%| O|  |TAMS 0x00000000ffa00000| PB 0x00000000ffa00000| Untracked 
|2043|0x00000000ffb00000, 0x00000000ffc00000, 0x00000000ffc00000|100%| O|  |TAMS 0x00000000ffb00000| PB 0x00000000ffb00000| Untracked 
|2044|0x00000000ffc00000, 0x00000000ffd00000, 0x00000000ffd00000|100%| O|  |TAMS 0x00000000ffc00000| PB 0x00000000ffc00000| Untracked 
|2045|0x00000000ffd00000, 0x00000000ffe00000, 0x00000000ffe00000|100%| O|  |TAMS 0x00000000ffd00000| PB 0x00000000ffd00000| Untracked 
|2046|0x00000000ffe00000, 0x00000000fff00000, 0x00000000fff00000|100%| O|  |TAMS 0x00000000ffe00000| PB 0x00000000ffe00000| Untracked 
|2047|0x00000000fff00000, 0x0000000100000000, 0x0000000100000000|100%| E|CS|TAMS 0x00000000fff00000| PB 0x00000000fff00000| Complete 

Card table byte_map: [0x00007f48a6e00000,0x00007f48a7200000] _byte_map_base: 0x00007f48a6a00000

Marking Bits: (CMBitMap*) 0x00007f48c0079870
 Bits: [0x00007f48a4e00000, 0x00007f48a6e00000)

Polling page: 0x00007f48c68c8000

Metaspace:

Usage:
  Non-class:    267.67 MB used.
      Class:     37.90 MB used.
       Both:    305.57 MB used.

Virtual space:
  Non-class space:      320.00 MB reserved,     269.25 MB ( 84%) committed,  5 nodes.
      Class space:        1.00 GB reserved,      39.44 MB (  4%) committed,  1 nodes.
             Both:        1.31 GB reserved,     308.69 MB ( 23%) committed. 

Chunk freelists:
   Non-Class:  2.22 MB
       Class:  8.55 MB
        Both:  10.77 MB

MaxMetaspaceSize: unlimited
CompressedClassSpaceSize: 1.00 GB
Initial GC threshold: 21.00 MB
Current GC threshold: 514.19 MB
CDS: on
 - commit_granule_bytes: 65536.
 - commit_granule_words: 8192.
 - virtual_space_node_default_size: 8388608.
 - enlarge_chunks_in_place: 1.
 - use_allocation_guard: 0.


Internal statistics:

num_allocs_failed_limit: 9.
num_arena_births: 5966.
num_arena_deaths: 88.
num_vsnodes_births: 6.
num_vsnodes_deaths: 0.
num_space_committed: 4905.
num_space_uncommitted: 1.
num_chunks_returned_to_freelist: 147.
num_chunks_taken_from_freelist: 18746.
num_chunk_merges: 62.
num_chunk_splits: 13278.
num_chunks_enlarged: 9373.
num_inconsistent_stats: 0.

CodeHeap 'non-profiled nmethods': size=118880Kb used=14760Kb max_used=14798Kb free=104120Kb
 bounds [0x00007f48affe8000, 0x00007f48b0fe8000, 0x00007f48b7400000]
CodeHeap 'profiled nmethods': size=118876Kb used=70988Kb max_used=83576Kb free=47887Kb
 bounds [0x00007f48a8400000, 0x00007f48ad5a0000, 0x00007f48af817000]
CodeHeap 'non-nmethods': size=8004Kb used=4438Kb max_used=4792Kb free=3565Kb
 bounds [0x00007f48af817000, 0x00007f48afcd7000, 0x00007f48affe8000]
CodeCache: size=245760Kb, used=90186Kb, max_used=103166Kb, free=155572Kb
 total_blobs=25761, nmethods=24428, adapters=1230, full_count=0
Compilation: enabled, stopped_count=0, restarted_count=0

Compilation events (20 events):
Event: 26.535 Thread 0x00007f48146182a0 nmethod 66500 0x00007f48b0375d90 code [0x00007f48b0376060, 0x00007f48b03775d8]
Event: 26.535 Thread 0x00007f48146182a0 63624       4       org.jetbrains.kotlin.metadata.deserialization.NameResolverImpl::traverseIds (161 bytes)
Event: 26.547 Thread 0x00007f48146182a0 nmethod 63624 0x00007f48b05c3490 code [0x00007f48b05c3780, 0x00007f48b05c52e0]
Event: 26.547 Thread 0x00007f48146182a0 67541 %     4       com.android.tools.r8.internal.ys::<init> @ 384 (683 bytes)
Event: 26.547 Thread 0x00007f48c02e8490 67542       2       com.android.tools.r8.internal.PW::L2 (16 bytes)
Event: 26.548 Thread 0x00007f48c02e8490 nmethod 67542 0x00007f48a9b67a90 code [0x00007f48a9b67c20, 0x00007f48a9b67d40]
Event: 26.553 Thread 0x00007f48146182a0 nmethod 67541% 0x00007f48b022ea90 code [0x00007f48b022eca0, 0x00007f48b022f500]
Event: 26.553 Thread 0x00007f48146182a0 67292       4       java.util.LinkedList::addAll (182 bytes)
Event: 26.557 Thread 0x00007f48146182a0 nmethod 67292 0x00007f48b000fb90 code [0x00007f48b000fd60, 0x00007f48b00106d0]
Event: 26.557 Thread 0x00007f48146182a0 67543 %     4       com.android.tools.r8.internal.ys::<init> @ 568 (683 bytes)
Event: 26.561 Thread 0x00007f48c02e6dc0 nmethod 67463 0x00007f48b0fcdf10 code [0x00007f48b0fce660, 0x00007f48b0fd5120]
Event: 26.561 Thread 0x00007f48c02e6dc0 67546       4       com.android.tools.r8.ir.optimize.F::a (343 bytes)
Event: 26.563 Thread 0x00007f48146182a0 nmethod 67543% 0x00007f48b0404e90 code [0x00007f48b04050e0, 0x00007f48b0405d00]
Event: 26.563 Thread 0x00007f48146182a0 67544       4       com.android.tools.r8.internal.lv::a (473 bytes)
Event: 26.570 Thread 0x00007f48c02e8490 67548       3       com.android.tools.r8.ir.optimize.z::a (506 bytes)
Event: 26.572 Thread 0x00007f48c02e8490 nmethod 67548 0x00007f48a86e3010 code [0x00007f48a86e3620, 0x00007f48a86e67d8]
Event: 26.572 Thread 0x00007f48c02e8490 67549       2       com.android.tools.r8.internal.Eh$$Lambda/0x00007f484a726e78::apply (22 bytes)
Event: 26.572 Thread 0x00007f482004ae90 67550       2       com.android.tools.r8.internal.Eh::a (13 bytes)
Event: 26.572 Thread 0x00007f48c02e8490 nmethod 67549 0x00007f48aa294210 code [0x00007f48aa2943e0, 0x00007f48aa294668]
Event: 26.573 Thread 0x00007f482004ae90 nmethod 67550 0x00007f48a97cb190 code [0x00007f48a97cb340, 0x00007f48a97cb530]

GC Heap History (20 events):
Event: 23.343 GC heap before
{Heap before GC invocations=81 (full 0):
 garbage-first heap   total 1689600K, used 1595145K [0x0000000080000000, 0x0000000100000000)
  region size 1024K, 753 young (771072K), 34 survivors (34816K)
 Metaspace       used 312008K, committed 315264K, reserved 1376256K
  class space    used 38744K, committed 40320K, reserved 1048576K
}
Event: 23.356 GC heap after
{Heap after GC invocations=82 (full 0):
 garbage-first heap   total 1689600K, used 824801K [0x0000000080000000, 0x0000000100000000)
  region size 1024K, 39 young (39936K), 39 survivors (39936K)
 Metaspace       used 312008K, committed 315264K, reserved 1376256K
  class space    used 38744K, committed 40320K, reserved 1048576K
}
Event: 23.657 GC heap before
{Heap before GC invocations=82 (full 0):
 garbage-first heap   total 1689600K, used 1604065K [0x0000000080000000, 0x0000000100000000)
  region size 1024K, 800 young (819200K), 39 survivors (39936K)
 Metaspace       used 312418K, committed 315584K, reserved 1376256K
  class space    used 38784K, committed 40320K, reserved 1048576K
}
Event: 23.664 GC heap after
{Heap after GC invocations=83 (full 0):
 garbage-first heap   total 1689600K, used 829750K [0x0000000080000000, 0x0000000100000000)
  region size 1024K, 44 young (45056K), 44 survivors (45056K)
 Metaspace       used 312418K, committed 315584K, reserved 1376256K
  class space    used 38784K, committed 40320K, reserved 1048576K
}
Event: 23.976 GC heap before
{Heap before GC invocations=84 (full 0):
 garbage-first heap   total 1689600K, used 1602870K [0x0000000080000000, 0x0000000100000000)
  region size 1024K, 800 young (819200K), 44 survivors (45056K)
 Metaspace       used 312508K, committed 315712K, reserved 1376256K
  class space    used 38789K, committed 40320K, reserved 1048576K
}
Event: 23.984 GC heap after
{Heap after GC invocations=85 (full 0):
 garbage-first heap   total 1689600K, used 832127K [0x0000000080000000, 0x0000000100000000)
  region size 1024K, 47 young (48128K), 47 survivors (48128K)
 Metaspace       used 312508K, committed 315712K, reserved 1376256K
  class space    used 38789K, committed 40320K, reserved 1048576K
}
Event: 24.252 GC heap before
{Heap before GC invocations=85 (full 0):
 garbage-first heap   total 1689600K, used 1603199K [0x0000000080000000, 0x0000000100000000)
  region size 1024K, 801 young (820224K), 47 survivors (48128K)
 Metaspace       used 312579K, committed 315776K, reserved 1376256K
  class space    used 38794K, committed 40320K, reserved 1048576K
}
Event: 24.273 GC heap after
{Heap after GC invocations=86 (full 0):
 garbage-first heap   total 1722368K, used 779053K [0x0000000080000000, 0x0000000100000000)
  region size 1024K, 55 young (56320K), 55 survivors (56320K)
 Metaspace       used 312579K, committed 315776K, reserved 1376256K
  class space    used 38794K, committed 40320K, reserved 1048576K
}
Event: 24.559 GC heap before
{Heap before GC invocations=86 (full 0):
 garbage-first heap   total 1722368K, used 1635117K [0x0000000080000000, 0x0000000100000000)
  region size 1024K, 891 young (912384K), 55 survivors (56320K)
 Metaspace       used 312664K, committed 315904K, reserved 1376256K
  class space    used 38801K, committed 40384K, reserved 1048576K
}
Event: 24.567 GC heap after
{Heap after GC invocations=87 (full 0):
 garbage-first heap   total 1722368K, used 779997K [0x0000000080000000, 0x0000000100000000)
  region size 1024K, 56 young (57344K), 56 survivors (57344K)
 Metaspace       used 312664K, committed 315904K, reserved 1376256K
  class space    used 38801K, committed 40384K, reserved 1048576K
}
Event: 24.894 GC heap before
{Heap before GC invocations=88 (full 0):
 garbage-first heap   total 1722368K, used 1635037K [0x0000000080000000, 0x0000000100000000)
  region size 1024K, 891 young (912384K), 56 survivors (57344K)
 Metaspace       used 312710K, committed 315904K, reserved 1376256K
  class space    used 38801K, committed 40384K, reserved 1048576K
}
Event: 24.904 GC heap after
{Heap after GC invocations=89 (full 0):
 garbage-first heap   total 1722368K, used 785183K [0x0000000080000000, 0x0000000100000000)
  region size 1024K, 61 young (62464K), 61 survivors (62464K)
 Metaspace       used 312710K, committed 315904K, reserved 1376256K
  class space    used 38801K, committed 40384K, reserved 1048576K
}
Event: 25.206 GC heap before
{Heap before GC invocations=89 (full 0):
 garbage-first heap   total 1722368K, used 1634079K [0x0000000080000000, 0x0000000100000000)
  region size 1024K, 891 young (912384K), 61 survivors (62464K)
 Metaspace       used 312736K, committed 315968K, reserved 1376256K
  class space    used 38801K, committed 40384K, reserved 1048576K
}
Event: 25.221 GC heap after
{Heap after GC invocations=90 (full 0):
 garbage-first heap   total 1727488K, used 776657K [0x0000000080000000, 0x0000000100000000)
  region size 1024K, 65 young (66560K), 65 survivors (66560K)
 Metaspace       used 312736K, committed 315968K, reserved 1376256K
  class space    used 38801K, committed 40384K, reserved 1048576K
}
Event: 25.528 GC heap before
{Heap before GC invocations=90 (full 0):
 garbage-first heap   total 1727488K, used 1638865K [0x0000000080000000, 0x0000000100000000)
  region size 1024K, 908 young (929792K), 65 survivors (66560K)
 Metaspace       used 312797K, committed 316032K, reserved 1376256K
  class space    used 38806K, committed 40384K, reserved 1048576K
}
Event: 25.538 GC heap after
{Heap after GC invocations=91 (full 0):
 garbage-first heap   total 1727488K, used 780705K [0x0000000080000000, 0x0000000100000000)
  region size 1024K, 54 young (55296K), 54 survivors (55296K)
 Metaspace       used 312797K, committed 316032K, reserved 1376256K
  class space    used 38806K, committed 40384K, reserved 1048576K
}
Event: 25.937 GC heap before
{Heap before GC invocations=92 (full 0):
 garbage-first heap   total 1727488K, used 1638817K [0x0000000080000000, 0x0000000100000000)
  region size 1024K, 893 young (914432K), 54 survivors (55296K)
 Metaspace       used 312817K, committed 316032K, reserved 1376256K
  class space    used 38807K, committed 40384K, reserved 1048576K
}
Event: 25.945 GC heap after
{Heap after GC invocations=93 (full 0):
 garbage-first heap   total 1727488K, used 783195K [0x0000000080000000, 0x0000000100000000)
  region size 1024K, 57 young (58368K), 57 survivors (58368K)
 Metaspace       used 312817K, committed 316032K, reserved 1376256K
  class space    used 38807K, committed 40384K, reserved 1048576K
}
Event: 26.257 GC heap before
{Heap before GC invocations=93 (full 0):
 garbage-first heap   total 1727488K, used 1640283K [0x0000000080000000, 0x0000000100000000)
  region size 1024K, 893 young (914432K), 57 survivors (58368K)
 Metaspace       used 312826K, committed 316032K, reserved 1376256K
  class space    used 38807K, committed 40384K, reserved 1048576K
}
Event: 26.269 GC heap after
{Heap after GC invocations=94 (full 0):
 garbage-first heap   total 1727488K, used 775458K [0x0000000080000000, 0x0000000100000000)
  region size 1024K, 57 young (58368K), 57 survivors (58368K)
 Metaspace       used 312826K, committed 316032K, reserved 1376256K
  class space    used 38807K, committed 40384K, reserved 1048576K
}

Dll operation events (17 events):
Event: 0.004 Loaded shared library /usr/lib/jvm/java-21-openjdk/lib/libjava.so
Event: 0.046 Loaded shared library /usr/lib/jvm/java-21-openjdk/lib/libjsvml.so
Event: 0.097 Loaded shared library /usr/lib/jvm/java-21-openjdk/lib/libzip.so
Event: 0.100 Loaded shared library /usr/lib/jvm/java-21-openjdk/lib/libinstrument.so
Event: 0.103 Loaded shared library /usr/lib/jvm/java-21-openjdk/lib/libnio.so
Event: 0.106 Loaded shared library /usr/lib/jvm/java-21-openjdk/lib/libzip.so
Event: 0.223 Loaded shared library /usr/lib/jvm/java-21-openjdk/lib/libjimage.so
Event: 0.245 Loaded shared library /usr/lib/jvm/java-21-openjdk/lib/libverify.so
Event: 0.282 Loaded shared library /usr/lib/jvm/java-21-openjdk/lib/libnet.so
Event: 0.282 Loaded shared library /home/iggut/.gradle/native/c067742578af261105cb4f569cf0c3c89f3d7b1fecec35dd04571415982c5e48/linux-amd64/libnative-platform.so
Event: 0.283 Loaded shared library /home/iggut/.gradle/native/100fb08df4bc3b14c8652ba06237920a3bd2aa13389f12d3474272988ae205f9/linux-amd64/libnative-platform-file-events.so
Event: 0.589 Loaded shared library /usr/lib/jvm/java-21-openjdk/lib/libmanagement.so
Event: 0.590 Loaded shared library /usr/lib/jvm/java-21-openjdk/lib/libmanagement_ext.so
Event: 0.644 Loaded shared library /usr/lib/jvm/java-21-openjdk/lib/libextnet.so
Event: 10.861 Loaded shared library /usr/lib/jvm/java-21-openjdk/lib/librmi.so
Event: 14.894 Loaded shared library /usr/lib/jvm/java-21-openjdk/lib/libawt.so
Event: 14.894 Loaded shared library /usr/lib/jvm/java-21-openjdk/lib/libawt_headless.so

Deoptimization events (20 events):
Event: 26.472 Thread 0x00007f44e413f100 DEOPT PACKING pc=0x00007f48b0e25aec sp=0x00007f48415fdcc0
Event: 26.472 Thread 0x00007f44e413f100 DEOPT UNPACKING pc=0x00007f48af86af99 sp=0x00007f48415fdcc0 mode 2
Event: 26.480 Thread 0x00007f44e413f100 DEOPT PACKING pc=0x00007f48aa765447 sp=0x00007f48415fd570
Event: 26.480 Thread 0x00007f44e413f100 DEOPT UNPACKING pc=0x00007f48af86b72f sp=0x00007f48415fcbb0 mode 0
Event: 26.529 Thread 0x00007f44e413e1a0 DEOPT PACKING pc=0x00007f48aa765447 sp=0x00007f442cbcb570
Event: 26.529 Thread 0x00007f44e413e1a0 DEOPT UNPACKING pc=0x00007f48af86b72f sp=0x00007f442cbcabb0 mode 0
Event: 26.550 Thread 0x00007f44e413f100 DEOPT PACKING pc=0x00007f48a9dff41d sp=0x00007f48415fd790
Event: 26.550 Thread 0x00007f44e413f100 DEOPT UNPACKING pc=0x00007f48af86b72f sp=0x00007f48415fd1c8 mode 0
Event: 26.553 Thread 0x00007f448800cc10 DEOPT PACKING pc=0x00007f48a9d71ec4 sp=0x00007f442c9c9610
Event: 26.554 Thread 0x00007f448800cc10 DEOPT UNPACKING pc=0x00007f48af86b72f sp=0x00007f442c9c8bd0 mode 0
Event: 26.566 Thread 0x00007f4484008fc0 DEOPT PACKING pc=0x00007f48a9d71de8 sp=0x00007f4842efca80
Event: 26.566 Thread 0x00007f4484008fc0 DEOPT UNPACKING pc=0x00007f48af86b72f sp=0x00007f4842efc040 mode 0
Event: 26.570 Thread 0x00007f4484008fc0 Uncommon trap: trap_request=0xffffff45 fr.pc=0x00007f48b0e03308 relative=0x0000000000000a48
Event: 26.570 Thread 0x00007f4484008fc0 Uncommon trap: reason=unstable_if action=reinterpret pc=0x00007f48b0e03308 method=com.android.tools.r8.ir.optimize.z.a(Lcom/android/tools/r8/internal/PD;)Z @ 467 c2
Event: 26.570 Thread 0x00007f4484008fc0 DEOPT PACKING pc=0x00007f48b0e03308 sp=0x00007f4842efcc80
Event: 26.570 Thread 0x00007f4484008fc0 DEOPT UNPACKING pc=0x00007f48af86af99 sp=0x00007f4842efcc88 mode 2
Event: 26.570 Thread 0x00007f4484008fc0 DEOPT PACKING pc=0x00007f48a9d71ec4 sp=0x00007f4842efc590
Event: 26.570 Thread 0x00007f4484008fc0 DEOPT UNPACKING pc=0x00007f48af86b72f sp=0x00007f4842efbb50 mode 0
Event: 26.572 Thread 0x00007f4484008fc0 DEOPT PACKING pc=0x00007f48aa765447 sp=0x00007f4842efc570
Event: 26.572 Thread 0x00007f4484008fc0 DEOPT UNPACKING pc=0x00007f48af86b72f sp=0x00007f4842efbbb0 mode 0

Classes loaded (20 events):
Event: 22.735 Loading class java/util/IdentityHashMap$EntrySpliterator
Event: 22.735 Loading class java/util/IdentityHashMap$IdentityHashMapSpliterator
Event: 22.736 Loading class java/util/IdentityHashMap$IdentityHashMapSpliterator done
Event: 22.736 Loading class java/util/IdentityHashMap$EntrySpliterator done
Event: 22.746 Loading class java/util/SortedSet$1
Event: 22.746 Loading class java/util/SortedSet$1 done
Event: 22.764 Loading class java/lang/invoke/MethodHandleImpl$CountingWrapper$1
Event: 22.764 Loading class java/lang/invoke/MethodHandleImpl$CountingWrapper$1 done
Event: 22.770 Loading class java/util/IdentityHashMap$ValueSpliterator
Event: 22.770 Loading class java/util/IdentityHashMap$ValueSpliterator done
Event: 22.810 Loading class java/util/stream/ReduceOps$5
Event: 22.810 Loading class java/util/stream/ReduceOps$5 done
Event: 22.810 Loading class java/util/stream/ReduceOps$CountingSink$OfRef
Event: 22.810 Loading class java/util/stream/ReduceOps$CountingSink
Event: 22.810 Loading class java/util/stream/ReduceOps$CountingSink done
Event: 22.810 Loading class java/util/stream/ReduceOps$CountingSink$OfRef done
Event: 23.120 Loading class java/util/function/ObjIntConsumer
Event: 23.120 Loading class java/util/function/ObjIntConsumer done
Event: 25.472 Loading class java/util/IdentityHashMap$KeySpliterator
Event: 25.472 Loading class java/util/IdentityHashMap$KeySpliterator done

Classes unloaded (20 events):
Event: 18.266 Thread 0x00007f48c02d66c0 Unloading class 0x00007f484a3c9400 'java/lang/invoke/LambdaForm$DMH+0x00007f484a3c9400'
Event: 18.266 Thread 0x00007f48c02d66c0 Unloading class 0x00007f484a3c8c00 'java/lang/invoke/LambdaForm$DMH+0x00007f484a3c8c00'
Event: 18.266 Thread 0x00007f48c02d66c0 Unloading class 0x00007f484a3c8800 'java/lang/invoke/LambdaForm$DMH+0x00007f484a3c8800'
Event: 18.266 Thread 0x00007f48c02d66c0 Unloading class 0x00007f484a3c8400 'java/lang/invoke/LambdaForm$DMH+0x00007f484a3c8400'
Event: 18.266 Thread 0x00007f48c02d66c0 Unloading class 0x00007f484a3bbc00 'java/lang/invoke/LambdaForm$MH+0x00007f484a3bbc00'
Event: 18.266 Thread 0x00007f48c02d66c0 Unloading class 0x00007f484a3bb800 'java/lang/invoke/LambdaForm$MH+0x00007f484a3bb800'
Event: 18.266 Thread 0x00007f48c02d66c0 Unloading class 0x00007f484a3bb400 'java/lang/invoke/LambdaForm$MH+0x00007f484a3bb400'
Event: 18.266 Thread 0x00007f48c02d66c0 Unloading class 0x00007f484a3bac00 'java/lang/invoke/LambdaForm$DMH+0x00007f484a3bac00'
Event: 18.266 Thread 0x00007f48c02d66c0 Unloading class 0x00007f484a3ba800 'java/lang/invoke/LambdaForm$DMH+0x00007f484a3ba800'
Event: 18.266 Thread 0x00007f48c02d66c0 Unloading class 0x00007f484a3ba400 'java/lang/invoke/LambdaForm$DMH+0x00007f484a3ba400'
Event: 18.266 Thread 0x00007f48c02d66c0 Unloading class 0x00007f484a3b9800 'java/lang/invoke/LambdaForm$DMH+0x00007f484a3b9800'
Event: 18.266 Thread 0x00007f48c02d66c0 Unloading class 0x00007f484a3b9000 'java/lang/invoke/LambdaForm$DMH+0x00007f484a3b9000'
Event: 18.266 Thread 0x00007f48c02d66c0 Unloading class 0x00007f484a3b9400 'java/lang/invoke/LambdaForm$DMH+0x00007f484a3b9400'
Event: 18.266 Thread 0x00007f48c02d66c0 Unloading class 0x00007f484a3b8c00 'java/lang/invoke/LambdaForm$DMH+0x00007f484a3b8c00'
Event: 18.266 Thread 0x00007f48c02d66c0 Unloading class 0x00007f484a3b8800 'java/lang/invoke/LambdaForm$DMH+0x00007f484a3b8800'
Event: 18.266 Thread 0x00007f48c02d66c0 Unloading class 0x00007f484a3b8400 'java/lang/invoke/LambdaForm$DMH+0x00007f484a3b8400'
Event: 18.266 Thread 0x00007f48c02d66c0 Unloading class 0x00007f484a3b4c00 'java/lang/invoke/LambdaForm$DMH+0x00007f484a3b4c00'
Event: 23.731 Thread 0x00007f48c02d66c0 Unloading class 0x00007f484a47cc00 'java/lang/invoke/LambdaForm$DMH+0x00007f484a47cc00'
Event: 23.731 Thread 0x00007f48c02d66c0 Unloading class 0x00007f484a47c800 'java/lang/invoke/LambdaForm$DMH+0x00007f484a47c800'
Event: 23.731 Thread 0x00007f48c02d66c0 Unloading class 0x00007f484a47c400 'java/lang/invoke/LambdaForm$DMH+0x00007f484a47c400'

Classes redefined (0 events):
No events

Internal exceptions (20 events):
Event: 22.747 Thread 0x00007f448800cc10 Exception <a 'java/lang/NoSuchMethodError'{0x00000000deeb12c8}: 'java.lang.Object java.lang.invoke.DirectMethodHandle$Holder.invokeStatic(java.lang.Object, int, int, java.lang.Object)'> (0x00000000deeb12c8) 
thrown [/usr/src/debug/java21-openjdk/jdk21u-jdk-21.0.11-10/src/hotspot/share/interpreter/linkResolver.cpp, line 772]
Event: 22.747 Thread 0x00007f4478009160 Exception <a 'java/lang/NoSuchMethodError'{0x00000000deb10260}: 'java.lang.Object java.lang.invoke.DirectMethodHandle$Holder.invokeStatic(java.lang.Object, int, int, java.lang.Object)'> (0x00000000deb10260) 
thrown [/usr/src/debug/java21-openjdk/jdk21u-jdk-21.0.11-10/src/hotspot/share/interpreter/linkResolver.cpp, line 772]
Event: 22.747 Thread 0x00007f4494073570 Exception <a 'java/lang/IncompatibleClassChangeError'{0x00000000debf2568}: Found class java.lang.Object, but interface was expected> (0x00000000debf2568) 
thrown [/usr/src/debug/java21-openjdk/jdk21u-jdk-21.0.11-10/src/hotspot/share/interpreter/linkResolver.cpp, line 840]
Event: 22.753 Thread 0x00007f44e413d5f0 Exception <a 'java/lang/NoSuchMethodError'{0x00000000de870af0}: 'int java.lang.invoke.DirectMethodHandle$Holder.invokeSpecial(java.lang.Object, java.lang.Object, java.lang.Object, java.lang.Object, java.lang.Object, java.lang.Object, java.lang.Object, java.lang.Object, java.lang.Object)'> (0x00000000de870af0) 
thrown [/usr/src/debug/java21-openjdk/jdk21u-jdk-21.0.11-10/src/hotspot/share/interpreter/linkResolver.cpp, line 772]
Event: 22.753 Thread 0x00007f4494073570 Exception <a 'java/lang/NoSuchMethodError'{0x00000000de95f658}: 'int java.lang.invoke.DirectMethodHandle$Holder.invokeSpecial(java.lang.Object, java.lang.Object, java.lang.Object, java.lang.Object, java.lang.Object, java.lang.Object, java.lang.Object, java.lang.Object, java.lang.Object)'> (0x00000000de95f658) 
thrown [/usr/src/debug/java21-openjdk/jdk21u-jdk-21.0.11-10/src/hotspot/share/interpreter/linkResolver.cpp, line 772]
Event: 22.753 Thread 0x00007f44e413e1a0 Exception <a 'java/lang/NoSuchMethodError'{0x00000000de527cc8}: 'java.lang.Object java.lang.invoke.DirectMethodHandle$Holder.newInvokeSpecial(java.lang.Object, java.lang.Object, java.lang.Object, int, int)'> (0x00000000de527cc8) 
thrown [/usr/src/debug/java21-openjdk/jdk21u-jdk-21.0.11-10/src/hotspot/share/interpreter/linkResolver.cpp, line 772]
Event: 22.754 Thread 0x00007f44e413e1a0 Exception <a 'java/lang/NoSuchMethodError'{0x00000000de52b868}: 'java.lang.Object java.lang.invoke.DirectMethodHandle$Holder.invokeSpecial(java.lang.Object, java.lang.Object, java.lang.Object, java.lang.Object, int, int)'> (0x00000000de52b868) 
thrown [/usr/src/debug/java21-openjdk/jdk21u-jdk-21.0.11-10/src/hotspot/share/interpreter/linkResolver.cpp, line 772]
Event: 22.761 Thread 0x00007f44e413f100 Exception <a 'java/lang/IncompatibleClassChangeError'{0x00000000ddd96118}: Found class java.lang.Object, but interface was expected> (0x00000000ddd96118) 
thrown [/usr/src/debug/java21-openjdk/jdk21u-jdk-21.0.11-10/src/hotspot/share/interpreter/linkResolver.cpp, line 840]
Event: 22.762 Thread 0x00007f44e413f100 Exception <a 'java/lang/NoSuchMethodError'{0x00000000ddda06c8}: 'java.lang.Object java.lang.invoke.DirectMethodHandle$Holder.invokeInterface(java.lang.Object, java.lang.Object, java.lang.Object, java.lang.Object, java.lang.Object)'> (0x00000000ddda06c8) 
thrown [/usr/src/debug/java21-openjdk/jdk21u-jdk-21.0.11-10/src/hotspot/share/interpreter/linkResolver.cpp, line 772]
Event: 22.762 Thread 0x00007f44e413f100 Exception <a 'java/lang/IncompatibleClassChangeError'{0x00000000ddda3c08}: Found class java.lang.Object, but interface was expected> (0x00000000ddda3c08) 
thrown [/usr/src/debug/java21-openjdk/jdk21u-jdk-21.0.11-10/src/hotspot/share/interpreter/linkResolver.cpp, line 840]
Event: 22.764 Thread 0x00007f454413a380 Exception <a 'java/lang/NoSuchMethodError'{0x00000000fa98b408}: 'int java.lang.invoke.DelegatingMethodHandle$Holder.delegate(java.lang.Object, int, java.lang.Object)'> (0x00000000fa98b408) 
thrown [/usr/src/debug/java21-openjdk/jdk21u-jdk-21.0.11-10/src/hotspot/share/interpreter/linkResolver.cpp, line 772]
Event: 22.767 Thread 0x00007f454413a380 Exception <a 'sun/nio/fs/UnixException'{0x00000000fa993bc0}> (0x00000000fa993bc0) 
thrown [/usr/src/debug/java21-openjdk/jdk21u-jdk-21.0.11-10/src/hotspot/share/prims/jni.cpp, line 520]
Event: 22.945 Thread 0x00007f457000f1d0 Exception <a 'sun/nio/fs/UnixException'{0x00000000c6289e80}> (0x00000000c6289e80) 
thrown [/usr/src/debug/java21-openjdk/jdk21u-jdk-21.0.11-10/src/hotspot/share/prims/jni.cpp, line 520]
Event: 22.945 Thread 0x00007f457000f1d0 Exception <a 'sun/nio/fs/UnixException'{0x00000000c628a0f8}> (0x00000000c628a0f8) 
thrown [/usr/src/debug/java21-openjdk/jdk21u-jdk-21.0.11-10/src/hotspot/share/prims/jni.cpp, line 520]
Event: 22.953 Thread 0x00007f457000f1d0 Exception <a 'sun/nio/fs/UnixException'{0x00000000c62fb9b0}> (0x00000000c62fb9b0) 
thrown [/usr/src/debug/java21-openjdk/jdk21u-jdk-21.0.11-10/src/hotspot/share/prims/jni.cpp, line 520]
Event: 22.963 Thread 0x00007f44800087a0 Implicit null exception at 0x00007f48b0a0c09c to 0x00007f48b0a0d4dc
Event: 22.982 Thread 0x00007f4494073570 Implicit null exception at 0x00007f48b0cb47f4 to 0x00007f48b0cb6414
Event: 23.224 Thread 0x00007f47fe6a5880 Exception <a 'java/io/IOException'{0x00000000ca183410}> (0x00000000ca183410) 
thrown [/usr/src/debug/java21-openjdk/jdk21u-jdk-21.0.11-10/src/hotspot/share/prims/jni.cpp, line 520]
Event: 23.512 Thread 0x00007f44e413f100 Implicit null exception at 0x00007f48b09887a7 to 0x00007f48b09899c8
Event: 26.206 Thread 0x00007f4494073570 Implicit null exception at 0x00007f48b0e82b2f to 0x00007f48b0e891a8

ZGC Phase Switch (0 events):
No events

VM Operations (20 events):
Event: 24.894 Executing safepoint VM operation: G1CollectForAllocation (G1 Evacuation Pause)
Event: 24.904 Executing safepoint VM operation: G1CollectForAllocation (G1 Evacuation Pause) done
Event: 25.193 Executing safepoint VM operation: ICBufferFull
Event: 25.193 Executing safepoint VM operation: ICBufferFull done
Event: 25.206 Executing safepoint VM operation: G1CollectForAllocation (G1 Evacuation Pause)
Event: 25.221 Executing safepoint VM operation: G1CollectForAllocation (G1 Evacuation Pause) done
Event: 25.438 Executing safepoint VM operation: ICBufferFull
Event: 25.438 Executing safepoint VM operation: ICBufferFull done
Event: 25.528 Executing safepoint VM operation: G1CollectForAllocation (G1 Evacuation Pause)
Event: 25.538 Executing safepoint VM operation: G1CollectForAllocation (G1 Evacuation Pause) done
Event: 25.617 Executing safepoint VM operation: G1PauseRemark
Event: 25.623 Executing safepoint VM operation: G1PauseRemark done
Event: 25.708 Executing safepoint VM operation: G1PauseCleanup
Event: 25.709 Executing safepoint VM operation: G1PauseCleanup done
Event: 25.937 Executing safepoint VM operation: G1CollectForAllocation (G1 Evacuation Pause)
Event: 25.945 Executing safepoint VM operation: G1CollectForAllocation (G1 Evacuation Pause) done
Event: 26.257 Executing safepoint VM operation: G1CollectForAllocation (G1 Evacuation Pause)
Event: 26.269 Executing safepoint VM operation: G1CollectForAllocation (G1 Evacuation Pause) done
Event: 26.341 Executing non-safepoint VM operation: HandshakeAllThreads (Deoptimize)
Event: 26.341 Executing non-safepoint VM operation: HandshakeAllThreads (Deoptimize) done

Memory protections (20 events):
Event: 19.165 Protecting memory [0x00007f442c4c8000,0x00007f442c4cc000] with protection modes 0
Event: 21.489 Protecting memory [0x00007f442c3c7000,0x00007f442c3cb000] with protection modes 0
Event: 21.546 Protecting memory [0x00007f442c3c7000,0x00007f442c3cb000] with protection modes 0
Event: 21.625 Protecting memory [0x00007f442c2c6000,0x00007f442c2ca000] with protection modes 0
Event: 21.762 Protecting memory [0x00007f442c2c6000,0x00007f442c2ca000] with protection modes 0
Event: 21.956 Protecting memory [0x00007f442c2c6000,0x00007f442c2ca000] with protection modes 0
Event: 21.994 Protecting memory [0x00007f442c2c6000,0x00007f442c2ca000] with protection modes 0
Event: 22.064 Protecting memory [0x00007f442c2c6000,0x00007f442c2ca000] with protection modes 0
Event: 22.096 Protecting memory [0x00007f442c2c6000,0x00007f442c2ca000] with protection modes 0
Event: 22.265 Protecting memory [0x00007f442c2c6000,0x00007f442c2ca000] with protection modes 0
Event: 22.305 Protecting memory [0x00007f442c2c6000,0x00007f442c2ca000] with protection modes 0
Event: 22.372 Protecting memory [0x00007f442c2c6000,0x00007f442c2ca000] with protection modes 0
Event: 22.408 Protecting memory [0x00007f442c2c6000,0x00007f442c2ca000] with protection modes 0
Event: 22.476 Protecting memory [0x00007f442c2c6000,0x00007f442c2ca000] with protection modes 0
Event: 22.511 Protecting memory [0x00007f442c2c6000,0x00007f442c2ca000] with protection modes 0
Event: 22.597 Protecting memory [0x00007f442c2c6000,0x00007f442c2ca000] with protection modes 0
Event: 22.638 Protecting memory [0x00007f442c2c6000,0x00007f442c2ca000] with protection modes 0
Event: 22.798 Protecting memory [0x00007f442c2c6000,0x00007f442c2ca000] with protection modes 0
Event: 22.836 Protecting memory [0x00007f442c2c6000,0x00007f442c2ca000] with protection modes 0
Event: 22.968 Protecting memory [0x00007f442c2c6000,0x00007f442c2ca000] with protection modes 0

Nmethod flushes (20 events):
Event: 25.621 Thread 0x00007f48c02d66c0 flushing  nmethod 0x00007f48acf99810
Event: 25.621 Thread 0x00007f48c02d66c0 flushing  nmethod 0x00007f48acfab310
Event: 25.621 Thread 0x00007f48c02d66c0 flushing  nmethod 0x00007f48acfacc90
Event: 25.621 Thread 0x00007f48c02d66c0 flushing  nmethod 0x00007f48ad1dbc90
Event: 25.621 Thread 0x00007f48c02d66c0 flushing  nmethod 0x00007f48ad1e1f10
Event: 25.621 Thread 0x00007f48c02d66c0 flushing  nmethod 0x00007f48ad329390
Event: 25.621 Thread 0x00007f48c02d66c0 flushing  nmethod 0x00007f48ad32a690
Event: 25.621 Thread 0x00007f48c02d66c0 flushing  nmethod 0x00007f48ad32b590
Event: 25.621 Thread 0x00007f48c02d66c0 flushing  nmethod 0x00007f48ad32c810
Event: 25.621 Thread 0x00007f48c02d66c0 flushing  nmethod 0x00007f48ad32cc10
Event: 25.621 Thread 0x00007f48c02d66c0 flushing  nmethod 0x00007f48ad32d110
Event: 25.621 Thread 0x00007f48c02d66c0 flushing  nmethod 0x00007f48acfaf290
Event: 25.621 Thread 0x00007f48c02d66c0 flushing  nmethod 0x00007f48acfaf710
Event: 25.621 Thread 0x00007f48c02d66c0 flushing  nmethod 0x00007f48acfb2490
Event: 25.621 Thread 0x00007f48c02d66c0 flushing  nmethod 0x00007f48acfb5390
Event: 25.621 Thread 0x00007f48c02d66c0 flushing  nmethod 0x00007f48acfb5990
Event: 25.621 Thread 0x00007f48c02d66c0 flushing  nmethod 0x00007f48ad16ce10
Event: 25.621 Thread 0x00007f48c02d66c0 flushing  nmethod 0x00007f48ad16d710
Event: 25.621 Thread 0x00007f48c02d66c0 flushing  nmethod 0x00007f48ad2af910
Event: 25.621 Thread 0x00007f48c02d66c0 flushing  nmethod 0x00007f48ad442310

Events (20 events):
Event: 22.305 Thread 0x00007f454413a380 Thread added: 0x00007f44a2730bd0
Event: 22.305 Thread 0x00007f44a2730bd0 Thread exited: 0x00007f44a2730bd0
Event: 22.372 Thread 0x00007f454413a380 Thread added: 0x00007f44a26e9670
Event: 22.372 Thread 0x00007f44a26e9670 Thread exited: 0x00007f44a26e9670
Event: 22.408 Thread 0x00007f454413a380 Thread added: 0x00007f44a26e9670
Event: 22.408 Thread 0x00007f44a26e9670 Thread exited: 0x00007f44a26e9670
Event: 22.476 Thread 0x00007f454413a380 Thread added: 0x00007f44a26e9670
Event: 22.476 Thread 0x00007f44a26e9670 Thread exited: 0x00007f44a26e9670
Event: 22.511 Thread 0x00007f454413a380 Thread added: 0x00007f44a26e9670
Event: 22.511 Thread 0x00007f44a26e9670 Thread exited: 0x00007f44a26e9670
Event: 22.597 Thread 0x00007f454413a380 Thread added: 0x00007f44a26e98f0
Event: 22.597 Thread 0x00007f44a26e98f0 Thread exited: 0x00007f44a26e98f0
Event: 22.638 Thread 0x00007f454413a380 Thread added: 0x00007f44a26ff460
Event: 22.638 Thread 0x00007f44a26ff460 Thread exited: 0x00007f44a26ff460
Event: 22.798 Thread 0x00007f454413a380 Thread added: 0x00007f44a26ff460
Event: 22.798 Thread 0x00007f44a26ff460 Thread exited: 0x00007f44a26ff460
Event: 22.836 Thread 0x00007f454413a380 Thread added: 0x00007f44a26ff460
Event: 22.836 Thread 0x00007f44a26ff460 Thread exited: 0x00007f44a26ff460
Event: 22.968 Thread 0x00007f4544152f30 Thread added: 0x00007f44f801ea10
Event: 24.968 Thread 0x00007f44f801ea10 Thread exited: 0x00007f44f801ea10


Dynamic libraries:
80000000-e2000000 rw-p 00000000 00:00 0 
e2000000-f8900000 ---p 00000000 00:00 0 
f8900000-ffe00000 rw-p 00000000 00:00 0 
ffe00000-fff0d000 rw-p 00cda000 00:21 8307922                            /usr/lib/jvm/java-21-openjdk/lib/server/classes.jsa
fff0d000-100000000 rw-p 00000000 00:00 0 
558fac8e3000-558fac8e4000 r--p 00000000 00:21 8307647                    /usr/lib/jvm/java-21-openjdk/bin/java
558fac8e4000-558fac8e5000 r-xp 00001000 00:21 8307647                    /usr/lib/jvm/java-21-openjdk/bin/java
558fac8e5000-558fac8e6000 r--p 00002000 00:21 8307647                    /usr/lib/jvm/java-21-openjdk/bin/java
558fac8e6000-558fac8e7000 r--p 00002000 00:21 8307647                    /usr/lib/jvm/java-21-openjdk/bin/java
558fac8e7000-558fac8e8000 rw-p 00003000 00:21 8307647                    /usr/lib/jvm/java-21-openjdk/bin/java
558fc297a000-558fc29c2000 rw-p 00000000 00:00 0                          [heap]
7f4424000000-7f4424100000 rw-p 00000000 00:00 0 
7f4424100000-7f4424180000 rw-p 00000000 00:00 0 
7f4424180000-7f4424300000 rw-p 00000000 00:00 0 
7f4424300000-7f4424370000 rw-p 00000000 00:00 0 
7f4424370000-7f4424400000 ---p 00000000 00:00 0 
7f4424400000-7f4424dd0000 rw-p 00000000 00:00 0 
7f4424dd0000-7f4428000000 ---p 00000000 00:00 0 
7f4428000000-7f442b1e0000 rw-p 00000000 00:00 0 
7f442b1e0000-7f442b200000 rw-p 00000000 00:00 0 
7f442b200000-7f442bc80000 rw-p 00000000 00:00 0 
7f442bc80000-7f442bce0000 rw-p 00000000 00:00 0 
7f442bce0000-7f442bec0000 rw-p 00000000 00:00 0 
7f442bec0000-7f442bf00000 rw-p 00000000 00:00 0 
7f442bf00000-7f442c000000 rw-p 00000000 00:00 0 
7f442c2c5000-7f442c2c6000 rw-p 00000000 00:00 0 
7f442c2c6000-7f442c2ca000 ---p 00000000 00:00 0 
7f442c2ca000-7f442c3c7000 rw-p 00000000 00:00 0 
7f442c3c7000-7f442c3cb000 ---p 00000000 00:00 0 
7f442c3cb000-7f442c4c8000 rw-p 00000000 00:00 0 
7f442c4c8000-7f442c4cc000 ---p 00000000 00:00 0 
7f442c4cc000-7f442c5c9000 rw-p 00000000 00:00 0 
7f442c5c9000-7f442c5cd000 ---p 00000000 00:00 0 
7f442c5cd000-7f442c6ca000 rw-p 00000000 00:00 0 
7f442c6ca000-7f442c6ce000 ---p 00000000 00:00 0 
7f442c6ce000-7f442c7cb000 rw-p 00000000 00:00 0 
7f442c7cb000-7f442c7cf000 ---p 00000000 00:00 0 
7f442c7cf000-7f442c8cc000 rw-p 00000000 00:00 0 
7f442c8cc000-7f442c8d0000 ---p 00000000 00:00 0 
7f442c8d0000-7f442c9cd000 rw-p 00000000 00:00 0 
7f442c9cd000-7f442c9d1000 ---p 00000000 00:00 0 
7f442c9d1000-7f442cace000 rw-p 00000000 00:00 0 
7f442cace000-7f442cad2000 ---p 00000000 00:00 0 
7f442cad2000-7f442cbcf000 rw-p 00000000 00:00 0 
7f442cbcf000-7f442cbd3000 ---p 00000000 00:00 0 
7f442cbd3000-7f442ccd0000 rw-p 00000000 00:00 0 
7f442ccd0000-7f442ccd4000 ---p 00000000 00:00 0 
7f442ccd4000-7f442cdd0000 rw-p 00000000 00:00 0 
7f442cdd0000-7f442eb6c000 rw-p 00000000 00:00 0 
7f442eb6c000-7f442eb6d000 rw-p 00000000 00:00 0 
7f442eb6d000-7f442eb71000 ---p 00000000 00:00 0 
7f442eb71000-7f442ec6e000 rw-p 00000000 00:00 0 
7f442ec6e000-7f442ec72000 ---p 00000000 00:00 0 
7f442ec72000-7f442ed6f000 rw-p 00000000 00:00 0 
7f442ed6f000-7f442ed73000 ---p 00000000 00:00 0 
7f442ed73000-7f442ee70000 rw-p 00000000 00:00 0 
7f442ee70000-7f442ee74000 ---p 00000000 00:00 0 
7f442ee74000-7f442ef71000 rw-p 00000000 00:00 0 
7f442ef71000-7f442ef75000 ---p 00000000 00:00 0 
7f442ef75000-7f442f072000 rw-p 00000000 00:00 0 
7f442f072000-7f442f076000 ---p 00000000 00:00 0 
7f442f076000-7f442f173000 rw-p 00000000 00:00 0 
7f442f173000-7f442f177000 ---p 00000000 00:00 0 
7f442f177000-7f442f274000 rw-p 00000000 00:00 0 
7f442f274000-7f442f278000 ---p 00000000 00:00 0 
7f442f278000-7f442f375000 rw-p 00000000 00:00 0 
7f442f375000-7f442f379000 ---p 00000000 00:00 0 
7f442f379000-7f442f476000 rw-p 00000000 00:00 0 
7f442f476000-7f442f47a000 ---p 00000000 00:00 0 
7f442f47a000-7f442f577000 rw-p 00000000 00:00 0 
7f442f577000-7f442f57b000 ---p 00000000 00:00 0 
7f442f57b000-7f442f678000 rw-p 00000000 00:00 0 
7f442f678000-7f442f67c000 ---p 00000000 00:00 0 
7f442f67c000-7f442f779000 rw-p 00000000 00:00 0 
7f442f779000-7f442f77d000 ---p 00000000 00:00 0 
7f442f77d000-7f442f87a000 rw-p 00000000 00:00 0 
7f442f87a000-7f442f87e000 ---p 00000000 00:00 0 
7f442f87e000-7f442f97b000 rw-p 00000000 00:00 0 
7f442f97b000-7f442f97f000 ---p 00000000 00:00 0 
7f442f97f000-7f442fa7c000 rw-p 00000000 00:00 0 
7f442fa7c000-7f442fa80000 ---p 00000000 00:00 0 
7f442fa80000-7f442fb7d000 rw-p 00000000 00:00 0 
7f442fb7d000-7f442fb81000 ---p 00000000 00:00 0 
7f442fb81000-7f442fc7e000 rw-p 00000000 00:00 0 
7f442fc7e000-7f442fc82000 ---p 00000000 00:00 0 
7f442fc82000-7f442fd7f000 rw-p 00000000 00:00 0 
7f442fd7f000-7f442fd83000 ---p 00000000 00:00 0 
7f442fd83000-7f442fe80000 rw-p 00000000 00:00 0 
7f442fe80000-7f442fe84000 ---p 00000000 00:00 0 
7f442fe84000-7f442ff81000 rw-p 00000000 00:00 0 
7f442ff81000-7f442ff85000 ---p 00000000 00:00 0 
7f442ff85000-7f4430082000 rw-p 00000000 00:00 0 
7f4430082000-7f4430086000 ---p 00000000 00:00 0 
7f4430086000-7f4430183000 rw-p 00000000 00:00 0 
7f4430183000-7f4430187000 ---p 00000000 00:00 0 
7f4430187000-7f4430284000 rw-p 00000000 00:00 0 
7f4430284000-7f4430288000 ---p 00000000 00:00 0 
7f4430288000-7f4430385000 rw-p 00000000 00:00 0 
7f4430385000-7f4430389000 ---p 00000000 00:00 0 
7f4430389000-7f4430486000 rw-p 00000000 00:00 0 
7f4430486000-7f443048a000 ---p 00000000 00:00 0 
7f443048a000-7f4430587000 rw-p 00000000 00:00 0 
7f4430587000-7f443058b000 ---p 00000000 00:00 0 
7f443058b000-7f4430688000 rw-p 00000000 00:00 0 
7f4430688000-7f443068c000 ---p 00000000 00:00 0 
7f443068c000-7f4430789000 rw-p 00000000 00:00 0 
7f4430789000-7f443078d000 ---p 00000000 00:00 0 
7f443078d000-7f443088a000 rw-p 00000000 00:00 0 
7f443088a000-7f443088e000 ---p 00000000 00:00 0 
7f443088e000-7f443098b000 rw-p 00000000 00:00 0 
7f443098b000-7f443098f000 ---p 00000000 00:00 0 
7f443098f000-7f4430a8c000 rw-p 00000000 00:00 0 
7f4430a8c000-7f4430a90000 ---p 00000000 00:00 0 
7f4430a90000-7f4430b8d000 rw-p 00000000 00:00 0 
7f4430b8d000-7f4430b91000 ---p 00000000 00:00 0 
7f4430b91000-7f4430c8e000 rw-p 00000000 00:00 0 
7f4430c8e000-7f4430c92000 ---p 00000000 00:00 0 
7f4430c92000-7f4430d8f000 rw-p 00000000 00:00 0 
7f4430d8f000-7f4430d93000 ---p 00000000 00:00 0 
7f4430d93000-7f4430e90000 rw-p 00000000 00:00 0 
7f4430e90000-7f4430e94000 ---p 00000000 00:00 0 
7f4430e94000-7f4430f91000 rw-p 00000000 00:00 0 
7f4430f91000-7f4430f95000 ---p 00000000 00:00 0 
7f4430f95000-7f4431092000 rw-p 00000000 00:00 0 
7f4431092000-7f4431096000 ---p 00000000 00:00 0 
7f4431096000-7f4431193000 rw-p 00000000 00:00 0 
7f4431193000-7f4431197000 ---p 00000000 00:00 0 
7f4431197000-7f4431294000 rw-p 00000000 00:00 0 
7f4431294000-7f4431298000 ---p 00000000 00:00 0 
7f4431298000-7f4431395000 rw-p 00000000 00:00 0 
7f4431395000-7f4431399000 ---p 00000000 00:00 0 
7f4431399000-7f4431496000 rw-p 00000000 00:00 0 
7f4431496000-7f443149a000 ---p 00000000 00:00 0 
7f443149a000-7f4431597000 rw-p 00000000 00:00 0 
7f4431597000-7f443159b000 ---p 00000000 00:00 0 
7f443159b000-7f4431698000 rw-p 00000000 00:00 0 
7f4431698000-7f443169c000 ---p 00000000 00:00 0 
7f443169c000-7f4431799000 rw-p 00000000 00:00 0 
7f4431799000-7f443179d000 ---p 00000000 00:00 0 
7f443179d000-7f443189a000 rw-p 00000000 00:00 0 
7f443189a000-7f443189e000 ---p 00000000 00:00 0 
7f443189e000-7f443199b000 rw-p 00000000 00:00 0 
7f443199b000-7f443199f000 ---p 00000000 00:00 0 
7f443199f000-7f4431a9c000 rw-p 00000000 00:00 0 
7f4431a9c000-7f4431aa0000 ---p 00000000 00:00 0 
7f4431aa0000-7f4431b9d000 rw-p 00000000 00:00 0 
7f4431b9d000-7f4431ba1000 ---p 00000000 00:00 0 
7f4431ba1000-7f4431c9e000 rw-p 00000000 00:00 0 
7f4431c9e000-7f4431ca2000 ---p 00000000 00:00 0 
7f4431ca2000-7f4431d9f000 rw-p 00000000 00:00 0 
7f4431d9f000-7f4431da3000 ---p 00000000 00:00 0 
7f4431da3000-7f4431ea0000 rw-p 00000000 00:00 0 
7f4431ea0000-7f4431ea4000 ---p 00000000 00:00 0 
7f4431ea4000-7f4431fa1000 rw-p 00000000 00:00 0 
7f4431fa1000-7f4431fa5000 ---p 00000000 00:00 0 
7f4431fa5000-7f44320a2000 rw-p 00000000 00:00 0 
7f44320a2000-7f44320a6000 ---p 00000000 00:00 0 
7f44320a6000-7f44321a3000 rw-p 00000000 00:00 0 
7f44321a3000-7f44321a7000 ---p 00000000 00:00 0 
7f44321a7000-7f44322a4000 rw-p 00000000 00:00 0 
7f44322a4000-7f44322a8000 ---p 00000000 00:00 0 
7f44322a8000-7f44323a5000 rw-p 00000000 00:00 0 
7f44323a5000-7f44323a9000 ---p 00000000 00:00 0 
7f44323a9000-7f44324a6000 rw-p 00000000 00:00 0 
7f44324a6000-7f44324aa000 ---p 00000000 00:00 0 
7f44324aa000-7f44325a7000 rw-p 00000000 00:00 0 
7f44325a7000-7f44325ab000 ---p 00000000 00:00 0 
7f44325ab000-7f44326a8000 rw-p 00000000 00:00 0 
7f44326a8000-7f44326ac000 ---p 00000000 00:00 0 
7f44326ac000-7f44327a9000 rw-p 00000000 00:00 0 
7f44327a9000-7f44327ad000 ---p 00000000 00:00 0 
7f44327ad000-7f44328aa000 rw-p 00000000 00:00 0 
7f44328aa000-7f44328ae000 ---p 00000000 00:00 0 
7f44328ae000-7f44329ab000 rw-p 00000000 00:00 0 
7f44329ab000-7f44329af000 ---p 00000000 00:00 0 
7f44329af000-7f4432aac000 rw-p 00000000 00:00 0 
7f4432aac000-7f4432ab0000 ---p 00000000 00:00 0 
7f4432ab0000-7f4432bad000 rw-p 00000000 00:00 0 
7f4432bad000-7f4432bb1000 ---p 00000000 00:00 0 
7f4432bb1000-7f4432cae000 rw-p 00000000 00:00 0 
7f4432cae000-7f4432cb2000 ---p 00000000 00:00 0 
7f4432cb2000-7f4432daf000 rw-p 00000000 00:00 0 
7f4432daf000-7f4432db3000 ---p 00000000 00:00 0 
7f4432db3000-7f4432eb0000 rw-p 00000000 00:00 0 
7f4432eb0000-7f4432eb4000 ---p 00000000 00:00 0 
7f4432eb4000-7f4432fb1000 rw-p 00000000 00:00 0 
7f4432fb1000-7f4432fb5000 ---p 00000000 00:00 0 
7f4432fb5000-7f44330b2000 rw-p 00000000 00:00 0 
7f44330b2000-7f44330b6000 ---p 00000000 00:00 0 
7f44330b6000-7f44331b3000 rw-p 00000000 00:00 0 
7f44331b3000-7f44331b7000 ---p 00000000 00:00 0 
7f44331b7000-7f44332b4000 rw-p 00000000 00:00 0 
7f44332b4000-7f44332b8000 ---p 00000000 00:00 0 
7f44332b8000-7f44333b5000 rw-p 00000000 00:00 0 
7f44333b5000-7f44333b9000 ---p 00000000 00:00 0 
7f44333b9000-7f44334b6000 rw-p 00000000 00:00 0 
7f44334b6000-7f44334ba000 ---p 00000000 00:00 0 
7f44334ba000-7f44335b7000 rw-p 00000000 00:00 0 
7f44335b7000-7f44335bb000 ---p 00000000 00:00 0 
7f44335bb000-7f44336b8000 rw-p 00000000 00:00 0 
7f44336b8000-7f44336bc000 ---p 00000000 00:00 0 
7f44336bc000-7f44337b9000 rw-p 00000000 00:00 0 
7f44337b9000-7f44337bd000 ---p 00000000 00:00 0 
7f44337bd000-7f44338ba000 rw-p 00000000 00:00 0 
7f44338ba000-7f44338be000 ---p 00000000 00:00 0 
7f44338be000-7f44339bb000 rw-p 00000000 00:00 0 
7f44339bb000-7f44339bf000 ---p 00000000 00:00 0 
7f44339bf000-7f4433abc000 rw-p 00000000 00:00 0 
7f4433abc000-7f4433ac0000 ---p 00000000 00:00 0 
7f4433ac0000-7f4433bbd000 rw-p 00000000 00:00 0 
7f4433bbd000-7f4433bc1000 ---p 00000000 00:00 0 
7f4433bc1000-7f4433cbe000 rw-p 00000000 00:00 0 
7f4433cbe000-7f4433cc2000 ---p 00000000 00:00 0 
7f4433cc2000-7f4433dbf000 rw-p 00000000 00:00 0 
7f4433dbf000-7f4433dc3000 ---p 00000000 00:00 0 
7f4433dc3000-7f4433ec0000 rw-p 00000000 00:00 0 
7f4433ec0000-7f4433ec4000 ---p 00000000 00:00 0 
7f4433ec4000-7f4433fc1000 rw-p 00000000 00:00 0 
7f4433fc1000-7f4433fc5000 ---p 00000000 00:00 0 
7f4433fc5000-7f44340c2000 rw-p 00000000 00:00 0 
7f44340c2000-7f44340c6000 ---p 00000000 00:00 0 
7f44340c6000-7f44341c3000 rw-p 00000000 00:00 0 
7f44341c3000-7f44341c7000 ---p 00000000 00:00 0 
7f44341c7000-7f44342c4000 rw-p 00000000 00:00 0 
7f44342c4000-7f44342c8000 ---p 00000000 00:00 0 
7f44342c8000-7f44343c5000 rw-p 00000000 00:00 0 
7f44343c5000-7f44343c9000 ---p 00000000 00:00 0 
7f44343c9000-7f44344c6000 rw-p 00000000 00:00 0 
7f44344c6000-7f44344ca000 ---p 00000000 00:00 0 
7f44344ca000-7f44345c7000 rw-p 00000000 00:00 0 
7f44345c7000-7f44345cb000 ---p 00000000 00:00 0 
7f44345cb000-7f44346c8000 rw-p 00000000 00:00 0 
7f44346c8000-7f44346cc000 ---p 00000000 00:00 0 
7f44346cc000-7f44347c9000 rw-p 00000000 00:00 0 
7f44347c9000-7f44347cd000 ---p 00000000 00:00 0 
7f44347cd000-7f44348ca000 rw-p 00000000 00:00 0 
7f44348ca000-7f44348ce000 ---p 00000000 00:00 0 
7f44348ce000-7f44349cb000 rw-p 00000000 00:00 0 
7f44349cb000-7f44349cf000 ---p 00000000 00:00 0 
7f44349cf000-7f4434acc000 rw-p 00000000 00:00 0 
7f4434acc000-7f4434ad0000 ---p 00000000 00:00 0 
7f4434ad0000-7f4434bcd000 rw-p 00000000 00:00 0 
7f4434bcd000-7f4434bd1000 ---p 00000000 00:00 0 
7f4434bd1000-7f4434cce000 rw-p 00000000 00:00 0 
7f4434cce000-7f4434cd2000 ---p 00000000 00:00 0 
7f4434cd2000-7f4434dcf000 rw-p 00000000 00:00 0 
7f4434dcf000-7f4434dd3000 ---p 00000000 00:00 0 
7f4434dd3000-7f4434ed0000 rw-p 00000000 00:00 0 
7f4434ed0000-7f4434ed4000 ---p 00000000 00:00 0 
7f4434ed4000-7f4434fd1000 rw-p 00000000 00:00 0 
7f4434fd1000-7f4434fd5000 ---p 00000000 00:00 0 
7f4434fd5000-7f44350d2000 rw-p 00000000 00:00 0 
7f44350d2000-7f44350d6000 ---p 00000000 00:00 0 
7f44350d6000-7f44351d3000 rw-p 00000000 00:00 0 
7f44351d3000-7f44351d7000 ---p 00000000 00:00 0 
7f44351d7000-7f44352d4000 rw-p 00000000 00:00 0 
7f44352d4000-7f44352d8000 ---p 00000000 00:00 0 
7f44352d8000-7f44353d5000 rw-p 00000000 00:00 0 
7f44353d5000-7f44353d9000 ---p 00000000 00:00 0 
7f44353d9000-7f44354d6000 rw-p 00000000 00:00 0 
7f44354d6000-7f44354da000 ---p 00000000 00:00 0 
7f44354da000-7f44355d7000 rw-p 00000000 00:00 0 
7f44355d7000-7f44355db000 ---p 00000000 00:00 0 
7f44355db000-7f44356d8000 rw-p 00000000 00:00 0 
7f44356d8000-7f44356dc000 ---p 00000000 00:00 0 
7f44356dc000-7f44357d9000 rw-p 00000000 00:00 0 
7f44357d9000-7f44357dd000 ---p 00000000 00:00 0 
7f44357dd000-7f44358da000 rw-p 00000000 00:00 0 
7f44358da000-7f44358de000 ---p 00000000 00:00 0 
7f44358de000-7f44359db000 rw-p 00000000 00:00 0 
7f44359db000-7f44359df000 ---p 00000000 00:00 0 
7f44359df000-7f4435adc000 rw-p 00000000 00:00 0 
7f4435adc000-7f4435ae0000 ---p 00000000 00:00 0 
7f4435ae0000-7f4435bdd000 rw-p 00000000 00:00 0 
7f4435bdd000-7f4435be1000 ---p 00000000 00:00 0 
7f4435be1000-7f4435cde000 rw-p 00000000 00:00 0 
7f4435cde000-7f4435ce2000 ---p 00000000 00:00 0 
7f4435ce2000-7f4435ddf000 rw-p 00000000 00:00 0 
7f4435ddf000-7f4435de3000 ---p 00000000 00:00 0 
7f4435de3000-7f4435ee0000 rw-p 00000000 00:00 0 
7f4435ee0000-7f4435ee4000 ---p 00000000 00:00 0 
7f4435ee4000-7f4435fe1000 rw-p 00000000 00:00 0 
7f4435fe1000-7f4435fe5000 ---p 00000000 00:00 0 
7f4435fe5000-7f44360e2000 rw-p 00000000 00:00 0 
7f44360e2000-7f44360e6000 ---p 00000000 00:00 0 
7f44360e6000-7f44361e3000 rw-p 00000000 00:00 0 
7f44361e3000-7f44361e7000 ---p 00000000 00:00 0 
7f44361e7000-7f44362e4000 rw-p 00000000 00:00 0 
7f44362e4000-7f44362e8000 ---p 00000000 00:00 0 
7f44362e8000-7f44363e5000 rw-p 00000000 00:00 0 
7f44363e5000-7f44363e9000 ---p 00000000 00:00 0 
7f44363e9000-7f44364e6000 rw-p 00000000 00:00 0 
7f44364e6000-7f44364ea000 ---p 00000000 00:00 0 
7f44364ea000-7f44365e7000 rw-p 00000000 00:00 0 
7f44365e7000-7f44365eb000 ---p 00000000 00:00 0 
7f44365eb000-7f44366e8000 rw-p 00000000 00:00 0 
7f44366e8000-7f44366ec000 ---p 00000000 00:00 0 
7f44366ec000-7f44367e9000 rw-p 00000000 00:00 0 
7f44367e9000-7f44367ed000 ---p 00000000 00:00 0 
7f44367ed000-7f44368ea000 rw-p 00000000 00:00 0 
7f44368ea000-7f44368ee000 ---p 00000000 00:00 0 
7f44368ee000-7f44369eb000 rw-p 00000000 00:00 0 
7f44369eb000-7f44369ef000 ---p 00000000 00:00 0 
7f44369ef000-7f4436aec000 rw-p 00000000 00:00 0 
7f4436aec000-7f4436af0000 ---p 00000000 00:00 0 
7f4436af0000-7f4436bed000 rw-p 00000000 00:00 0 
7f4436bed000-7f4436bf1000 ---p 00000000 00:00 0 
7f4436bf1000-7f4436cee000 rw-p 00000000 00:00 0 
7f4436cee000-7f4436cf2000 ---p 00000000 00:00 0 
7f4436cf2000-7f4436def000 rw-p 00000000 00:00 0 
7f4436def000-7f4436df3000 ---p 00000000 00:00 0 
7f4436df3000-7f4436ef0000 rw-p 00000000 00:00 0 
7f4436ef0000-7f4436ef4000 ---p 00000000 00:00 0 
7f4436ef4000-7f4436ff1000 rw-p 00000000 00:00 0 
7f4436ff1000-7f4436ff5000 ---p 00000000 00:00 0 
7f4436ff5000-7f44370f2000 rw-p 00000000 00:00 0 
7f44370f2000-7f44370f6000 ---p 00000000 00:00 0 
7f44370f6000-7f44371f3000 rw-p 00000000 00:00 0 
7f44371f3000-7f44371f7000 ---p 00000000 00:00 0 
7f44371f7000-7f44372f4000 rw-p 00000000 00:00 0 
7f44372f4000-7f44372f8000 ---p 00000000 00:00 0 
7f44372f8000-7f44373f5000 rw-p 00000000 00:00 0 
7f44373f5000-7f44373f9000 ---p 00000000 00:00 0 
7f44373f9000-7f44374f6000 rw-p 00000000 00:00 0 
7f44374f6000-7f44374fa000 ---p 00000000 00:00 0 
7f44374fa000-7f44375f7000 rw-p 00000000 00:00 0 
7f44375f7000-7f44375fb000 ---p 00000000 00:00 0 
7f44375fb000-7f44376f8000 rw-p 00000000 00:00 0 
7f44376f8000-7f44376fc000 ---p 00000000 00:00 0 
7f44376fc000-7f44377f9000 rw-p 00000000 00:00 0 
7f44377f9000-7f44377fd000 ---p 00000000 00:00 0 
7f44377fd000-7f44378fa000 rw-p 00000000 00:00 0 
7f44378fa000-7f44378fe000 ---p 00000000 00:00 0 
7f44378fe000-7f44379fb000 rw-p 00000000 00:00 0 
7f44379fb000-7f44379ff000 ---p 00000000 00:00 0 
7f44379ff000-7f4437afc000 rw-p 00000000 00:00 0 
7f4437afc000-7f4437b00000 ---p 00000000 00:00 0 
7f4437b00000-7f4437bfd000 rw-p 00000000 00:00 0 
7f4437bfd000-7f4437c01000 ---p 00000000 00:00 0 
7f4437c01000-7f4437cfe000 rw-p 00000000 00:00 0 
7f4437cfe000-7f4437d02000 ---p 00000000 00:00 0 
7f4437d02000-7f4437dff000 rw-p 00000000 00:00 0 
7f4437dff000-7f4437e03000 ---p 00000000 00:00 0 
7f4437e03000-7f4437f00000 rw-p 00000000 00:00 0 
7f4437f00000-7f4437f04000 ---p 00000000 00:00 0 
7f4437f04000-7f4438000000 rw-p 00000000 00:00 0 
7f4438000000-7f4438027000 rw-p 00000000 00:00 0 
7f4438027000-7f443c000000 ---p 00000000 00:00 0 
7f443c0c1000-7f443c0c2000 rw-p 00000000 00:00 0 
7f443c0c2000-7f443c0c6000 ---p 00000000 00:00 0 
7f443c0c6000-7f443c1c3000 rw-p 00000000 00:00 0 
7f443c1c3000-7f443c1c7000 ---p 00000000 00:00 0 
7f443c1c7000-7f443c2c4000 rw-p 00000000 00:00 0 
7f443c2c4000-7f443c2c8000 ---p 00000000 00:00 0 
7f443c2c8000-7f443c3c5000 rw-p 00000000 00:00 0 
7f443c3c5000-7f443c3c9000 ---p 00000000 00:00 0 
7f443c3c9000-7f443c4c6000 rw-p 00000000 00:00 0 
7f443c4c6000-7f443c4ca000 ---p 00000000 00:00 0 
7f443c4ca000-7f443c5c7000 rw-p 00000000 00:00 0 
7f443c5c7000-7f443c5cb000 ---p 00000000 00:00 0 
7f443c5cb000-7f443c6c8000 rw-p 00000000 00:00 0 
7f443c6c8000-7f443c6cc000 ---p 00000000 00:00 0 
7f443c6cc000-7f443c7c9000 rw-p 00000000 00:00 0 
7f443c7c9000-7f443c7cd000 ---p 00000000 00:00 0 
7f443c7cd000-7f443c8ca000 rw-p 00000000 00:00 0 
7f443c8ca000-7f443c8ce000 ---p 00000000 00:00 0 
7f443c8ce000-7f443c9cb000 rw-p 00000000 00:00 0 
7f443c9cb000-7f443c9cf000 ---p 00000000 00:00 0 
7f443c9cf000-7f443cacc000 rw-p 00000000 00:00 0 
7f443cacc000-7f443cad0000 ---p 00000000 00:00 0 
7f443cad0000-7f443cbcd000 rw-p 00000000 00:00 0 
7f443cbcd000-7f443cbd1000 ---p 00000000 00:00 0 
7f443cbd1000-7f443ccce000 rw-p 00000000 00:00 0 
7f443ccce000-7f443ccd2000 ---p 00000000 00:00 0 
7f443ccd2000-7f443cdcf000 rw-p 00000000 00:00 0 
7f443cdcf000-7f443cdd3000 ---p 00000000 00:00 0 
7f443cdd3000-7f443ced0000 rw-p 00000000 00:00 0 
7f443ced0000-7f443ced4000 ---p 00000000 00:00 0 
7f443ced4000-7f443cfd1000 rw-p 00000000 00:00 0 
7f443cfd1000-7f443cfd5000 ---p 00000000 00:00 0 
7f443cfd5000-7f443d0d2000 rw-p 00000000 00:00 0 
7f443d0d2000-7f443d0d6000 ---p 00000000 00:00 0 
7f443d0d6000-7f443d1d3000 rw-p 00000000 00:00 0 
7f443d1d3000-7f443d1d7000 ---p 00000000 00:00 0 
7f443d1d7000-7f443d2d4000 rw-p 00000000 00:00 0 
7f443d2d4000-7f443d2d8000 ---p 00000000 00:00 0 
7f443d2d8000-7f443d3d5000 rw-p 00000000 00:00 0 
7f443d3d5000-7f443d3d9000 ---p 00000000 00:00 0 
7f443d3d9000-7f443d4d6000 rw-p 00000000 00:00 0 
7f443d4d6000-7f443d4da000 ---p 00000000 00:00 0 
7f443d4da000-7f443d5d7000 rw-p 00000000 00:00 0 
7f443d5d7000-7f443d5db000 ---p 00000000 00:00 0 
7f443d5db000-7f443d6d8000 rw-p 00000000 00:00 0 
7f443d6d8000-7f443d6dc000 ---p 00000000 00:00 0 
7f443d6dc000-7f443d7d9000 rw-p 00000000 00:00 0 
7f443d7d9000-7f443d7dd000 ---p 00000000 00:00 0 
7f443d7dd000-7f443d8da000 rw-p 00000000 00:00 0 
7f443d8da000-7f443d8de000 ---p 00000000 00:00 0 
7f443d8de000-7f443d9db000 rw-p 00000000 00:00 0 
7f443d9db000-7f443d9df000 ---p 00000000 00:00 0 
7f443d9df000-7f443dadc000 rw-p 00000000 00:00 0 
7f443dadc000-7f443dae0000 ---p 00000000 00:00 0 
7f443dae0000-7f443dbdd000 rw-p 00000000 00:00 0 
7f443dbdd000-7f443dbe1000 ---p 00000000 00:00 0 
7f443dbe1000-7f443dcde000 rw-p 00000000 00:00 0 
7f443dcde000-7f443dce2000 ---p 00000000 00:00 0 
7f443dce2000-7f443dddf000 rw-p 00000000 00:00 0 
7f443dddf000-7f443dde3000 ---p 00000000 00:00 0 
7f443dde3000-7f443dee0000 rw-p 00000000 00:00 0 
7f443dee0000-7f443dee4000 ---p 00000000 00:00 0 
7f443dee4000-7f443dfe1000 rw-p 00000000 00:00 0 
7f443dfe1000-7f443dfe5000 ---p 00000000 00:00 0 
7f443dfe5000-7f443e0e2000 rw-p 00000000 00:00 0 
7f443e0e2000-7f443e0e6000 ---p 00000000 00:00 0 
7f443e0e6000-7f443e1e3000 rw-p 00000000 00:00 0 
7f443e1e3000-7f443e1e7000 ---p 00000000 00:00 0 
7f443e1e7000-7f443e2e4000 rw-p 00000000 00:00 0 
7f443e2e4000-7f443e2e8000 ---p 00000000 00:00 0 
7f443e2e8000-7f443e3e5000 rw-p 00000000 00:00 0 
7f443e3e5000-7f443e3e9000 ---p 00000000 00:00 0 
7f443e3e9000-7f443e4e6000 rw-p 00000000 00:00 0 
7f443e4e6000-7f443e4ea000 ---p 00000000 00:00 0 
7f443e4ea000-7f443e5e7000 rw-p 00000000 00:00 0 
7f443e5e7000-7f443e5eb000 ---p 00000000 00:00 0 
7f443e5eb000-7f443e6e8000 rw-p 00000000 00:00 0 
7f443e6e8000-7f443e6ec000 ---p 00000000 00:00 0 
7f443e6ec000-7f443e7e9000 rw-p 00000000 00:00 0 
7f443e7e9000-7f443e7ed000 ---p 00000000 00:00 0 
7f443e7ed000-7f443e8ea000 rw-p 00000000 00:00 0 
7f443e8ea000-7f443e8ee000 ---p 00000000 00:00 0 
7f443e8ee000-7f443e9eb000 rw-p 00000000 00:00 0 
7f443e9eb000-7f443e9ef000 ---p 00000000 00:00 0 
7f443e9ef000-7f443eaec000 rw-p 00000000 00:00 0 
7f443eaec000-7f443eaf0000 ---p 00000000 00:00 0 
7f443eaf0000-7f443ebed000 rw-p 00000000 00:00 0 
7f443ebed000-7f443ebf1000 ---p 00000000 00:00 0 
7f443ebf1000-7f443ecee000 rw-p 00000000 00:00 0 
7f443ecee000-7f443ecf2000 ---p 00000000 00:00 0 
7f443ecf2000-7f443edef000 rw-p 00000000 00:00 0 
7f443edef000-7f443edf3000 ---p 00000000 00:00 0 
7f443edf3000-7f443eef0000 rw-p 00000000 00:00 0 
7f443eef0000-7f443eef4000 ---p 00000000 00:00 0 
7f443eef4000-7f443eff1000 rw-p 00000000 00:00 0 
7f443eff1000-7f443eff5000 ---p 00000000 00:00 0 
7f443eff5000-7f443f0f2000 rw-p 00000000 00:00 0 
7f443f0f2000-7f443f0f6000 ---p 00000000 00:00 0 
7f443f0f6000-7f443f1f3000 rw-p 00000000 00:00 0 
7f443f1f3000-7f443f1f7000 ---p 00000000 00:00 0 
7f443f1f7000-7f443f2f4000 rw-p 00000000 00:00 0 
7f443f2f4000-7f443f2f8000 ---p 00000000 00:00 0 
7f443f2f8000-7f443f3f5000 rw-p 00000000 00:00 0 
7f443f3f5000-7f443f3f9000 ---p 00000000 00:00 0 
7f443f3f9000-7f443f4f6000 rw-p 00000000 00:00 0 
7f443f4f6000-7f443f4fa000 ---p 00000000 00:00 0 
7f443f4fa000-7f443f5f7000 rw-p 00000000 00:00 0 
7f443f5f7000-7f443f5fb000 ---p 00000000 00:00 0 
7f443f5fb000-7f443f6f8000 rw-p 00000000 00:00 0 
7f443f6f8000-7f443f6fc000 ---p 00000000 00:00 0 
7f443f6fc000-7f443f7f9000 rw-p 00000000 00:00 0 
7f443f7f9000-7f443f7fd000 ---p 00000000 00:00 0 
7f443f7fd000-7f443f8fa000 rw-p 00000000 00:00 0 
7f443f8fa000-7f443f8fe000 ---p 00000000 00:00 0 
7f443f8fe000-7f443f9fb000 rw-p 00000000 00:00 0 
7f443f9fb000-7f443f9ff000 ---p 00000000 00:00 0 
7f443f9ff000-7f443fafc000 rw-p 00000000 00:00 0 
7f443fafc000-7f443fb00000 ---p 00000000 00:00 0 
7f443fb00000-7f443fbfd000 rw-p 00000000 00:00 0 
7f443fbfd000-7f443fc01000 ---p 00000000 00:00 0 
7f443fc01000-7f443fcfe000 rw-p 00000000 00:00 0 
7f443fcfe000-7f443fd02000 ---p 00000000 00:00 0 
7f443fd02000-7f443fdff000 rw-p 00000000 00:00 0 
7f443fdff000-7f443fe03000 ---p 00000000 00:00 0 
7f443fe03000-7f443ff00000 rw-p 00000000 00:00 0 
7f443ff00000-7f443ff04000 ---p 00000000 00:00 0 
7f443ff04000-7f4440000000 rw-p 00000000 00:00 0 
7f4440000000-7f4440021000 rw-p 00000000 00:00 0 
7f4440021000-7f4444000000 ---p 00000000 00:00 0 
7f4444000000-7f4444023000 rw-p 00000000 00:00 0 
7f4444023000-7f4448000000 ---p 00000000 00:00 0 
7f4448000000-7f4448021000 rw-p 00000000 00:00 0 
7f4448021000-7f444c000000 ---p 00000000 00:00 0 
7f444c000000-7f444c021000 rw-p 00000000 00:00 0 
7f444c021000-7f4450000000 ---p 00000000 00:00 0 
7f4450000000-7f4450022000 rw-p 00000000 00:00 0 
7f4450022000-7f4454000000 ---p 00000000 00:00 0 
7f4454000000-7f4454021000 rw-p 00000000 00:00 0 
7f4454021000-7f4458000000 ---p 00000000 00:00 0 
7f4458000000-7f4458021000 rw-p 00000000 00:00 0 
7f4458021000-7f445c000000 ---p 00000000 00:00 0 
7f445c000000-7f445c021000 rw-p 00000000 00:00 0 
7f445c021000-7f4460000000 ---p 00000000 00:00 0 
7f4460000000-7f4460077000 rw-p 00000000 00:00 0 
7f4460077000-7f4464000000 ---p 00000000 00:00 0 
7f4464000000-7f44643a2000 rw-p 00000000 00:00 0 
7f44643a2000-7f4468000000 ---p 00000000 00:00 0 
7f4468000000-7f4468d4c000 rw-p 00000000 00:00 0 
7f4468d4c000-7f446c000000 ---p 00000000 00:00 0 
7f446c000000-7f446d44f000 rw-p 00000000 00:00 0 
7f446d44f000-7f4470000000 ---p 00000000 00:00 0 
7f4470000000-7f4470043000 rw-p 00000000 00:00 0 
7f4470043000-7f4474000000 ---p 00000000 00:00 0 
7f4474000000-7f4474045000 rw-p 00000000 00:00 0 
7f4474045000-7f4478000000 ---p 00000000 00:00 0 
7f4478000000-7f447805c000 rw-p 00000000 00:00 0 
7f447805c000-7f447c000000 ---p 00000000 00:00 0 
7f447c000000-7f447c045000 rw-p 00000000 00:00 0 
7f447c045000-7f4480000000 ---p 00000000 00:00 0 
7f4480000000-7f4480071000 rw-p 00000000 00:00 0 
7f4480071000-7f4484000000 ---p 00000000 00:00 0 
7f4484000000-7f448409d000 rw-p 00000000 00:00 0 
7f448409d000-7f4488000000 ---p 00000000 00:00 0 
7f4488000000-7f4488084000 rw-p 00000000 00:00 0 
7f4488084000-7f448c000000 ---p 00000000 00:00 0 
7f448c0c1000-7f448c0c2000 rw-p 00000000 00:00 0 
7f448c0c2000-7f448c0c6000 ---p 00000000 00:00 0 
7f448c0c6000-7f448c1c3000 rw-p 00000000 00:00 0 
7f448c1c3000-7f448c1c7000 ---p 00000000 00:00 0 
7f448c1c7000-7f448c2c4000 rw-p 00000000 00:00 0 
7f448c2c4000-7f448c2c8000 ---p 00000000 00:00 0 
7f448c2c8000-7f448c3c5000 rw-p 00000000 00:00 0 
7f448c3c5000-7f448c3c9000 ---p 00000000 00:00 0 
7f448c3c9000-7f448c4c6000 rw-p 00000000 00:00 0 
7f448c4c6000-7f448c4ca000 ---p 00000000 00:00 0 
7f448c4ca000-7f448c5c7000 rw-p 00000000 00:00 0 
7f448c5c7000-7f448c5cb000 ---p 00000000 00:00 0 
7f448c5cb000-7f448c6c8000 rw-p 00000000 00:00 0 
7f448c6c8000-7f448c6cc000 ---p 00000000 00:00 0 
7f448c6cc000-7f448c7c9000 rw-p 00000000 00:00 0 
7f448c7c9000-7f448c7cd000 ---p 00000000 00:00 0 
7f448c7cd000-7f448c8ca000 rw-p 00000000 00:00 0 
7f448c8ca000-7f448c8ce000 ---p 00000000 00:00 0 
7f448c8ce000-7f448c9cb000 rw-p 00000000 00:00 0 
7f448c9cb000-7f448c9cf000 ---p 00000000 00:00 0 
7f448c9cf000-7f448cacc000 rw-p 00000000 00:00 0 
7f448cacc000-7f448cad0000 ---p 00000000 00:00 0 
7f448cad0000-7f448cbcd000 rw-p 00000000 00:00 0 
7f448cbcd000-7f448cbd1000 ---p 00000000 00:00 0 
7f448cbd1000-7f448ccce000 rw-p 00000000 00:00 0 
7f448ccce000-7f448ccd2000 ---p 00000000 00:00 0 
7f448ccd2000-7f448cdcf000 rw-p 00000000 00:00 0 
7f448cdcf000-7f448cdd3000 ---p 00000000 00:00 0 
7f448cdd3000-7f448ced0000 rw-p 00000000 00:00 0 
7f448ced0000-7f448ced4000 ---p 00000000 00:00 0 
7f448ced4000-7f448cfd1000 rw-p 00000000 00:00 0 
7f448cfd1000-7f448cfd5000 ---p 00000000 00:00 0 
7f448cfd5000-7f448d0d2000 rw-p 00000000 00:00 0 
7f448d0d2000-7f448d0d6000 ---p 00000000 00:00 0 
7f448d0d6000-7f448d1d3000 rw-p 00000000 00:00 0 
7f448d1d3000-7f448d1d7000 ---p 00000000 00:00 0 
7f448d1d7000-7f448d2d4000 rw-p 00000000 00:00 0 
7f448d2d4000-7f448d2d8000 ---p 00000000 00:00 0 
7f448d2d8000-7f448d3d5000 rw-p 00000000 00:00 0 
7f448d3d5000-7f448d3d9000 ---p 00000000 00:00 0 
7f448d3d9000-7f448d4d6000 rw-p 00000000 00:00 0 
7f448d4d6000-7f448d4da000 ---p 00000000 00:00 0 
7f448d4da000-7f448d5d7000 rw-p 00000000 00:00 0 
7f448d5d7000-7f448d5db000 ---p 00000000 00:00 0 
7f448d5db000-7f448d6d8000 rw-p 00000000 00:00 0 
7f448d6d8000-7f448d6dc000 ---p 00000000 00:00 0 
7f448d6dc000-7f448d7d9000 rw-p 00000000 00:00 0 
7f448d7d9000-7f448d7dd000 ---p 00000000 00:00 0 
7f448d7dd000-7f448d8da000 rw-p 00000000 00:00 0 
7f448d8da000-7f448d8de000 ---p 00000000 00:00 0 
7f448d8de000-7f448d9db000 rw-p 00000000 00:00 0 
7f448d9db000-7f448d9df000 ---p 00000000 00:00 0 
7f448d9df000-7f448dadc000 rw-p 00000000 00:00 0 
7f448dadc000-7f448dae0000 ---p 00000000 00:00 0 
7f448dae0000-7f448dbdd000 rw-p 00000000 00:00 0 
7f448dbdd000-7f448dbe1000 ---p 00000000 00:00 0 
7f448dbe1000-7f448dcde000 rw-p 00000000 00:00 0 
7f448dcde000-7f448dce2000 ---p 00000000 00:00 0 
7f448dce2000-7f448dddf000 rw-p 00000000 00:00 0 
7f448dddf000-7f448dde3000 ---p 00000000 00:00 0 
7f448dde3000-7f448dee0000 rw-p 00000000 00:00 0 
7f448dee0000-7f448dee4000 ---p 00000000 00:00 0 
7f448dee4000-7f448dfe1000 rw-p 00000000 00:00 0 
7f448dfe1000-7f448dfe5000 ---p 00000000 00:00 0 
7f448dfe5000-7f448e0e2000 rw-p 00000000 00:00 0 
7f448e0e2000-7f448e0e6000 ---p 00000000 00:00 0 
7f448e0e6000-7f448e1e3000 rw-p 00000000 00:00 0 
7f448e1e3000-7f448e1e7000 ---p 00000000 00:00 0 
7f448e1e7000-7f448e2e4000 rw-p 00000000 00:00 0 
7f448e2e4000-7f448e2e8000 ---p 00000000 00:00 0 
7f448e2e8000-7f448e3e5000 rw-p 00000000 00:00 0 
7f448e3e5000-7f448e3e9000 ---p 00000000 00:00 0 
7f448e3e9000-7f448e4e6000 rw-p 00000000 00:00 0 
7f448e4e6000-7f448e4ea000 ---p 00000000 00:00 0 
7f448e4ea000-7f448e5e7000 rw-p 00000000 00:00 0 
7f448e5e7000-7f448e5eb000 ---p 00000000 00:00 0 
7f448e5eb000-7f448e6e8000 rw-p 00000000 00:00 0 
7f448e6e8000-7f448e6ec000 ---p 00000000 00:00 0 
7f448e6ec000-7f448e7e9000 rw-p 00000000 00:00 0 
7f448e7e9000-7f448e7ed000 ---p 00000000 00:00 0 
7f448e7ed000-7f448e8ea000 rw-p 00000000 00:00 0 
7f448e8ea000-7f448e8ee000 ---p 00000000 00:00 0 
7f448e8ee000-7f448e9eb000 rw-p 00000000 00:00 0 
7f448e9eb000-7f448e9ef000 ---p 00000000 00:00 0 
7f448e9ef000-7f448eaec000 rw-p 00000000 00:00 0 
7f448eaec000-7f448eaf0000 ---p 00000000 00:00 0 
7f448eaf0000-7f448ebed000 rw-p 00000000 00:00 0 
7f448ebed000-7f448ebf1000 ---p 00000000 00:00 0 
7f448ebf1000-7f448ecee000 rw-p 00000000 00:00 0 
7f448ecee000-7f448ecf2000 ---p 00000000 00:00 0 
7f448ecf2000-7f448edef000 rw-p 00000000 00:00 0 
7f448edef000-7f448edf3000 ---p 00000000 00:00 0 
7f448edf3000-7f448eef0000 rw-p 00000000 00:00 0 
7f448eef0000-7f448eef4000 ---p 00000000 00:00 0 
7f448eef4000-7f448eff1000 rw-p 00000000 00:00 0 
7f448eff1000-7f448eff5000 ---p 00000000 00:00 0 
7f448eff5000-7f448f0f2000 rw-p 00000000 00:00 0 
7f448f0f2000-7f448f0f6000 ---p 00000000 00:00 0 
7f448f0f6000-7f448f1f3000 rw-p 00000000 00:00 0 
7f448f1f3000-7f448f1f7000 ---p 00000000 00:00 0 
7f448f1f7000-7f448f2f4000 rw-p 00000000 00:00 0 
7f448f2f4000-7f448f2f8000 ---p 00000000 00:00 0 
7f448f2f8000-7f448f3f5000 rw-p 00000000 00:00 0 
7f448f3f5000-7f448f3f9000 ---p 00000000 00:00 0 
7f448f3f9000-7f448f4f6000 rw-p 00000000 00:00 0 
7f448f4f6000-7f448f4fa000 ---p 00000000 00:00 0 
7f448f4fa000-7f448f5f7000 rw-p 00000000 00:00 0 
7f448f5f7000-7f448f5fb000 ---p 00000000 00:00 0 
7f448f5fb000-7f448f6f8000 rw-p 00000000 00:00 0 
7f448f6f8000-7f448f6fc000 ---p 00000000 00:00 0 
7f448f6fc000-7f448f7f9000 rw-p 00000000 00:00 0 
7f448f7f9000-7f448f7fd000 ---p 00000000 00:00 0 
7f448f7fd000-7f448f8fa000 rw-p 00000000 00:00 0 
7f448f8fa000-7f448f8fe000 ---p 00000000 00:00 0 
7f448f8fe000-7f448f9fb000 rw-p 00000000 00:00 0 
7f448f9fb000-7f448f9ff000 ---p 00000000 00:00 0 
7f448f9ff000-7f448fafc000 rw-p 00000000 00:00 0 
7f448fafc000-7f448fb00000 ---p 00000000 00:00 0 
7f448fb00000-7f448fbfd000 rw-p 00000000 00:00 0 
7f448fbfd000-7f448fc01000 ---p 00000000 00:00 0 
7f448fc01000-7f448fcfe000 rw-p 00000000 00:00 0 
7f448fcfe000-7f448fd02000 ---p 00000000 00:00 0 
7f448fd02000-7f448fdff000 rw-p 00000000 00:00 0 
7f448fdff000-7f448fe03000 ---p 00000000 00:00 0 
7f448fe03000-7f448ff00000 rw-p 00000000 00:00 0 
7f448ff00000-7f448ff04000 ---p 00000000 00:00 0 
7f448ff04000-7f4490000000 rw-p 00000000 00:00 0 
7f4490000000-7f4490082000 rw-p 00000000 00:00 0 
7f4490082000-7f4494000000 ---p 00000000 00:00 0 
7f4494000000-7f44940b6000 rw-p 00000000 00:00 0 
7f44940b6000-7f4498000000 ---p 00000000 00:00 0 
7f4498000000-7f449811b000 rw-p 00000000 00:00 0 
7f449811b000-7f449c000000 ---p 00000000 00:00 0 
7f449c000000-7f449c07b000 rw-p 00000000 00:00 0 
7f449c07b000-7f44a0000000 ---p 00000000 00:00 0 
7f44a0000000-7f44a274f000 rw-p 00000000 00:00 0 
7f44a274f000-7f44a4000000 ---p 00000000 00:00 0 
7f44a4000000-7f44a4043000 rw-p 00000000 00:00 0 
7f44a4043000-7f44a8000000 ---p 00000000 00:00 0 
7f44a8000000-7f44a8043000 rw-p 00000000 00:00 0 
7f44a8043000-7f44ac000000 ---p 00000000 00:00 0 
7f44ac000000-7f44ae50f000 rw-p 00000000 00:00 0 
7f44ae50f000-7f44b0000000 ---p 00000000 00:00 0 
7f44b0000000-7f44b0045000 rw-p 00000000 00:00 0 
7f44b0045000-7f44b4000000 ---p 00000000 00:00 0 
7f44b4000000-7f44b4096000 rw-p 00000000 00:00 0 
7f44b4096000-7f44b8000000 ---p 00000000 00:00 0 
7f44b8000000-7f44b804b000 rw-p 00000000 00:00 0 
7f44b804b000-7f44bc000000 ---p 00000000 00:00 0 
7f44bc000000-7f44bc045000 rw-p 00000000 00:00 0 
7f44bc045000-7f44c0000000 ---p 00000000 00:00 0 
7f44c0000000-7f44c00c7000 rw-p 00000000 00:00 0 
7f44c00c7000-7f44c4000000 ---p 00000000 00:00 0 
7f44c4000000-7f44c4079000 rw-p 00000000 00:00 0 
7f44c4079000-7f44c8000000 ---p 00000000 00:00 0 
7f44c8000000-7f44c8043000 rw-p 00000000 00:00 0 
7f44c8043000-7f44cc000000 ---p 00000000 00:00 0 
7f44cc000000-7f44cc045000 rw-p 00000000 00:00 0 
7f44cc045000-7f44d0000000 ---p 00000000 00:00 0 
7f44d0000000-7f44d004a000 rw-p 00000000 00:00 0 
7f44d004a000-7f44d4000000 ---p 00000000 00:00 0 
7f44d4000000-7f44d4043000 rw-p 00000000 00:00 0 
7f44d4043000-7f44d8000000 ---p 00000000 00:00 0 
7f44d8000000-7f44d804e000 rw-p 00000000 00:00 0 
7f44d804e000-7f44dc000000 ---p 00000000 00:00 0 
7f44dc000000-7f44dc04e000 rw-p 00000000 00:00 0 
7f44dc04e000-7f44e0000000 ---p 00000000 00:00 0 
7f44e0000000-7f44e0045000 rw-p 00000000 00:00 0 
7f44e0045000-7f44e4000000 ---p 00000000 00:00 0 
7f44e4000000-7f44e443a000 rw-p 00000000 00:00 0 
7f44e443a000-7f44e8000000 ---p 00000000 00:00 0 
7f44e8000000-7f44e804a000 rw-p 00000000 00:00 0 
7f44e804a000-7f44ec000000 ---p 00000000 00:00 0 
7f44ec000000-7f44ed107000 rw-p 00000000 00:00 0 
7f44ed107000-7f44f0000000 ---p 00000000 00:00 0 
7f44f0000000-7f44f0064000 rw-p 00000000 00:00 0 
7f44f0064000-7f44f4000000 ---p 00000000 00:00 0 
7f44f4000000-7f44f51e1000 rw-p 00000000 00:00 0 
7f44f51e1000-7f44f8000000 ---p 00000000 00:00 0 
7f44f8000000-7f44f8023000 rw-p 00000000 00:00 0 
7f44f8023000-7f44fc000000 ---p 00000000 00:00 0 
7f44fc000000-7f44fc021000 rw-p 00000000 00:00 0 
7f44fc021000-7f4500000000 ---p 00000000 00:00 0 
7f4500000000-7f4500021000 rw-p 00000000 00:00 0 
7f4500021000-7f4504000000 ---p 00000000 00:00 0 
7f4504000000-7f450404a000 rw-p 00000000 00:00 0 
7f450404a000-7f4508000000 ---p 00000000 00:00 0 
7f4508000000-7f4508021000 rw-p 00000000 00:00 0 
7f4508021000-7f450c000000 ---p 00000000 00:00 0 
7f450c000000-7f450c04a000 rw-p 00000000 00:00 0 
7f450c04a000-7f4510000000 ---p 00000000 00:00 0 
7f4510000000-7f4510044000 rw-p 00000000 00:00 0 
7f4510044000-7f4514000000 ---p 00000000 00:00 0 
7f4514000000-7f451409f000 rw-p 00000000 00:00 0 
7f451409f000-7f4518000000 ---p 00000000 00:00 0 
7f4518000000-7f4518021000 rw-p 00000000 00:00 0 
7f4518021000-7f451c000000 ---p 00000000 00:00 0 
7f451c000000-7f451c021000 rw-p 00000000 00:00 0 
7f451c021000-7f4520000000 ---p 00000000 00:00 0 
7f4520000000-7f4520293000 rw-p 00000000 00:00 0 
7f4520293000-7f4524000000 ---p 00000000 00:00 0 
7f4524000000-7f4524021000 rw-p 00000000 00:00 0 
7f4524021000-7f4528000000 ---p 00000000 00:00 0 
7f4528000000-7f45284aa000 rw-p 00000000 00:00 0 
7f45284aa000-7f452c000000 ---p 00000000 00:00 0 
7f452c000000-7f452c131000 rw-p 00000000 00:00 0 
7f452c131000-7f4530000000 ---p 00000000 00:00 0 
7f4530000000-7f4530021000 rw-p 00000000 00:00 0 
7f4530021000-7f4534000000 ---p 00000000 00:00 0 
7f4534000000-7f4534021000 rw-p 00000000 00:00 0 
7f4534021000-7f4538000000 ---p 00000000 00:00 0 
7f4538000000-7f453814a000 rw-p 00000000 00:00 0 
7f453814a000-7f453c000000 ---p 00000000 00:00 0 
7f453c000000-7f453c021000 rw-p 00000000 00:00 0 
7f453c021000-7f4540000000 ---p 00000000 00:00 0 
7f4540000000-7f4540021000 rw-p 00000000 00:00 0 
7f4540021000-7f4544000000 ---p 00000000 00:00 0 
7f4544000000-7f45441b5000 rw-p 00000000 00:00 0 
7f45441b5000-7f4548000000 ---p 00000000 00:00 0 
7f4548000000-7f4548021000 rw-p 00000000 00:00 0 
7f4548021000-7f454c000000 ---p 00000000 00:00 0 
7f454c000000-7f454c021000 rw-p 00000000 00:00 0 
7f454c021000-7f4550000000 ---p 00000000 00:00 0 
7f4550000000-7f4550033000 rw-p 00000000 00:00 0 
7f4550033000-7f4554000000 ---p 00000000 00:00 0 
7f4554000000-7f4554021000 rw-p 00000000 00:00 0 
7f4554021000-7f4558000000 ---p 00000000 00:00 0 
7f4558000000-7f4558021000 rw-p 00000000 00:00 0 
7f4558021000-7f455c000000 ---p 00000000 00:00 0 
7f455c000000-7f455c068000 rw-p 00000000 00:00 0 
7f455c068000-7f4560000000 ---p 00000000 00:00 0 
7f4560000000-7f4560021000 rw-p 00000000 00:00 0 
7f4560021000-7f4564000000 ---p 00000000 00:00 0 
7f4564000000-7f4564021000 rw-p 00000000 00:00 0 
7f4564021000-7f4568000000 ---p 00000000 00:00 0 
7f4568000000-7f4568021000 rw-p 00000000 00:00 0 
7f4568021000-7f456c000000 ---p 00000000 00:00 0 
7f456c000000-7f456c045000 rw-p 00000000 00:00 0 
7f456c045000-7f4570000000 ---p 00000000 00:00 0 
7f4570000000-7f4570046000 rw-p 00000000 00:00 0 
7f4570046000-7f4574000000 ---p 00000000 00:00 0 
7f4574000000-7f45740e1000 rw-p 00000000 00:00 0 
7f45740e1000-7f4578000000 ---p 00000000 00:00 0 
7f4578000000-7f4578021000 rw-p 00000000 00:00 0 
7f4578021000-7f457c000000 ---p 00000000 00:00 0 
7f457c000000-7f457c021000 rw-p 00000000 00:00 0 
7f457c021000-7f4580000000 ---p 00000000 00:00 0 
7f4580000000-7f4580021000 rw-p 00000000 00:00 0 
7f4580021000-7f4584000000 ---p 00000000 00:00 0 
7f4584000000-7f4584021000 rw-p 00000000 00:00 0 
7f4584021000-7f4588000000 ---p 00000000 00:00 0 
7f4588000000-7f4588021000 rw-p 00000000 00:00 0 
7f4588021000-7f458c000000 ---p 00000000 00:00 0 
7f458c000000-7f458c021000 rw-p 00000000 00:00 0 
7f458c021000-7f4590000000 ---p 00000000 00:00 0 
7f4590000000-7f4590021000 rw-p 00000000 00:00 0 
7f4590021000-7f4594000000 ---p 00000000 00:00 0 
7f4594000000-7f4594021000 rw-p 00000000 00:00 0 
7f4594021000-7f4598000000 ---p 00000000 00:00 0 
7f4598000000-7f4598021000 rw-p 00000000 00:00 0 
7f4598021000-7f459c000000 ---p 00000000 00:00 0 
7f459c0d1000-7f459c0d2000 rw-p 00000000 00:00 0 
7f459c0d2000-7f459c0d6000 ---p 00000000 00:00 0 
7f459c0d6000-7f459c1d3000 rw-p 00000000 00:00 0 
7f459c1d3000-7f459c1d7000 ---p 00000000 00:00 0 
7f459c1d7000-7f459c2d4000 rw-p 00000000 00:00 0 
7f459c2d4000-7f459c2d8000 ---p 00000000 00:00 0 
7f459c2d8000-7f459c3d5000 rw-p 00000000 00:00 0 
7f459c3d5000-7f459c3d9000 ---p 00000000 00:00 0 
7f459c3d9000-7f459c4d6000 rw-p 00000000 00:00 0 
7f459c4d6000-7f459c4da000 ---p 00000000 00:00 0 
7f459c4da000-7f459c5d7000 rw-p 00000000 00:00 0 
7f459c5d7000-7f459c5db000 ---p 00000000 00:00 0 
7f459c5db000-7f459c6d8000 rw-p 00000000 00:00 0 
7f459c6d8000-7f459c6dc000 ---p 00000000 00:00 0 
7f459c6dc000-7f459c7d9000 rw-p 00000000 00:00 0 
7f459c7d9000-7f459c7dd000 ---p 00000000 00:00 0 
7f459c7dd000-7f459c8da000 rw-p 00000000 00:00 0 
7f459c8da000-7f459c8de000 ---p 00000000 00:00 0 
7f459c8de000-7f459c9db000 rw-p 00000000 00:00 0 
7f459c9db000-7f459c9df000 ---p 00000000 00:00 0 
7f459c9df000-7f459cadc000 rw-p 00000000 00:00 0 
7f459cadc000-7f459cae0000 ---p 00000000 00:00 0 
7f459cae0000-7f459cbdd000 rw-p 00000000 00:00 0 
7f459cbdd000-7f459cbe1000 ---p 00000000 00:00 0 
7f459cbe1000-7f459ccde000 rw-p 00000000 00:00 0 
7f459ccde000-7f459cce2000 ---p 00000000 00:00 0 
7f459cce2000-7f459cddf000 rw-p 00000000 00:00 0 
7f459cddf000-7f459cde3000 ---p 00000000 00:00 0 
7f459cde3000-7f459cee0000 rw-p 00000000 00:00 0 
7f459cee0000-7f459cee4000 ---p 00000000 00:00 0 
7f459cee4000-7f459cfe1000 rw-p 00000000 00:00 0 
7f459cfe1000-7f459cfe5000 ---p 00000000 00:00 0 
7f459cfe5000-7f459d0e2000 rw-p 00000000 00:00 0 
7f459d0e2000-7f459d0e6000 ---p 00000000 00:00 0 
7f459d0e6000-7f459d1e3000 rw-p 00000000 00:00 0 
7f459d1e3000-7f459d1e7000 ---p 00000000 00:00 0 
7f459d1e7000-7f459d2e4000 rw-p 00000000 00:00 0 
7f459d2e4000-7f459d2e8000 ---p 00000000 00:00 0 
7f459d2e8000-7f459d3e5000 rw-p 00000000 00:00 0 
7f459d3e5000-7f459d3e9000 ---p 00000000 00:00 0 
7f459d3e9000-7f459d4e6000 rw-p 00000000 00:00 0 
7f459d4e6000-7f459d4ea000 ---p 00000000 00:00 0 
7f459d4ea000-7f459d5e7000 rw-p 00000000 00:00 0 
7f459d5e7000-7f459d5eb000 ---p 00000000 00:00 0 
7f459d5eb000-7f459d6e8000 rw-p 00000000 00:00 0 
7f459d6e8000-7f459d6ec000 ---p 00000000 00:00 0 
7f459d6ec000-7f459d7e9000 rw-p 00000000 00:00 0 
7f459d7e9000-7f459d7ed000 ---p 00000000 00:00 0 
7f459d7ed000-7f459d8ea000 rw-p 00000000 00:00 0 
7f459d8ea000-7f459d8ee000 ---p 00000000 00:00 0 
7f459d8ee000-7f459d9eb000 rw-p 00000000 00:00 0 
7f459d9eb000-7f459d9ef000 ---p 00000000 00:00 0 
7f459d9ef000-7f459daec000 rw-p 00000000 00:00 0 
7f459daec000-7f459daf0000 ---p 00000000 00:00 0 
7f459daf0000-7f459dbed000 rw-p 00000000 00:00 0 
7f459dbed000-7f459dbf1000 ---p 00000000 00:00 0 
7f459dbf1000-7f459dcee000 rw-p 00000000 00:00 0 
7f459dcee000-7f459dcf2000 ---p 00000000 00:00 0 
7f459dcf2000-7f459ddef000 rw-p 00000000 00:00 0 
7f459ddef000-7f459ddf3000 ---p 00000000 00:00 0 
7f459ddf3000-7f459def0000 rw-p 00000000 00:00 0 
7f459def0000-7f459def4000 ---p 00000000 00:00 0 
7f459def4000-7f459dff1000 rw-p 00000000 00:00 0 
7f459dff1000-7f459dff5000 ---p 00000000 00:00 0 
7f459dff5000-7f459e0f2000 rw-p 00000000 00:00 0 
7f459e0f2000-7f459e0f6000 ---p 00000000 00:00 0 
7f459e0f6000-7f459e1f3000 rw-p 00000000 00:00 0 
7f459e1f3000-7f459e1f7000 ---p 00000000 00:00 0 
7f459e1f7000-7f459e2f4000 rw-p 00000000 00:00 0 
7f459e2f4000-7f459e2f8000 ---p 00000000 00:00 0 
7f459e2f8000-7f459e3f5000 rw-p 00000000 00:00 0 
7f459e3f5000-7f459e3f9000 ---p 00000000 00:00 0 
7f459e3f9000-7f459e4f6000 rw-p 00000000 00:00 0 
7f459e4f6000-7f459e4fa000 ---p 00000000 00:00 0 
7f459e4fa000-7f459e5f7000 rw-p 00000000 00:00 0 
7f459e5f7000-7f459e5fb000 ---p 00000000 00:00 0 
7f459e5fb000-7f459e6f8000 rw-p 00000000 00:00 0 
7f459e6f8000-7f459e6fc000 ---p 00000000 00:00 0 
7f459e6fc000-7f459e7f9000 rw-p 00000000 00:00 0 
7f459e7f9000-7f459e7fd000 ---p 00000000 00:00 0 
7f459e7fd000-7f459e8fa000 rw-p 00000000 00:00 0 
7f459e8fa000-7f459e8fe000 ---p 00000000 00:00 0 
7f459e8fe000-7f459e9fb000 rw-p 00000000 00:00 0 
7f459e9fb000-7f459e9ff000 ---p 00000000 00:00 0 
7f459e9ff000-7f459eafc000 rw-p 00000000 00:00 0 
7f459eafc000-7f459eb00000 ---p 00000000 00:00 0 
7f459eb00000-7f459ebfd000 rw-p 00000000 00:00 0 
7f459ebfd000-7f459ec01000 ---p 00000000 00:00 0 
7f459ec01000-7f459ecfe000 rw-p 00000000 00:00 0 
7f459ecfe000-7f459ed02000 ---p 00000000 00:00 0 
7f459ed02000-7f459edff000 rw-p 00000000 00:00 0 
7f459edff000-7f459ee03000 ---p 00000000 00:00 0 
7f459ee03000-7f459ef00000 rw-p 00000000 00:00 0 
7f459ef00000-7f459ef04000 ---p 00000000 00:00 0 
7f459ef04000-7f459f000000 rw-p 00000000 00:00 0 
7f459f000000-7f459f400000 rw-p 00000000 00:00 0 
7f459f400000-7f459f580000 rw-p 00000000 00:00 0 
7f459f580000-7f459f600000 rw-p 00000000 00:00 0 
7f459f600000-7f459f980000 rw-p 00000000 00:00 0 
7f459f980000-7f459fa00000 rw-p 00000000 00:00 0 
7f459fa00000-7f459ff00000 rw-p 00000000 00:00 0 
7f459ff00000-7f45a0000000 rw-p 00000000 00:00 0 
7f45a0000000-7f45a0200000 rw-p 00000000 00:00 0 
7f45a0200000-7f45a0240000 rw-p 00000000 00:00 0 
7f45a0240000-7f45a0b00000 rw-p 00000000 00:00 0 
7f45a0b00000-7f45a0c00000 rw-p 00000000 00:00 0 
7f45a0c00000-7f45a2580000 rw-p 00000000 00:00 0 
7f45a2580000-7f45a2b00000 rw-p 00000000 00:00 0 
7f45a2b00000-7f45a2c00000 rw-p 00000000 00:00 0 
7f45a2c00000-7f45a3000000 rw-p 00000000 00:00 0 
7f45a30fd000-7f45a30fe000 rw-p 00000000 00:00 0 
7f45a30fe000-7f45a3102000 ---p 00000000 00:00 0 
7f45a3102000-7f45a31ff000 rw-p 00000000 00:00 0 
7f45a31ff000-7f45a3203000 ---p 00000000 00:00 0 
7f45a3203000-7f45a3300000 rw-p 00000000 00:00 0 
7f45a3300000-7f45a3304000 ---p 00000000 00:00 0 
7f45a3304000-7f45a3400000 rw-p 00000000 00:00 0 
7f45a3400000-7f45abecf000 r--s 00000000 00:21 8307912                    /usr/lib/jvm/java-21-openjdk/lib/modules
7f45abeff000-7f45abf00000 rw-p 00000000 00:00 0 
7f45abf00000-7f45abf04000 ---p 00000000 00:00 0 
7f45abf04000-7f45ac000000 rw-p 00000000 00:00 0 
7f45ac000000-7f45acae0000 rw-p 00000000 00:00 0 
7f45acae0000-7f45ae3c0000 rw-p 00000000 00:00 0 
7f45ae3c0000-7f45ae400000 rw-p 00000000 00:00 0 
7f45ae400000-7f45afe00000 rw-p 00000000 00:00 0 
7f45afe00000-7f45b0000000 rw-p 00000000 00:00 0 
7f45b0000000-7f45b004a000 rw-p 00000000 00:00 0 
7f45b004a000-7f45b4000000 ---p 00000000 00:00 0 
7f45b4000000-7f45b4e2b000 rw-p 00000000 00:00 0 
7f45b4e2b000-7f45b8000000 ---p 00000000 00:00 0 
7f45b8000000-7f45b8021000 rw-p 00000000 00:00 0 
7f45b8021000-7f45bc000000 ---p 00000000 00:00 0 
7f45bc000000-7f45bc021000 rw-p 00000000 00:00 0 
7f45bc021000-7f45c0000000 ---p 00000000 00:00 0 
7f45c0000000-7f45c0021000 rw-p 00000000 00:00 0 
7f45c0021000-7f45c4000000 ---p 00000000 00:00 0 
7f45c4000000-7f45c4021000 rw-p 00000000 00:00 0 
7f45c4021000-7f45c8000000 ---p 00000000 00:00 0 
7f45c8000000-7f45c8021000 rw-p 00000000 00:00 0 
7f45c8021000-7f45cc000000 ---p 00000000 00:00 0 
7f45cc000000-7f45cc021000 rw-p 00000000 00:00 0 
7f45cc021000-7f45d0000000 ---p 00000000 00:00 0 
7f45d0000000-7f45d0021000 rw-p 00000000 00:00 0 
7f45d0021000-7f45d4000000 ---p 00000000 00:00 0 
7f45d4000000-7f45d4021000 rw-p 00000000 00:00 0 
7f45d4021000-7f45d8000000 ---p 00000000 00:00 0 
7f45d8000000-7f45d8021000 rw-p 00000000 00:00 0 
7f45d8021000-7f45dc000000 ---p 00000000 00:00 0 
7f45dc000000-7f45dc021000 rw-p 00000000 00:00 0 
7f45dc021000-7f45e0000000 ---p 00000000 00:00 0 
7f45e0000000-7f45e0021000 rw-p 00000000 00:00 0 
7f45e0021000-7f45e4000000 ---p 00000000 00:00 0 
7f45e4000000-7f45e4021000 rw-p 00000000 00:00 0 
7f45e4021000-7f45e8000000 ---p 00000000 00:00 0 
7f45e8000000-7f45e8021000 rw-p 00000000 00:00 0 
7f45e8021000-7f45ec000000 ---p 00000000 00:00 0 
7f45ec000000-7f45ec021000 rw-p 00000000 00:00 0 
7f45ec021000-7f45f0000000 ---p 00000000 00:00 0 
7f45f0000000-7f45f0021000 rw-p 00000000 00:00 0 
7f45f0021000-7f45f4000000 ---p 00000000 00:00 0 
7f45f4000000-7f45f4025000 rw-p 00000000 00:00 0 
7f45f4025000-7f45f8000000 ---p 00000000 00:00 0 
7f45f8000000-7f45f8021000 rw-p 00000000 00:00 0 
7f45f8021000-7f45fc000000 ---p 00000000 00:00 0 
7f45fc000000-7f45fc024000 rw-p 00000000 00:00 0 
7f45fc024000-7f4600000000 ---p 00000000 00:00 0 
7f4600000000-7f4600021000 rw-p 00000000 00:00 0 
7f4600021000-7f4604000000 ---p 00000000 00:00 0 
7f4604000000-7f4604021000 rw-p 00000000 00:00 0 
7f4604021000-7f4608000000 ---p 00000000 00:00 0 
7f4608000000-7f4608021000 rw-p 00000000 00:00 0 
7f4608021000-7f460c000000 ---p 00000000 00:00 0 
7f460c000000-7f460c021000 rw-p 00000000 00:00 0 
7f460c021000-7f4610000000 ---p 00000000 00:00 0 
7f4610000000-7f4610021000 rw-p 00000000 00:00 0 
7f4610021000-7f4614000000 ---p 00000000 00:00 0 
7f4614000000-7f4614021000 rw-p 00000000 00:00 0 
7f4614021000-7f4618000000 ---p 00000000 00:00 0 
7f4618000000-7f4618021000 rw-p 00000000 00:00 0 
7f4618021000-7f461c000000 ---p 00000000 00:00 0 
7f461c000000-7f461c021000 rw-p 00000000 00:00 0 
7f461c021000-7f4620000000 ---p 00000000 00:00 0 
7f4620000000-7f4620025000 rw-p 00000000 00:00 0 
7f4620025000-7f4624000000 ---p 00000000 00:00 0 
7f4624000000-7f4624023000 rw-p 00000000 00:00 0 
7f4624023000-7f4628000000 ---p 00000000 00:00 0 
7f4628000000-7f4628021000 rw-p 00000000 00:00 0 
7f4628021000-7f462c000000 ---p 00000000 00:00 0 
7f462c000000-7f462c021000 rw-p 00000000 00:00 0 
7f462c021000-7f4630000000 ---p 00000000 00:00 0 
7f4630000000-7f4630021000 rw-p 00000000 00:00 0 
7f4630021000-7f4634000000 ---p 00000000 00:00 0 
7f4634000000-7f4634025000 rw-p 00000000 00:00 0 
7f4634025000-7f4638000000 ---p 00000000 00:00 0 
7f4638000000-7f4638023000 rw-p 00000000 00:00 0 
7f4638023000-7f463c000000 ---p 00000000 00:00 0 
7f463c000000-7f463c021000 rw-p 00000000 00:00 0 
7f463c021000-7f4640000000 ---p 00000000 00:00 0 
7f4640000000-7f4640021000 rw-p 00000000 00:00 0 
7f4640021000-7f4644000000 ---p 00000000 00:00 0 
7f4644000000-7f4644021000 rw-p 00000000 00:00 0 
7f4644021000-7f4648000000 ---p 00000000 00:00 0 
7f4648000000-7f4648022000 rw-p 00000000 00:00 0 
7f4648022000-7f464c000000 ---p 00000000 00:00 0 
7f464c000000-7f464c021000 rw-p 00000000 00:00 0 
7f464c021000-7f4650000000 ---p 00000000 00:00 0 
7f4650000000-7f4650021000 rw-p 00000000 00:00 0 
7f4650021000-7f4654000000 ---p 00000000 00:00 0 
7f4654000000-7f4654021000 rw-p 00000000 00:00 0 
7f4654021000-7f4658000000 ---p 00000000 00:00 0 
7f4658000000-7f4658021000 rw-p 00000000 00:00 0 
7f4658021000-7f465c000000 ---p 00000000 00:00 0 
7f465c000000-7f465c023000 rw-p 00000000 00:00 0 
7f465c023000-7f4660000000 ---p 00000000 00:00 0 
7f4660000000-7f4660021000 rw-p 00000000 00:00 0 
7f4660021000-7f4664000000 ---p 00000000 00:00 0 
7f4664000000-7f4664021000 rw-p 00000000 00:00 0 
7f4664021000-7f4668000000 ---p 00000000 00:00 0 
7f4668000000-7f4668021000 rw-p 00000000 00:00 0 
7f4668021000-7f466c000000 ---p 00000000 00:00 0 
7f466c000000-7f466c023000 rw-p 00000000 00:00 0 
7f466c023000-7f4670000000 ---p 00000000 00:00 0 
7f4670000000-7f4670021000 rw-p 00000000 00:00 0 
7f4670021000-7f4674000000 ---p 00000000 00:00 0 
7f46740c1000-7f46740c2000 rw-p 00000000 00:00 0 
7f46740c2000-7f46740c6000 ---p 00000000 00:00 0 
7f46740c6000-7f46741c3000 rw-p 00000000 00:00 0 
7f46741c3000-7f46741c7000 ---p 00000000 00:00 0 
7f46741c7000-7f46742c4000 rw-p 00000000 00:00 0 
7f46742c4000-7f46742c8000 ---p 00000000 00:00 0 
7f46742c8000-7f46743c5000 rw-p 00000000 00:00 0 
7f46743c5000-7f46743c9000 ---p 00000000 00:00 0 
7f46743c9000-7f46744c6000 rw-p 00000000 00:00 0 
7f46744c6000-7f46744ca000 ---p 00000000 00:00 0 
7f46744ca000-7f46745c7000 rw-p 00000000 00:00 0 
7f46745c7000-7f46745cb000 ---p 00000000 00:00 0 
7f46745cb000-7f46746c8000 rw-p 00000000 00:00 0 
7f46746c8000-7f46746cc000 ---p 00000000 00:00 0 
7f46746cc000-7f46747c9000 rw-p 00000000 00:00 0 
7f46747c9000-7f46747cd000 ---p 00000000 00:00 0 
7f46747cd000-7f46748ca000 rw-p 00000000 00:00 0 
7f46748ca000-7f46748ce000 ---p 00000000 00:00 0 
7f46748ce000-7f46749cb000 rw-p 00000000 00:00 0 
7f46749cb000-7f46749cf000 ---p 00000000 00:00 0 
7f46749cf000-7f4674acc000 rw-p 00000000 00:00 0 
7f4674acc000-7f4674ad0000 ---p 00000000 00:00 0 
7f4674ad0000-7f4674bcd000 rw-p 00000000 00:00 0 
7f4674bcd000-7f4674bd1000 ---p 00000000 00:00 0 
7f4674bd1000-7f4674cce000 rw-p 00000000 00:00 0 
7f4674cce000-7f4674cd2000 ---p 00000000 00:00 0 
7f4674cd2000-7f4674dcf000 rw-p 00000000 00:00 0 
7f4674dcf000-7f4674dd3000 ---p 00000000 00:00 0 
7f4674dd3000-7f4674ed0000 rw-p 00000000 00:00 0 
7f4674ed0000-7f4674ed4000 ---p 00000000 00:00 0 
7f4674ed4000-7f4674fd1000 rw-p 00000000 00:00 0 
7f4674fd1000-7f4674fd5000 ---p 00000000 00:00 0 
7f4674fd5000-7f46750d2000 rw-p 00000000 00:00 0 
7f46750d2000-7f46750d6000 ---p 00000000 00:00 0 
7f46750d6000-7f46751d3000 rw-p 00000000 00:00 0 
7f46751d3000-7f46751d7000 ---p 00000000 00:00 0 
7f46751d7000-7f46752d4000 rw-p 00000000 00:00 0 
7f46752d4000-7f46752d8000 ---p 00000000 00:00 0 
7f46752d8000-7f46753d5000 rw-p 00000000 00:00 0 
7f46753d5000-7f46753d9000 ---p 00000000 00:00 0 
7f46753d9000-7f46754d6000 rw-p 00000000 00:00 0 
7f46754d6000-7f46754da000 ---p 00000000 00:00 0 
7f46754da000-7f46755d7000 rw-p 00000000 00:00 0 
7f46755d7000-7f46755db000 ---p 00000000 00:00 0 
7f46755db000-7f46756d8000 rw-p 00000000 00:00 0 
7f46756d8000-7f46756dc000 ---p 00000000 00:00 0 
7f46756dc000-7f46757d9000 rw-p 00000000 00:00 0 
7f46757d9000-7f46757dd000 ---p 00000000 00:00 0 
7f46757dd000-7f46758da000 rw-p 00000000 00:00 0 
7f46758da000-7f46758de000 ---p 00000000 00:00 0 
7f46758de000-7f46759db000 rw-p 00000000 00:00 0 
7f46759db000-7f46759df000 ---p 00000000 00:00 0 
7f46759df000-7f4675adc000 rw-p 00000000 00:00 0 
7f4675adc000-7f4675ae0000 ---p 00000000 00:00 0 
7f4675ae0000-7f4675bdd000 rw-p 00000000 00:00 0 
7f4675bdd000-7f4675be1000 ---p 00000000 00:00 0 
7f4675be1000-7f4675cde000 rw-p 00000000 00:00 0 
7f4675cde000-7f4675ce2000 ---p 00000000 00:00 0 
7f4675ce2000-7f4675ddf000 rw-p 00000000 00:00 0 
7f4675ddf000-7f4675de3000 ---p 00000000 00:00 0 
7f4675de3000-7f4675ee0000 rw-p 00000000 00:00 0 
7f4675ee0000-7f4675ee4000 ---p 00000000 00:00 0 
7f4675ee4000-7f4675fe1000 rw-p 00000000 00:00 0 
7f4675fe1000-7f4675fe5000 ---p 00000000 00:00 0 
7f4675fe5000-7f46760e2000 rw-p 00000000 00:00 0 
7f46760e2000-7f46760e6000 ---p 00000000 00:00 0 
7f46760e6000-7f46761e3000 rw-p 00000000 00:00 0 
7f46761e3000-7f46761e7000 ---p 00000000 00:00 0 
7f46761e7000-7f46762e4000 rw-p 00000000 00:00 0 
7f46762e4000-7f46762e8000 ---p 00000000 00:00 0 
7f46762e8000-7f46763e5000 rw-p 00000000 00:00 0 
7f46763e5000-7f46763e9000 ---p 00000000 00:00 0 
7f46763e9000-7f46764e6000 rw-p 00000000 00:00 0 
7f46764e6000-7f46764ea000 ---p 00000000 00:00 0 
7f46764ea000-7f46765e7000 rw-p 00000000 00:00 0 
7f46765e7000-7f46765eb000 ---p 00000000 00:00 0 
7f46765eb000-7f46766e8000 rw-p 00000000 00:00 0 
7f46766e8000-7f46766ec000 ---p 00000000 00:00 0 
7f46766ec000-7f46767e9000 rw-p 00000000 00:00 0 
7f46767e9000-7f46767ed000 ---p 00000000 00:00 0 
7f46767ed000-7f46768ea000 rw-p 00000000 00:00 0 
7f46768ea000-7f46768ee000 ---p 00000000 00:00 0 
7f46768ee000-7f46769eb000 rw-p 00000000 00:00 0 
7f46769eb000-7f46769ef000 ---p 00000000 00:00 0 
7f46769ef000-7f4676aec000 rw-p 00000000 00:00 0 
7f4676aec000-7f4676af0000 ---p 00000000 00:00 0 
7f4676af0000-7f4676bed000 rw-p 00000000 00:00 0 
7f4676bed000-7f4676bf1000 ---p 00000000 00:00 0 
7f4676bf1000-7f4676cee000 rw-p 00000000 00:00 0 
7f4676cee000-7f4676cf2000 ---p 00000000 00:00 0 
7f4676cf2000-7f4676def000 rw-p 00000000 00:00 0 
7f4676def000-7f4676df3000 ---p 00000000 00:00 0 
7f4676df3000-7f4676ef0000 rw-p 00000000 00:00 0 
7f4676ef0000-7f4676ef4000 ---p 00000000 00:00 0 
7f4676ef4000-7f4676ff1000 rw-p 00000000 00:00 0 
7f4676ff1000-7f4676ff5000 ---p 00000000 00:00 0 
7f4676ff5000-7f46770f2000 rw-p 00000000 00:00 0 
7f46770f2000-7f46770f6000 ---p 00000000 00:00 0 
7f46770f6000-7f46771f3000 rw-p 00000000 00:00 0 
7f46771f3000-7f46771f7000 ---p 00000000 00:00 0 
7f46771f7000-7f46772f4000 rw-p 00000000 00:00 0 
7f46772f4000-7f46772f8000 ---p 00000000 00:00 0 
7f46772f8000-7f46773f5000 rw-p 00000000 00:00 0 
7f46773f5000-7f46773f9000 ---p 00000000 00:00 0 
7f46773f9000-7f46774f6000 rw-p 00000000 00:00 0 
7f46774f6000-7f46774fa000 ---p 00000000 00:00 0 
7f46774fa000-7f46775f7000 rw-p 00000000 00:00 0 
7f46775f7000-7f46775fb000 ---p 00000000 00:00 0 
7f46775fb000-7f46776f8000 rw-p 00000000 00:00 0 
7f46776f8000-7f46776fc000 ---p 00000000 00:00 0 
7f46776fc000-7f46777f9000 rw-p 00000000 00:00 0 
7f46777f9000-7f46777fd000 ---p 00000000 00:00 0 
7f46777fd000-7f46778fa000 rw-p 00000000 00:00 0 
7f46778fa000-7f46778fe000 ---p 00000000 00:00 0 
7f46778fe000-7f46779fb000 rw-p 00000000 00:00 0 
7f46779fb000-7f46779ff000 ---p 00000000 00:00 0 
7f46779ff000-7f4677afc000 rw-p 00000000 00:00 0 
7f4677afc000-7f4677b00000 ---p 00000000 00:00 0 
7f4677b00000-7f4677bfd000 rw-p 00000000 00:00 0 
7f4677bfd000-7f4677c01000 ---p 00000000 00:00 0 
7f4677c01000-7f4677cfe000 rw-p 00000000 00:00 0 
7f4677cfe000-7f4677d02000 ---p 00000000 00:00 0 
7f4677d02000-7f4677dff000 rw-p 00000000 00:00 0 
7f4677dff000-7f4677e03000 ---p 00000000 00:00 0 
7f4677e03000-7f4677f00000 rw-p 00000000 00:00 0 
7f4677f00000-7f4677f04000 ---p 00000000 00:00 0 
7f4677f04000-7f4678000000 rw-p 00000000 00:00 0 
7f4678000000-7f467802a000 rw-p 00000000 00:00 0 
7f467802a000-7f467c000000 ---p 00000000 00:00 0 
7f467c000000-7f467c021000 rw-p 00000000 00:00 0 
7f467c021000-7f4680000000 ---p 00000000 00:00 0 
7f4680000000-7f4680022000 rw-p 00000000 00:00 0 
7f4680022000-7f4684000000 ---p 00000000 00:00 0 
7f4684000000-7f4684022000 rw-p 00000000 00:00 0 
7f4684022000-7f4688000000 ---p 00000000 00:00 0 
7f4688000000-7f4688022000 rw-p 00000000 00:00 0 
7f4688022000-7f468c000000 ---p 00000000 00:00 0 
7f468c000000-7f468c021000 rw-p 00000000 00:00 0 
7f468c021000-7f4690000000 ---p 00000000 00:00 0 
7f4690000000-7f4690021000 rw-p 00000000 00:00 0 
7f4690021000-7f4694000000 ---p 00000000 00:00 0 
7f4694000000-7f4694021000 rw-p 00000000 00:00 0 
7f4694021000-7f4698000000 ---p 00000000 00:00 0 
7f4698000000-7f4698022000 rw-p 00000000 00:00 0 
7f4698022000-7f469c000000 ---p 00000000 00:00 0 
7f469c000000-7f469c021000 rw-p 00000000 00:00 0 
7f469c021000-7f46a0000000 ---p 00000000 00:00 0 
7f46a0000000-7f46a0023000 rw-p 00000000 00:00 0 
7f46a0023000-7f46a4000000 ---p 00000000 00:00 0 
7f46a4000000-7f46a4021000 rw-p 00000000 00:00 0 
7f46a4021000-7f46a8000000 ---p 00000000 00:00 0 
7f46a8000000-7f46a8041000 rw-p 00000000 00:00 0 
7f46a8041000-7f46ac000000 ---p 00000000 00:00 0 
7f46ac000000-7f46ac022000 rw-p 00000000 00:00 0 
7f46ac022000-7f46b0000000 ---p 00000000 00:00 0 
7f46b0000000-7f46b0022000 rw-p 00000000 00:00 0 
7f46b0022000-7f46b4000000 ---p 00000000 00:00 0 
7f46b4000000-7f46b4027000 rw-p 00000000 00:00 0 
7f46b4027000-7f46b8000000 ---p 00000000 00:00 0 
7f46b8000000-7f46b8021000 rw-p 00000000 00:00 0 
7f46b8021000-7f46bc000000 ---p 00000000 00:00 0 
7f46bc000000-7f46bc021000 rw-p 00000000 00:00 0 
7f46bc021000-7f46c0000000 ---p 00000000 00:00 0 
7f46c0000000-7f46c0021000 rw-p 00000000 00:00 0 
7f46c0021000-7f46c4000000 ---p 00000000 00:00 0 
7f46c4000000-7f46c4021000 rw-p 00000000 00:00 0 
7f46c4021000-7f46c8000000 ---p 00000000 00:00 0 
7f46c8000000-7f46c8021000 rw-p 00000000 00:00 0 
7f46c8021000-7f46cc000000 ---p 00000000 00:00 0 
7f46cc000000-7f46cc021000 rw-p 00000000 00:00 0 
7f46cc021000-7f46d0000000 ---p 00000000 00:00 0 
7f46d0000000-7f46d0021000 rw-p 00000000 00:00 0 
7f46d0021000-7f46d4000000 ---p 00000000 00:00 0 
7f46d4000000-7f46d4021000 rw-p 00000000 00:00 0 
7f46d4021000-7f46d8000000 ---p 00000000 00:00 0 
7f46d8000000-7f46d8021000 rw-p 00000000 00:00 0 
7f46d8021000-7f46dc000000 ---p 00000000 00:00 0 
7f46dc000000-7f46dc021000 rw-p 00000000 00:00 0 
7f46dc021000-7f46e0000000 ---p 00000000 00:00 0 
7f46e0000000-7f46e0021000 rw-p 00000000 00:00 0 
7f46e0021000-7f46e4000000 ---p 00000000 00:00 0 
7f46e4000000-7f46e4038000 rw-p 00000000 00:00 0 
7f46e4038000-7f46e8000000 ---p 00000000 00:00 0 
7f46e8000000-7f46e8021000 rw-p 00000000 00:00 0 
7f46e8021000-7f46ec000000 ---p 00000000 00:00 0 
7f46ec000000-7f46ec021000 rw-p 00000000 00:00 0 
7f46ec021000-7f46f0000000 ---p 00000000 00:00 0 
7f46f0000000-7f46f0021000 rw-p 00000000 00:00 0 
7f46f0021000-7f46f4000000 ---p 00000000 00:00 0 
7f46f4000000-7f46f4043000 rw-p 00000000 00:00 0 
7f46f4043000-7f46f8000000 ---p 00000000 00:00 0 
7f46f8000000-7f46f8021000 rw-p 00000000 00:00 0 
7f46f8021000-7f46fc000000 ---p 00000000 00:00 0 
7f46fc000000-7f46fc03e000 rw-p 00000000 00:00 0 
7f46fc03e000-7f4700000000 ---p 00000000 00:00 0 
7f4700000000-7f4700021000 rw-p 00000000 00:00 0 
7f4700021000-7f4704000000 ---p 00000000 00:00 0 
7f4704000000-7f4704021000 rw-p 00000000 00:00 0 
7f4704021000-7f4708000000 ---p 00000000 00:00 0 
7f4708000000-7f4708021000 rw-p 00000000 00:00 0 
7f4708021000-7f470c000000 ---p 00000000 00:00 0 
7f470c000000-7f470c021000 rw-p 00000000 00:00 0 
7f470c021000-7f4710000000 ---p 00000000 00:00 0 
7f4710000000-7f4710021000 rw-p 00000000 00:00 0 
7f4710021000-7f4714000000 ---p 00000000 00:00 0 
7f4714000000-7f4714021000 rw-p 00000000 00:00 0 
7f4714021000-7f4718000000 ---p 00000000 00:00 0 
7f4718000000-7f4718021000 rw-p 00000000 00:00 0 
7f4718021000-7f471c000000 ---p 00000000 00:00 0 
7f471c000000-7f471c021000 rw-p 00000000 00:00 0 
7f471c021000-7f4720000000 ---p 00000000 00:00 0 
7f4720000000-7f4720021000 rw-p 00000000 00:00 0 
7f4720021000-7f4724000000 ---p 00000000 00:00 0 
7f4724000000-7f4724021000 rw-p 00000000 00:00 0 
7f4724021000-7f4728000000 ---p 00000000 00:00 0 
7f4728000000-7f4728021000 rw-p 00000000 00:00 0 
7f4728021000-7f472c000000 ---p 00000000 00:00 0 
7f472c000000-7f472c021000 rw-p 00000000 00:00 0 
7f472c021000-7f4730000000 ---p 00000000 00:00 0 
7f4730000000-7f4730c7f000 rw-p 00000000 00:00 0 
7f4730c7f000-7f4734000000 ---p 00000000 00:00 0 
7f4734000000-7f4734021000 rw-p 00000000 00:00 0 
7f4734021000-7f4738000000 ---p 00000000 00:00 0 
7f4738000000-7f4738021000 rw-p 00000000 00:00 0 
7f4738021000-7f473c000000 ---p 00000000 00:00 0 
7f473c000000-7f473c021000 rw-p 00000000 00:00 0 
7f473c021000-7f4740000000 ---p 00000000 00:00 0 
7f4740000000-7f4740021000 rw-p 00000000 00:00 0 
7f4740021000-7f4744000000 ---p 00000000 00:00 0 
7f4744000000-7f4744021000 rw-p 00000000 00:00 0 
7f4744021000-7f4748000000 ---p 00000000 00:00 0 
7f4748000000-7f4748021000 rw-p 00000000 00:00 0 
7f4748021000-7f474c000000 ---p 00000000 00:00 0 
7f474c000000-7f474c028000 rw-p 00000000 00:00 0 
7f474c028000-7f4750000000 ---p 00000000 00:00 0 
7f4750000000-7f4750021000 rw-p 00000000 00:00 0 
7f4750021000-7f4754000000 ---p 00000000 00:00 0 
7f4754000000-7f4754021000 rw-p 00000000 00:00 0 
7f4754021000-7f4758000000 ---p 00000000 00:00 0 
7f4758000000-7f4758358000 rw-p 00000000 00:00 0 
7f4758358000-7f475c000000 ---p 00000000 00:00 0 
7f475c000000-7f475c26d000 rw-p 00000000 00:00 0 
7f475c26d000-7f4760000000 ---p 00000000 00:00 0 
7f4760000000-7f4760276000 rw-p 00000000 00:00 0 
7f4760276000-7f4764000000 ---p 00000000 00:00 0 
7f4764000000-7f4764245000 rw-p 00000000 00:00 0 
7f4764245000-7f4768000000 ---p 00000000 00:00 0 
7f4768000000-7f4768027000 rw-p 00000000 00:00 0 
7f4768027000-7f476c000000 ---p 00000000 00:00 0 
7f476c000000-7f476c216000 rw-p 00000000 00:00 0 
7f476c216000-7f4770000000 ---p 00000000 00:00 0 
7f4770000000-7f4770022000 rw-p 00000000 00:00 0 
7f4770022000-7f4774000000 ---p 00000000 00:00 0 
7f4774000000-7f4774024000 rw-p 00000000 00:00 0 
7f4774024000-7f4778000000 ---p 00000000 00:00 0 
7f47780c1000-7f47780c2000 rw-p 00000000 00:00 0 
7f47780c2000-7f47780c6000 ---p 00000000 00:00 0 
7f47780c6000-7f47781c3000 rw-p 00000000 00:00 0 
7f47781c3000-7f47781c7000 ---p 00000000 00:00 0 
7f47781c7000-7f47782c4000 rw-p 00000000 00:00 0 
7f47782c4000-7f47782c8000 ---p 00000000 00:00 0 
7f47782c8000-7f47783c5000 rw-p 00000000 00:00 0 
7f47783c5000-7f47783c9000 ---p 00000000 00:00 0 
7f47783c9000-7f47784c6000 rw-p 00000000 00:00 0 
7f47784c6000-7f47784ca000 ---p 00000000 00:00 0 
7f47784ca000-7f47785c7000 rw-p 00000000 00:00 0 
7f47785c7000-7f47785cb000 ---p 00000000 00:00 0 
7f47785cb000-7f47786c8000 rw-p 00000000 00:00 0 
7f47786c8000-7f47786cc000 ---p 00000000 00:00 0 
7f47786cc000-7f47787c9000 rw-p 00000000 00:00 0 
7f47787c9000-7f47787cd000 ---p 00000000 00:00 0 
7f47787cd000-7f47788ca000 rw-p 00000000 00:00 0 
7f47788ca000-7f47788ce000 ---p 00000000 00:00 0 
7f47788ce000-7f47789cb000 rw-p 00000000 00:00 0 
7f47789cb000-7f47789cf000 ---p 00000000 00:00 0 
7f47789cf000-7f4778acc000 rw-p 00000000 00:00 0 
7f4778acc000-7f4778ad0000 ---p 00000000 00:00 0 
7f4778ad0000-7f4778bcd000 rw-p 00000000 00:00 0 
7f4778bcd000-7f4778bd1000 ---p 00000000 00:00 0 
7f4778bd1000-7f4778cce000 rw-p 00000000 00:00 0 
7f4778cce000-7f4778cd2000 ---p 00000000 00:00 0 
7f4778cd2000-7f4778dcf000 rw-p 00000000 00:00 0 
7f4778dcf000-7f4778dd3000 ---p 00000000 00:00 0 
7f4778dd3000-7f4778ed0000 rw-p 00000000 00:00 0 
7f4778ed0000-7f4778ed4000 ---p 00000000 00:00 0 
7f4778ed4000-7f4778fd1000 rw-p 00000000 00:00 0 
7f4778fd1000-7f4778fd5000 ---p 00000000 00:00 0 
7f4778fd5000-7f47790d2000 rw-p 00000000 00:00 0 
7f47790d2000-7f47790d6000 ---p 00000000 00:00 0 
7f47790d6000-7f47791d3000 rw-p 00000000 00:00 0 
7f47791d3000-7f47791d7000 ---p 00000000 00:00 0 
7f47791d7000-7f47792d4000 rw-p 00000000 00:00 0 
7f47792d4000-7f47792d8000 ---p 00000000 00:00 0 
7f47792d8000-7f47793d5000 rw-p 00000000 00:00 0 
7f47793d5000-7f47793d9000 ---p 00000000 00:00 0 
7f47793d9000-7f47794d6000 rw-p 00000000 00:00 0 
7f47794d6000-7f47794da000 ---p 00000000 00:00 0 
7f47794da000-7f47795d7000 rw-p 00000000 00:00 0 
7f47795d7000-7f47795db000 ---p 00000000 00:00 0 
7f47795db000-7f47796d8000 rw-p 00000000 00:00 0 
7f47796d8000-7f47796dc000 ---p 00000000 00:00 0 
7f47796dc000-7f47797d9000 rw-p 00000000 00:00 0 
7f47797d9000-7f47797dd000 ---p 00000000 00:00 0 
7f47797dd000-7f47798da000 rw-p 00000000 00:00 0 
7f47798da000-7f47798de000 ---p 00000000 00:00 0 
7f47798de000-7f47799db000 rw-p 00000000 00:00 0 
7f47799db000-7f47799df000 ---p 00000000 00:00 0 
7f47799df000-7f4779adc000 rw-p 00000000 00:00 0 
7f4779adc000-7f4779ae0000 ---p 00000000 00:00 0 
7f4779ae0000-7f4779bdd000 rw-p 00000000 00:00 0 
7f4779bdd000-7f4779be1000 ---p 00000000 00:00 0 
7f4779be1000-7f4779cde000 rw-p 00000000 00:00 0 
7f4779cde000-7f4779ce2000 ---p 00000000 00:00 0 
7f4779ce2000-7f4779ddf000 rw-p 00000000 00:00 0 
7f4779ddf000-7f4779de3000 ---p 00000000 00:00 0 
7f4779de3000-7f4779ee0000 rw-p 00000000 00:00 0 
7f4779ee0000-7f4779ee4000 ---p 00000000 00:00 0 
7f4779ee4000-7f4779fe1000 rw-p 00000000 00:00 0 
7f4779fe1000-7f4779fe5000 ---p 00000000 00:00 0 
7f4779fe5000-7f477a0e2000 rw-p 00000000 00:00 0 
7f477a0e2000-7f477a0e6000 ---p 00000000 00:00 0 
7f477a0e6000-7f477a1e3000 rw-p 00000000 00:00 0 
7f477a1e3000-7f477a1e7000 ---p 00000000 00:00 0 
7f477a1e7000-7f477a2e4000 rw-p 00000000 00:00 0 
7f477a2e4000-7f477a2e8000 ---p 00000000 00:00 0 
7f477a2e8000-7f477a3e5000 rw-p 00000000 00:00 0 
7f477a3e5000-7f477a3e9000 ---p 00000000 00:00 0 
7f477a3e9000-7f477a4e6000 rw-p 00000000 00:00 0 
7f477a4e6000-7f477a4ea000 ---p 00000000 00:00 0 
7f477a4ea000-7f477a5e7000 rw-p 00000000 00:00 0 
7f477a5e7000-7f477a5eb000 ---p 00000000 00:00 0 
7f477a5eb000-7f477a6e8000 rw-p 00000000 00:00 0 
7f477a6e8000-7f477a6ec000 ---p 00000000 00:00 0 
7f477a6ec000-7f477a7e9000 rw-p 00000000 00:00 0 
7f477a7e9000-7f477a7ed000 ---p 00000000 00:00 0 
7f477a7ed000-7f477a8ea000 rw-p 00000000 00:00 0 
7f477a8ea000-7f477a8ee000 ---p 00000000 00:00 0 
7f477a8ee000-7f477a9eb000 rw-p 00000000 00:00 0 
7f477a9eb000-7f477a9ef000 ---p 00000000 00:00 0 
7f477a9ef000-7f477aaec000 rw-p 00000000 00:00 0 
7f477aaec000-7f477aaf0000 ---p 00000000 00:00 0 
7f477aaf0000-7f477abed000 rw-p 00000000 00:00 0 
7f477abed000-7f477abf1000 ---p 00000000 00:00 0 
7f477abf1000-7f477acee000 rw-p 00000000 00:00 0 
7f477acee000-7f477acf2000 ---p 00000000 00:00 0 
7f477acf2000-7f477adef000 rw-p 00000000 00:00 0 
7f477adef000-7f477adf3000 ---p 00000000 00:00 0 
7f477adf3000-7f477aef0000 rw-p 00000000 00:00 0 
7f477aef0000-7f477aef4000 ---p 00000000 00:00 0 
7f477aef4000-7f477aff1000 rw-p 00000000 00:00 0 
7f477aff1000-7f477aff5000 ---p 00000000 00:00 0 
7f477aff5000-7f477b0f2000 rw-p 00000000 00:00 0 
7f477b0f2000-7f477b0f6000 ---p 00000000 00:00 0 
7f477b0f6000-7f477b1f3000 rw-p 00000000 00:00 0 
7f477b1f3000-7f477b1f7000 ---p 00000000 00:00 0 
7f477b1f7000-7f477b2f4000 rw-p 00000000 00:00 0 
7f477b2f4000-7f477b2f8000 ---p 00000000 00:00 0 
7f477b2f8000-7f477b3f5000 rw-p 00000000 00:00 0 
7f477b3f5000-7f477b3f9000 ---p 00000000 00:00 0 
7f477b3f9000-7f477b4f6000 rw-p 00000000 00:00 0 
7f477b4f6000-7f477b4fa000 ---p 00000000 00:00 0 
7f477b4fa000-7f477b5f7000 rw-p 00000000 00:00 0 
7f477b5f7000-7f477b5fb000 ---p 00000000 00:00 0 
7f477b5fb000-7f477b6f8000 rw-p 00000000 00:00 0 
7f477b6f8000-7f477b6fc000 ---p 00000000 00:00 0 
7f477b6fc000-7f477b7f9000 rw-p 00000000 00:00 0 
7f477b7f9000-7f477b7fd000 ---p 00000000 00:00 0 
7f477b7fd000-7f477c000000 rw-p 00000000 00:00 0 
7f477c000000-7f477c021000 rw-p 00000000 00:00 0 
7f477c021000-7f4780000000 ---p 00000000 00:00 0 
7f4780000000-7f4780021000 rw-p 00000000 00:00 0 
7f4780021000-7f4784000000 ---p 00000000 00:00 0 
7f4784000000-7f4784021000 rw-p 00000000 00:00 0 
7f4784021000-7f4788000000 ---p 00000000 00:00 0 
7f4788000000-7f4788033000 rw-p 00000000 00:00 0 
7f4788033000-7f478c000000 ---p 00000000 00:00 0 
7f478c000000-7f478c026000 rw-p 00000000 00:00 0 
7f478c026000-7f4790000000 ---p 00000000 00:00 0 
7f4790000000-7f4790023000 rw-p 00000000 00:00 0 
7f4790023000-7f4794000000 ---p 00000000 00:00 0 
7f4794000000-7f4794026000 rw-p 00000000 00:00 0 
7f4794026000-7f4798000000 ---p 00000000 00:00 0 
7f4798000000-7f479803f000 rw-p 00000000 00:00 0 
7f479803f000-7f479c000000 ---p 00000000 00:00 0 
7f479c000000-7f479c02e000 rw-p 00000000 00:00 0 
7f479c02e000-7f47a0000000 ---p 00000000 00:00 0 
7f47a0000000-7f47a0a63000 rw-p 00000000 00:00 0 
7f47a0a63000-7f47a4000000 ---p 00000000 00:00 0 
7f47a4000000-7f47a4021000 rw-p 00000000 00:00 0 
7f47a4021000-7f47a8000000 ---p 00000000 00:00 0 
7f47a8000000-7f47a8021000 rw-p 00000000 00:00 0 
7f47a8021000-7f47ac000000 ---p 00000000 00:00 0 
7f47ac000000-7f47ac021000 rw-p 00000000 00:00 0 
7f47ac021000-7f47b0000000 ---p 00000000 00:00 0 
7f47b0000000-7f47b0021000 rw-p 00000000 00:00 0 
7f47b0021000-7f47b4000000 ---p 00000000 00:00 0 
7f47b4000000-7f47b4021000 rw-p 00000000 00:00 0 
7f47b4021000-7f47b8000000 ---p 00000000 00:00 0 
7f47b8000000-7f47b803b000 rw-p 00000000 00:00 0 
7f47b803b000-7f47bc000000 ---p 00000000 00:00 0 
7f47bc000000-7f47bc053000 rw-p 00000000 00:00 0 
7f47bc053000-7f47c0000000 ---p 00000000 00:00 0 
7f47c0000000-7f47c0021000 rw-p 00000000 00:00 0 
7f47c0021000-7f47c4000000 ---p 00000000 00:00 0 
7f47c4000000-7f47c43d1000 rw-p 00000000 00:00 0 
7f47c43d1000-7f47c8000000 ---p 00000000 00:00 0 
7f47c8000000-7f47c8021000 rw-p 00000000 00:00 0 
7f47c8021000-7f47cc000000 ---p 00000000 00:00 0 
7f47cc000000-7f47cc021000 rw-p 00000000 00:00 0 
7f47cc021000-7f47d0000000 ---p 00000000 00:00 0 
7f47d0000000-7f47d0e91000 rw-p 00000000 00:00 0 
7f47d0e91000-7f47d4000000 ---p 00000000 00:00 0 
7f47d4000000-7f47d4021000 rw-p 00000000 00:00 0 
7f47d4021000-7f47d8000000 ---p 00000000 00:00 0 
7f47d8000000-7f47d8025000 rw-p 00000000 00:00 0 
7f47d8025000-7f47dc000000 ---p 00000000 00:00 0 
7f47dc000000-7f47dc052000 rw-p 00000000 00:00 0 
7f47dc052000-7f47e0000000 ---p 00000000 00:00 0 
7f47e0000000-7f47e0025000 rw-p 00000000 00:00 0 
7f47e0025000-7f47e4000000 ---p 00000000 00:00 0 
7f47e4000000-7f47e4049000 rw-p 00000000 00:00 0 
7f47e4049000-7f47e8000000 ---p 00000000 00:00 0 
7f47e8000000-7f47e8027000 rw-p 00000000 00:00 0 
7f47e8027000-7f47ec000000 ---p 00000000 00:00 0 
7f47ec000000-7f47ec021000 rw-p 00000000 00:00 0 
7f47ec021000-7f47f0000000 ---p 00000000 00:00 0 
7f47f0000000-7f47f0027000 rw-p 00000000 00:00 0 
7f47f0027000-7f47f4000000 ---p 00000000 00:00 0 
7f47f4000000-7f47f4025000 rw-p 00000000 00:00 0 
7f47f4025000-7f47f8000000 ---p 00000000 00:00 0 
7f47f8000000-7f47f8022000 rw-p 00000000 00:00 0 
7f47f8022000-7f47fc000000 ---p 00000000 00:00 0 
7f47fc000000-7f47fffff000 rw-p 00000000 00:00 0 
7f47fffff000-7f4800000000 ---p 00000000 00:00 0 
7f4800000000-7f48002ee000 rw-p 00000000 00:00 0 
7f48002ee000-7f4804000000 ---p 00000000 00:00 0 
7f4804000000-7f4805950000 rw-p 00000000 00:00 0 
7f4805950000-7f4808000000 ---p 00000000 00:00 0 
7f4808000000-7f480816c000 rw-p 00000000 00:00 0 
7f480816c000-7f480c000000 ---p 00000000 00:00 0 
7f480c000000-7f480c021000 rw-p 00000000 00:00 0 
7f480c021000-7f4810000000 ---p 00000000 00:00 0 
7f4810000000-7f4810021000 rw-p 00000000 00:00 0 
7f4810021000-7f4814000000 ---p 00000000 00:00 0 
7f4814000000-7f4814b17000 rw-p 00000000 00:00 0 
7f4814b17000-7f4818000000 ---p 00000000 00:00 0 
7f4818000000-7f48199f5000 rw-p 00000000 00:00 0 
7f48199f5000-7f481c000000 ---p 00000000 00:00 0 
7f481c000000-7f481ca1b000 rw-p 00000000 00:00 0 
7f481ca1b000-7f4820000000 ---p 00000000 00:00 0 
7f4820000000-7f4820dc3000 rw-p 00000000 00:00 0 
7f4820dc3000-7f4824000000 ---p 00000000 00:00 0 
7f4824000000-7f4824021000 rw-p 00000000 00:00 0 
7f4824021000-7f4828000000 ---p 00000000 00:00 0 
7f4828000000-7f482bc19000 rw-p 00000000 00:00 0 
7f482bc19000-7f482c000000 ---p 00000000 00:00 0 
7f482c000000-7f482c021000 rw-p 00000000 00:00 0 
7f482c021000-7f4830000000 ---p 00000000 00:00 0 
7f4830000000-7f483019d000 rw-p 00000000 00:00 0 
7f483019d000-7f4834000000 ---p 00000000 00:00 0 
7f4834000000-7f4834021000 rw-p 00000000 00:00 0 
7f4834021000-7f4838000000 ---p 00000000 00:00 0 
7f4838000000-7f4838021000 rw-p 00000000 00:00 0 
7f4838021000-7f483c000000 ---p 00000000 00:00 0 
7f483c000000-7f483c3d9000 rw-p 00000000 00:00 0 
7f483c3d9000-7f4840000000 ---p 00000000 00:00 0 
7f48400eb000-7f48409f5000 rw-p 00000000 00:00 0 
7f48409f5000-7f48409f9000 ---p 00000000 00:00 0 
7f48409f9000-7f4840af6000 rw-p 00000000 00:00 0 
7f4840af6000-7f4840afa000 ---p 00000000 00:00 0 
7f4840afa000-7f4840bf7000 rw-p 00000000 00:00 0 
7f4840bf7000-7f4840bfb000 ---p 00000000 00:00 0 
7f4840bfb000-7f4840cf8000 rw-p 00000000 00:00 0 
7f4840cf8000-7f4840cfc000 ---p 00000000 00:00 0 
7f4840cfc000-7f4840df9000 rw-p 00000000 00:00 0 
7f4840df9000-7f4840dfd000 ---p 00000000 00:00 0 
7f4840dfd000-7f4840efa000 rw-p 00000000 00:00 0 
7f4840efa000-7f4840efe000 ---p 00000000 00:00 0 
7f4840efe000-7f4840ffb000 rw-p 00000000 00:00 0 
7f4840ffb000-7f4840fff000 ---p 00000000 00:00 0 
7f4840fff000-7f48410fc000 rw-p 00000000 00:00 0 
7f48410fc000-7f4841100000 ---p 00000000 00:00 0 
7f4841100000-7f48411fd000 rw-p 00000000 00:00 0 
7f48411fd000-7f4841201000 ---p 00000000 00:00 0 
7f4841201000-7f48412fe000 rw-p 00000000 00:00 0 
7f48412fe000-7f4841302000 ---p 00000000 00:00 0 
7f4841302000-7f48413ff000 rw-p 00000000 00:00 0 
7f48413ff000-7f4841403000 ---p 00000000 00:00 0 
7f4841403000-7f4841500000 rw-p 00000000 00:00 0 
7f4841500000-7f4841504000 ---p 00000000 00:00 0 
7f4841504000-7f4841600000 rw-p 00000000 00:00 0 
7f4841600000-7f4841653000 r-xp 00000000 00:21 13614546                   /home/iggut/.gradle/native/100fb08df4bc3b14c8652ba06237920a3bd2aa13389f12d3474272988ae205f9/linux-amd64/libnative-platform-file-events.so
7f4841653000-7f4841852000 ---p 00053000 00:21 13614546                   /home/iggut/.gradle/native/100fb08df4bc3b14c8652ba06237920a3bd2aa13389f12d3474272988ae205f9/linux-amd64/libnative-platform-file-events.so
7f4841852000-7f4841853000 r--p 00052000 00:21 13614546                   /home/iggut/.gradle/native/100fb08df4bc3b14c8652ba06237920a3bd2aa13389f12d3474272988ae205f9/linux-amd64/libnative-platform-file-events.so
7f4841853000-7f4841855000 rw-p 00053000 00:21 13614546                   /home/iggut/.gradle/native/100fb08df4bc3b14c8652ba06237920a3bd2aa13389f12d3474272988ae205f9/linux-amd64/libnative-platform-file-events.so
7f4841884000-7f4841887000 r--p 00000000 00:21 10211290                   /usr/lib/libnss_myhostname.so.2
7f4841887000-7f48418a1000 r-xp 00003000 00:21 10211290                   /usr/lib/libnss_myhostname.so.2
7f48418a1000-7f48418b1000 r--p 0001d000 00:21 10211290                   /usr/lib/libnss_myhostname.so.2
7f48418b1000-7f48418b6000 r--p 0002d000 00:21 10211290                   /usr/lib/libnss_myhostname.so.2
7f48418b6000-7f48418b7000 rw-p 00032000 00:21 10211290                   /usr/lib/libnss_myhostname.so.2
7f48418b7000-7f48418ba000 r--p 00000000 00:21 10211292                   /usr/lib/libnss_resolve.so.2
7f48418ba000-7f48418e3000 r-xp 00003000 00:21 10211292                   /usr/lib/libnss_resolve.so.2
7f48418e3000-7f48418f7000 r--p 0002c000 00:21 10211292                   /usr/lib/libnss_resolve.so.2
7f48418f7000-7f48418fe000 r--p 00040000 00:21 10211292                   /usr/lib/libnss_resolve.so.2
7f48418fe000-7f48418ff000 rw-p 00047000 00:21 10211292                   /usr/lib/libnss_resolve.so.2
7f48418ff000-7f4841900000 rw-p 00000000 00:00 0 
7f4841900000-7f4841904000 ---p 00000000 00:00 0 
7f4841904000-7f4841a00000 rw-p 00000000 00:00 0 
7f4841a00000-7f4841a05000 r-xp 00000000 00:21 6151056                    /home/iggut/.gradle/native/c067742578af261105cb4f569cf0c3c89f3d7b1fecec35dd04571415982c5e48/linux-amd64/libnative-platform.so
7f4841a05000-7f4841c05000 ---p 00005000 00:21 6151056                    /home/iggut/.gradle/native/c067742578af261105cb4f569cf0c3c89f3d7b1fecec35dd04571415982c5e48/linux-amd64/libnative-platform.so
7f4841c05000-7f4841c06000 r--p 00005000 00:21 6151056                    /home/iggut/.gradle/native/c067742578af261105cb4f569cf0c3c89f3d7b1fecec35dd04571415982c5e48/linux-amd64/libnative-platform.so
7f4841c06000-7f4841c07000 rw-p 00006000 00:21 6151056                    /home/iggut/.gradle/native/c067742578af261105cb4f569cf0c3c89f3d7b1fecec35dd04571415982c5e48/linux-amd64/libnative-platform.so
7f4841c0d000-7f4841c12000 r--p 00000000 00:21 8307876                    /usr/lib/jvm/java-21-openjdk/lib/libawt.so
7f4841c12000-7f4841caf000 r-xp 00005000 00:21 8307876                    /usr/lib/jvm/java-21-openjdk/lib/libawt.so
7f4841caf000-7f4841cbc000 r--p 000a2000 00:21 8307876                    /usr/lib/jvm/java-21-openjdk/lib/libawt.so
7f4841cbc000-7f4841cbd000 r--p 000ae000 00:21 8307876                    /usr/lib/jvm/java-21-openjdk/lib/libawt.so
7f4841cbd000-7f4841cc8000 rw-p 000af000 00:21 8307876                    /usr/lib/jvm/java-21-openjdk/lib/libawt.so
7f4841cc8000-7f4841ced000 rw-p 00000000 00:00 0 
7f4841ced000-7f48427f9000 rw-p 00000000 00:00 0 
7f48427f9000-7f48427fd000 ---p 00000000 00:00 0 
7f48427fd000-7f48428fa000 rw-p 00000000 00:00 0 
7f48428fa000-7f48428fe000 ---p 00000000 00:00 0 
7f48428fe000-7f48429fb000 rw-p 00000000 00:00 0 
7f48429fb000-7f48429ff000 ---p 00000000 00:00 0 
7f48429ff000-7f4842afc000 rw-p 00000000 00:00 0 
7f4842afc000-7f4842b00000 ---p 00000000 00:00 0 
7f4842b00000-7f4842bfd000 rw-p 00000000 00:00 0 
7f4842bfd000-7f4842c01000 ---p 00000000 00:00 0 
7f4842c01000-7f4842cfe000 rw-p 00000000 00:00 0 
7f4842cfe000-7f4842d02000 ---p 00000000 00:00 0 
7f4842d02000-7f4842dff000 rw-p 00000000 00:00 0 
7f4842dff000-7f4842e03000 ---p 00000000 00:00 0 
7f4842e03000-7f4842f00000 rw-p 00000000 00:00 0 
7f4842f00000-7f4842f04000 ---p 00000000 00:00 0 
7f4842f04000-7f4843000000 rw-p 00000000 00:00 0 
7f4843000000-7f4843400000 rw-p 00000000 00:00 0 
7f4843400000-7f4843900000 rw-p 00000000 00:00 0 
7f4843900000-7f4843a00000 rw-p 00000000 00:00 0 
7f4843a00000-7f4843d80000 rw-p 00000000 00:00 0 
7f4843d80000-7f4843e00000 rw-p 00000000 00:00 0 
7f4843e00000-7f4844900000 rw-p 00000000 00:00 0 
7f4844900000-7f4844a00000 rw-p 00000000 00:00 0 
7f4844a00000-7f4844b00000 rw-p 00000000 00:00 0 
7f4844b00000-7f4844c00000 rw-p 00000000 00:00 0 
7f4844c00000-7f4844d80000 rw-p 00000000 00:00 0 
7f4844d80000-7f4844e00000 rw-p 00000000 00:00 0 
7f4844e00000-7f4845780000 rw-p 00000000 00:00 0 
7f4845780000-7f4845800000 rw-p 00000000 00:00 0 
7f4845800000-7f4845e00000 rw-p 00000000 00:00 0 
7f4845e00000-7f4846900000 rw-p 00000000 00:00 0 
7f4846900000-7f4846a00000 rw-p 00000000 00:00 0 
7f4846a00000-7f4846f00000 rw-p 00000000 00:00 0 
7f4846f00000-7f4847000000 rw-p 00000000 00:00 0 
7f4847000000-7f4847c9b000 rw-p 00001000 00:21 8307922                    /usr/lib/jvm/java-21-openjdk/lib/server/classes.jsa
7f4847c9b000-7f4848000000 ---p 00000000 00:00 0 
7f4848000000-7f4848040000 rw-p 00000000 00:00 0 
7f4848040000-7f4848080000 rw-p 00000000 00:00 0 
7f4848080000-7f4848140000 rw-p 00000000 00:00 0 
7f4848140000-7f4848540000 rw-p 00000000 00:00 0 
7f4848540000-7f48489e0000 rw-p 00000000 00:00 0 
7f48489e0000-7f4848a00000 rw-p 00000000 00:00 0 
7f4848a00000-7f4848a80000 rw-p 00000000 00:00 0 
7f4848a80000-7f4848b80000 rw-p 00000000 00:00 0 
7f4848b80000-7f4849540000 rw-p 00000000 00:00 0 
7f4849540000-7f4849580000 rw-p 00000000 00:00 0 
7f4849580000-7f4849880000 rw-p 00000000 00:00 0 
7f4849880000-7f4849ec0000 rw-p 00000000 00:00 0 
7f4849ec0000-7f4849f00000 rw-p 00000000 00:00 0 
7f4849f00000-7f484a5c0000 rw-p 00000000 00:00 0 
7f484a5c0000-7f484a5f0000 rw-p 00000000 00:00 0 
7f484a5f0000-7f484a600000 ---p 00000000 00:00 0 
7f484a600000-7f484a780000 rw-p 00000000 00:00 0 
7f484a780000-7f4888000000 ---p 00000000 00:00 0 
7f4888000000-7f4888021000 rw-p 00000000 00:00 0 
7f4888021000-7f488c000000 ---p 00000000 00:00 0 
7f488c000000-7f488c021000 rw-p 00000000 00:00 0 
7f488c021000-7f4890000000 ---p 00000000 00:00 0 
7f4890000000-7f4890021000 rw-p 00000000 00:00 0 
7f4890021000-7f4894000000 ---p 00000000 00:00 0 
7f4894007000-7f489400b000 r--p 00000000 00:21 10211291                   /usr/lib/libnss_mymachines.so.2
7f489400b000-7f4894055000 r-xp 00004000 00:21 10211291                   /usr/lib/libnss_mymachines.so.2
7f4894055000-7f489406c000 r--p 0004e000 00:21 10211291                   /usr/lib/libnss_mymachines.so.2
7f489406c000-7f489406f000 r--p 00065000 00:21 10211291                   /usr/lib/libnss_mymachines.so.2
7f489406f000-7f4894070000 rw-p 00068000 00:21 10211291                   /usr/lib/libnss_mymachines.so.2
7f48940b3000-7f48940b4000 rw-p 00000000 00:00 0 
7f48940b4000-7f48940b8000 ---p 00000000 00:00 0 
7f48940b8000-7f48940d7000 rw-p 00000000 00:00 0 
7f48940d7000-7f48940db000 ---p 00000000 00:00 0 
7f48940db000-7f48940fa000 rw-p 00000000 00:00 0 
7f48940fa000-7f48940fe000 ---p 00000000 00:00 0 
7f48940fe000-7f48941fb000 rw-p 00000000 00:00 0 
7f48941fb000-7f48941ff000 ---p 00000000 00:00 0 
7f48941ff000-7f48942fc000 rw-p 00000000 00:00 0 
7f48942fc000-7f4894300000 ---p 00000000 00:00 0 
7f4894300000-7f48943fd000 rw-p 00000000 00:00 0 
7f48943fd000-7f4894401000 ---p 00000000 00:00 0 
7f4894401000-7f48944fe000 rw-p 00000000 00:00 0 
7f48944fe000-7f4894502000 ---p 00000000 00:00 0 
7f4894502000-7f48945ff000 rw-p 00000000 00:00 0 
7f48945ff000-7f4894603000 ---p 00000000 00:00 0 
7f4894603000-7f4894700000 rw-p 00000000 00:00 0 
7f4894700000-7f4894704000 ---p 00000000 00:00 0 
7f4894704000-7f4894800000 rw-p 00000000 00:00 0 
7f4894800000-7f4894d65000 r--p 00000000 00:21 8979905                    /usr/lib/locale/locale-archive
7f4894d85000-7f4894d86000 rw-p 00000000 00:00 0 
7f4894d86000-7f4894d8a000 ---p 00000000 00:00 0 
7f4894d8a000-7f4894da9000 rw-p 00000000 00:00 0 
7f4894da9000-7f4894dad000 ---p 00000000 00:00 0 
7f4894dad000-7f4894dcc000 rw-p 00000000 00:00 0 
7f4894dcc000-7f4894dd0000 ---p 00000000 00:00 0 
7f4894dd0000-7f4894def000 rw-p 00000000 00:00 0 
7f4894def000-7f4894df3000 ---p 00000000 00:00 0 
7f4894df3000-7f48952f3000 rw-p 00000000 00:00 0 
7f48952f3000-7f4898021000 rw-p 00000000 00:00 0 
7f4898021000-7f489c000000 ---p 00000000 00:00 0 
7f489c000000-7f489c2b2000 rw-p 00000000 00:00 0 
7f489c2b2000-7f48a0000000 ---p 00000000 00:00 0 
7f48a0000000-7f48a0041000 rw-p 00000000 00:00 0 
7f48a0041000-7f48a4000000 ---p 00000000 00:00 0 
7f48a4022000-7f48a4027000 r--p 00000000 00:21 8307895                    /usr/lib/jvm/java-21-openjdk/lib/libjsvml.so
7f48a4027000-7f48a4068000 r-xp 00005000 00:21 8307895                    /usr/lib/jvm/java-21-openjdk/lib/libjsvml.so
7f48a4068000-7f48a40f1000 r--p 00046000 00:21 8307895                    /usr/lib/jvm/java-21-openjdk/lib/libjsvml.so
7f48a40f1000-7f48a40f2000 r--p 000ce000 00:21 8307895                    /usr/lib/jvm/java-21-openjdk/lib/libjsvml.so
7f48a40f2000-7f48a40f3000 rw-p 000cf000 00:21 8307895                    /usr/lib/jvm/java-21-openjdk/lib/libjsvml.so
7f48a40f3000-7f48a4afd000 rw-p 00000000 00:00 0 
7f48a4afd000-7f48a4e00000 rw-p 00000000 00:00 0 
7f48a4e00000-7f48a6680000 rw-p 00000000 00:00 0 
7f48a6680000-7f48a6c24000 ---p 00000000 00:00 0 
7f48a6c24000-7f48a7110000 rw-p 00000000 00:00 0 
7f48a7110000-7f48a71c4000 ---p 00000000 00:00 0 
7f48a71c4000-7f48a7510000 rw-p 00000000 00:00 0 
7f48a7510000-7f48a75c4000 ---p 00000000 00:00 0 
7f48a75c4000-7f48a7600000 rw-p 00000000 00:00 0 
7f48a7600000-7f48a7601000 rw-p 00000000 00:00 0 
7f48a7601000-7f48a7605000 ---p 00000000 00:00 0 
7f48a7605000-7f48a7624000 rw-p 00000000 00:00 0 
7f48a7624000-7f48a7628000 ---p 00000000 00:00 0 
7f48a7628000-7f48a7647000 rw-p 00000000 00:00 0 
7f48a7647000-7f48a764b000 ---p 00000000 00:00 0 
7f48a764b000-7f48a766a000 rw-p 00000000 00:00 0 
7f48a766a000-7f48a766e000 ---p 00000000 00:00 0 
7f48a766e000-7f48a768d000 rw-p 00000000 00:00 0 
7f48a768d000-7f48a7691000 ---p 00000000 00:00 0 
7f48a7691000-7f48a76af000 rw-p 00000000 00:00 0 
7f48a76af000-7f48a8400000 rw-p 00000000 00:00 0 
7f48a8400000-7f48ad5a0000 rwxp 00000000 00:00 0 
7f48ad5a0000-7f48af817000 ---p 00000000 00:00 0 
7f48af817000-7f48afcd7000 rwxp 00000000 00:00 0 
7f48afcd7000-7f48affe8000 ---p 00000000 00:00 0 
7f48affe8000-7f48b0fe8000 rwxp 00000000 00:00 0 
7f48b0fe8000-7f48b7400000 ---p 00000000 00:00 0 
7f48b7400000-7f48bfecf000 r--s 00000000 00:21 8307912                    /usr/lib/jvm/java-21-openjdk/lib/modules
7f48bfedc000-7f48bfedd000 rw-p 00000000 00:00 0 
7f48bfedd000-7f48bfee1000 ---p 00000000 00:00 0 
7f48bfee1000-7f48bfeff000 rw-p 00000000 00:00 0 
7f48bfeff000-7f48c1589000 rw-p 00000000 00:00 0 
7f48c1589000-7f48c4000000 ---p 00000000 00:00 0 
7f48c4017000-7f48c4018000 r--p 00000000 00:21 8307905                    /usr/lib/jvm/java-21-openjdk/lib/librmi.so
7f48c4018000-7f48c4019000 r-xp 00001000 00:21 8307905                    /usr/lib/jvm/java-21-openjdk/lib/librmi.so
7f48c4019000-7f48c401a000 r--p 00002000 00:21 8307905                    /usr/lib/jvm/java-21-openjdk/lib/librmi.so
7f48c401a000-7f48c401b000 r--p 00002000 00:21 8307905                    /usr/lib/jvm/java-21-openjdk/lib/librmi.so
7f48c401b000-7f48c401c000 rw-p 00003000 00:21 8307905                    /usr/lib/jvm/java-21-openjdk/lib/librmi.so
7f48c401c000-7f48c401d000 rw-p 00000000 00:00 0 
7f48c401d000-7f48c4021000 ---p 00000000 00:00 0 
7f48c4021000-7f48c4040000 rw-p 00000000 00:00 0 
7f48c4040000-7f48c4044000 ---p 00000000 00:00 0 
7f48c4044000-7f48c4062000 rw-p 00000000 00:00 0 
7f48c4062000-7f48c4064000 r--p 00000000 00:21 8307910                    /usr/lib/jvm/java-21-openjdk/lib/libverify.so
7f48c4064000-7f48c406b000 r-xp 00002000 00:21 8307910                    /usr/lib/jvm/java-21-openjdk/lib/libverify.so
7f48c406b000-7f48c406d000 r--p 00009000 00:21 8307910                    /usr/lib/jvm/java-21-openjdk/lib/libverify.so
7f48c406d000-7f48c406f000 r--p 0000a000 00:21 8307910                    /usr/lib/jvm/java-21-openjdk/lib/libverify.so
7f48c406f000-7f48c4070000 rw-p 0000c000 00:21 8307910                    /usr/lib/jvm/java-21-openjdk/lib/libverify.so
7f48c4070000-7f48c4b1b000 rw-p 00000000 00:00 0 
7f48c4b1b000-7f48c4be4000 ---p 00000000 00:00 0 
7f48c4be4000-7f48c4c88000 rw-p 00000000 00:00 0 
7f48c4c88000-7f48c4ccd000 ---p 00000000 00:00 0 
7f48c4ccd000-7f48c4cdd000 r--p 00000000 00:21 8979196                    /usr/lib/libm.so.6
7f48c4cdd000-7f48c4d76000 r-xp 00010000 00:21 8979196                    /usr/lib/libm.so.6
7f48c4d76000-7f48c4dfe000 r--p 000a9000 00:21 8979196                    /usr/lib/libm.so.6
7f48c4dfe000-7f48c4dff000 r--p 00130000 00:21 8979196                    /usr/lib/libm.so.6
7f48c4dff000-7f48c4e00000 rw-p 00131000 00:21 8979196                    /usr/lib/libm.so.6
7f48c4e00000-7f48c4e9a000 r--p 00000000 00:21 8979921                    /usr/lib/libstdc++.so.6.0.35
7f48c4e9a000-7f48c501d000 r-xp 0009a000 00:21 8979921                    /usr/lib/libstdc++.so.6.0.35
7f48c501d000-7f48c50bd000 r--p 0021d000 00:21 8979921                    /usr/lib/libstdc++.so.6.0.35
7f48c50bd000-7f48c50ce000 r--p 002bc000 00:21 8979921                    /usr/lib/libstdc++.so.6.0.35
7f48c50ce000-7f48c50cf000 rw-p 002cd000 00:21 8979921                    /usr/lib/libstdc++.so.6.0.35
7f48c50cf000-7f48c50d3000 rw-p 00000000 00:00 0 
7f48c50d3000-7f48c50d5000 r--p 00000000 00:21 8307900                    /usr/lib/jvm/java-21-openjdk/lib/libmanagement_ext.so
7f48c50d5000-7f48c50d8000 r-xp 00002000 00:21 8307900                    /usr/lib/jvm/java-21-openjdk/lib/libmanagement_ext.so
7f48c50d8000-7f48c50d9000 r--p 00005000 00:21 8307900                    /usr/lib/jvm/java-21-openjdk/lib/libmanagement_ext.so
7f48c50d9000-7f48c50da000 r--p 00006000 00:21 8307900                    /usr/lib/jvm/java-21-openjdk/lib/libmanagement_ext.so
7f48c50da000-7f48c50db000 rw-p 00007000 00:21 8307900                    /usr/lib/jvm/java-21-openjdk/lib/libmanagement_ext.so
7f48c50db000-7f48c50de000 r--p 00000000 00:21 8307902                    /usr/lib/jvm/java-21-openjdk/lib/libnet.so
7f48c50de000-7f48c50e6000 r-xp 00003000 00:21 8307902                    /usr/lib/jvm/java-21-openjdk/lib/libnet.so
7f48c50e6000-7f48c50e8000 r--p 0000b000 00:21 8307902                    /usr/lib/jvm/java-21-openjdk/lib/libnet.so
7f48c50e8000-7f48c50e9000 r--p 0000c000 00:21 8307902                    /usr/lib/jvm/java-21-openjdk/lib/libnet.so
7f48c50e9000-7f48c50ea000 rw-p 0000d000 00:21 8307902                    /usr/lib/jvm/java-21-openjdk/lib/libnet.so
7f48c50ea000-7f48c50f1000 r--p 00000000 00:21 8307903                    /usr/lib/jvm/java-21-openjdk/lib/libnio.so
7f48c50f1000-7f48c50fa000 r-xp 00007000 00:21 8307903                    /usr/lib/jvm/java-21-openjdk/lib/libnio.so
7f48c50fa000-7f48c50fe000 r--p 00010000 00:21 8307903                    /usr/lib/jvm/java-21-openjdk/lib/libnio.so
7f48c50fe000-7f48c50ff000 r--p 00014000 00:21 8307903                    /usr/lib/jvm/java-21-openjdk/lib/libnio.so
7f48c50ff000-7f48c5100000 rw-p 00015000 00:21 8307903                    /usr/lib/jvm/java-21-openjdk/lib/libnio.so
7f48c5100000-7f48c5104000 ---p 00000000 00:00 0 
7f48c5104000-7f48c5200000 rw-p 00000000 00:00 0 
7f48c5200000-7f48c5210000 r--p 00000000 00:21 8307925                    /usr/lib/jvm/java-21-openjdk/lib/server/libjvm.so
7f48c5210000-7f48c6117000 r-xp 00010000 00:21 8307925                    /usr/lib/jvm/java-21-openjdk/lib/server/libjvm.so
7f48c6117000-7f48c63f1000 r--p 00f17000 00:21 8307925                    /usr/lib/jvm/java-21-openjdk/lib/server/libjvm.so
7f48c63f1000-7f48c64c7000 r--p 011f0000 00:21 8307925                    /usr/lib/jvm/java-21-openjdk/lib/server/libjvm.so
7f48c64c7000-7f48c64f7000 rw-p 012c6000 00:21 8307925                    /usr/lib/jvm/java-21-openjdk/lib/server/libjvm.so
7f48c64f7000-7f48c655d000 rw-p 00000000 00:00 0 
7f48c655d000-7f48c6564000 r--s 00000000 00:21 8979907                    /usr/lib/gconv/gconv-modules.cache
7f48c6564000-7f48c65bf000 rw-p 00000000 00:00 0 
7f48c65f0000-7f48c65f1000 r--p 00000000 00:21 10850                      /usr/lib/libnss_mdns_minimal.so.2
7f48c65f1000-7f48c65f3000 r-xp 00001000 00:21 10850                      /usr/lib/libnss_mdns_minimal.so.2
7f48c65f3000-7f48c65f4000 r--p 00003000 00:21 10850                      /usr/lib/libnss_mdns_minimal.so.2
7f48c65f4000-7f48c65f5000 r--p 00003000 00:21 10850                      /usr/lib/libnss_mdns_minimal.so.2
7f48c65f5000-7f48c65f6000 rw-p 00004000 00:21 10850                      /usr/lib/libnss_mdns_minimal.so.2
7f48c65f6000-7f48c65f8000 r--p 00000000 00:21 8307877                    /usr/lib/jvm/java-21-openjdk/lib/libawt_headless.so
7f48c65f8000-7f48c65fc000 r-xp 00002000 00:21 8307877                    /usr/lib/jvm/java-21-openjdk/lib/libawt_headless.so
7f48c65fc000-7f48c65fe000 r--p 00006000 00:21 8307877                    /usr/lib/jvm/java-21-openjdk/lib/libawt_headless.so
7f48c65fe000-7f48c65ff000 r--p 00007000 00:21 8307877                    /usr/lib/jvm/java-21-openjdk/lib/libawt_headless.so
7f48c65ff000-7f48c6600000 rw-p 00008000 00:21 8307877                    /usr/lib/jvm/java-21-openjdk/lib/libawt_headless.so
7f48c6600000-7f48c6624000 r--p 00000000 00:21 8979186                    /usr/lib/libc.so.6
7f48c6624000-7f48c679a000 r-xp 00024000 00:21 8979186                    /usr/lib/libc.so.6
7f48c679a000-7f48c680f000 r--p 0019a000 00:21 8979186                    /usr/lib/libc.so.6
7f48c680f000-7f48c6813000 r--p 0020e000 00:21 8979186                    /usr/lib/libc.so.6
7f48c6813000-7f48c6815000 rw-p 00212000 00:21 8979186                    /usr/lib/libc.so.6
7f48c6815000-7f48c681d000 rw-p 00000000 00:00 0 
7f48c681e000-7f48c681f000 r--p 00000000 00:21 8307880                    /usr/lib/jvm/java-21-openjdk/lib/libextnet.so
7f48c681f000-7f48c6820000 r-xp 00001000 00:21 8307880                    /usr/lib/jvm/java-21-openjdk/lib/libextnet.so
7f48c6820000-7f48c6821000 r--p 00002000 00:21 8307880                    /usr/lib/jvm/java-21-openjdk/lib/libextnet.so
7f48c6821000-7f48c6822000 r--p 00002000 00:21 8307880                    /usr/lib/jvm/java-21-openjdk/lib/libextnet.so
7f48c6822000-7f48c6823000 rw-p 00003000 00:21 8307880                    /usr/lib/jvm/java-21-openjdk/lib/libextnet.so
7f48c6823000-7f48c6825000 r--p 00000000 00:21 8307898                    /usr/lib/jvm/java-21-openjdk/lib/libmanagement.so
7f48c6825000-7f48c6826000 r-xp 00002000 00:21 8307898                    /usr/lib/jvm/java-21-openjdk/lib/libmanagement.so
7f48c6826000-7f48c6827000 r--p 00003000 00:21 8307898                    /usr/lib/jvm/java-21-openjdk/lib/libmanagement.so
7f48c6827000-7f48c6828000 r--p 00003000 00:21 8307898                    /usr/lib/jvm/java-21-openjdk/lib/libmanagement.so
7f48c6828000-7f48c6829000 rw-p 00004000 00:21 8307898                    /usr/lib/jvm/java-21-openjdk/lib/libmanagement.so
7f48c6829000-7f48c682b000 r--p 00000000 00:21 8307911                    /usr/lib/jvm/java-21-openjdk/lib/libzip.so
7f48c682b000-7f48c682f000 r-xp 00002000 00:21 8307911                    /usr/lib/jvm/java-21-openjdk/lib/libzip.so
7f48c682f000-7f48c6831000 r--p 00006000 00:21 8307911                    /usr/lib/jvm/java-21-openjdk/lib/libzip.so
7f48c6831000-7f48c6832000 r--p 00007000 00:21 8307911                    /usr/lib/jvm/java-21-openjdk/lib/libzip.so
7f48c6832000-7f48c6833000 rw-p 00008000 00:21 8307911                    /usr/lib/jvm/java-21-openjdk/lib/libzip.so
7f48c6833000-7f48c683d000 rw-p 00000000 00:00 0 
7f48c683d000-7f48c6843000 ---p 00000000 00:00 0 
7f48c6843000-7f48c6847000 r--p 00000000 00:21 8979911                    /usr/lib/libgcc_s.so.1
7f48c6847000-7f48c686a000 r-xp 00004000 00:21 8979911                    /usr/lib/libgcc_s.so.1
7f48c686a000-7f48c686e000 r--p 00027000 00:21 8979911                    /usr/lib/libgcc_s.so.1
7f48c686e000-7f48c686f000 r--p 0002b000 00:21 8979911                    /usr/lib/libgcc_s.so.1
7f48c686f000-7f48c6870000 rw-p 0002c000 00:21 8979911                    /usr/lib/libgcc_s.so.1
7f48c6870000-7f48c6873000 rw-p 00000000 00:00 0 
7f48c6873000-7f48c6876000 r--p 00000000 00:21 6282737                    /usr/lib/libz.so.1.3.2
7f48c6876000-7f48c6886000 r-xp 00003000 00:21 6282737                    /usr/lib/libz.so.1.3.2
7f48c6886000-7f48c688c000 r--p 00013000 00:21 6282737                    /usr/lib/libz.so.1.3.2
7f48c688c000-7f48c688d000 r--p 00018000 00:21 6282737                    /usr/lib/libz.so.1.3.2
7f48c688d000-7f48c688e000 rw-p 00019000 00:21 6282737                    /usr/lib/libz.so.1.3.2
7f48c688e000-7f48c688f000 r--p 00000000 00:21 8979213                    /usr/lib/libpthread.so.0
7f48c688f000-7f48c6890000 r-xp 00001000 00:21 8979213                    /usr/lib/libpthread.so.0
7f48c6890000-7f48c6891000 r--p 00002000 00:21 8979213                    /usr/lib/libpthread.so.0
7f48c6891000-7f48c6892000 r--p 00002000 00:21 8979213                    /usr/lib/libpthread.so.0
7f48c6892000-7f48c6893000 rw-p 00003000 00:21 8979213                    /usr/lib/libpthread.so.0
7f48c6893000-7f48c689b000 rw-s 00000000 00:47 10879                      /tmp/hsperfdata_iggut/694917
7f48c689b000-7f48c68a5000 r--p 00000000 00:21 8307887                    /usr/lib/jvm/java-21-openjdk/lib/libjava.so
7f48c68a5000-7f48c68b3000 r-xp 0000a000 00:21 8307887                    /usr/lib/jvm/java-21-openjdk/lib/libjava.so
7f48c68b3000-7f48c68b8000 r--p 00018000 00:21 8307887                    /usr/lib/jvm/java-21-openjdk/lib/libjava.so
7f48c68b8000-7f48c68b9000 r--p 0001d000 00:21 8307887                    /usr/lib/jvm/java-21-openjdk/lib/libjava.so
7f48c68b9000-7f48c68ba000 rw-p 0001e000 00:21 8307887                    /usr/lib/jvm/java-21-openjdk/lib/libjava.so
7f48c68ba000-7f48c68bb000 rw-p 00000000 00:00 0 
7f48c68bb000-7f48c68bd000 r--p 00000000 00:21 8307882                    /usr/lib/jvm/java-21-openjdk/lib/libinstrument.so
7f48c68bd000-7f48c68c3000 r-xp 00002000 00:21 8307882                    /usr/lib/jvm/java-21-openjdk/lib/libinstrument.so
7f48c68c3000-7f48c68c6000 r--p 00008000 00:21 8307882                    /usr/lib/jvm/java-21-openjdk/lib/libinstrument.so
7f48c68c6000-7f48c68c7000 r--p 0000a000 00:21 8307882                    /usr/lib/jvm/java-21-openjdk/lib/libinstrument.so
7f48c68c7000-7f48c68c8000 rw-p 0000b000 00:21 8307882                    /usr/lib/jvm/java-21-openjdk/lib/libinstrument.so
7f48c68c8000-7f48c68c9000 ---p 00000000 00:00 0 
7f48c68c9000-7f48c68ca000 r--p 00000000 00:00 0 
7f48c68ca000-7f48c68cb000 ---p 00000000 00:00 0 
7f48c68cb000-7f48c68cc000 r--p 00000000 00:21 8307891                    /usr/lib/jvm/java-21-openjdk/lib/libjimage.so
7f48c68cc000-7f48c68ce000 r-xp 00001000 00:21 8307891                    /usr/lib/jvm/java-21-openjdk/lib/libjimage.so
7f48c68ce000-7f48c68cf000 r--p 00003000 00:21 8307891                    /usr/lib/jvm/java-21-openjdk/lib/libjimage.so
7f48c68cf000-7f48c68d0000 r--p 00004000 00:21 8307891                    /usr/lib/jvm/java-21-openjdk/lib/libjimage.so
7f48c68d0000-7f48c68d1000 rw-p 00005000 00:21 8307891                    /usr/lib/jvm/java-21-openjdk/lib/libjimage.so
7f48c68d1000-7f48c68d3000 r--p 00000000 00:21 8307892                    /usr/lib/jvm/java-21-openjdk/lib/libjli.so
7f48c68d3000-7f48c68dd000 r-xp 00002000 00:21 8307892                    /usr/lib/jvm/java-21-openjdk/lib/libjli.so
7f48c68dd000-7f48c68e0000 r--p 0000c000 00:21 8307892                    /usr/lib/jvm/java-21-openjdk/lib/libjli.so
7f48c68e0000-7f48c68e1000 r--p 0000f000 00:21 8307892                    /usr/lib/jvm/java-21-openjdk/lib/libjli.so
7f48c68e1000-7f48c68e2000 rw-p 00010000 00:21 8307892                    /usr/lib/jvm/java-21-openjdk/lib/libjli.so
7f48c68e2000-7f48c68e4000 rw-p 00000000 00:00 0 
7f48c68e4000-7f48c68e8000 r--p 00000000 00:00 0                          [vvar]
7f48c68e8000-7f48c68ea000 r--p 00000000 00:00 0                          [vvar_vclock]
7f48c68ea000-7f48c68ec000 r-xp 00000000 00:00 0                          [vdso]
7f48c68ec000-7f48c68ed000 r--p 00000000 00:21 8979177                    /usr/lib/ld-linux-x86-64.so.2
7f48c68ed000-7f48c6917000 r-xp 00001000 00:21 8979177                    /usr/lib/ld-linux-x86-64.so.2
7f48c6917000-7f48c6926000 r--p 0002b000 00:21 8979177                    /usr/lib/ld-linux-x86-64.so.2
7f48c6926000-7f48c6928000 r--p 00039000 00:21 8979177                    /usr/lib/ld-linux-x86-64.so.2
7f48c6928000-7f48c6929000 rw-p 0003b000 00:21 8979177                    /usr/lib/ld-linux-x86-64.so.2
7f48c6929000-7f48c692a000 rw-p 00000000 00:00 0 
7ffcc1b97000-7ffcc1bb9000 rw-p 00000000 00:00 0                          [stack]
ffffffffff600000-ffffffffff601000 --xp 00000000 00:00 0                  [vsyscall]
Total number of mappings: 1796

JVMTI agents:
/home/iggut/.gradle/wrapper/dists/gradle-8.10.2-bin/a04bxjujx95o3nb99gddekhwo/gradle-8.10.2/lib/agents/gradle-instrumentation-agent-8.10.2.jar path:none, loaded, initialized, instrumentlib options:none


VM Arguments:
jvm_args: --add-opens=java.base/java.util=ALL-UNNAMED --add-opens=java.base/java.lang=ALL-UNNAMED --add-opens=java.base/java.lang.invoke=ALL-UNNAMED --add-opens=java.prefs/java.util.prefs=ALL-UNNAMED --add-exports=jdk.compiler/com.sun.tools.javac.api=ALL-UNNAMED --add-exports=jdk.compiler/com.sun.tools.javac.util=ALL-UNNAMED --add-opens=java.base/java.nio.charset=ALL-UNNAMED --add-opens=java.base/java.net=ALL-UNNAMED --add-opens=java.base/java.util.concurrent.atomic=ALL-UNNAMED -Xmx2048m -Dfile.encoding=UTF-8 -Duser.country=CA -Duser.language=en -Duser.variant -javaagent:/home/iggut/.gradle/wrapper/dists/gradle-8.10.2-bin/a04bxjujx95o3nb99gddekhwo/gradle-8.10.2/lib/agents/gradle-instrumentation-agent-8.10.2.jar 
java_command: org.gradle.launcher.daemon.bootstrap.GradleDaemon 8.10.2
java_class_path (initial): /home/iggut/.gradle/wrapper/dists/gradle-8.10.2-bin/a04bxjujx95o3nb99gddekhwo/gradle-8.10.2/lib/gradle-daemon-main-8.10.2.jar
Launcher Type: SUN_STANDARD

[Global flags]
     intx CICompilerCount                          = 15                                        {product} {ergonomic}
     uint ConcGCThreads                            = 6                                         {product} {ergonomic}
     uint G1ConcRefinementThreads                  = 23                                        {product} {ergonomic}
   size_t G1HeapRegionSize                         = 1048576                                   {product} {ergonomic}
    uintx GCDrainStackTargetSize                   = 64                                        {product} {ergonomic}
   size_t InitialHeapSize                          = 522190848                                 {product} {ergonomic}
   size_t MarkStackSize                            = 4194304                                   {product} {ergonomic}
   size_t MaxHeapSize                              = 2147483648                                {product} {command line}
   size_t MaxNewSize                               = 1287651328                                {product} {ergonomic}
   size_t MinHeapDeltaBytes                        = 1048576                                   {product} {ergonomic}
   size_t MinHeapSize                              = 8388608                                   {product} {ergonomic}
    uintx NonNMethodCodeHeapSize                   = 8192380                                {pd product} {ergonomic}
    uintx NonProfiledCodeHeapSize                  = 121732930                              {pd product} {ergonomic}
    uintx ProfiledCodeHeapSize                     = 121732930                              {pd product} {ergonomic}
    uintx ReservedCodeCacheSize                    = 251658240                              {pd product} {ergonomic}
     bool SegmentedCodeCache                       = true                                      {product} {ergonomic}
   size_t SoftMaxHeapSize                          = 2147483648                             {manageable} {ergonomic}
     bool UseCompressedOops                        = true                           {product lp64_product} {ergonomic}
     bool UseG1GC                                  = true                                      {product} {ergonomic}

Logging:
Log output configuration:
 #0: stdout all=warning uptime,level,tags foldmultilines=false
 #1: stderr all=off uptime,level,tags foldmultilines=false

Release file:
IMPLEMENTOR="Arch Linux"
JAVA_RUNTIME_VERSION="21.0.11+10"
JAVA_VERSION="21.0.11"
JAVA_VERSION_DATE="2026-04-21"
LIBC="gnu"
MODULES="java.base java.compiler java.datatransfer java.xml java.prefs java.desktop java.instrument java.logging java.management java.security.sasl java.naming java.rmi java.management.rmi java.net.http java.scripting java.security.jgss java.transaction.xa java.sql java.sql.rowset java.xml.crypto java.se java.smartcardio jdk.accessibility jdk.internal.jvmstat jdk.attach jdk.charsets jdk.internal.opt jdk.zipfs jdk.compiler jdk.crypto.ec jdk.crypto.cryptoki jdk.dynalink jdk.internal.ed jdk.editpad jdk.hotspot.agent jdk.httpserver jdk.incubator.vector jdk.internal.le jdk.internal.vm.ci jdk.internal.vm.compiler jdk.internal.vm.compiler.management jdk.jartool jdk.javadoc jdk.jcmd jdk.management jdk.management.agent jdk.jconsole jdk.jdeps jdk.jdwp.agent jdk.jdi jdk.jfr jdk.jlink jdk.jpackage jdk.jshell jdk.jsobject jdk.jstatd jdk.localedata jdk.management.jfr jdk.naming.dns jdk.naming.rmi jdk.net jdk.nio.mapmode jdk.random jdk.sctp jdk.security.auth jdk.security.jgss jdk.unsupported jdk.unsupported.desktop jdk.xml.dom"
OS_ARCH="x86_64"
OS_NAME="Linux"
SOURCE=""

Environment Variables:
JAVA_HOME=/usr/lib/jvm/java-21-openjdk
PATH=/usr/lib/jvm/java-21-openjdk/bin:/home/iggut/.local/bin:/home/iggut/.local/bin:/home/iggut/.local/bin:/home/iggut/.cargo/bin:/home/iggut/.local/bin:/home/iggut/.local/bin:/usr/local/bin:/usr/bin:/opt/homebrew/bin:/opt/homebrew/sbin:/usr/local/sbin:/usr/sbin:/sbin:/bin:/opt/android-sdk/cmdline-tools/latest/bin:/opt/android-sdk/platform-tools:/opt/android-sdk/tools:/opt/android-sdk/tools/bin:/opt/cuda/bin:/opt/flutter/bin:/usr/lib/jvm/default/bin:/usr/bin/site_perl:/usr/bin/vendor_perl:/usr/bin/core_perl:/opt/rocm/bin:/home/iggut/.lmstudio/bin:/home/iggut/.lmstudio/bin
SHELL=/bin/bash
LANG=en_CA.UTF-8
LC_NUMERIC=en_CA.UTF-8
LC_TIME=en_CA.UTF-8
TERM=xterm

Active Locale:
LC_ALL=en_CA.UTF-8
LC_COLLATE=en_CA.UTF-8
LC_CTYPE=en_CA.UTF-8
LC_MESSAGES=en_CA.UTF-8
LC_MONETARY=en_CA.UTF-8
LC_NUMERIC=en_CA.UTF-8
LC_TIME=en_CA.UTF-8

Signal Handlers:
   SIGSEGV: 0x00007f48c600e240 in libjvm.so+14737984, mask=11100100010111111101111111111110, flags=SA_RESTART|SA_SIGINFO, unblocked
    SIGBUS: 0x00007f48c600e240 in libjvm.so+14737984, mask=11100100010111111101111111111110, flags=SA_RESTART|SA_SIGINFO, unblocked
    SIGFPE: 0x00007f48c600e240 in libjvm.so+14737984, mask=11100100010111111101111111111110, flags=SA_RESTART|SA_SIGINFO, unblocked
   SIGPIPE: 0x00007f48c5e67700 in libjvm.so+13006592, mask=11100100010111111101111111111110, flags=SA_RESTART|SA_SIGINFO, blocked
   SIGXFSZ: 0x00007f48c5e67700 in libjvm.so+13006592, mask=11100100010111111101111111111110, flags=SA_RESTART|SA_SIGINFO, blocked
    SIGILL: 0x00007f48c600e240 in libjvm.so+14737984, mask=11100100010111111101111111111110, flags=SA_RESTART|SA_SIGINFO, unblocked
   SIGUSR2: 0x00007f48c5e69020 in libjvm.so+13013024, mask=00000000000000000000000000000000, flags=SA_RESTART|SA_SIGINFO, blocked
    SIGHUP: 0x00007f48c5e66a60 in libjvm.so+13003360, mask=11100100010111111101111111111110, flags=SA_RESTART|SA_SIGINFO, blocked
    SIGINT: 0x00007f48c5e66a60 in libjvm.so+13003360, mask=11100100010111111101111111111110, flags=SA_RESTART|SA_SIGINFO, blocked
   SIGTERM: 0x00007f48c5e66a60 in libjvm.so+13003360, mask=11100100010111111101111111111110, flags=SA_RESTART|SA_SIGINFO, blocked
   SIGQUIT: 0x00007f48c5e66a60 in libjvm.so+13003360, mask=11100100010111111101111111111110, flags=SA_RESTART|SA_SIGINFO, blocked
   SIGTRAP: 0x00007f48c600e240 in libjvm.so+14737984, mask=11100100010111111101111111111110, flags=SA_RESTART|SA_SIGINFO, unblocked


Periodic native trim disabled

---------------  S Y S T E M  ---------------

OS:
DISTRIB_ID=Garuda
DISTRIB_RELEASE=Soaring
DISTRIB_DESCRIPTION="Garuda Linux Broadwing"
DISTRIB_CODENAME="Broadwing"
uname: Linux 7.0.12-zen1-1-zen #1 ZEN SMP PREEMPT_DYNAMIC Wed, 10 Jun 2026 08:57:50 +0000 x86_64
OS uptime: 0 days 15:45 hours
libc: glibc 2.43 NPTL 2.43 
rlimit (soft/hard): STACK 8192k/infinity , CORE infinity/infinity , NPROC 1048576/1048576 , NOFILE 1048576/1048576 , AS infinity/infinity , CPU infinity/infinity , DATA infinity/infinity , FSIZE infinity/infinity , MEMLOCK infinity/infinity
load average: 4.46 2.09 1.15

/proc/meminfo:
MemTotal:       32544524 kB
MemFree:          249072 kB
MemAvailable:    8144820 kB
Buffers:              24 kB
Cached:          8155300 kB
SwapCached:        31304 kB
Active:         14866892 kB
Inactive:       11127184 kB
Active(anon):   13674676 kB
Inactive(anon):  4770016 kB
Active(file):    1192216 kB
Inactive(file):  6357168 kB
Unevictable:      516048 kB
Mlocked:          449884 kB
SwapTotal:      32543740 kB
SwapFree:       25179456 kB
Zswap:                 0 kB
Zswapped:              0 kB
Dirty:              6264 kB
Writeback:             0 kB
AnonPages:      18668268 kB
Mapped:          1356980 kB
Shmem:             90464 kB
KReclaimable:     815000 kB
Slab:            1215264 kB
SReclaimable:     815000 kB
SUnreclaim:       400264 kB
KernelStack:       49728 kB
PageTables:       143264 kB
SecPageTables:      1028 kB
NFS_Unstable:          0 kB
Bounce:                0 kB
WritebackTmp:          0 kB
CommitLimit:    48816000 kB
Committed_AS:   52162780 kB
VmallocTotal:   34359738367 kB
VmallocUsed:      354412 kB
VmallocChunk:          0 kB
Percpu:            24064 kB
HardwareCorrupted:     0 kB
AnonHugePages:   5482496 kB
ShmemHugePages:    28672 kB
ShmemPmdMapped:    28672 kB
FileHugePages:     92160 kB
FilePmdMapped:     92160 kB
CmaTotal:              0 kB
CmaFree:               0 kB
Unaccepted:            0 kB
Balloon:               0 kB
HugePages_Total:       0
HugePages_Free:        0
HugePages_Rsvd:        0
HugePages_Surp:        0
Hugepagesize:       2048 kB
Hugetlb:               0 kB
DirectMap4k:     3968880 kB
DirectMap2M:    29280256 kB
DirectMap1G:           0 kB

/sys/kernel/mm/transparent_hugepage/enabled: [always] madvise never
/sys/kernel/mm/transparent_hugepage/hpage_pmd_size: 2097152
/sys/kernel/mm/transparent_hugepage/defrag (defrag/compaction efforts parameter): always defer [defer+madvise] madvise never

Process Memory:
Virtual Size: 21528384K (peak: 21528384K)
Resident Set Size: 2800196K (peak: 2800196K) (anon: 2765952K, file: 34212K, shmem: 32K)
Swapped out: 0K
C-Heap outstanding allocations: 373338K, retained: 228085K
glibc malloc tunables: (default)

/proc/sys/kernel/threads-max (system-wide limit on the number of threads): 253930
/proc/sys/vm/max_map_count (maximum number of memory map areas a process may have): 1048576
/proc/sys/vm/swappiness (control to define how aggressively the kernel swaps out anonymous memory): 133
/proc/sys/kernel/pid_max (system-wide limit on number of process identifiers): 4194304

container information not found.
Steal ticks since vm start: 0
Steal ticks percentage since vm start:  0.000

CPU: total 32 (initial active 32) (16 cores per cpu, 2 threads per core) family 6 model 183 stepping 1 microcode 0x133, cx8, cmov, fxsr, ht, mmx, 3dnowpref, sse, sse2, sse3, ssse3, sse4.1, sse4.2, popcnt, lzcnt, tsc, tscinvbit, avx, avx2, aes, erms, clmul, bmi1, bmi2, adx, sha, fma, vzeroupper, clflush, clflushopt, clwb, serialize, rdtscp, rdpid, fsrm, f16c, pku, ospke, cet_ibt, cet_ss
CPU Model and flags from /proc/cpuinfo:
model name	: 13th Gen Intel(R) Core(TM) i9-13900K
flags		: fpu vme de pse tsc msr pae mce cx8 apic sep mtrr pge mca cmov pat pse36 clflush dts acpi mmx fxsr sse sse2 ss ht tm pbe syscall nx pdpe1gb rdtscp lm constant_tsc art arch_perfmon pebs bts rep_good nopl xtopology nonstop_tsc cpuid aperfmperf tsc_known_freq pni pclmulqdq dtes64 monitor ds_cpl vmx smx est tm2 ssse3 sdbg fma cx16 xtpr pdcm pcid sse4_1 sse4_2 x2apic movbe popcnt tsc_deadline_timer aes xsave avx f16c rdrand lahf_lm abm 3dnowprefetch cpuid_fault ssbd ibrs ibpb stibp ibrs_enhanced tpr_shadow flexpriority ept vpid ept_ad fsgsbase tsc_adjust bmi1 avx2 smep bmi2 erms invpcid rdseed adx smap clflushopt clwb intel_pt sha_ni xsaveopt xsavec xgetbv1 xsaves split_lock_detect user_shstk avx_vnni dtherm ida arat pln pts hwp hwp_notify hwp_act_window hwp_epp hwp_pkg_req hfi vnmi umip pku ospke waitpkg gfni vaes vpclmulqdq rdpid movdiri movdir64b fsrm md_clear serialize pconfig arch_lbr ibt flush_l1d arch_capabilities

Online cpus: 0-31
Offline cpus: 
BIOS frequency limitation: <Not Available>
Frequency switch latency (ns): 0
Available cpu frequencies: <Not Available>
Current governor: powersave
Core performance/turbo boost: <Not Available>

Memory: 4k page, physical 32544524k(8144820k free), swap 32543740k(25179456k free)
Page Sizes: 4k

vm_info: OpenJDK 64-Bit Server VM (21.0.11+10) for linux-amd64 JRE (21.0.11+10), built on 2026-04-21T21:02:55Z by "builduser" with gcc 15.2.1 20260209

END.
